 "code" , "broader" , "label_en" , "label_ar" , "label_zh" , "label_es" , "label_fr" , "label_ru" , "alternative_label" , "definition" , "note" , "concept" ,  ,  ,  ,  ,  ,  ,  ,  ,  ,  ,  ,  ,
 "01" ,   , "WOOD IN THE ROUGH (ROUNDWOOD)" ,   ,   ,   ,   ,   ,   , "All roundwood felled or otherwise harvested and removed. It comprises all wood obtained from removals, i.e. the quantities removed from forests and from trees outside the forest, including wood recovered from natural, felling and logging losses during the period, calendar year or forest year. It includes all wood removed with or without bark, including wood removed in its round form, or split, roughly squared or in other form (e.g. branches, roots, stumps and burls, where these are harvested) and wood that is roughly shaped or pointed. It is an aggregate comprising wood fuel, including wood for charcoal and industrial roundwood (wood in the rough).

Coniferous
All woods derived from trees classified botanically as Gymnospermae, e.g. Abies spp., Araucaria spp., Cedrus spp., Chamaecyparis spp., Cupressus spp., Larix spp., Picea spp., Pinus spp., Thuja spp., Tsuga spp., etc. These are generally referred to as softwoods.

Non-coniferous 
All woods derived from trees classified botanically as Angiospermae, e.g. Acer spp., Dipterocarpus spp., Entandrophragma spp., Eucalyptus spp., Fagus spp., Populus spp., Quercus spp., Shorea spp., Swietenia spp., Tectona spp., etc. These are generally referred to as broadleaves or hardwoods.

Non-coniferous tropical 
Tropical timber is defined in the International Tropical Timber Agreement (1994) as follows: “Non-coniferous tropical wood for industrial uses, which grows or is produced in the countries situated between the Tropic of Cancer and the Tropic of Capricorn. The term covers logs, sawnwood, veneer sheets and plywood. Plywood which includes in some measure conifers of tropical origin shall also be covered by the definition.”

Non-Coniferous other 
All woods derived from trees classified botanically as Angiospermae, e.g. Acer spp., Eucalyptus spp., Fagus spp., Populus spp., Quercus spp., etc. other than tropical." ,   , "https://stats.fao.org/classifications/FPCD/v2022/01" ,  ,  ,  ,  ,  ,  ,  ,  ,  ,  ,  ,  ,
 "011." , "01" , "WOOD FUEL (INCLUDING WOOD FOR CHARCOAL)" ,   ,   ,   ,   ,   ,   , "Roundwood that will be used as fuel for purposes such as cooking, heating or power production. 
It includes wood harvested from main stems, branches and other parts of trees (where these are harvested for fuel) and wood that will be used for the production of charcoal (e.g. in pit kilns and portable ovens), wood pellets and other agglomerates. It also includes wood chips to be used for fuel that are made directly (i.e. in the forest) from roundwood. 
It excludes wood charcoal, pellets and other agglomerates." ,   , "https://stats.fao.org/classifications/FPCD/v2022/011." ,  ,  ,  ,  ,  ,  ,  ,  ,  ,  ,  ,  ,
 "011.1" , "011." , "Wood fuel from the main stem and branches" ,   ,   ,   ,   ,   ,   , "Roundwood that will be used as fuel for purposes such as cooking, heating or power production. 
It includes wood harvested from main stems, branches and other parts of trees (where these are harvested for fuel) and wood that will be used for the production of charcoal (e.g. in pit kilns and portable ovens), wood pellets and other agglomerates. It also includes wood chips to be used for fuel that are made directly (i.e. in the forest) from roundwood. 
It excludes wood charcoal, pellets and other agglomerates." ,   , "https://stats.fao.org/classifications/FPCD/v2022/011.1" ,  ,  ,  ,  ,  ,  ,  ,  ,  ,  ,  ,  ,
 "011.11" , "011.1" , "Wood fuel from the main stem and branches, coniferous" ,   ,   ,   ,   ,   ,   , "It includes wood from main stem and branches where these are harvested for fuel. It also includes wood chips to be used for fuel that are made directly (i.e. in the forest) from roundwood." ,   , "https://stats.fao.org/classifications/FPCD/v2022/011.11" ,  ,  ,  ,  ,  ,  ,  ,  ,  ,  ,  ,  ,
 "011.111" , "011.11" , "Wood fuel, coniferous, for pellets" ,   ,   ,   ,   ,   ,   , "N.A." ,   , "https://stats.fao.org/classifications/FPCD/v2022/011.111" ,  ,  ,  ,  ,  ,  ,  ,  ,  ,  ,  ,  ,
 "011.119" , "011.11" , "Wood fuel, coniferous, for uses n.e.c." ,   ,   ,   ,   ,   ,   , "N.A." ,   , "https://stats.fao.org/classifications/FPCD/v2022/011.119" ,  ,  ,  ,  ,  ,  ,  ,  ,  ,  ,  ,  ,
 "011.12" , "011.1" , "Wood fuel from the main stem and branches, tropical non-coniferous" ,   ,   ,   ,   ,   ,   , "It includes wood from main stem and branches where these are harvested for fuel. It also includes wood chips to be used for fuel that are made directly (i.e. in the forest) from roundwood." ,   , "https://stats.fao.org/classifications/FPCD/v2022/011.12" ,  ,  ,  ,  ,  ,  ,  ,  ,  ,  ,  ,  ,
 "011.121" , "011.12" , "Wood fuel, tropical non-coniferous, for pellets" ,   ,   ,   ,   ,   ,   , "N.A." ,   , "https://stats.fao.org/classifications/FPCD/v2022/011.121" ,  ,  ,  ,  ,  ,  ,  ,  ,  ,  ,  ,  ,
 "011.129" , "011.12" , "Wood fuel, tropical non-coniferous, for uses n.e.c." ,   ,   ,   ,   ,   ,   , "N.A." ,   , "https://stats.fao.org/classifications/FPCD/v2022/011.129" ,  ,  ,  ,  ,  ,  ,  ,  ,  ,  ,  ,  ,
 "011.19" , "011.1" , "Other wood fuel from the main stem and branches" ,   ,   ,   ,   ,   ,   , "It includes wood from main stem and branches where these are harvested for fuel. It also includes wood chips to be used for fuel that are made directly (i.e. in the forest) from roundwood." ,   , "https://stats.fao.org/classifications/FPCD/v2022/011.19" ,  ,  ,  ,  ,  ,  ,  ,  ,  ,  ,  ,  ,
 "011.191" , "011.19" , "Other wood fuel from main stem and branches, for pellets" ,   ,   ,   ,   ,   ,   , "N.A." ,   , "https://stats.fao.org/classifications/FPCD/v2022/011.191" ,  ,  ,  ,  ,  ,  ,  ,  ,  ,  ,  ,  ,
 "011.199" , "011.19" , "Other wood fuel from main stem and branches, for uses n.e.c." ,   ,   ,   ,   ,   ,   , "N.A." ,   , "https://stats.fao.org/classifications/FPCD/v2022/011.199" ,  ,  ,  ,  ,  ,  ,  ,  ,  ,  ,  ,  ,
 "011.9" , "011." , "Other wood fuel (tops, small branches and twigs; stumps and roots; bark)" ,   ,   ,   ,   ,   ,   , "Roundwood that will be used as fuel for purposes such as cooking, heating or power production. 
It includes wood harvested from main stems, branches and other parts of trees (where these are harvested for fuel) and wood that will be used for the production of charcoal (e.g. in pit kilns and portable ovens), wood pellets and other agglomerates. It also includes wood chips to be used for fuel that are made directly (i.e. in the forest) from roundwood. 
It excludes wood charcoal, pellets and other agglomerates." ,   , "https://stats.fao.org/classifications/FPCD/v2022/011.9" ,  ,  ,  ,  ,  ,  ,  ,  ,  ,  ,  ,  ,
 "011.91" , "011.9" , "Tops, small branches and twigs" ,   ,   ,   ,   ,   ,   , "It includes wood from other parts than main stem and branches where these are harvested for fuel, e.g. tops, small branches and twigs, stumps and roots, bark separated in the forest from wood in the rough." ,   , "https://stats.fao.org/classifications/FPCD/v2022/011.91" ,  ,  ,  ,  ,  ,  ,  ,  ,  ,  ,  ,  ,
 "011.911" , "011.91" , "Tops, small branches and twigs, coniferous" ,   ,   ,   ,   ,   ,   , "N.A." ,   , "https://stats.fao.org/classifications/FPCD/v2022/011.911" ,  ,  ,  ,  ,  ,  ,  ,  ,  ,  ,  ,  ,
 "011.9111" , "011.911" , "Tops, small branches and twigs, coniferous, for pellets" ,   ,   ,   ,   ,   ,   , "N.A." ,   , "https://stats.fao.org/classifications/FPCD/v2022/011.9111" ,  ,  ,  ,  ,  ,  ,  ,  ,  ,  ,  ,  ,
 "011.9119" , "011.911" , "Tops, small branches and twigs, coniferous, for uses n.e.c." ,   ,   ,   ,   ,   ,   , "N.A." ,   , "https://stats.fao.org/classifications/FPCD/v2022/011.9119" ,  ,  ,  ,  ,  ,  ,  ,  ,  ,  ,  ,  ,
 "011.912" , "011.91" , "Tops, small branches and twigs, tropical non-coniferous" ,   ,   ,   ,   ,   ,   , "N.A." ,   , "https://stats.fao.org/classifications/FPCD/v2022/011.912" ,  ,  ,  ,  ,  ,  ,  ,  ,  ,  ,  ,  ,
 "011.9121" , "011.912" , "Tops, small branches and twigs, tropical non-coniferous, for pellets" ,   ,   ,   ,   ,   ,   , "N.A." ,   , "https://stats.fao.org/classifications/FPCD/v2022/011.9121" ,  ,  ,  ,  ,  ,  ,  ,  ,  ,  ,  ,  ,
 "011.9129" , "011.912" , "Tops, small branches and twigs, tropical non-coniferous, for uses n.e.c." ,   ,   ,   ,   ,   ,   , "N.A." ,   , "https://stats.fao.org/classifications/FPCD/v2022/011.9129" ,  ,  ,  ,  ,  ,  ,  ,  ,  ,  ,  ,  ,
 "011.919" , "011.91" , "Other tops, small branches and twigs" ,   ,   ,   ,   ,   ,   , "N.A." ,   , "https://stats.fao.org/classifications/FPCD/v2022/011.919" ,  ,  ,  ,  ,  ,  ,  ,  ,  ,  ,  ,  ,
 "011.9191" , "011.919" , "Other tops, small branches and twigs, for pellets" ,   ,   ,   ,   ,   ,   , "N.A." ,   , "https://stats.fao.org/classifications/FPCD/v2022/011.9191" ,  ,  ,  ,  ,  ,  ,  ,  ,  ,  ,  ,  ,
 "011.9199" , "011.919" , "Other tops, small branches and twigs, for uses n.e.c." ,   ,   ,   ,   ,   ,   , "N.A." ,   , "https://stats.fao.org/classifications/FPCD/v2022/011.9199" ,  ,  ,  ,  ,  ,  ,  ,  ,  ,  ,  ,  ,
 "011.92" , "011.9" , "Stumps and roots" ,   ,   ,   ,   ,   ,   , "It includes wood from other parts than main stem and branches where these are harvested for fuel, e.g. tops, small branches and twigs, stumps and roots, bark separated in the forest from wood in the rough." ,   , "https://stats.fao.org/classifications/FPCD/v2022/011.92" ,  ,  ,  ,  ,  ,  ,  ,  ,  ,  ,  ,  ,
 "011.921" , "011.92" , "Stumps and roots, coniferous" ,   ,   ,   ,   ,   ,   , "N.A." ,   , "https://stats.fao.org/classifications/FPCD/v2022/011.921" ,  ,  ,  ,  ,  ,  ,  ,  ,  ,  ,  ,  ,
 "011.9211" , "011.921" , "Stumps and roots, coniferous, for pellets" ,   ,   ,   ,   ,   ,   , "N.A." ,   , "https://stats.fao.org/classifications/FPCD/v2022/011.9211" ,  ,  ,  ,  ,  ,  ,  ,  ,  ,  ,  ,  ,
 "011.9219" , "011.921" , "Stumps and roots, coniferous, for uses n.e.c." ,   ,   ,   ,   ,   ,   , "N.A." ,   , "https://stats.fao.org/classifications/FPCD/v2022/011.9219" ,  ,  ,  ,  ,  ,  ,  ,  ,  ,  ,  ,  ,
 "011.922" , "011.92" , "Stumps and roots, tropical non-coniferous" ,   ,   ,   ,   ,   ,   , "N.A." ,   , "https://stats.fao.org/classifications/FPCD/v2022/011.922" ,  ,  ,  ,  ,  ,  ,  ,  ,  ,  ,  ,  ,
 "011.9221" , "011.922" , "Stumps and roots, tropical non-coniferous, for pellets" ,   ,   ,   ,   ,   ,   , "N.A." ,   , "https://stats.fao.org/classifications/FPCD/v2022/011.9221" ,  ,  ,  ,  ,  ,  ,  ,  ,  ,  ,  ,  ,
 "011.9229" , "011.922" , "Stumps and roots, tropical non-coniferous, for uses n.e.c." ,   ,   ,   ,   ,   ,   , "N.A." ,   , "https://stats.fao.org/classifications/FPCD/v2022/011.9229" ,  ,  ,  ,  ,  ,  ,  ,  ,  ,  ,  ,  ,
 "011.929" , "011.92" , "Other stumps and roots" ,   ,   ,   ,   ,   ,   , "N.A." ,   , "https://stats.fao.org/classifications/FPCD/v2022/011.929" ,  ,  ,  ,  ,  ,  ,  ,  ,  ,  ,  ,  ,
 "011.9291" , "011.929" , "Other stumps and roots, for pellets" ,   ,   ,   ,   ,   ,   , "N.A." ,   , "https://stats.fao.org/classifications/FPCD/v2022/011.9291" ,  ,  ,  ,  ,  ,  ,  ,  ,  ,  ,  ,  ,
 "011.9299" , "011.929" , "Other stumps and roots, for uses n.e.c." ,   ,   ,   ,   ,   ,   , "N.A." ,   , "https://stats.fao.org/classifications/FPCD/v2022/011.9299" ,  ,  ,  ,  ,  ,  ,  ,  ,  ,  ,  ,  ,
 "011.93" , "011.9" , "Bark separated in the forest from wood in the rough" ,   ,   ,   ,   ,   ,   , "It includes wood from other parts than main stem and branches where these are harvested for fuel, e.g. tops, small branches and twigs, stumps and roots, bark separated in the forest from wood in the rough." ,   , "https://stats.fao.org/classifications/FPCD/v2022/011.93" ,  ,  ,  ,  ,  ,  ,  ,  ,  ,  ,  ,  ,
 "011.931" , "011.93" , "Bark separated in the forest from wood in the rough, coniferous" ,   ,   ,   ,   ,   ,   , "N.A." ,   , "https://stats.fao.org/classifications/FPCD/v2022/011.931" ,  ,  ,  ,  ,  ,  ,  ,  ,  ,  ,  ,  ,
 "011.932" , "011.93" , "Bark separated in the forest from wood in the rough, tropical non-coniferous" ,   ,   ,   ,   ,   ,   , "N.A." ,   , "https://stats.fao.org/classifications/FPCD/v2022/011.932" ,  ,  ,  ,  ,  ,  ,  ,  ,  ,  ,  ,  ,
 "011.939" , "011.93" , "Other bark separated in the forest from wood in the rough" ,   ,   ,   ,   ,   ,   , "N.A." ,   , "https://stats.fao.org/classifications/FPCD/v2022/011.939" ,  ,  ,  ,  ,  ,  ,  ,  ,  ,  ,  ,  ,
 "012." , "01" , "WOOD IN THE ROUGH OTHER THAN WOOD FUEL" ,   ,   ,   ,   ,   ,   , "Wood in the rough that will be used in the production of other goods and services (except as a source of fuel)." ,   , "https://stats.fao.org/classifications/FPCD/v2022/012." ,  ,  ,  ,  ,  ,  ,  ,  ,  ,  ,  ,  ,
 "012.1" , "012." , "Wood in the rough from the main stem and branches" ,   ,   ,   ,   ,   ,   , "Wood in the rough from the main stem and branches that will be used in the production of other goods and services (except as a source of fuel). 
It includes sawlogs and veneer logs; pulpwood, round and split; and other industrial roundwood." ,   , "https://stats.fao.org/classifications/FPCD/v2022/012.1" ,  ,  ,  ,  ,  ,  ,  ,  ,  ,  ,  ,  ,
 "012.11" , "012.1" , "Sawlogs and veneer logs" ,   ,   ,   ,   ,   ,   , "Roundwood that will be sawn (or chipped) lengthways for the manufacture of sawnwood or railway sleepers (ties) or used for the production of veneer (mainly by peeling or slicing). 
It includes: roundwood (whether or not it is roughly squared) that will be used for these purposes; shingle bolts and stave bolts; match billets and other special types of roundwood (e.g. burls and roots, etc.) used for veneer production." ,   , "https://stats.fao.org/classifications/FPCD/v2022/012.11" ,  ,  ,  ,  ,  ,  ,  ,  ,  ,  ,  ,  ,
 "012.111" , "012.11" , "Sawlogs and veneer logs, coniferous" ,   ,   ,   ,   ,   ,   , "Roundwood that will be sawn (or chipped) lengthways for the manufacture of sawnwood or railway sleepers (ties) or used for the production of veneer (mainly by peeling or slicing). 
It includes: roundwood (whether or not it is roughly squared) that will be used for these purposes; shingle bolts and stave bolts; match billets and other special types of roundwood (e.g. burls and roots, etc.) used for veneer production." ,   , "https://stats.fao.org/classifications/FPCD/v2022/012.111" ,  ,  ,  ,  ,  ,  ,  ,  ,  ,  ,  ,  ,
 "012.1111" , "012.111" , "Sawlogs and veneer logs, coniferous, for sawnwood and railway sleepers" ,   ,   ,   ,   ,   ,   , "N.A." ,   , "https://stats.fao.org/classifications/FPCD/v2022/012.1111" ,  ,  ,  ,  ,  ,  ,  ,  ,  ,  ,  ,  ,
 "012.1112" , "012.111" , "Sawlogs and veneer logs, coniferous, for veneer sheets" ,   ,   ,   ,   ,   ,   , "N.A." ,   , "https://stats.fao.org/classifications/FPCD/v2022/012.1112" ,  ,  ,  ,  ,  ,  ,  ,  ,  ,  ,  ,  ,
 "012.1119" , "012.111" , "Sawlogs and veneer logs, coniferous, for uses n.e.c." ,   ,   ,   ,   ,   ,   , "N.A." ,   , "https://stats.fao.org/classifications/FPCD/v2022/012.1119" ,  ,  ,  ,  ,  ,  ,  ,  ,  ,  ,  ,  ,
 "012.112" , "012.11" , "Sawlogs and veneer logs, tropical non-coniferous" ,   ,   ,   ,   ,   ,   , "Roundwood that will be sawn (or chipped) lengthways for the manufacture of sawnwood or railway sleepers (ties) or used for the production of veneer (mainly by peeling or slicing). 
It includes: roundwood (whether or not it is roughly squared) that will be used for these purposes; shingle bolts and stave bolts; match billets and other special types of roundwood (e.g. burls and roots, etc.) used for veneer production." ,   , "https://stats.fao.org/classifications/FPCD/v2022/012.112" ,  ,  ,  ,  ,  ,  ,  ,  ,  ,  ,  ,  ,
 "012.1121" , "012.112" , "Sawlogs and veneer logs, tropical non-coniferous, for sawnwood and railway sleepers" ,   ,   ,   ,   ,   ,   , "N.A." ,   , "https://stats.fao.org/classifications/FPCD/v2022/012.1121" ,  ,  ,  ,  ,  ,  ,  ,  ,  ,  ,  ,  ,
 "012.1122" , "012.112" , "Sawlogs and veneer logs, tropical non-coniferous, for veneer sheets" ,   ,   ,   ,   ,   ,   , "N.A." ,   , "https://stats.fao.org/classifications/FPCD/v2022/012.1122" ,  ,  ,  ,  ,  ,  ,  ,  ,  ,  ,  ,  ,
 "012.1129" , "012.112" , "Sawlogs and veneer logs, tropical non-coniferous, for uses n.e.c." ,   ,   ,   ,   ,   ,   , "N.A." ,   , "https://stats.fao.org/classifications/FPCD/v2022/012.1129" ,  ,  ,  ,  ,  ,  ,  ,  ,  ,  ,  ,  ,
 "012.119" , "012.11" , "Other sawlogs and veneer logs" ,   ,   ,   ,   ,   ,   , "Roundwood that will be sawn (or chipped) lengthways for the manufacture of sawnwood or railway sleepers (ties) or used for the production of veneer (mainly by peeling or slicing). 
It includes: roundwood (whether or not it is roughly squared) that will be used for these purposes; shingle bolts and stave bolts; match billets and other special types of roundwood (e.g. burls and roots, etc.) used for veneer production." ,   , "https://stats.fao.org/classifications/FPCD/v2022/012.119" ,  ,  ,  ,  ,  ,  ,  ,  ,  ,  ,  ,  ,
 "012.1191" , "012.119" , "Other sawlogs and veneer logs, for sawnwood and railway sleepers" ,   ,   ,   ,   ,   ,   , "N.A." ,   , "https://stats.fao.org/classifications/FPCD/v2022/012.1191" ,  ,  ,  ,  ,  ,  ,  ,  ,  ,  ,  ,  ,
 "012.1192" , "012.119" , "Other sawlogs and veneer logs, for veneer sheets" ,   ,   ,   ,   ,   ,   , "N.A." ,   , "https://stats.fao.org/classifications/FPCD/v2022/012.1192" ,  ,  ,  ,  ,  ,  ,  ,  ,  ,  ,  ,  ,
 "012.1199" , "012.119" , "Other sawlogs and veneer logs, for uses n.e.c." ,   ,   ,   ,   ,   ,   , "N.A." ,   , "https://stats.fao.org/classifications/FPCD/v2022/012.1199" ,  ,  ,  ,  ,  ,  ,  ,  ,  ,  ,  ,  ,
 "012.12" , "012.1" , "Pulpwood, round and split and wood for wood-based panels" ,   ,   ,   ,   ,   ,   , "Roundwood that will be used for the production of pulp, particleboard, oriented strand board (OSB) or fibreboard. 
It includes: roundwood (with or without bark) that will be used for these purposes in its round form or as splitwood or wood chips made directly (i.e. in the forest) from roundwood" ,   , "https://stats.fao.org/classifications/FPCD/v2022/012.12" ,  ,  ,  ,  ,  ,  ,  ,  ,  ,  ,  ,  ,
 "012.121" , "012.12" , "Pulpwood and wood for wood-based panels, coniferous" ,   ,   ,   ,   ,   ,   , "Roundwood that will be used for the production of pulp, particleboard, oriented strand board (OSB) or fibreboard. 
It includes: roundwood (with or without bark) that will be used for these purposes in its round form or as splitwood or wood chips made directly (i.e. in the forest) from roundwood" ,   , "https://stats.fao.org/classifications/FPCD/v2022/012.121" ,  ,  ,  ,  ,  ,  ,  ,  ,  ,  ,  ,  ,
 "012.1211" , "012.121" , "Pulpwood and wood for wood-based panels, coniferous, for pulp" ,   ,   ,   ,   ,   ,   , "N.A." ,   , "https://stats.fao.org/classifications/FPCD/v2022/012.1211" ,  ,  ,  ,  ,  ,  ,  ,  ,  ,  ,  ,  ,
 "012.1212" , "012.121" , "Pulpwood and wood for wood-based panels, coniferous, for particle board" ,   ,   ,   ,   ,   ,   , "N.A." ,   , "https://stats.fao.org/classifications/FPCD/v2022/012.1212" ,  ,  ,  ,  ,  ,  ,  ,  ,  ,  ,  ,  ,
 "012.1213" , "012.121" , "Pulpwood and wood for wood-based panels, coniferous, for fibreboard" ,   ,   ,   ,   ,   ,   , "N.A." ,   , "https://stats.fao.org/classifications/FPCD/v2022/012.1213" ,  ,  ,  ,  ,  ,  ,  ,  ,  ,  ,  ,  ,
 "012.1214" , "012.121" , "Pulpwood and wood for wood-based panels, coniferous, for wood wool" ,   ,   ,   ,   ,   ,   , "N.A." ,   , "https://stats.fao.org/classifications/FPCD/v2022/012.1214" ,  ,  ,  ,  ,  ,  ,  ,  ,  ,  ,  ,  ,
 "012.1219" , "012.121" , "Pulpwood and wood for wood-based panels, coniferous, for uses n.e.c." ,   ,   ,   ,   ,   ,   , "N.A." ,   , "https://stats.fao.org/classifications/FPCD/v2022/012.1219" ,  ,  ,  ,  ,  ,  ,  ,  ,  ,  ,  ,  ,
 "012.122" , "012.12" , "Pulpwood and wood for wood-based panels, tropical non-coniferous" ,   ,   ,   ,   ,   ,   , "Roundwood that will be used for the production of pulp, particleboard, oriented strand board (OSB) or fibreboard. 
It includes: roundwood (with or without bark) that will be used for these purposes in its round form or as splitwood or wood chips made directly (i.e. in the forest) from roundwood" ,   , "https://stats.fao.org/classifications/FPCD/v2022/012.122" ,  ,  ,  ,  ,  ,  ,  ,  ,  ,  ,  ,  ,
 "012.1221" , "012.122" , "Pulpwood and wood for wood-based panels, tropical non-coniferous, for pulp" ,   ,   ,   ,   ,   ,   , "N.A." ,   , "https://stats.fao.org/classifications/FPCD/v2022/012.1221" ,  ,  ,  ,  ,  ,  ,  ,  ,  ,  ,  ,  ,
 "012.1222" , "012.122" , "Pulpwood and wood for wood-based panels, tropical non-coniferous, for particle board" ,   ,   ,   ,   ,   ,   , "N.A." ,   , "https://stats.fao.org/classifications/FPCD/v2022/012.1222" ,  ,  ,  ,  ,  ,  ,  ,  ,  ,  ,  ,  ,
 "012.1223" , "012.122" , "Pulpwood and wood for wood-based panels, tropical non-coniferous, for fibreboard" ,   ,   ,   ,   ,   ,   , "N.A." ,   , "https://stats.fao.org/classifications/FPCD/v2022/012.1223" ,  ,  ,  ,  ,  ,  ,  ,  ,  ,  ,  ,  ,
 "012.1224" , "012.122" , "Pulpwood and wood for wood-based panels, tropical non-coniferous, for wood wool" ,   ,   ,   ,   ,   ,   , "N.A." ,   , "https://stats.fao.org/classifications/FPCD/v2022/012.1224" ,  ,  ,  ,  ,  ,  ,  ,  ,  ,  ,  ,  ,
 "012.1229" , "012.122" , "Pulpwood and wood for wood-based panels, tropical non-coniferous, for uses n.e.c." ,   ,   ,   ,   ,   ,   , "N.A." ,   , "https://stats.fao.org/classifications/FPCD/v2022/012.1229" ,  ,  ,  ,  ,  ,  ,  ,  ,  ,  ,  ,  ,
 "012.129" , "012.12" , "Other pulpwood and wood for wood-based panels" ,   ,   ,   ,   ,   ,   , "Roundwood that will be used for the production of pulp, particleboard, oriented strand board (OSB) or fibreboard. 
It includes: roundwood (with or without bark) that will be used for these purposes in its round form or as splitwood or wood chips made directly (i.e. in the forest) from roundwood" ,   , "https://stats.fao.org/classifications/FPCD/v2022/012.129" ,  ,  ,  ,  ,  ,  ,  ,  ,  ,  ,  ,  ,
 "012.1291" , "012.129" , "Other pulpwood and wood for wood-based panels, for pulp" ,   ,   ,   ,   ,   ,   , "N.A." ,   , "https://stats.fao.org/classifications/FPCD/v2022/012.1291" ,  ,  ,  ,  ,  ,  ,  ,  ,  ,  ,  ,  ,
 "012.1292" , "012.129" , "Other pulpwood and wood for wood-based panels, for particle board" ,   ,   ,   ,   ,   ,   , "N.A." ,   , "https://stats.fao.org/classifications/FPCD/v2022/012.1292" ,  ,  ,  ,  ,  ,  ,  ,  ,  ,  ,  ,  ,
 "012.1293" , "012.129" , "Other pulpwood and wood for wood-based panels, for fibreboard" ,   ,   ,   ,   ,   ,   , "N.A." ,   , "https://stats.fao.org/classifications/FPCD/v2022/012.1293" ,  ,  ,  ,  ,  ,  ,  ,  ,  ,  ,  ,  ,
 "012.1294" , "012.129" , "Other pulpwood and wood for wood-based panels, for wood wool" ,   ,   ,   ,   ,   ,   , "N.A." ,   , "https://stats.fao.org/classifications/FPCD/v2022/012.1294" ,  ,  ,  ,  ,  ,  ,  ,  ,  ,  ,  ,  ,
 "012.1299" , "012.129" , "Other pulpwood and wood for wood-based panels, for uses n.e.c." ,   ,   ,   ,   ,   ,   , "N.A." ,   , "https://stats.fao.org/classifications/FPCD/v2022/012.1299" ,  ,  ,  ,  ,  ,  ,  ,  ,  ,  ,  ,  ,
 "012.13" , "012.1" , "Other industrial roundwood" ,   ,   ,   ,   ,   ,   , "Industrial roundwood (wood in the rough) other than sawlogs, veneer logs and/or pulpwood. 
It includes roundwood that will be used for poles, piling, posts, fencing, pitprops, tanning, distillation and match blocks, etc." ,   , "https://stats.fao.org/classifications/FPCD/v2022/012.13" ,  ,  ,  ,  ,  ,  ,  ,  ,  ,  ,  ,  ,
 "012.131" , "012.13" , "Other industrial roundwood, coniferous" ,   ,   ,   ,   ,   ,   , "Industrial roundwood (wood in the rough) other than sawlogs, veneer logs and/or pulpwood. 
It includes roundwood that will be used for poles, piling, posts, fencing, pitprops, tanning, distillation and match blocks, etc." ,   , "https://stats.fao.org/classifications/FPCD/v2022/012.131" ,  ,  ,  ,  ,  ,  ,  ,  ,  ,  ,  ,  ,
 "012.1311" , "012.131" , "Other industrial roundwood, coniferous, used for poles" ,   ,   ,   ,   ,   ,   , "N.A." ,   , "https://stats.fao.org/classifications/FPCD/v2022/012.1311" ,  ,  ,  ,  ,  ,  ,  ,  ,  ,  ,  ,  ,
 "012.1312" , "012.131" , "Other industrial roundwood, coniferous, used for piling" ,   ,   ,   ,   ,   ,   , "N.A." ,   , "https://stats.fao.org/classifications/FPCD/v2022/012.1312" ,  ,  ,  ,  ,  ,  ,  ,  ,  ,  ,  ,  ,
 "012.1313" , "012.131" , "Other industrial roundwood, coniferous, used for pitprops" ,   ,   ,   ,   ,   ,   , "N.A." ,   , "https://stats.fao.org/classifications/FPCD/v2022/012.1313" ,  ,  ,  ,  ,  ,  ,  ,  ,  ,  ,  ,  ,
 "012.1314" , "012.131" , "Other industrial roundwood, coniferous, used for posts" ,   ,   ,   ,   ,   ,   , "N.A." ,   , "https://stats.fao.org/classifications/FPCD/v2022/012.1314" ,  ,  ,  ,  ,  ,  ,  ,  ,  ,  ,  ,  ,
 "012.1315" , "012.131" , "Other industrial roundwood, coniferous, for other uses in the rough (fencing, …)" ,   ,   ,   ,   ,   ,   , "N.A." ,   , "https://stats.fao.org/classifications/FPCD/v2022/012.1315" ,  ,  ,  ,  ,  ,  ,  ,  ,  ,  ,  ,  ,
 "012.1319" , "012.131" , "Other industrial roundwood, coniferous, for other uses - tanning, distillation, match blocks, gazogenes" ,   ,   ,   ,   ,   ,   , "N.A." ,   , "https://stats.fao.org/classifications/FPCD/v2022/012.1319" ,  ,  ,  ,  ,  ,  ,  ,  ,  ,  ,  ,  ,
 "012.132" , "012.13" , "Other industrial roundwood, tropical non-coniferous" ,   ,   ,   ,   ,   ,   , "Industrial roundwood (wood in the rough) other than sawlogs, veneer logs and/or pulpwood. 
It includes roundwood that will be used for poles, piling, posts, fencing, pitprops, tanning, distillation and match blocks, etc." ,   , "https://stats.fao.org/classifications/FPCD/v2022/012.132" ,  ,  ,  ,  ,  ,  ,  ,  ,  ,  ,  ,  ,
 "012.1321" , "012.132" , "Other industrial roundwood, tropical non-coniferous, used for poles" ,   ,   ,   ,   ,   ,   , "N.A." ,   , "https://stats.fao.org/classifications/FPCD/v2022/012.1321" ,  ,  ,  ,  ,  ,  ,  ,  ,  ,  ,  ,  ,
 "012.1322" , "012.132" , "Other industrial roundwood, tropical non-coniferous, used for piling" ,   ,   ,   ,   ,   ,   , "N.A." ,   , "https://stats.fao.org/classifications/FPCD/v2022/012.1322" ,  ,  ,  ,  ,  ,  ,  ,  ,  ,  ,  ,  ,
 "012.1323" , "012.132" , "Other industrial roundwood, tropical non-coniferous, used for pitprops" ,   ,   ,   ,   ,   ,   , "N.A." ,   , "https://stats.fao.org/classifications/FPCD/v2022/012.1323" ,  ,  ,  ,  ,  ,  ,  ,  ,  ,  ,  ,  ,
 "012.1324" , "012.132" , "Other industrial roundwood, tropical non-coniferous, used for posts" ,   ,   ,   ,   ,   ,   , "N.A." ,   , "https://stats.fao.org/classifications/FPCD/v2022/012.1324" ,  ,  ,  ,  ,  ,  ,  ,  ,  ,  ,  ,  ,
 "012.1325" , "012.132" , "Other industrial roundwood, tropical non-coniferous,  for other uses in the rough (fencing, …)" ,   ,   ,   ,   ,   ,   , "N.A." ,   , "https://stats.fao.org/classifications/FPCD/v2022/012.1325" ,  ,  ,  ,  ,  ,  ,  ,  ,  ,  ,  ,  ,
 "012.1329" , "012.132" , "Other industrial roundwood, tropical non-coniferous, for other uses - tanning, distillation, match blocks, gazogenes" ,   ,   ,   ,   ,   ,   , "N.A." ,   , "https://stats.fao.org/classifications/FPCD/v2022/012.1329" ,  ,  ,  ,  ,  ,  ,  ,  ,  ,  ,  ,  ,
 "012.139" , "012.13" , "Other industrial roundwood n.e.c." ,   ,   ,   ,   ,   ,   , "Industrial roundwood (wood in the rough) other than sawlogs, veneer logs and/or pulpwood. 
It includes roundwood that will be used for poles, piling, posts, fencing, pitprops, tanning, distillation and match blocks, etc." ,   , "https://stats.fao.org/classifications/FPCD/v2022/012.139" ,  ,  ,  ,  ,  ,  ,  ,  ,  ,  ,  ,  ,
 "012.1391" , "012.139" , "Other industrial roundwood n.e.c., used for poles" ,   ,   ,   ,   ,   ,   , "N.A." ,   , "https://stats.fao.org/classifications/FPCD/v2022/012.1391" ,  ,  ,  ,  ,  ,  ,  ,  ,  ,  ,  ,  ,
 "012.1392" , "012.139" , "Other industrial roundwood n.e.c., used for piling" ,   ,   ,   ,   ,   ,   , "N.A." ,   , "https://stats.fao.org/classifications/FPCD/v2022/012.1392" ,  ,  ,  ,  ,  ,  ,  ,  ,  ,  ,  ,  ,
 "012.1393" , "012.139" , "Other industrial roundwood n.e.c., used for pitprops" ,   ,   ,   ,   ,   ,   , "N.A." ,   , "https://stats.fao.org/classifications/FPCD/v2022/012.1393" ,  ,  ,  ,  ,  ,  ,  ,  ,  ,  ,  ,  ,
 "012.1394" , "012.139" , "Other industrial roundwood n.e.c., used for posts" ,   ,   ,   ,   ,   ,   , "N.A." ,   , "https://stats.fao.org/classifications/FPCD/v2022/012.1394" ,  ,  ,  ,  ,  ,  ,  ,  ,  ,  ,  ,  ,
 "012.1395" , "012.139" , "Other industrial roundwood n.e.c., for other uses in the rough (fencing, …)" ,   ,   ,   ,   ,   ,   , "N.A." ,   , "https://stats.fao.org/classifications/FPCD/v2022/012.1395" ,  ,  ,  ,  ,  ,  ,  ,  ,  ,  ,  ,  ,
 "012.1399" , "012.139" , "Other industrial roundwood n.e.c., for other uses - tanning, distillation, match blocks, gazogenes" ,   ,   ,   ,   ,   ,   , "N.A." ,   , "https://stats.fao.org/classifications/FPCD/v2022/012.1399" ,  ,  ,  ,  ,  ,  ,  ,  ,  ,  ,  ,  ,
 "012.2" , "012." , "Wood in the rough other than from the main stem and branches" ,   ,   ,   ,   ,   ,   , "Includes tops, small branches, twigs, stumps, roots and bark removed in the forest that will be used in the production of other goods and services (except as a source of fuel)." ,   , "https://stats.fao.org/classifications/FPCD/v2022/012.2" ,  ,  ,  ,  ,  ,  ,  ,  ,  ,  ,  ,  ,
 "012.21" , "012.2" , "Tops, small branches and twigs" ,   ,   ,   ,   ,   ,   , "Includes tops, small branches and twigs from felled trees. The lower limit of the top (the upper limit of the stem) will vary according to local logging practices" ,   , "https://stats.fao.org/classifications/FPCD/v2022/012.21" ,  ,  ,  ,  ,  ,  ,  ,  ,  ,  ,  ,  ,
 "012.211" , "012.21" , "Tops, small branches and twigs, coniferous" ,   ,   ,   ,   ,   ,   , "Includes tops, small branches and twigs from felled trees. The lower limit of the top (the upper limit of the stem) will vary according to local logging practices" ,   , "https://stats.fao.org/classifications/FPCD/v2022/012.211" ,  ,  ,  ,  ,  ,  ,  ,  ,  ,  ,  ,  ,
 "012.2111" , "012.211" , "Tops, small branches and twigs, coniferous, for pulp" ,   ,   ,   ,   ,   ,   , "N.A." ,   , "https://stats.fao.org/classifications/FPCD/v2022/012.2111" ,  ,  ,  ,  ,  ,  ,  ,  ,  ,  ,  ,  ,
 "012.2112" , "012.211" , "Tops, small branches and twigs, coniferous, for particle board" ,   ,   ,   ,   ,   ,   , "N.A." ,   , "https://stats.fao.org/classifications/FPCD/v2022/012.2112" ,  ,  ,  ,  ,  ,  ,  ,  ,  ,  ,  ,  ,
 "012.2113" , "012.211" , "Tops, small branches and twigs, coniferous, for fibreboard" ,   ,   ,   ,   ,   ,   , "N.A." ,   , "https://stats.fao.org/classifications/FPCD/v2022/012.2113" ,  ,  ,  ,  ,  ,  ,  ,  ,  ,  ,  ,  ,
 "012.2119" , "012.211" , "Tops, small branches and twigs, coniferous, for uses n.e.c." ,   ,   ,   ,   ,   ,   , "N.A." ,   , "https://stats.fao.org/classifications/FPCD/v2022/012.2119" ,  ,  ,  ,  ,  ,  ,  ,  ,  ,  ,  ,  ,
 "012.212" , "012.21" , "Tops, small branches and twigs, tropical non-coniferous" ,   ,   ,   ,   ,   ,   , "Includes tops, small branches and twigs from felled trees. The lower limit of the top (the upper limit of the stem) will vary according to local logging practices" ,   , "https://stats.fao.org/classifications/FPCD/v2022/012.212" ,  ,  ,  ,  ,  ,  ,  ,  ,  ,  ,  ,  ,
 "012.2121" , "012.212" , "Tops, small branches and twigs, tropical non-coniferous, for pulp" ,   ,   ,   ,   ,   ,   , "N.A." ,   , "https://stats.fao.org/classifications/FPCD/v2022/012.2121" ,  ,  ,  ,  ,  ,  ,  ,  ,  ,  ,  ,  ,
 "012.2122" , "012.212" , "Tops, small branches and twigs, tropical non-coniferous, for particle board" ,   ,   ,   ,   ,   ,   , "N.A." ,   , "https://stats.fao.org/classifications/FPCD/v2022/012.2122" ,  ,  ,  ,  ,  ,  ,  ,  ,  ,  ,  ,  ,
 "012.2123" , "012.212" , "Tops, small branches and twigs, tropical non-coniferous, for fibreboard" ,   ,   ,   ,   ,   ,   , "N.A." ,   , "https://stats.fao.org/classifications/FPCD/v2022/012.2123" ,  ,  ,  ,  ,  ,  ,  ,  ,  ,  ,  ,  ,
 "012.2129" , "012.212" , "Tops, small branches and twigs, tropical non-coniferous, for uses n.e.c." ,   ,   ,   ,   ,   ,   , "N.A." ,   , "https://stats.fao.org/classifications/FPCD/v2022/012.2129" ,  ,  ,  ,  ,  ,  ,  ,  ,  ,  ,  ,  ,
 "012.219" , "012.21" , "Other tops, small branches and twigs" ,   ,   ,   ,   ,   ,   , "Includes tops, small branches and twigs from felled trees. The lower limit of the top (the upper limit of the stem) will vary according to local logging practices" ,   , "https://stats.fao.org/classifications/FPCD/v2022/012.219" ,  ,  ,  ,  ,  ,  ,  ,  ,  ,  ,  ,  ,
 "012.2191" , "012.219" , "Other tops, small branches and twigs, for pulp" ,   ,   ,   ,   ,   ,   , "N.A." ,   , "https://stats.fao.org/classifications/FPCD/v2022/012.2191" ,  ,  ,  ,  ,  ,  ,  ,  ,  ,  ,  ,  ,
 "012.2192" , "012.219" , "Other tops, small branches and twigs, for particle board" ,   ,   ,   ,   ,   ,   , "N.A." ,   , "https://stats.fao.org/classifications/FPCD/v2022/012.2192" ,  ,  ,  ,  ,  ,  ,  ,  ,  ,  ,  ,  ,
 "012.2193" , "012.219" , "Other tops, small branches and twigs, for fibreboard" ,   ,   ,   ,   ,   ,   , "N.A." ,   , "https://stats.fao.org/classifications/FPCD/v2022/012.2193" ,  ,  ,  ,  ,  ,  ,  ,  ,  ,  ,  ,  ,
 "012.2199" , "012.219" , "Other tops, small branches and twigs, for uses n.e.c." ,   ,   ,   ,   ,   ,   , "N.A." ,   , "https://stats.fao.org/classifications/FPCD/v2022/012.2199" ,  ,  ,  ,  ,  ,  ,  ,  ,  ,  ,  ,  ,
 "012.22" , "012.2" , "Stumps and roots" ,   ,   ,   ,   ,   ,   , "Includes all the biomass of the tree below the separation of the harvested stem. The height of this cut will vary according to local practices and conditions." ,   , "https://stats.fao.org/classifications/FPCD/v2022/012.22" ,  ,  ,  ,  ,  ,  ,  ,  ,  ,  ,  ,  ,
 "012.221" , "012.22" , "Stumps and roots, coniferous" ,   ,   ,   ,   ,   ,   , "Includes all the biomass of the tree below the separation of the harvested stem. The height of this cut will vary according to local practices and conditions." ,   , "https://stats.fao.org/classifications/FPCD/v2022/012.221" ,  ,  ,  ,  ,  ,  ,  ,  ,  ,  ,  ,  ,
 "012.2211" , "012.221" , "Stumps and roots, coniferous, for pulp" ,   ,   ,   ,   ,   ,   , "N.A." ,   , "https://stats.fao.org/classifications/FPCD/v2022/012.2211" ,  ,  ,  ,  ,  ,  ,  ,  ,  ,  ,  ,  ,
 "012.2212" , "012.221" , "Stumps and roots, coniferous, for particle board" ,   ,   ,   ,   ,   ,   , "N.A." ,   , "https://stats.fao.org/classifications/FPCD/v2022/012.2212" ,  ,  ,  ,  ,  ,  ,  ,  ,  ,  ,  ,  ,
 "012.2213" , "012.221" , "Stumps and roots, coniferous, for fibreboard" ,   ,   ,   ,   ,   ,   , "N.A." ,   , "https://stats.fao.org/classifications/FPCD/v2022/012.2213" ,  ,  ,  ,  ,  ,  ,  ,  ,  ,  ,  ,  ,
 "012.2219" , "012.221" , "Stumps and roots, coniferous, for uses n.e.c." ,   ,   ,   ,   ,   ,   , "N.A." ,   , "https://stats.fao.org/classifications/FPCD/v2022/012.2219" ,  ,  ,  ,  ,  ,  ,  ,  ,  ,  ,  ,  ,
 "012.222" , "012.22" , "Stumps and roots, tropical non-coniferous" ,   ,   ,   ,   ,   ,   , "Includes all the biomass of the tree below the separation of the harvested stem. The height of this cut will vary according to local practices and conditions." ,   , "https://stats.fao.org/classifications/FPCD/v2022/012.222" ,  ,  ,  ,  ,  ,  ,  ,  ,  ,  ,  ,  ,
 "012.2221" , "012.222" , "Stumps and roots, tropical non-coniferous, for pulp" ,   ,   ,   ,   ,   ,   , "N.A." ,   , "https://stats.fao.org/classifications/FPCD/v2022/012.2221" ,  ,  ,  ,  ,  ,  ,  ,  ,  ,  ,  ,  ,
 "012.2222" , "012.222" , "Stumps and roots, tropical non-coniferous, for particle board" ,   ,   ,   ,   ,   ,   , "N.A." ,   , "https://stats.fao.org/classifications/FPCD/v2022/012.2222" ,  ,  ,  ,  ,  ,  ,  ,  ,  ,  ,  ,  ,
 "012.2223" , "012.222" , "Stumps and roots, tropical non-coniferous, for fibreboard" ,   ,   ,   ,   ,   ,   , "N.A." ,   , "https://stats.fao.org/classifications/FPCD/v2022/012.2223" ,  ,  ,  ,  ,  ,  ,  ,  ,  ,  ,  ,  ,
 "012.2229" , "012.222" , "Stumps and roots, tropical non-coniferous, for uses n.e.c." ,   ,   ,   ,   ,   ,   , "N.A." ,   , "https://stats.fao.org/classifications/FPCD/v2022/012.2229" ,  ,  ,  ,  ,  ,  ,  ,  ,  ,  ,  ,  ,
 "012.229" , "012.22" , "Other stumps and roots" ,   ,   ,   ,   ,   ,   , "Includes all the biomass of the tree below the separation of the harvested stem. The height of this cut will vary according to local practices and conditions." ,   , "https://stats.fao.org/classifications/FPCD/v2022/012.229" ,  ,  ,  ,  ,  ,  ,  ,  ,  ,  ,  ,  ,
 "012.2291" , "012.229" , "Other stumps and roots, for pulp" ,   ,   ,   ,   ,   ,   , "N.A." ,   , "https://stats.fao.org/classifications/FPCD/v2022/012.2291" ,  ,  ,  ,  ,  ,  ,  ,  ,  ,  ,  ,  ,
 "012.2292" , "012.229" , "Other stumps and roots, for particle board" ,   ,   ,   ,   ,   ,   , "N.A." ,   , "https://stats.fao.org/classifications/FPCD/v2022/012.2292" ,  ,  ,  ,  ,  ,  ,  ,  ,  ,  ,  ,  ,
 "012.2293" , "012.229" , "Other stumps and roots, for fibreboard" ,   ,   ,   ,   ,   ,   , "N.A." ,   , "https://stats.fao.org/classifications/FPCD/v2022/012.2293" ,  ,  ,  ,  ,  ,  ,  ,  ,  ,  ,  ,  ,
 "012.2299" , "012.229" , "Other stumps and roots, for uses n.e.c." ,   ,   ,   ,   ,   ,   , "N.A." ,   , "https://stats.fao.org/classifications/FPCD/v2022/012.2299" ,  ,  ,  ,  ,  ,  ,  ,  ,  ,  ,  ,  ,
 "012.23" , "012.2" , "Bark separated in the forest from wood in the rough" ,   ,   ,   ,   ,   ,   , "Includes all bark removed from the sterns or other parts of the tree during harvesting operations, as well as bark removed at the lower landing. It can be used for horticulture purposes or for other uses." ,   , "https://stats.fao.org/classifications/FPCD/v2022/012.23" ,  ,  ,  ,  ,  ,  ,  ,  ,  ,  ,  ,  ,
 "012.231" , "012.23" , "Bark separated in the forest from wood in the rough, coniferous" ,   ,   ,   ,   ,   ,   , "Includes all bark removed from the sterns or other parts of the tree during harvesting operations, as well as bark removed at the lower landing. It can be used for horticulture purposes or for other uses." ,   , "https://stats.fao.org/classifications/FPCD/v2022/012.231" ,  ,  ,  ,  ,  ,  ,  ,  ,  ,  ,  ,  ,
 "012.2311" , "012.231" , "Bark separated in the forest from wood in the rough, coniferous, for horticulture purposes" ,   ,   ,   ,   ,   ,   , "N.A." ,   , "https://stats.fao.org/classifications/FPCD/v2022/012.2311" ,  ,  ,  ,  ,  ,  ,  ,  ,  ,  ,  ,  ,
 "012.2319" , "012.231" , "Bark separated in the forest from wood in the rough, coniferous, for other uses n.e.c." ,   ,   ,   ,   ,   ,   , "N.A." ,   , "https://stats.fao.org/classifications/FPCD/v2022/012.2319" ,  ,  ,  ,  ,  ,  ,  ,  ,  ,  ,  ,  ,
 "012.232" , "012.23" , "Bark separated in the forest from wood in the rough, tropical non-coniferous" ,   ,   ,   ,   ,   ,   , "Includes all bark removed from the sterns or other parts of the tree during harvesting operations, as well as bark removed at the lower landing. It can be used for horticulture purposes or for other uses." ,   , "https://stats.fao.org/classifications/FPCD/v2022/012.232" ,  ,  ,  ,  ,  ,  ,  ,  ,  ,  ,  ,  ,
 "012.2321" , "012.232" , "Bark separated in the forest from wood in the rough, tropical non-coniferous, for horticulture purposes" ,   ,   ,   ,   ,   ,   , "N.A." ,   , "https://stats.fao.org/classifications/FPCD/v2022/012.2321" ,  ,  ,  ,  ,  ,  ,  ,  ,  ,  ,  ,  ,
 "012.2329" , "012.232" , "Bark separated in the forest from wood in the rough, tropical non-coniferous, for uses n.e.c." ,   ,   ,   ,   ,   ,   , "N.A." ,   , "https://stats.fao.org/classifications/FPCD/v2022/012.2329" ,  ,  ,  ,  ,  ,  ,  ,  ,  ,  ,  ,  ,
 "012.239" , "012.23" , "Other bark separated in the forest from wood in the rough" ,   ,   ,   ,   ,   ,   , "Includes all bark removed from the sterns or other parts of the tree during harvesting operations, as well as bark removed at the lower landing. It can be used for horticulture purposes or for other uses." ,   , "https://stats.fao.org/classifications/FPCD/v2022/012.239" ,  ,  ,  ,  ,  ,  ,  ,  ,  ,  ,  ,  ,
 "012.2391" , "012.239" , "Other bark separated in the forest from wood in the rough, for horticulture purposes" ,   ,   ,   ,   ,   ,   , "N.A." ,   , "https://stats.fao.org/classifications/FPCD/v2022/012.2391" ,  ,  ,  ,  ,  ,  ,  ,  ,  ,  ,  ,  ,
 "012.2399" , "012.239" , "Other bark separated in the forest from wood in the rough, for uses n.e.c." ,   ,   ,   ,   ,   ,   , "N.A." ,   , "https://stats.fao.org/classifications/FPCD/v2022/012.2399" ,  ,  ,  ,  ,  ,  ,  ,  ,  ,  ,  ,  ,
 "02" ,   , "WOOD SIMPLY WORKED OR PROCESSED" ,   ,   ,   ,   ,   ,   , "This section includes wood charcoal; roughly trimmed wood suitable for the manufacture of walking sticks, umbrellas, tool handles etc.; wood wool and wood flour." ,   , "https://stats.fao.org/classifications/FPCD/v2022/02" ,  ,  ,  ,  ,  ,  ,  ,  ,  ,  ,  ,  ,
 "021." , "02" , "Wood charcoal" ,   ,   ,   ,   ,   ,   , "Wood carbonised by partial combustion or the application of heat from external sources. It can be in the form of blocks, sticks or in granules or powder, or agglomerated with tar or other substances in briquettes, tablets, balls, etc.
It includes: charcoal used as a fuel or for other uses, e.g. as a reduction agent in metallurgy or as an absorption or filtration medium." ,   , "https://stats.fao.org/classifications/FPCD/v2022/021." ,  ,  ,  ,  ,  ,  ,  ,  ,  ,  ,  ,  ,
 "021.1" , "021." , "Wood charcoal, coniferous" ,   ,   ,   ,   ,   ,   , "Wood carbonised by partial combustion or the application of heat from external sources. It can be in the form of blocks, sticks or in granules or powder, or agglomerated with tar or other substances in briquettes, tablets, balls, etc.
It includes: charcoal used as a fuel or for other uses, e.g. as a reduction agent in metallurgy or as an absorption or filtration medium. "" ,   , "https://stats.fao.org/classifications/FPCD/v2022/021.1" ,  ,  ,  ,  ,  ,  ,  ,  ,  ,  ,  ,  ,
 "021.11" , "021.1" , "Wood charcoal, coniferous, for energy" ,   ,   ,   ,   ,   ,   , "N.A." ,   , "https://stats.fao.org/classifications/FPCD/v2022/021.11" ,  ,  ,  ,  ,  ,  ,  ,  ,  ,  ,  ,  ,
 "021.19" , "021.1" , "Wood charcoal, coniferous, for uses n.e.c." ,   ,   ,   ,   ,   ,   , "N.A." ,   , "https://stats.fao.org/classifications/FPCD/v2022/021.19" ,  ,  ,  ,  ,  ,  ,  ,  ,  ,  ,  ,  ,
 "021.9" , "021." , "Other wood charcoal" ,   ,   ,   ,   ,   ,   , "Wood carbonised by partial combustion or the application of heat from external sources. It can be in the form of blocks, sticks or in granules or powder, or agglomerated with tar or other substances in briquettes, tablets, balls, etc.
It includes: charcoal used as a fuel or for other uses, e.g. as a reduction agent in metallurgy or as an absorption or filtration medium. "" ,   , "https://stats.fao.org/classifications/FPCD/v2022/021.9" ,  ,  ,  ,  ,  ,  ,  ,  ,  ,  ,  ,  ,
 "021.91" , "021.9" , "Other wood charcoal, for energy" ,   ,   ,   ,   ,   ,   , "N.A." ,   , "https://stats.fao.org/classifications/FPCD/v2022/021.91" ,  ,  ,  ,  ,  ,  ,  ,  ,  ,  ,  ,  ,
 "021.99" , "021.9" , "Other wood charcoal, for uses n.e.c." ,   ,   ,   ,   ,   ,   , "N.A." ,   , "https://stats.fao.org/classifications/FPCD/v2022/021.99" ,  ,  ,  ,  ,  ,  ,  ,  ,  ,  ,  ,  ,
 "022." , "02" , "Torrefied wood" ,   ,   ,   ,   ,   ,   , "It includes wood chips and wood pellets that were torrefied. In the torrefaction process, biomass is heated to a temperature of approx. 250-350°C in an atmosphere with low oxygen concentrations, so that all moisture is removed as well as a fraction of the volatile matter of the dry biomass. Due to the substantial weight loss and a relatively smaller loss of calorific content, the heating value of processed biomass per mass unit increases significantly in the process." ,   , "https://stats.fao.org/classifications/FPCD/v2022/022." ,  ,  ,  ,  ,  ,  ,  ,  ,  ,  ,  ,  ,
 "022.1" , "022." , "Torrefied wood, coniferous" ,   ,   ,   ,   ,   ,   , "It includes wood chips and wood pellets that were torrefied. In the torrefaction process, biomass is heated to a temperature of approx. 250-350°C in an atmosphere with low oxygen concentrations, so that all moisture is removed as well as a fraction of the volatile matter of the dry biomass. Due to the substantial weight loss and a relatively smaller loss of calorific content, the heating value of processed biomass per mass unit increases significantly in the process." ,   , "https://stats.fao.org/classifications/FPCD/v2022/022.1" ,  ,  ,  ,  ,  ,  ,  ,  ,  ,  ,  ,  ,
 "022.11" , "022.1" , "Torrefied wood, coniferous, for energy" ,   ,   ,   ,   ,   ,   , "N.A." ,   , "https://stats.fao.org/classifications/FPCD/v2022/022.11" ,  ,  ,  ,  ,  ,  ,  ,  ,  ,  ,  ,  ,
 "022.19" , "022.1" , "Torrefied wood, coniferous, for uses n.e.c." ,   ,   ,   ,   ,   ,   , "N.A." ,   , "https://stats.fao.org/classifications/FPCD/v2022/022.19" ,  ,  ,  ,  ,  ,  ,  ,  ,  ,  ,  ,  ,
 "022.9" , "022." , "Other torrefied wood" ,   ,   ,   ,   ,   ,   , "It includes wood chips and wood pellets that were torrefied. In the torrefaction process, biomass is heated to a temperature of approx. 250-350°C in an atmosphere with low oxygen concentrations, so that all moisture is removed as well as a fraction of the volatile matter of the dry biomass. Due to the substantial weight loss and a relatively smaller loss of calorific content, the heating value of processed biomass per mass unit increases significantly in the process." ,   , "https://stats.fao.org/classifications/FPCD/v2022/022.9" ,  ,  ,  ,  ,  ,  ,  ,  ,  ,  ,  ,  ,
 "022.91" , "022.9" , "Other torrefied wood, for energy" ,   ,   ,   ,   ,   ,   , "N.A." ,   , "https://stats.fao.org/classifications/FPCD/v2022/022.91" ,  ,  ,  ,  ,  ,  ,  ,  ,  ,  ,  ,  ,
 "022.99" , "022.9" , "Other torrefied wood, for uses n.e.c." ,   ,   ,   ,   ,   ,   , "N.A." ,   , "https://stats.fao.org/classifications/FPCD/v2022/022.99" ,  ,  ,  ,  ,  ,  ,  ,  ,  ,  ,  ,  ,
 "023." , "02" , "Roundwood treated with preservatives" ,   ,   ,   ,   ,   ,   , "This group covers products which have been treated with paint, stains, creosote or other preservatives, in order to increase their resistance. 
It excludes: products treated with substances for the purpose of simply maintaining them during shipment or storage, torrefied pellets" ,   , "https://stats.fao.org/classifications/FPCD/v2022/023." ,  ,  ,  ,  ,  ,  ,  ,  ,  ,  ,  ,  ,
 "023.1" , "023." , "Roundwood treated with preservatives, coniferous" ,   ,   ,   ,   ,   ,   , "This group covers products which have been treated with paint, stains, creosote or other preservatives, in order to increase their resistance. 
It excludes: products treated with substances for the purpose of simply maintaining them during shipment or storage, torrefied pellets" ,   , "https://stats.fao.org/classifications/FPCD/v2022/023.1" ,  ,  ,  ,  ,  ,  ,  ,  ,  ,  ,  ,  ,
 "023.11" , "023.1" , "Roundwood treated with preservatives, coniferous, for poles" ,   ,   ,   ,   ,   ,   , "Straight pieces, usually of 5 m or more in length. They are used principally to support telephone, telegraph and electrical or transmission lines and for scaffolding." ,   , "https://stats.fao.org/classifications/FPCD/v2022/023.11" ,  ,  ,  ,  ,  ,  ,  ,  ,  ,  ,  ,  ,
 "023.12" , "023.1" , "Roundwood treated with preservatives, coniferous, for piling" ,   ,   ,   ,   ,   ,   , "Long straight pieces, suitable for driving into the ground under impact. They are used principally in construction of harbour works and underpinning for bridges and buildings." ,   , "https://stats.fao.org/classifications/FPCD/v2022/023.12" ,  ,  ,  ,  ,  ,  ,  ,  ,  ,  ,  ,  ,
 "023.13" , "023.1" , "Roundwood treated with preservatives, coniferous, for posts" ,   ,   ,   ,   ,   ,   , "Round, hewn, squared or split wood, usually less than 3 m in length, but possibly up to 5 m used for fencing, guard rails and the like." ,   , "https://stats.fao.org/classifications/FPCD/v2022/023.13" ,  ,  ,  ,  ,  ,  ,  ,  ,  ,  ,  ,  ,
 "023.19" , "023.1" , "Roundwood treated with preservatives, coniferous, for uses n.e.c." ,   ,   ,   ,   ,   ,   , "Roundwood treated with preservatives, other than poles, pilings and posts." ,   , "https://stats.fao.org/classifications/FPCD/v2022/023.19" ,  ,  ,  ,  ,  ,  ,  ,  ,  ,  ,  ,  ,
 "023.9" , "023." , "Other roundwood treated with preservatives" ,   ,   ,   ,   ,   ,   , "This group covers products which have been treated with paint, stains, creosote or other preservatives, in order to increase their resistance. 
It excludes: products treated with substances for the purpose of simply maintaining them during shipment or storage, torrefied pellets" ,   , "https://stats.fao.org/classifications/FPCD/v2022/023.9" ,  ,  ,  ,  ,  ,  ,  ,  ,  ,  ,  ,  ,
 "023.91" , "023.9" , "Other roundwood treated with preservatives, for poles" ,   ,   ,   ,   ,   ,   , "Straight pieces, usually of 5 m or more in length. They are used principally to support telephone, telegraph and electrical or transmission lines and for scaffolding." ,   , "https://stats.fao.org/classifications/FPCD/v2022/023.91" ,  ,  ,  ,  ,  ,  ,  ,  ,  ,  ,  ,  ,
 "023.92" , "023.9" , "Other roundwood treated with preservatives, for piling" ,   ,   ,   ,   ,   ,   , "Long straight pieces, suitable for driving into the ground under impact. They are used principally in construction of harbour works and underpinning for bridges and buildings." ,   , "https://stats.fao.org/classifications/FPCD/v2022/023.92" ,  ,  ,  ,  ,  ,  ,  ,  ,  ,  ,  ,  ,
 "023.93" , "023.9" , "Other roundwood treated with preservatives, for posts" ,   ,   ,   ,   ,   ,   , "Round, hewn, squared or split wood, usually less than 3 m in length, but possibly up to 5 m used for fencing, guard rails and the like." ,   , "https://stats.fao.org/classifications/FPCD/v2022/023.93" ,  ,  ,  ,  ,  ,  ,  ,  ,  ,  ,  ,  ,
 "023.99" , "023.9" , "Other roundwood treated with preservatives, for uses n.e.c." ,   ,   ,   ,   ,   ,   , "Roundwood treated with preservatives, other than poles, pilings and posts." ,   , "https://stats.fao.org/classifications/FPCD/v2022/023.99" ,  ,  ,  ,  ,  ,  ,  ,  ,  ,  ,  ,  ,
 "024." , "02" , "Roughly trimmed wood" ,   ,   ,   ,   ,   ,   , "It includes: Hoopwood; split poles; piles, pickets and stakes of wood, pointed but not sawn lengthwise; wooden sticks, roughly trimmed but not turned, bent or otherwise worked, suitable for the manufacture of walking sticks, umbrellas, tool handles or the like; chipwood and the like.
It includes also wood shavings, which are used in the manufacture of vinegar or for the clarification of liquids." ,   , "https://stats.fao.org/classifications/FPCD/v2022/024." ,  ,  ,  ,  ,  ,  ,  ,  ,  ,  ,  ,  ,
 "024.1" , "024." , "Roughly trimmed wood, coniferous" ,   ,   ,   ,   ,   ,   , "It includes: Hoopwood; split poles; piles, pickets and stakes of wood, pointed but not sawn lengthwise; wooden sticks, roughly trimmed but not turned, bent or otherwise worked, suitable for the manufacture of walking sticks, umbrellas, tool handles or the like; chipwood and the like.
It includes also wood shavings, which are used in the manufacture of vinegar or for the clarification of liquids." ,   , "https://stats.fao.org/classifications/FPCD/v2022/024.1" ,  ,  ,  ,  ,  ,  ,  ,  ,  ,  ,  ,  ,
 "024.11" , "024.1" , "Roughly trimmed wood, coniferous, hoopwood" ,   ,   ,   ,   ,   ,   , "Hoopwood cover split rods of willow, hazel, birch, etc., which are used in the manufacture of barrel hoops, hurdles, etc." ,   , "https://stats.fao.org/classifications/FPCD/v2022/024.11" ,  ,  ,  ,  ,  ,  ,  ,  ,  ,  ,  ,  ,
 "024.12" , "024.1" , "Roughly trimmed wood, coniferous, split poles" ,   ,   ,   ,   ,   ,   , "This products incorporate stems or branches of trees split along the length. They are used as supports in horticulture, agriculture, for fencing, etc." ,   , "https://stats.fao.org/classifications/FPCD/v2022/024.12" ,  ,  ,  ,  ,  ,  ,  ,  ,  ,  ,  ,  ,
 "024.13" , "024.1" , "Roughly trimmed wood, coniferous, pointed piles, pickets and stakes" ,   ,   ,   ,   ,   ,   , "This class cover round or split poles, pointed at the ends, which can be peeled or impregnated with preservative" ,   , "https://stats.fao.org/classifications/FPCD/v2022/024.13" ,  ,  ,  ,  ,  ,  ,  ,  ,  ,  ,  ,  ,
 "024.14" , "024.1" , "Roughly trimmed wood, coniferous, wooden sticks roughly trimmed" ,   ,   ,   ,   ,   ,   , "Products of different length and thickness which serve as a raw material for the next manufacture of walking sticks, whips, umbrellas, handles for tools, etc" ,   , "https://stats.fao.org/classifications/FPCD/v2022/024.14" ,  ,  ,  ,  ,  ,  ,  ,  ,  ,  ,  ,  ,
 "024.15" , "024.1" , "Roughly trimmed wood, coniferous, chipwood" ,   ,   ,   ,   ,   ,   , "This product encompasses flexible, narrow, thin and even strips of wood suitable for plaiting or for making sieves, chip-boxes, match-boxes, etc.  It is produced by slicing, peeling or it is sawned." ,   , "https://stats.fao.org/classifications/FPCD/v2022/024.15" ,  ,  ,  ,  ,  ,  ,  ,  ,  ,  ,  ,  ,
 "024.19" , "024.1" , "Roughly trimmed wood, coniferous, n.e.c." ,   ,   ,   ,   ,   ,   , "These products also cover e.g. wood shavings, which are used in the manufacture of vinegar or for the clarification of liquids." ,   , "https://stats.fao.org/classifications/FPCD/v2022/024.19" ,  ,  ,  ,  ,  ,  ,  ,  ,  ,  ,  ,  ,
 "024.9" , "024." , "Other roughly trimmed wood" ,   ,   ,   ,   ,   ,   , "It includes: Hoopwood; split poles; piles, pickets and stakes of wood, pointed but not sawn lengthwise; wooden sticks, roughly trimmed but not turned, bent or otherwise worked, suitable for the manufacture of walking sticks, umbrellas, tool handles or the like; chipwood and the like.
It includes also wood shavings, which are used in the manufacture of vinegar or for the clarification of liquids." ,   , "https://stats.fao.org/classifications/FPCD/v2022/024.9" ,  ,  ,  ,  ,  ,  ,  ,  ,  ,  ,  ,  ,
 "024.91" , "024.9" , "Other roughly trimmed wood, hoopwood" ,   ,   ,   ,   ,   ,   , "Hoopwood cover split rods of willow, hazel, birch, etc., which are used in the manufacture of barrel hoops, hurdles, etc." ,   , "https://stats.fao.org/classifications/FPCD/v2022/024.91" ,  ,  ,  ,  ,  ,  ,  ,  ,  ,  ,  ,  ,
 "024.92" , "024.9" , "Other roughly trimmed wood, split poles" ,   ,   ,   ,   ,   ,   , "This products incorporate stems or branches of trees split along the length. They are used as supports in horticulture, agriculture, for fencing, etc." ,   , "https://stats.fao.org/classifications/FPCD/v2022/024.92" ,  ,  ,  ,  ,  ,  ,  ,  ,  ,  ,  ,  ,
 "024.93" , "024.9" , "Other roughly trimmed wood, pointed piles, pickets and stakes" ,   ,   ,   ,   ,   ,   , "This class cover round or split poles, pointed at the ends, which can be peeled or impregnated with preservative" ,   , "https://stats.fao.org/classifications/FPCD/v2022/024.93" ,  ,  ,  ,  ,  ,  ,  ,  ,  ,  ,  ,  ,
 "024.94" , "024.9" , "Other roughly trimmed wood, wooden sticks roughly trimmed" ,   ,   ,   ,   ,   ,   , "Products of different length and thickness which serve as a raw material for the next manufacture of walking sticks, whips, umbrellas, handles for tools, etc" ,   , "https://stats.fao.org/classifications/FPCD/v2022/024.94" ,  ,  ,  ,  ,  ,  ,  ,  ,  ,  ,  ,  ,
 "024.95" , "024.9" , "Other roughly trimmed wood, chipwood" ,   ,   ,   ,   ,   ,   , "This product encompasses flexible, narrow, thin and even strips of wood suitable for plaiting or for making sieves, chip-boxes, match-boxes, etc.  It is produced by slicing, peeling or it is sawned." ,   , "https://stats.fao.org/classifications/FPCD/v2022/024.95" ,  ,  ,  ,  ,  ,  ,  ,  ,  ,  ,  ,  ,
 "024.99" , "024.9" , "Other roughly trimmed wood, n.e.c." ,   ,   ,   ,   ,   ,   , "These products also cover e.g. wood shavings, which are used in the manufacture of vinegar or for the clarification of liquids." ,   , "https://stats.fao.org/classifications/FPCD/v2022/024.99" ,  ,  ,  ,  ,  ,  ,  ,  ,  ,  ,  ,  ,
 "025." , "02" , "Wood wool" ,   ,   ,   ,   ,   ,   , "Wood wool is a product consists of wood slivers, curled or twisted, which have regular size, thickness and length. It is cut from logs (poplar, coniferous tree species) and is mainly used in packaging, for cooling pads in home evaporative cooling systems known as swamp coolers, for erosion control mats, and as a raw material for the production of other products such as bonded wood wool boards and used as stuffing for stuffed animals." ,   , "https://stats.fao.org/classifications/FPCD/v2022/025." ,  ,  ,  ,  ,  ,  ,  ,  ,  ,  ,  ,  ,
 "025.1" , "025." , "Wood wool, coniferous" ,   ,   ,   ,   ,   ,   , "Wood wool is a product consists of wood slivers, curled or twisted, which have regular size, thickness and length. It is cut from logs (poplar, coniferous tree species) and is mainly used in packaging, for cooling pads in home evaporative cooling systems known as swamp coolers, for erosion control mats, and as a raw material for the production of other products such as bonded wood wool boards and used as stuffing for stuffed animals." ,   , "https://stats.fao.org/classifications/FPCD/v2022/025.1" ,  ,  ,  ,  ,  ,  ,  ,  ,  ,  ,  ,  ,
 "025.9" , "025." , "Other wood wool" ,   ,   ,   ,   ,   ,   , "Wood wool is a product consists of wood slivers, curled or twisted, which have regular size, thickness and length. It is cut from logs (poplar, coniferous tree species) and is mainly used in packaging, for cooling pads in home evaporative cooling systems known as swamp coolers, for erosion control mats, and as a raw material for the production of other products such as bonded wood wool boards and used as stuffing for stuffed animals." ,   , "https://stats.fao.org/classifications/FPCD/v2022/025.9" ,  ,  ,  ,  ,  ,  ,  ,  ,  ,  ,  ,  ,
 "026." , "02" , "Wood flour" ,   ,   ,   ,   ,   ,   , "Wood flour is finely pulverized wood that has a consistency fairly equal to sand or sawdust, but can vary considerably, with particles ranging in size from a fine powder to roughly the size of a grain of rice. It is commonly used as a filler in thermosetting resins such as bakelite, and in linoleum floor coverings. Wood flour is also the main ingredient in wood-plastic composite products such as decks and roofs." ,   , "https://stats.fao.org/classifications/FPCD/v2022/026." ,  ,  ,  ,  ,  ,  ,  ,  ,  ,  ,  ,  ,
 "026.1" , "026." , "Wood flour, coniferous" ,   ,   ,   ,   ,   ,   , "Wood flour is finely pulverized wood that has a consistency fairly equal to sand or sawdust, but can vary considerably, with particles ranging in size from a fine powder to roughly the size of a grain of rice. It is commonly used as a filler in thermosetting resins such as bakelite, and in linoleum floor coverings. Wood flour is also the main ingredient in wood-plastic composite products such as decks and roofs." ,   , "https://stats.fao.org/classifications/FPCD/v2022/026.1" ,  ,  ,  ,  ,  ,  ,  ,  ,  ,  ,  ,  ,
 "026.9" , "026." , "Other wood flour" ,   ,   ,   ,   ,   ,   , "Wood flour is finely pulverized wood that has a consistency fairly equal to sand or sawdust, but can vary considerably, with particles ranging in size from a fine powder to roughly the size of a grain of rice. It is commonly used as a filler in thermosetting resins such as bakelite, and in linoleum floor coverings. Wood flour is also the main ingredient in wood-plastic composite products such as decks and roofs." ,   , "https://stats.fao.org/classifications/FPCD/v2022/026.9" ,  ,  ,  ,  ,  ,  ,  ,  ,  ,  ,  ,  ,
 "027." , "02" , "Wood fuel simply worked" ,   ,   ,   ,   ,   ,   , "Fuel wood, in logs, in billets, in twigs, in faggots or in similar forms." ,   , "https://stats.fao.org/classifications/FPCD/v2022/027." ,  ,  ,  ,  ,  ,  ,  ,  ,  ,  ,  ,  ,
 "027.1" , "027." , "Wood fuel simply worked, coniferous" ,   ,   ,   ,   ,   ,   , "N.A." ,   , "https://stats.fao.org/classifications/FPCD/v2022/027.1" ,  ,  ,  ,  ,  ,  ,  ,  ,  ,  ,  ,  ,
 "027.11" , "027.1" , "Wood fuel simply worked, coniferous, split (firewood)" ,   ,   ,   ,   ,   ,   , "Split logs or billets." ,   , "https://stats.fao.org/classifications/FPCD/v2022/027.11" ,  ,  ,  ,  ,  ,  ,  ,  ,  ,  ,  ,  ,
 "027.19" , "027.1" , "Wood fuel simply worked, coniferous, n.e.c." ,   ,   ,   ,   ,   ,   , "Twigs, faggots, rough sticks, tree stumps and roots." ,   , "https://stats.fao.org/classifications/FPCD/v2022/027.19" ,  ,  ,  ,  ,  ,  ,  ,  ,  ,  ,  ,  ,
 "027.9" , "027." , "Other wood fuel simply worked" ,   ,   ,   ,   ,   ,   , "N.A." ,   , "https://stats.fao.org/classifications/FPCD/v2022/027.9" ,  ,  ,  ,  ,  ,  ,  ,  ,  ,  ,  ,  ,
 "027.91" , "027.9" , "Other wood fuel simply worked, split (firewood)" ,   ,   ,   ,   ,   ,   , "Split logs or billets." ,   , "https://stats.fao.org/classifications/FPCD/v2022/027.91" ,  ,  ,  ,  ,  ,  ,  ,  ,  ,  ,  ,  ,
 "027.99" , "027.9" , "Other wood fuel simply worked, n.e.c." ,   ,   ,   ,   ,   ,   , "Twigs, faggots, rough sticks, tree stumps and roots." ,   , "https://stats.fao.org/classifications/FPCD/v2022/027.99" ,  ,  ,  ,  ,  ,  ,  ,  ,  ,  ,  ,  ,
 "03" ,   , "WOOD CHIPS AND PARTICLES, RESIDUES AND RECOVERABLE WOOD PRODUCTS" ,   ,   ,   ,   ,   ,   , "N.A." ,   , "https://stats.fao.org/classifications/FPCD/v2022/03" ,  ,  ,  ,  ,  ,  ,  ,  ,  ,  ,  ,  ,
 "031." , "03" , "Wood residues (including wood for agglomerates)" ,   ,   ,   ,   ,   ,   , "Other wood processing co-products that has not been reduced to chips or particles and has not been agglomerated. These residues may often serve as raw material for the manufacture of certain forest products, notably pulp, particle board and fibreboard and may always be used as a source of energy." ,   , "https://stats.fao.org/classifications/FPCD/v2022/031." ,  ,  ,  ,  ,  ,  ,  ,  ,  ,  ,  ,  ,
 "031.1" , "031." , "Solid wood processing residues" ,   ,   ,   ,   ,   ,   , "Pieces of wood arising during processing, which have not been broken down into chips, sawdust, shavings or smaller particles. These pieces are suitable as raw material for the manufacture of pulp, particle board, fibreboard, etc. This category includes for example sawmill rejects, slabs, edgings and trimmings, veneer log cores, veneer rejects, sawdust, residues from carpentry and joinery production, etc. Excluded are bark and contaminated residues." ,   , "https://stats.fao.org/classifications/FPCD/v2022/031.1" ,  ,  ,  ,  ,  ,  ,  ,  ,  ,  ,  ,  ,
 "031.11" , "031.1" , "Solid wood processing residues, coniferous" ,   ,   ,   ,   ,   ,   , "Pieces of wood arising during processing, which have not been broken down into chips, sawdust, shavings or smaller particles. These pieces are suitable as raw material for the manufacture of pulp, particle board, fibreboard, etc. This category includes for example sawmill rejects, slabs, edgings and trimmings, veneer log cores, veneer rejects, sawdust, residues from carpentry and joinery production, etc. Excluded are bark and contaminated residues." ,   , "https://stats.fao.org/classifications/FPCD/v2022/031.11" ,  ,  ,  ,  ,  ,  ,  ,  ,  ,  ,  ,  ,
 "031.111" , "031.11" , "Solid wood processing residues, coniferous, for pulp" ,   ,   ,   ,   ,   ,   , "N.A." ,   , "https://stats.fao.org/classifications/FPCD/v2022/031.111" ,  ,  ,  ,  ,  ,  ,  ,  ,  ,  ,  ,  ,
 "031.112" , "031.11" , "Solid wood processing residues, coniferous, for particle board" ,   ,   ,   ,   ,   ,   , "N.A." ,   , "https://stats.fao.org/classifications/FPCD/v2022/031.112" ,  ,  ,  ,  ,  ,  ,  ,  ,  ,  ,  ,  ,
 "031.113" , "031.11" , "Solid wood processing residues, coniferous, for fibreboard" ,   ,   ,   ,   ,   ,   , "N.A." ,   , "https://stats.fao.org/classifications/FPCD/v2022/031.113" ,  ,  ,  ,  ,  ,  ,  ,  ,  ,  ,  ,  ,
 "031.114" , "031.11" , "Solid wood processing residues, coniferous, for energy" ,   ,   ,   ,   ,   ,   , "N.A." ,   , "https://stats.fao.org/classifications/FPCD/v2022/031.114" ,  ,  ,  ,  ,  ,  ,  ,  ,  ,  ,  ,  ,
 "031.119" , "031.11" , "Solid wood processing residues, coniferous, for uses n.e.c." ,   ,   ,   ,   ,   ,   , "N.A." ,   , "https://stats.fao.org/classifications/FPCD/v2022/031.119" ,  ,  ,  ,  ,  ,  ,  ,  ,  ,  ,  ,  ,
 "031.19" , "031.1" , "Other solid wood processing residues" ,   ,   ,   ,   ,   ,   , "Pieces of wood arising during processing, which have not been broken down into chips, sawdust, shavings or smaller particles. These pieces are suitable as raw material for the manufacture of pulp, particle board, fibreboard, etc. This category includes for example sawmill rejects, slabs, edgings and trimmings, veneer log cores, veneer rejects, sawdust, residues from carpentry and joinery production, etc. Excluded are bark and contaminated residues." ,   , "https://stats.fao.org/classifications/FPCD/v2022/031.19" ,  ,  ,  ,  ,  ,  ,  ,  ,  ,  ,  ,  ,
 "031.191" , "031.19" , "Other solid wood processing residues, for pulp" ,   ,   ,   ,   ,   ,   , "N.A." ,   , "https://stats.fao.org/classifications/FPCD/v2022/031.191" ,  ,  ,  ,  ,  ,  ,  ,  ,  ,  ,  ,  ,
 "031.192" , "031.19" , "Other solid wood processing residues, for particle board" ,   ,   ,   ,   ,   ,   , "N.A." ,   , "https://stats.fao.org/classifications/FPCD/v2022/031.192" ,  ,  ,  ,  ,  ,  ,  ,  ,  ,  ,  ,  ,
 "031.193" , "031.19" , "Other solid wood processing residues, for fibreboard" ,   ,   ,   ,   ,   ,   , "N.A." ,   , "https://stats.fao.org/classifications/FPCD/v2022/031.193" ,  ,  ,  ,  ,  ,  ,  ,  ,  ,  ,  ,  ,
 "031.194" , "031.19" , "Other solid wood processing residues, for energy" ,   ,   ,   ,   ,   ,   , "N.A." ,   , "https://stats.fao.org/classifications/FPCD/v2022/031.194" ,  ,  ,  ,  ,  ,  ,  ,  ,  ,  ,  ,  ,
 "031.199" , "031.19" , "Other solid wood processing residues, for uses n.e.c." ,   ,   ,   ,   ,   ,   , "N.A." ,   , "https://stats.fao.org/classifications/FPCD/v2022/031.199" ,  ,  ,  ,  ,  ,  ,  ,  ,  ,  ,  ,  ,
 "031.2" , "031." , "Sawdust" ,   ,   ,   ,   ,   ,   , "Wood dust produced in the process of sawing." ,   , "https://stats.fao.org/classifications/FPCD/v2022/031.2" ,  ,  ,  ,  ,  ,  ,  ,  ,  ,  ,  ,  ,
 "031.21" , "031.2" , "Sawdust, coniferous" ,   ,   ,   ,   ,   ,   , "Wood dust produced in the process of sawing." ,   , "https://stats.fao.org/classifications/FPCD/v2022/031.21" ,  ,  ,  ,  ,  ,  ,  ,  ,  ,  ,  ,  ,
 "031.211" , "031.21" , "Sawdust, coniferous, for pulp" ,   ,   ,   ,   ,   ,   , "N.A." ,   , "https://stats.fao.org/classifications/FPCD/v2022/031.211" ,  ,  ,  ,  ,  ,  ,  ,  ,  ,  ,  ,  ,
 "031.212" , "031.21" , "Sawdust, coniferous, for particle board" ,   ,   ,   ,   ,   ,   , "N.A." ,   , "https://stats.fao.org/classifications/FPCD/v2022/031.212" ,  ,  ,  ,  ,  ,  ,  ,  ,  ,  ,  ,  ,
 "031.213" , "031.21" , "Sawdust, coniferous, for fibreboard" ,   ,   ,   ,   ,   ,   , "N.A." ,   , "https://stats.fao.org/classifications/FPCD/v2022/031.213" ,  ,  ,  ,  ,  ,  ,  ,  ,  ,  ,  ,  ,
 "031.214" , "031.21" , "Sawdust, coniferous, for energy" ,   ,   ,   ,   ,   ,   , "N.A." ,   , "https://stats.fao.org/classifications/FPCD/v2022/031.214" ,  ,  ,  ,  ,  ,  ,  ,  ,  ,  ,  ,  ,
 "031.219" , "031.21" , "Sawdust, coniferous, for uses n.e.c." ,   ,   ,   ,   ,   ,   , "N.A." ,   , "https://stats.fao.org/classifications/FPCD/v2022/031.219" ,  ,  ,  ,  ,  ,  ,  ,  ,  ,  ,  ,  ,
 "031.29" , "031.2" , "Other sawdust" ,   ,   ,   ,   ,   ,   , "Wood dust produced in the process of sawing." ,   , "https://stats.fao.org/classifications/FPCD/v2022/031.29" ,  ,  ,  ,  ,  ,  ,  ,  ,  ,  ,  ,  ,
 "031.291" , "031.29" , "Other sawdust, for pulp" ,   ,   ,   ,   ,   ,   , "N.A." ,   , "https://stats.fao.org/classifications/FPCD/v2022/031.291" ,  ,  ,  ,  ,  ,  ,  ,  ,  ,  ,  ,  ,
 "031.292" , "031.29" , "Other sawdust, for particle board" ,   ,   ,   ,   ,   ,   , "N.A." ,   , "https://stats.fao.org/classifications/FPCD/v2022/031.292" ,  ,  ,  ,  ,  ,  ,  ,  ,  ,  ,  ,  ,
 "031.293" , "031.29" , "Other sawdust, for fibreboard" ,   ,   ,   ,   ,   ,   , "N.A." ,   , "https://stats.fao.org/classifications/FPCD/v2022/031.293" ,  ,  ,  ,  ,  ,  ,  ,  ,  ,  ,  ,  ,
 "031.294" , "031.29" , "Other sawdust, for energy" ,   ,   ,   ,   ,   ,   , "N.A." ,   , "https://stats.fao.org/classifications/FPCD/v2022/031.294" ,  ,  ,  ,  ,  ,  ,  ,  ,  ,  ,  ,  ,
 "031.299" , "031.29" , "Other sawdust, for uses n.e.c." ,   ,   ,   ,   ,   ,   , "N.A." ,   , "https://stats.fao.org/classifications/FPCD/v2022/031.299" ,  ,  ,  ,  ,  ,  ,  ,  ,  ,  ,  ,  ,
 "031.3" , "031." , "Shavings" ,   ,   ,   ,   ,   ,   , "Long, thin pieces of wood, produced in planing operations." ,   , "https://stats.fao.org/classifications/FPCD/v2022/031.3" ,  ,  ,  ,  ,  ,  ,  ,  ,  ,  ,  ,  ,
 "031.31" , "031.3" , "Shavings, coniferous" ,   ,   ,   ,   ,   ,   , "Long, thin pieces of wood, produced in planing operations." ,   , "https://stats.fao.org/classifications/FPCD/v2022/031.31" ,  ,  ,  ,  ,  ,  ,  ,  ,  ,  ,  ,  ,
 "031.311" , "031.31" , "Shavings, coniferous, for pulp" ,   ,   ,   ,   ,   ,   , "N.A." ,   , "https://stats.fao.org/classifications/FPCD/v2022/031.311" ,  ,  ,  ,  ,  ,  ,  ,  ,  ,  ,  ,  ,
 "031.312" , "031.31" , "Shavings, coniferous, for particle board" ,   ,   ,   ,   ,   ,   , "N.A." ,   , "https://stats.fao.org/classifications/FPCD/v2022/031.312" ,  ,  ,  ,  ,  ,  ,  ,  ,  ,  ,  ,  ,
 "031.313" , "031.31" , "Shavings, coniferous, for fibreboard" ,   ,   ,   ,   ,   ,   , "N.A." ,   , "https://stats.fao.org/classifications/FPCD/v2022/031.313" ,  ,  ,  ,  ,  ,  ,  ,  ,  ,  ,  ,  ,
 "031.314" , "031.31" , "Shavings, coniferous, for energy" ,   ,   ,   ,   ,   ,   , "N.A." ,   , "https://stats.fao.org/classifications/FPCD/v2022/031.314" ,  ,  ,  ,  ,  ,  ,  ,  ,  ,  ,  ,  ,
 "031.319" , "031.31" , "Shavings, coniferous, for uses n.e.c." ,   ,   ,   ,   ,   ,   , "N.A." ,   , "https://stats.fao.org/classifications/FPCD/v2022/031.319" ,  ,  ,  ,  ,  ,  ,  ,  ,  ,  ,  ,  ,
 "031.39" , "031.3" , "Other shavings" ,   ,   ,   ,   ,   ,   , "Long, thin pieces of wood, produced in planing operations." ,   , "https://stats.fao.org/classifications/FPCD/v2022/031.39" ,  ,  ,  ,  ,  ,  ,  ,  ,  ,  ,  ,  ,
 "031.391" , "031.39" , "Other shavings, for pulp" ,   ,   ,   ,   ,   ,   , "N.A." ,   , "https://stats.fao.org/classifications/FPCD/v2022/031.391" ,  ,  ,  ,  ,  ,  ,  ,  ,  ,  ,  ,  ,
 "031.392" , "031.39" , "Other shavings, for particle board" ,   ,   ,   ,   ,   ,   , "N.A." ,   , "https://stats.fao.org/classifications/FPCD/v2022/031.392" ,  ,  ,  ,  ,  ,  ,  ,  ,  ,  ,  ,  ,
 "031.393" , "031.39" , "Other shavings, for fibreboard" ,   ,   ,   ,   ,   ,   , "N.A." ,   , "https://stats.fao.org/classifications/FPCD/v2022/031.393" ,  ,  ,  ,  ,  ,  ,  ,  ,  ,  ,  ,  ,
 "031.394" , "031.39" , "Other shavings, for energy" ,   ,   ,   ,   ,   ,   , "N.A." ,   , "https://stats.fao.org/classifications/FPCD/v2022/031.394" ,  ,  ,  ,  ,  ,  ,  ,  ,  ,  ,  ,  ,
 "031.399" , "031.39" , "Other shavings, for uses n.e.c." ,   ,   ,   ,   ,   ,   , "N.A." ,   , "https://stats.fao.org/classifications/FPCD/v2022/031.399" ,  ,  ,  ,  ,  ,  ,  ,  ,  ,  ,  ,  ,
 "031.4" , "031." , "Bark removed during processing" ,   ,   ,   ,   ,   ,   , "Bark, separated from the wood in the wood-processing industries." ,   , "https://stats.fao.org/classifications/FPCD/v2022/031.4" ,  ,  ,  ,  ,  ,  ,  ,  ,  ,  ,  ,  ,
 "031.41" , "031.4" , "Bark removed during processing, coniferous" ,   ,   ,   ,   ,   ,   , "Bark, separated from the wood in the wood-processing industries." ,   , "https://stats.fao.org/classifications/FPCD/v2022/031.41" ,  ,  ,  ,  ,  ,  ,  ,  ,  ,  ,  ,  ,
 "031.411" , "031.41" , "Bark removed during processing, coniferous, for horticulture purposes" ,   ,   ,   ,   ,   ,   , "N.A." ,   , "https://stats.fao.org/classifications/FPCD/v2022/031.411" ,  ,  ,  ,  ,  ,  ,  ,  ,  ,  ,  ,  ,
 "031.412" , "031.41" , "Bark removed during processing, coniferous, for energy" ,   ,   ,   ,   ,   ,   , "N.A." ,   , "https://stats.fao.org/classifications/FPCD/v2022/031.412" ,  ,  ,  ,  ,  ,  ,  ,  ,  ,  ,  ,  ,
 "031.419" , "031.41" , "Bark removed during processing, coniferous, for uses n.e.c." ,   ,   ,   ,   ,   ,   , "N.A." ,   , "https://stats.fao.org/classifications/FPCD/v2022/031.419" ,  ,  ,  ,  ,  ,  ,  ,  ,  ,  ,  ,  ,
 "031.49" , "031.4" , "Other bark removed during processing" ,   ,   ,   ,   ,   ,   , "Bark, separated from the wood in the wood-processing industries." ,   , "https://stats.fao.org/classifications/FPCD/v2022/031.49" ,  ,  ,  ,  ,  ,  ,  ,  ,  ,  ,  ,  ,
 "031.491" , "031.49" , "Other bark removed during processing, for horticulture purposes" ,   ,   ,   ,   ,   ,   , "N.A." ,   , "https://stats.fao.org/classifications/FPCD/v2022/031.491" ,  ,  ,  ,  ,  ,  ,  ,  ,  ,  ,  ,  ,
 "031.492" , "031.49" , "Other bark removed during processing, for energy" ,   ,   ,   ,   ,   ,   , "N.A." ,   , "https://stats.fao.org/classifications/FPCD/v2022/031.492" ,  ,  ,  ,  ,  ,  ,  ,  ,  ,  ,  ,  ,
 "031.499" , "031.49" , "Other bark removed during processing ,for uses n.e.c." ,   ,   ,   ,   ,   ,   , "N.A." ,   , "https://stats.fao.org/classifications/FPCD/v2022/031.499" ,  ,  ,  ,  ,  ,  ,  ,  ,  ,  ,  ,  ,
 "031.9" , "031." , "Other residues of wood processing, not of solid wood" ,   ,   ,   ,   ,   ,   , "This item includes notably sander dust and contaminated process residues." ,   , "https://stats.fao.org/classifications/FPCD/v2022/031.9" ,  ,  ,  ,  ,  ,  ,  ,  ,  ,  ,  ,  ,
 "031.91" , "031.9" , "Other residues of wood processing, not of solid wood, coniferous" ,   ,   ,   ,   ,   ,   , "This item includes notably sander dust and contaminated process residues." ,   , "https://stats.fao.org/classifications/FPCD/v2022/031.91" ,  ,  ,  ,  ,  ,  ,  ,  ,  ,  ,  ,  ,
 "031.911" , "031.91" , "Other residues of wood processing, not of solid wood, coniferous, for energy" ,   ,   ,   ,   ,   ,   , "N.A." ,   , "https://stats.fao.org/classifications/FPCD/v2022/031.911" ,  ,  ,  ,  ,  ,  ,  ,  ,  ,  ,  ,  ,
 "031.919" , "031.91" , "Other residues of wood processing, not of solid wood, coniferous, for uses n.e.c." ,   ,   ,   ,   ,   ,   , "N.A." ,   , "https://stats.fao.org/classifications/FPCD/v2022/031.919" ,  ,  ,  ,  ,  ,  ,  ,  ,  ,  ,  ,  ,
 "031.99" , "031.9" , "Other residues of wood processing, not of solid wood n.e.c." ,   ,   ,   ,   ,   ,   , "This item includes notably sander dust and contaminated process residues." ,   , "https://stats.fao.org/classifications/FPCD/v2022/031.99" ,  ,  ,  ,  ,  ,  ,  ,  ,  ,  ,  ,  ,
 "031.991" , "031.99" , "Other residues of wood processing, not of solid wood n.e.c., for energy" ,   ,   ,   ,   ,   ,   , "N.A." ,   , "https://stats.fao.org/classifications/FPCD/v2022/031.991" ,  ,  ,  ,  ,  ,  ,  ,  ,  ,  ,  ,  ,
 "031.999" , "031.99" , "Other residues of wood processing, not of solid wood n.e.c., for other uses" ,   ,   ,   ,   ,   ,   , "N.A." ,   , "https://stats.fao.org/classifications/FPCD/v2022/031.999" ,  ,  ,  ,  ,  ,  ,  ,  ,  ,  ,  ,  ,
 "032." , "03" , "Wood chips and particles" ,   ,   ,   ,   ,   ,   , "Wood, which has been deliberately reduced to chips (flat, rigid and roughly squared), particles (thin and flexible), flakes, etc. from wood in the rough, processing residues or recovered wood products and has not been agglomerated. Wood chips and particles are used for producing cellulose pulp by mechanical means, by chemical means or by combining mechanical and chemical means, for the manufacture of fibreboard or particle board, for energy or for other purposes. The specification of the chips and particles may vary in respect to dimensions and quality according to location and end-use. The pieces are in forms ranging from flat, rigid and roughly squared chips down to small, thin flexible particles." ,   , "https://stats.fao.org/classifications/FPCD/v2022/032." ,  ,  ,  ,  ,  ,  ,  ,  ,  ,  ,  ,  ,
 "032.1" , "032." , "Wood chips and particles from wood in the rough" ,   ,   ,   ,   ,   ,   , "Wood, which has been deliberately reduced to chips, particles, flakes, etc. directly from wood in the rough, not during the processing of wood." ,   , "https://stats.fao.org/classifications/FPCD/v2022/032.1" ,  ,  ,  ,  ,  ,  ,  ,  ,  ,  ,  ,  ,
 "032.11" , "032.1" , "Wood chips and particles from wood in the rough, coniferous" ,   ,   ,   ,   ,   ,   , "Wood, which has been deliberately reduced to chips, particles, flakes, etc. directly from wood in the rough, not during the processing of wood." ,   , "https://stats.fao.org/classifications/FPCD/v2022/032.11" ,  ,  ,  ,  ,  ,  ,  ,  ,  ,  ,  ,  ,
 "032.111" , "032.11" , "Wood chips and particles from wood in the rough, coniferous, for pulp" ,   ,   ,   ,   ,   ,   , "N.A." ,   , "https://stats.fao.org/classifications/FPCD/v2022/032.111" ,  ,  ,  ,  ,  ,  ,  ,  ,  ,  ,  ,  ,
 "032.112" , "032.11" , "Wood chips and particles from wood in the rough, coniferous, for particle board" ,   ,   ,   ,   ,   ,   , "N.A." ,   , "https://stats.fao.org/classifications/FPCD/v2022/032.112" ,  ,  ,  ,  ,  ,  ,  ,  ,  ,  ,  ,  ,
 "032.113" , "032.11" , "Wood chips and particles from wood in the rough, coniferous, for fibreboard" ,   ,   ,   ,   ,   ,   , "N.A." ,   , "https://stats.fao.org/classifications/FPCD/v2022/032.113" ,  ,  ,  ,  ,  ,  ,  ,  ,  ,  ,  ,  ,
 "032.114" , "032.11" , "Wood chips and particles from wood in the rough, coniferous, for energy" ,   ,   ,   ,   ,   ,   , "N.A." ,   , "https://stats.fao.org/classifications/FPCD/v2022/032.114" ,  ,  ,  ,  ,  ,  ,  ,  ,  ,  ,  ,  ,
 "032.119" , "032.11" , "Wood chips and particles from wood in the rough, coniferous, for uses n.e.c." ,   ,   ,   ,   ,   ,   , "N.A." ,   , "https://stats.fao.org/classifications/FPCD/v2022/032.119" ,  ,  ,  ,  ,  ,  ,  ,  ,  ,  ,  ,  ,
 "032.19" , "032.1" , "Other wood chips and particles from wood in the rough" ,   ,   ,   ,   ,   ,   , "Wood, which has been deliberately reduced to chips, particles, flakes, etc. directly from wood in the rough, not during the processing of wood." ,   , "https://stats.fao.org/classifications/FPCD/v2022/032.19" ,  ,  ,  ,  ,  ,  ,  ,  ,  ,  ,  ,  ,
 "032.191" , "032.19" , "Other wood chips and particles from wood in the rough, for pulp" ,   ,   ,   ,   ,   ,   , "N.A." ,   , "https://stats.fao.org/classifications/FPCD/v2022/032.191" ,  ,  ,  ,  ,  ,  ,  ,  ,  ,  ,  ,  ,
 "032.192" , "032.19" , "Other wood chips and particles from wood in the rough, for particle board" ,   ,   ,   ,   ,   ,   , "N.A." ,   , "https://stats.fao.org/classifications/FPCD/v2022/032.192" ,  ,  ,  ,  ,  ,  ,  ,  ,  ,  ,  ,  ,
 "032.193" , "032.19" , "Other wood chips and particles from wood in the rough, for fibreboard" ,   ,   ,   ,   ,   ,   , "N.A." ,   , "https://stats.fao.org/classifications/FPCD/v2022/032.193" ,  ,  ,  ,  ,  ,  ,  ,  ,  ,  ,  ,  ,
 "032.194" , "032.19" , "Other wood chips and particles from wood in the rough, for energy" ,   ,   ,   ,   ,   ,   , "N.A." ,   , "https://stats.fao.org/classifications/FPCD/v2022/032.194" ,  ,  ,  ,  ,  ,  ,  ,  ,  ,  ,  ,  ,
 "032.199" , "032.19" , "Other wood chips and particles from wood in the rough, for uses n.e.c." ,   ,   ,   ,   ,   ,   , "N.A." ,   , "https://stats.fao.org/classifications/FPCD/v2022/032.199" ,  ,  ,  ,  ,  ,  ,  ,  ,  ,  ,  ,  ,
 "032.2" , "032." , "Wood chips and particles from wood processing" ,   ,   ,   ,   ,   ,   , "Wood, which has been deliberately reduced to chips, particles, flakes, etc. during the processing of wood." ,   , "https://stats.fao.org/classifications/FPCD/v2022/032.2" ,  ,  ,  ,  ,  ,  ,  ,  ,  ,  ,  ,  ,
 "032.21" , "032.2" , "Wood chips and particles from wood processing, coniferous" ,   ,   ,   ,   ,   ,   , "Wood, which has been deliberately reduced to chips, particles, flakes, etc. during the processing of wood." ,   , "https://stats.fao.org/classifications/FPCD/v2022/032.21" ,  ,  ,  ,  ,  ,  ,  ,  ,  ,  ,  ,  ,
 "032.211" , "032.21" , "Wood chips and particles from wood processing, coniferous, for pulp" ,   ,   ,   ,   ,   ,   , "N.A." ,   , "https://stats.fao.org/classifications/FPCD/v2022/032.211" ,  ,  ,  ,  ,  ,  ,  ,  ,  ,  ,  ,  ,
 "032.212" , "032.21" , "Wood chips and particles from wood processing, coniferous, for particle board" ,   ,   ,   ,   ,   ,   , "N.A." ,   , "https://stats.fao.org/classifications/FPCD/v2022/032.212" ,  ,  ,  ,  ,  ,  ,  ,  ,  ,  ,  ,  ,
 "032.213" , "032.21" , "Wood chips and particles from wood processing, coniferous, for fibreboard" ,   ,   ,   ,   ,   ,   , "N.A." ,   , "https://stats.fao.org/classifications/FPCD/v2022/032.213" ,  ,  ,  ,  ,  ,  ,  ,  ,  ,  ,  ,  ,
 "032.214" , "032.21" , "Wood chips and particles from wood processing, coniferous, for energy" ,   ,   ,   ,   ,   ,   , "N.A." ,   , "https://stats.fao.org/classifications/FPCD/v2022/032.214" ,  ,  ,  ,  ,  ,  ,  ,  ,  ,  ,  ,  ,
 "032.219" , "032.21" , "Wood chips and particles from wood processing, coniferous, for uses n.e.c." ,   ,   ,   ,   ,   ,   , "N.A." ,   , "https://stats.fao.org/classifications/FPCD/v2022/032.219" ,  ,  ,  ,  ,  ,  ,  ,  ,  ,  ,  ,  ,
 "032.29" , "032.2" , "Other wood chips and particles from wood processing" ,   ,   ,   ,   ,   ,   , "Wood, which has been deliberately reduced to chips, particles, flakes, etc. during the processing of wood." ,   , "https://stats.fao.org/classifications/FPCD/v2022/032.29" ,  ,  ,  ,  ,  ,  ,  ,  ,  ,  ,  ,  ,
 "032.291" , "032.29" , "Other wood chips and particles from wood processing, for pulp" ,   ,   ,   ,   ,   ,   , "N.A." ,   , "https://stats.fao.org/classifications/FPCD/v2022/032.291" ,  ,  ,  ,  ,  ,  ,  ,  ,  ,  ,  ,  ,
 "032.292" , "032.29" , "Other wood chips and particles from wood processing, for particle board" ,   ,   ,   ,   ,   ,   , "N.A." ,   , "https://stats.fao.org/classifications/FPCD/v2022/032.292" ,  ,  ,  ,  ,  ,  ,  ,  ,  ,  ,  ,  ,
 "032.293" , "032.29" , "Other wood chips and particles from wood processing, for fibreboard" ,   ,   ,   ,   ,   ,   , "N.A." ,   , "https://stats.fao.org/classifications/FPCD/v2022/032.293" ,  ,  ,  ,  ,  ,  ,  ,  ,  ,  ,  ,  ,
 "032.294" , "032.29" , "Other wood chips and particles from wood processing, for energy" ,   ,   ,   ,   ,   ,   , "N.A." ,   , "https://stats.fao.org/classifications/FPCD/v2022/032.294" ,  ,  ,  ,  ,  ,  ,  ,  ,  ,  ,  ,  ,
 "032.299" , "032.29" , "Other wood chips and particles from wood processing, for uses n.e.c." ,   ,   ,   ,   ,   ,   , "N.A." ,   , "https://stats.fao.org/classifications/FPCD/v2022/032.299" ,  ,  ,  ,  ,  ,  ,  ,  ,  ,  ,  ,  ,
 "032.3" , "032." , "Wood chips and particles from recovered wood products" ,   ,   ,   ,   ,   ,   , "Wood, which has been deliberately reduced to chips, particles, flakes, etc. from products wholly or mostly of wood or wood-based panels, which are no longer used for their original purpose." ,   , "https://stats.fao.org/classifications/FPCD/v2022/032.3" ,  ,  ,  ,  ,  ,  ,  ,  ,  ,  ,  ,  ,
 "032.31" , "032.3" , "Wood chips and particles from recovered wood products, coniferous" ,   ,   ,   ,   ,   ,   , "Wood, which has been deliberately reduced to chips, particles, flakes, etc. from products wholly or mostly of wood or wood-based panels, which are no longer used for their original purpose." ,   , "https://stats.fao.org/classifications/FPCD/v2022/032.31" ,  ,  ,  ,  ,  ,  ,  ,  ,  ,  ,  ,  ,
 "032.311" , "032.31" , "Wood chips and particles from recovered wood products, coniferous, for pulp" ,   ,   ,   ,   ,   ,   , "N.A." ,   , "https://stats.fao.org/classifications/FPCD/v2022/032.311" ,  ,  ,  ,  ,  ,  ,  ,  ,  ,  ,  ,  ,
 "032.312" , "032.31" , "Wood chips and particles from recovered wood products, coniferous, for particle board" ,   ,   ,   ,   ,   ,   , "N.A." ,   , "https://stats.fao.org/classifications/FPCD/v2022/032.312" ,  ,  ,  ,  ,  ,  ,  ,  ,  ,  ,  ,  ,
 "032.313" , "032.31" , "Wood chips and particles from recovered wood products, coniferous, for fibreboard" ,   ,   ,   ,   ,   ,   , "N.A." ,   , "https://stats.fao.org/classifications/FPCD/v2022/032.313" ,  ,  ,  ,  ,  ,  ,  ,  ,  ,  ,  ,  ,
 "032.314" , "032.31" , "Wood chips and particles from recovered wood products, coniferous, for energy" ,   ,   ,   ,   ,   ,   , "N.A." ,   , "https://stats.fao.org/classifications/FPCD/v2022/032.314" ,  ,  ,  ,  ,  ,  ,  ,  ,  ,  ,  ,  ,
 "032.319" , "032.31" , "Wood chips and particles from recovered wood products, coniferous, for uses n.e.c." ,   ,   ,   ,   ,   ,   , "N.A." ,   , "https://stats.fao.org/classifications/FPCD/v2022/032.319" ,  ,  ,  ,  ,  ,  ,  ,  ,  ,  ,  ,  ,
 "032.39" , "032.3" , "Other wood chips and particles from recovered wood products" ,   ,   ,   ,   ,   ,   , "Wood, which has been deliberately reduced to chips, particles, flakes, etc. from products wholly or mostly of wood or wood-based panels, which are no longer used for their original purpose." ,   , "https://stats.fao.org/classifications/FPCD/v2022/032.39" ,  ,  ,  ,  ,  ,  ,  ,  ,  ,  ,  ,  ,
 "032.391" , "032.39" , "Other wood chips and particles from recovered wood products, for pulp" ,   ,   ,   ,   ,   ,   , "N.A." ,   , "https://stats.fao.org/classifications/FPCD/v2022/032.391" ,  ,  ,  ,  ,  ,  ,  ,  ,  ,  ,  ,  ,
 "032.392" , "032.39" , "Other wood chips and particles from recovered wood products, for particle board" ,   ,   ,   ,   ,   ,   , "N.A." ,   , "https://stats.fao.org/classifications/FPCD/v2022/032.392" ,  ,  ,  ,  ,  ,  ,  ,  ,  ,  ,  ,  ,
 "032.393" , "032.39" , "Other wood chips and particles from recovered wood products, for fibreboard" ,   ,   ,   ,   ,   ,   , "N.A." ,   , "https://stats.fao.org/classifications/FPCD/v2022/032.393" ,  ,  ,  ,  ,  ,  ,  ,  ,  ,  ,  ,  ,
 "032.394" , "032.39" , "Other wood chips and particles from recovered wood products, for energy" ,   ,   ,   ,   ,   ,   , "N.A." ,   , "https://stats.fao.org/classifications/FPCD/v2022/032.394" ,  ,  ,  ,  ,  ,  ,  ,  ,  ,  ,  ,  ,
 "032.399" , "032.39" , "Other wood chips and particles from recovered wood products, for uses n.e.c." ,   ,   ,   ,   ,   ,   , "N.A." ,   , "https://stats.fao.org/classifications/FPCD/v2022/032.399" ,  ,  ,  ,  ,  ,  ,  ,  ,  ,  ,  ,  ,
 "033." , "03" , "Recoverable wood products" ,   ,   ,   ,   ,   ,   , "Products wholly or mostly of wood or wood-based panels, which are no longer used for their original purpose and which could be used as a source of raw material or energy." ,   , "https://stats.fao.org/classifications/FPCD/v2022/033." ,  ,  ,  ,  ,  ,  ,  ,  ,  ,  ,  ,  ,
 "033.1" , "033." , "Uncontaminated recoverable wood products" ,   ,   ,   ,   ,   ,   , "The recoverable wood products have not been contaminated (e.g. by impregnation, gluing, coating, painting or nailing) to such an extent that they are unsuitable as raw material for pulp particle board or fibreboard. Examples are some pallets and wood packing cases." ,   , "https://stats.fao.org/classifications/FPCD/v2022/033.1" ,  ,  ,  ,  ,  ,  ,  ,  ,  ,  ,  ,  ,
 "033.11" , "033.1" , "Uncontaminated recoverable wood products, coniferous" ,   ,   ,   ,   ,   ,   , "The recoverable wood products have not been contaminated (e.g. by impregnation, gluing, coating, painting or nailing) to such an extent that they are unsuitable as raw material for pulp particle board or fibreboard. Examples are some pallets and wood packing cases." ,   , "https://stats.fao.org/classifications/FPCD/v2022/033.11" ,  ,  ,  ,  ,  ,  ,  ,  ,  ,  ,  ,  ,
 "033.111" , "033.11" , "Uncontaminated recoverable wood products, coniferous, for pulp" ,   ,   ,   ,   ,   ,   , "N.A." ,   , "https://stats.fao.org/classifications/FPCD/v2022/033.111" ,  ,  ,  ,  ,  ,  ,  ,  ,  ,  ,  ,  ,
 "033.112" , "033.11" , "Uncontaminated recoverable wood products, coniferous, for particle board" ,   ,   ,   ,   ,   ,   , "N.A." ,   , "https://stats.fao.org/classifications/FPCD/v2022/033.112" ,  ,  ,  ,  ,  ,  ,  ,  ,  ,  ,  ,  ,
 "033.113" , "033.11" , "Uncontaminated recoverable wood products, coniferous, for fibreboard" ,   ,   ,   ,   ,   ,   , "N.A." ,   , "https://stats.fao.org/classifications/FPCD/v2022/033.113" ,  ,  ,  ,  ,  ,  ,  ,  ,  ,  ,  ,  ,
 "033.114" , "033.11" , "Uncontaminated recoverable wood products, coniferous, for energy" ,   ,   ,   ,   ,   ,   , "N.A." ,   , "https://stats.fao.org/classifications/FPCD/v2022/033.114" ,  ,  ,  ,  ,  ,  ,  ,  ,  ,  ,  ,  ,
 "033.119" , "033.11" , "Uncontaminated recoverable wood products, coniferous, for uses n.e.c." ,   ,   ,   ,   ,   ,   , "N.A." ,   , "https://stats.fao.org/classifications/FPCD/v2022/033.119" ,  ,  ,  ,  ,  ,  ,  ,  ,  ,  ,  ,  ,
 "033.19" , "033.1" , "Other uncontaminated recoverable wood products" ,   ,   ,   ,   ,   ,   , "The recoverable wood products have not been contaminated (e.g. by impregnation, gluing, coating, painting or nailing) to such an extent that they are unsuitable as raw material for pulp particle board or fibreboard. Examples are some pallets and wood packing cases." ,   , "https://stats.fao.org/classifications/FPCD/v2022/033.19" ,  ,  ,  ,  ,  ,  ,  ,  ,  ,  ,  ,  ,
 "033.191" , "033.19" , "Other uncontaminated recoverable wood products, for pulp" ,   ,   ,   ,   ,   ,   , "N.A." ,   , "https://stats.fao.org/classifications/FPCD/v2022/033.191" ,  ,  ,  ,  ,  ,  ,  ,  ,  ,  ,  ,  ,
 "033.192" , "033.19" , "Other uncontaminated recoverable wood products, for particle board" ,   ,   ,   ,   ,   ,   , "N.A." ,   , "https://stats.fao.org/classifications/FPCD/v2022/033.192" ,  ,  ,  ,  ,  ,  ,  ,  ,  ,  ,  ,  ,
 "033.193" , "033.19" , "Other uncontaminated recoverable wood products, for fibreboard" ,   ,   ,   ,   ,   ,   , "N.A." ,   , "https://stats.fao.org/classifications/FPCD/v2022/033.193" ,  ,  ,  ,  ,  ,  ,  ,  ,  ,  ,  ,  ,
 "033.194" , "033.19" , "Other uncontaminated recoverable wood products, for energy" ,   ,   ,   ,   ,   ,   , "N.A." ,   , "https://stats.fao.org/classifications/FPCD/v2022/033.194" ,  ,  ,  ,  ,  ,  ,  ,  ,  ,  ,  ,  ,
 "033.199" , "033.19" , "Other uncontaminated recoverable wood products, for uses n.e.c." ,   ,   ,   ,   ,   ,   , "N.A." ,   , "https://stats.fao.org/classifications/FPCD/v2022/033.199" ,  ,  ,  ,  ,  ,  ,  ,  ,  ,  ,  ,  ,
 "033.2" , "033." , "Contaminated recoverable wood products" ,   ,   ,   ,   ,   ,   , "The recoverable wood products have been contaminated (e.g. by impregnation, gluing, coating, painting or nailing) to such an extent that they are unsuitable as raw material for pulp particle board or fibreboard. They are usually only suitable as energy source." ,   , "https://stats.fao.org/classifications/FPCD/v2022/033.2" ,  ,  ,  ,  ,  ,  ,  ,  ,  ,  ,  ,  ,
 "033.21" , "033.2" , "Contaminated recoverable wood products, coniferous" ,   ,   ,   ,   ,   ,   , "The recoverable wood products have been contaminated (e.g. by impregnation, gluing, coating, painting or nailing) to such an extent that they are unsuitable as raw material for pulp particle board or fibreboard. They are usually only suitable as energy source." ,   , "https://stats.fao.org/classifications/FPCD/v2022/033.21" ,  ,  ,  ,  ,  ,  ,  ,  ,  ,  ,  ,  ,
 "033.211" , "033.21" , "Contaminated recoverable wood products, coniferous, for energy" ,   ,   ,   ,   ,   ,   , "N.A." ,   , "https://stats.fao.org/classifications/FPCD/v2022/033.211" ,  ,  ,  ,  ,  ,  ,  ,  ,  ,  ,  ,  ,
 "033.219" , "033.21" , "Contaminated recoverable wood products, coniferous, for uses n.e.c." ,   ,   ,   ,   ,   ,   , "N.A." ,   , "https://stats.fao.org/classifications/FPCD/v2022/033.219" ,  ,  ,  ,  ,  ,  ,  ,  ,  ,  ,  ,  ,
 "033.29" , "033.2" , "Other contaminated recoverable wood products" ,   ,   ,   ,   ,   ,   , "The recoverable wood products have been contaminated (e.g. by impregnation, gluing, coating, painting or nailing) to such an extent that they are unsuitable as raw material for pulp particle board or fibreboard. They are usually only suitable as energy source." ,   , "https://stats.fao.org/classifications/FPCD/v2022/033.29" ,  ,  ,  ,  ,  ,  ,  ,  ,  ,  ,  ,  ,
 "033.291" , "033.29" , "Other contaminated recoverable wood products, for energy" ,   ,   ,   ,   ,   ,   , "N.A." ,   , "https://stats.fao.org/classifications/FPCD/v2022/033.291" ,  ,  ,  ,  ,  ,  ,  ,  ,  ,  ,  ,  ,
 "033.299" , "033.29" , "Other contaminated recoverable wood products, for uses n.e.c." ,   ,   ,   ,   ,   ,   , "N.A." ,   , "https://stats.fao.org/classifications/FPCD/v2022/033.299" ,  ,  ,  ,  ,  ,  ,  ,  ,  ,  ,  ,  ,
 "04" ,   , "WOOD PELLETS AND OTHER AGGLOMERATES" ,   ,   ,   ,   ,   ,   , "Agglomerates produced from co-products (such as cutter shavings, sawdust or chips) of the mechanical wood processing industry, furniture-making industry or other wood transformation activities." ,   , "https://stats.fao.org/classifications/FPCD/v2022/04" ,  ,  ,  ,  ,  ,  ,  ,  ,  ,  ,  ,  ,
 "041." , "04" , "Wood pellets" ,   ,   ,   ,   ,   ,   , "Agglomerates produced either directly by compression or by the addition of a binder in a proportion not exceeding 3% by weight. Such pellets are cylindrical, with a diameter not exceeding 25 mm and a length not exceeding 100 mm." ,   , "https://stats.fao.org/classifications/FPCD/v2022/041." ,  ,  ,  ,  ,  ,  ,  ,  ,  ,  ,  ,  ,
 "041.1" , "041." , "Wood pellets, coniferous" ,   ,   ,   ,   ,   ,   , "Agglomerates produced either directly by compression or by the addition of a binder in a proportion not exceeding 3% by weight. Such pellets are cylindrical, with a diameter not exceeding 25 mm and a length not exceeding 100 mm." ,   , "https://stats.fao.org/classifications/FPCD/v2022/041.1" ,  ,  ,  ,  ,  ,  ,  ,  ,  ,  ,  ,  ,
 "041.11" , "041.1" , "Wood pellets, coniferous, for energy" ,   ,   ,   ,   ,   ,   , "N.A." ,   , "https://stats.fao.org/classifications/FPCD/v2022/041.11" ,  ,  ,  ,  ,  ,  ,  ,  ,  ,  ,  ,  ,
 "041.19" , "041.1" , "Wood pellets, coniferous, for uses n.e.c. (bedding, absorbents,…)" ,   ,   ,   ,   ,   ,   , "N.A." ,   , "https://stats.fao.org/classifications/FPCD/v2022/041.19" ,  ,  ,  ,  ,  ,  ,  ,  ,  ,  ,  ,  ,
 "041.9" , "041." , "Other wood pellets" ,   ,   ,   ,   ,   ,   , "Agglomerates produced either directly by compression or by the addition of a binder in a proportion not exceeding 3% by weight. Such pellets are cylindrical, with a diameter not exceeding 25 mm and a length not exceeding 100 mm." ,   , "https://stats.fao.org/classifications/FPCD/v2022/041.9" ,  ,  ,  ,  ,  ,  ,  ,  ,  ,  ,  ,  ,
 "041.91" , "041.9" , "Other wood pellets, for energy" ,   ,   ,   ,   ,   ,   , "N.A." ,   , "https://stats.fao.org/classifications/FPCD/v2022/041.91" ,  ,  ,  ,  ,  ,  ,  ,  ,  ,  ,  ,  ,
 "041.99" , "041.9" , "Other wood pellets, for uses n.e.c. (bedding, absorbents,…)" ,   ,   ,   ,   ,   ,   , "N.A." ,   , "https://stats.fao.org/classifications/FPCD/v2022/041.99" ,  ,  ,  ,  ,  ,  ,  ,  ,  ,  ,  ,  ,
 "042." , "04" , "Wood briquettes" ,   ,   ,   ,   ,   ,   , "Agglomerates produced either directly by compression or by the addition of a binder. Briquettes are cylindrical, with a diameter exceeding 25 mm (usually from 75 mm to 90 mm) and a length up to 300 mm." ,   , "https://stats.fao.org/classifications/FPCD/v2022/042." ,  ,  ,  ,  ,  ,  ,  ,  ,  ,  ,  ,  ,
 "042.1" , "042." , "Wood briquettes, coniferous" ,   ,   ,   ,   ,   ,   , "Agglomerates produced either directly by compression or by the addition of a binder. Briquettes are cylindrical, with a diameter exceeding 25 mm (usually from 75 mm to 90 mm) and a length up to 300 mm." ,   , "https://stats.fao.org/classifications/FPCD/v2022/042.1" ,  ,  ,  ,  ,  ,  ,  ,  ,  ,  ,  ,  ,
 "043." , "04" , "Other agglomerates" ,   ,   ,   ,   ,   ,   , "Agglomerates other than wood pellets and wood briquettes, for example logs." ,   , "https://stats.fao.org/classifications/FPCD/v2022/043." ,  ,  ,  ,  ,  ,  ,  ,  ,  ,  ,  ,  ,
 "043.1" , "043." , "Other agglomerates, coniferous" ,   ,   ,   ,   ,   ,   , "Agglomerates other than wood pellets and wood briquettes, for example logs." ,   , "https://stats.fao.org/classifications/FPCD/v2022/043.1" ,  ,  ,  ,  ,  ,  ,  ,  ,  ,  ,  ,  ,
 "043.11" , "043.1" , "Other agglomerates, coniferous, for energy" ,   ,   ,   ,   ,   ,   , "N.A." ,   , "https://stats.fao.org/classifications/FPCD/v2022/043.11" ,  ,  ,  ,  ,  ,  ,  ,  ,  ,  ,  ,  ,
 "043.19" , "043.1" , "Other agglomerates, coniferous, for uses n.e.c." ,   ,   ,   ,   ,   ,   , "N.A." ,   , "https://stats.fao.org/classifications/FPCD/v2022/043.19" ,  ,  ,  ,  ,  ,  ,  ,  ,  ,  ,  ,  ,
 "043.9" , "043." , "Other agglomerates n.e.c." ,   ,   ,   ,   ,   ,   , "Agglomerates other than wood pellets and wood briquettes, for example logs." ,   , "https://stats.fao.org/classifications/FPCD/v2022/043.9" ,  ,  ,  ,  ,  ,  ,  ,  ,  ,  ,  ,  ,
 "043.91" , "043.9" , "Other agglomerates n.e.c., for energy" ,   ,   ,   ,   ,   ,   , "N.A." ,   , "https://stats.fao.org/classifications/FPCD/v2022/043.91" ,  ,  ,  ,  ,  ,  ,  ,  ,  ,  ,  ,  ,
 "043.99" , "043.9" , "Other agglomerates n.e.c., for other uses" ,   ,   ,   ,   ,   ,   , "N.A." ,   , "https://stats.fao.org/classifications/FPCD/v2022/043.99" ,  ,  ,  ,  ,  ,  ,  ,  ,  ,  ,  ,  ,
 "05" ,   , "SAWNWOOD" ,   ,   ,   ,   ,   ,   , "Wood that has been produced from both domestic and imported roundwood, either by sawing lengthways or by a profile-chipping process and that exceeds 6 mm in thickness. Both sawn and hewn sleepers are included.
It includes planks, beams, joists, boards, rafters, scantlings, laths, boxboards and "lumber", etc., in the following forms: unplaned, planed, etc. 
It excludes wooden flooring, mouldings (sawnwood continuously shaped along any of its edges or faces, like tongued, grooved, rebated, V-jointed, beaded, moulded, rounded or the like) and sawnwood produced by resawing previously sawn pieces." ,   , "https://stats.fao.org/classifications/FPCD/v2022/05" ,  ,  ,  ,  ,  ,  ,  ,  ,  ,  ,  ,  ,
 "051." , "05" , "Coniferous, sawnwood and sleepers" ,   ,   ,   ,   ,   ,   , "N.A." ,   , "https://stats.fao.org/classifications/FPCD/v2022/051." ,  ,  ,  ,  ,  ,  ,  ,  ,  ,  ,  ,  ,
 "051.1" , "051." , "Coniferous, sleepers" ,   ,   ,   ,   ,   ,   , "Railway or tramway sleepers are pieces of unplaned wood, of more or less rectangular section of the kind commonly used to support railway or tramway track. There are also included switch ties, which are longer than sleepers, and bridge ties, which are wider and thicker and usually longer than sleepers.
It includes sawn sleepers, hewn sleepers, untreated and treated sleepers" ,   , "https://stats.fao.org/classifications/FPCD/v2022/051.1" ,  ,  ,  ,  ,  ,  ,  ,  ,  ,  ,  ,  ,
 "051.11" , "051.1" , "Coniferous, sleepers, treated or impregnated" ,   ,   ,   ,   ,   ,   , "Sleepers may be surface treated with insecticides, fungicides or impregnated with creosote or other substances for long-term preservation." ,   , "https://stats.fao.org/classifications/FPCD/v2022/051.11" ,  ,  ,  ,  ,  ,  ,  ,  ,  ,  ,  ,  ,
 "051.19" , "051.1" , "Coniferous, sleepers, n.e.c." ,   ,   ,   ,   ,   ,   , "Sleepers which are not treated with insecticides or fungicides nor impregnated." ,   , "https://stats.fao.org/classifications/FPCD/v2022/051.19" ,  ,  ,  ,  ,  ,  ,  ,  ,  ,  ,  ,  ,
 "051.2" , "051." , "Coniferous, sawnwood rough" ,   ,   ,   ,   ,   ,   , "Wood sawn or chipped lengthwise, not planed, sanded or finger-jointed. It may be green (undried) or dried.
It excludes sawn and hewn railway sleepers, wood shingles and sawn veneer sheets." ,   , "https://stats.fao.org/classifications/FPCD/v2022/051.2" ,  ,  ,  ,  ,  ,  ,  ,  ,  ,  ,  ,  ,
 "051.21" , "051.2" , "Coniferous, sawnwood rough, treated or impregnated" ,   ,   ,   ,   ,   ,   , "Wood sawn or chipped lengthwise, not planed, sanded or finger-jointed and which was treated with insecticides or fungicides for the purpose of protection. For long-term preservation they can be impregnated with creosote or other substances." ,   , "https://stats.fao.org/classifications/FPCD/v2022/051.21" ,  ,  ,  ,  ,  ,  ,  ,  ,  ,  ,  ,  ,
 "051.29" , "051.2" , "Coniferous, sawnwood rough, n.e.c." ,   ,   ,   ,   ,   ,   , "Wood sawn or chipped lengthwise, not planed, sanded or finger-jointed and which was not treated for the purpose of protection." ,   , "https://stats.fao.org/classifications/FPCD/v2022/051.29" ,  ,  ,  ,  ,  ,  ,  ,  ,  ,  ,  ,  ,
 "051.3" , "051." , "Coniferous, sawnwood planed" ,   ,   ,   ,   ,   ,   , "Wood sawn or chipped lengthwise, and planed, sanded or finger-jointed." ,   , "https://stats.fao.org/classifications/FPCD/v2022/051.3" ,  ,  ,  ,  ,  ,  ,  ,  ,  ,  ,  ,  ,
 "051.31" , "051.3" , "Coniferous, sawnwood planed, treated or impregnated" ,   ,   ,   ,   ,   ,   , "Wood sawn or chipped lengthwise, and planed, sanded or finger-jointed, which was not kiln- or air-dried but was treated with insecticides or fungicides for the purpose of protection. For long-term preservation they can be impregnated with creosote or other substances." ,   , "https://stats.fao.org/classifications/FPCD/v2022/051.31" ,  ,  ,  ,  ,  ,  ,  ,  ,  ,  ,  ,  ,
 "051.39" , "051.3" , "Coniferous, sawnwood planed, n.e.c." ,   ,   ,   ,   ,   ,   , "Wood sawn or chipped lengthwise, and planed, sanded or finger-jointed, which was kiln- or air-dried but not treated for the purpose of protection." ,   , "https://stats.fao.org/classifications/FPCD/v2022/051.39" ,  ,  ,  ,  ,  ,  ,  ,  ,  ,  ,  ,  ,
 "051.9" , "051." , "Coniferous, other" ,   ,   ,   ,   ,   ,   , "N.A." ,   , "https://stats.fao.org/classifications/FPCD/v2022/051.9" ,  ,  ,  ,  ,  ,  ,  ,  ,  ,  ,  ,  ,
 "052." , "05" , "Tropical non-coniferous, sawnwood and sleepers" ,   ,   ,   ,   ,   ,   , "N.A." ,   , "https://stats.fao.org/classifications/FPCD/v2022/052." ,  ,  ,  ,  ,  ,  ,  ,  ,  ,  ,  ,  ,
 "052.1" , "052." , "Tropical non-coniferous, sleepers" ,   ,   ,   ,   ,   ,   , "Railway or tramway sleepers are pieces of unplaned wood, of more or less rectangular section of the kind commonly used to support railway or tramway track. There are also included switch ties, which are longer than sleepers, and bridge ties, which are wider and thicker and usually longer than sleepers.
It includes sawn sleepers, hewn sleepers, untreated and treated sleepers" ,   , "https://stats.fao.org/classifications/FPCD/v2022/052.1" ,  ,  ,  ,  ,  ,  ,  ,  ,  ,  ,  ,  ,
 "052.11" , "052.1" , "Tropical non-coniferous, sleepers, treated or impregnated" ,   ,   ,   ,   ,   ,   , "Sleepers may be surface treated with insecticides, fungicides or impregnated with creosote or other substances for long-term preservation." ,   , "https://stats.fao.org/classifications/FPCD/v2022/052.11" ,  ,  ,  ,  ,  ,  ,  ,  ,  ,  ,  ,  ,
 "052.19" , "052.1" , "Tropical non-coniferous, sleepers, n.e.c." ,   ,   ,   ,   ,   ,   , "Sleepers which are not treated with insecticides or fungicides nor impregnated." ,   , "https://stats.fao.org/classifications/FPCD/v2022/052.19" ,  ,  ,  ,  ,  ,  ,  ,  ,  ,  ,  ,  ,
 "052.2" , "052." , "Tropical non-coniferous, sawnwood rough" ,   ,   ,   ,   ,   ,   , "Wood sawn or chipped lengthwise, not planed, sanded or finger-jointed. It may be green (undried) or dried.
It excludes sawn and hewn railway sleepers, wood shingles and sawn veneer sheets." ,   , "https://stats.fao.org/classifications/FPCD/v2022/052.2" ,  ,  ,  ,  ,  ,  ,  ,  ,  ,  ,  ,  ,
 "052.21" , "052.2" , "Tropical non-coniferous, sawnwood rough, treated or impregnated" ,   ,   ,   ,   ,   ,   , "Wood sawn or chipped lengthwise, not planed, sanded or finger-jointed and which was treated with insecticides or fungicides for the purpose of protection. For long-term preservation they can be impregnated with creosote or other substances." ,   , "https://stats.fao.org/classifications/FPCD/v2022/052.21" ,  ,  ,  ,  ,  ,  ,  ,  ,  ,  ,  ,  ,
 "052.29" , "052.2" , "Tropical non-coniferous, sawnwood rough, n.e.c." ,   ,   ,   ,   ,   ,   , "Wood sawn or chipped lengthwise, not planed, sanded or finger-jointed and which was not treated for the purpose of protection." ,   , "https://stats.fao.org/classifications/FPCD/v2022/052.29" ,  ,  ,  ,  ,  ,  ,  ,  ,  ,  ,  ,  ,
 "052.3" , "052." , "Tropical non-coniferous, sawnwood planed" ,   ,   ,   ,   ,   ,   , "Wood sawn or chipped lengthwise, and planed, sanded or finger-jointed." ,   , "https://stats.fao.org/classifications/FPCD/v2022/052.3" ,  ,  ,  ,  ,  ,  ,  ,  ,  ,  ,  ,  ,
 "052.31" , "052.3" , "Tropical non-coniferous, sawnwood planed, treated or impregnated" ,   ,   ,   ,   ,   ,   , "Wood sawn or chipped lengthwise, and planed, sanded or finger-jointed, which was not kiln- or air-dried but was treated with insecticides or fungicides for the purpose of protection. For long-term preservation they can be impregnated with creosote or other substances." ,   , "https://stats.fao.org/classifications/FPCD/v2022/052.31" ,  ,  ,  ,  ,  ,  ,  ,  ,  ,  ,  ,  ,
 "052.39" , "052.3" , "Tropical non-coniferous, sawnwood planed, n.e.c." ,   ,   ,   ,   ,   ,   , "Wood sawn or chipped lengthwise, and planed, sanded or finger-jointed, which was kiln- or air-dried but not treated for the purpose of protection." ,   , "https://stats.fao.org/classifications/FPCD/v2022/052.39" ,  ,  ,  ,  ,  ,  ,  ,  ,  ,  ,  ,  ,
 "052.9" , "052." , "Tropical non-coniferous, other" ,   ,   ,   ,   ,   ,   , "N.A." ,   , "https://stats.fao.org/classifications/FPCD/v2022/052.9" ,  ,  ,  ,  ,  ,  ,  ,  ,  ,  ,  ,  ,
 "053." , "05" , "Other non-coniferous, sawnwood and sleepers" ,   ,   ,   ,   ,   ,   , "N.A." ,   , "https://stats.fao.org/classifications/FPCD/v2022/053." ,  ,  ,  ,  ,  ,  ,  ,  ,  ,  ,  ,  ,
 "053.1" , "053." , "Other non-coniferous, sleepers" ,   ,   ,   ,   ,   ,   , "Railway or tramway sleepers are pieces of unplaned wood, of more or less rectangular section of the kind commonly used to support railway or tramway track. There are also included switch ties, which are longer than sleepers, and bridge ties, which are wider and thicker and usually longer than sleepers.
It includes sawn sleepers, hewn sleepers, untreated and treated sleepers" ,   , "https://stats.fao.org/classifications/FPCD/v2022/053.1" ,  ,  ,  ,  ,  ,  ,  ,  ,  ,  ,  ,  ,
 "053.11" , "053.1" , "Other non-coniferous, sleepers, treated or impregnated" ,   ,   ,   ,   ,   ,   , "Sleepers may be surface treated with insecticides, fungicides or impregnated with creosote or other substances for long-term preservation." ,   , "https://stats.fao.org/classifications/FPCD/v2022/053.11" ,  ,  ,  ,  ,  ,  ,  ,  ,  ,  ,  ,  ,
 "053.19" , "053.1" , "Other non-coniferous, sleepers, other" ,   ,   ,   ,   ,   ,   , "Sleepers which are not treated with insecticides or fungicides nor impregnated." ,   , "https://stats.fao.org/classifications/FPCD/v2022/053.19" ,  ,  ,  ,  ,  ,  ,  ,  ,  ,  ,  ,  ,
 "053.2" , "053." , "Other non-coniferous, sawnwood rough" ,   ,   ,   ,   ,   ,   , "Wood sawn or chipped lengthwise, not planed, sanded or finger-jointed. It may be green (undried) or dried.
It excludes sawn and hewn railway sleepers, wood shingles and sawn veneer sheets." ,   , "https://stats.fao.org/classifications/FPCD/v2022/053.2" ,  ,  ,  ,  ,  ,  ,  ,  ,  ,  ,  ,  ,
 "053.21" , "053.2" , "Other non-coniferous, sawnwood rough, treated or impregnated" ,   ,   ,   ,   ,   ,   , "Wood sawn or chipped lengthwise, not planed, sanded or finger-jointed and which was treated with insecticides or fungicides for the purpose of protection. For long-term preservation they can be impregnated with creosote or other substances." ,   , "https://stats.fao.org/classifications/FPCD/v2022/053.21" ,  ,  ,  ,  ,  ,  ,  ,  ,  ,  ,  ,  ,
 "053.29" , "053.2" , "Other non-coniferous, sawnwood rough, other" ,   ,   ,   ,   ,   ,   , "Wood sawn or chipped lengthwise, not planed, sanded or finger-jointed and which was not treated for the purpose of protection." ,   , "https://stats.fao.org/classifications/FPCD/v2022/053.29" ,  ,  ,  ,  ,  ,  ,  ,  ,  ,  ,  ,  ,
 "053.3" , "053." , "Other non-coniferous, sawnwood planed" ,   ,   ,   ,   ,   ,   , "Wood sawn or chipped lengthwise, and planed, sanded or finger-jointed." ,   , "https://stats.fao.org/classifications/FPCD/v2022/053.3" ,  ,  ,  ,  ,  ,  ,  ,  ,  ,  ,  ,  ,
 "053.31" , "053.3" , "Other non-coniferous, sawnwood planed, treated or impregnated" ,   ,   ,   ,   ,   ,   , "Wood sawn or chipped lengthwise, and planed, sanded or finger-jointed, which was not kiln- or air-dried but was treated with insecticides or fungicides for the purpose of protection. For long-term preservation they can be impregnated with creosote or other substances." ,   , "https://stats.fao.org/classifications/FPCD/v2022/053.31" ,  ,  ,  ,  ,  ,  ,  ,  ,  ,  ,  ,  ,
 "053.39" , "053.3" , "Other non-coniferous, sawnwood planed, other" ,   ,   ,   ,   ,   ,   , "Wood sawn or chipped lengthwise, and planed, sanded or finger-jointed, which was kiln- or air-dried but not treated for the purpose of protection." ,   , "https://stats.fao.org/classifications/FPCD/v2022/053.39" ,  ,  ,  ,  ,  ,  ,  ,  ,  ,  ,  ,  ,
 "053.9" , "053." , "Other non-coniferous n.e.c." ,   ,   ,   ,   ,   ,   , "N.A." ,   , "https://stats.fao.org/classifications/FPCD/v2022/053.9" ,  ,  ,  ,  ,  ,  ,  ,  ,  ,  ,  ,  ,
 "06" ,   , "VENEER SHEETS" ,   ,   ,   ,   ,   ,   , "Thin sheets of wood of uniform thickness not exceeding 6 mm (excluding any reinforcing material), obtained by sawing, slicing or peeling (rotary cutting). Veneer sheets are used for the manufacture of plywood, laminated construction material, veneering furniture, veneer containers, etc." ,   , "https://stats.fao.org/classifications/FPCD/v2022/06" ,  ,  ,  ,  ,  ,  ,  ,  ,  ,  ,  ,  ,
 "061." , "06" , "Decorative veneer sheets" ,   ,   ,   ,   ,   ,   , "Veneer sheets whose face veneer has an attractive appearance due to figure, colour, grain, lustre, etc. The sheets for veneering of fine highly grained woods used in cabinet making veneers are more often obtained by sawing or slicing." ,   , "https://stats.fao.org/classifications/FPCD/v2022/061." ,  ,  ,  ,  ,  ,  ,  ,  ,  ,  ,  ,  ,
 "061.1" , "061." , "Decorative veneer sheets, coniferous" ,   ,   ,   ,   ,   ,   , "N.A." ,   , "https://stats.fao.org/classifications/FPCD/v2022/061.1" ,  ,  ,  ,  ,  ,  ,  ,  ,  ,  ,  ,  ,
 "061.11" , "061.1" , "Decorative veneer sheets, coniferous, for plywood (faces)" ,   ,   ,   ,   ,   ,   , "Decorative veneer sheets for the manufacture of plywood. Because of its specific decorative characteristics this material is usually used on the face of plywood." ,   , "https://stats.fao.org/classifications/FPCD/v2022/061.11" ,  ,  ,  ,  ,  ,  ,  ,  ,  ,  ,  ,  ,
 "061.19" , "061.1" , "Decorative veneer sheets, coniferous, for other purposes (facing of sawnwood, panel, furniture, etc.)" ,   ,   ,   ,   ,   ,   , "Decorative veneer sheets not intended for the manufacture of plywood. Possible uses are the veneering of furniture, sawnwood, or panels other than plywood, or marquetry and inlay work." ,   , "https://stats.fao.org/classifications/FPCD/v2022/061.19" ,  ,  ,  ,  ,  ,  ,  ,  ,  ,  ,  ,  ,
 "061.2" , "061." , "Decorative veneer sheets, tropical non-coniferous" ,   ,   ,   ,   ,   ,   , "N.A." ,   , "https://stats.fao.org/classifications/FPCD/v2022/061.2" ,  ,  ,  ,  ,  ,  ,  ,  ,  ,  ,  ,  ,
 "061.21" , "061.2" , "Decorative veneer sheets, tropical non-coniferous, for plywood (faces)" ,   ,   ,   ,   ,   ,   , "Decorative veneer sheets for the manufacture of plywood. Because of its specific decorative characteristics this material is usually used on the face of plywood." ,   , "https://stats.fao.org/classifications/FPCD/v2022/061.21" ,  ,  ,  ,  ,  ,  ,  ,  ,  ,  ,  ,  ,
 "061.29" , "061.2" , "Decorative veneer sheets, tropical non-coniferous, for other purposes (facing of sawnwood, panel, furniture, etc.)" ,   ,   ,   ,   ,   ,   , "Decorative veneer sheets not intended for the manufacture of plywood. Possible uses are the veneering of furniture, sawnwood, or panels other than plywood, or marquetry and inlay work." ,   , "https://stats.fao.org/classifications/FPCD/v2022/061.29" ,  ,  ,  ,  ,  ,  ,  ,  ,  ,  ,  ,  ,
 "061.9" , "061." , "Other decorative veneer sheets" ,   ,   ,   ,   ,   ,   , "N.A." ,   , "https://stats.fao.org/classifications/FPCD/v2022/061.9" ,  ,  ,  ,  ,  ,  ,  ,  ,  ,  ,  ,  ,
 "061.91" , "061.9" , "Other decorative veneer sheets, for plywood (faces)" ,   ,   ,   ,   ,   ,   , "Decorative veneer sheets for the manufacture of plywood. Because of its specific decorative characteristics this material is usually used on the face of plywood." ,   , "https://stats.fao.org/classifications/FPCD/v2022/061.91" ,  ,  ,  ,  ,  ,  ,  ,  ,  ,  ,  ,  ,
 "061.99" , "061.9" , "Other decorative veneer sheets, for other purposes (facing of sawnwood, panel, furniture, etc.)" ,   ,   ,   ,   ,   ,   , "Decorative veneer sheets not intended for the manufacture of plywood. Possible uses are the veneering of furniture, sawnwood, or panels other than plywood, or marquetry and inlay work." ,   , "https://stats.fao.org/classifications/FPCD/v2022/061.99" ,  ,  ,  ,  ,  ,  ,  ,  ,  ,  ,  ,  ,
 "062." , "06" , "Non-decorative veneer sheets" ,   ,   ,   ,   ,   ,   , "Veneer sheets, usually peeled, without specific decorative characteristics. They are often used for the cores of plywood." ,   , "https://stats.fao.org/classifications/FPCD/v2022/062." ,  ,  ,  ,  ,  ,  ,  ,  ,  ,  ,  ,  ,
 "062.1" , "062." , "Non-decorative veneer sheets, coniferous" ,   ,   ,   ,   ,   ,   , "N.A." ,   , "https://stats.fao.org/classifications/FPCD/v2022/062.1" ,  ,  ,  ,  ,  ,  ,  ,  ,  ,  ,  ,  ,
 "062.11" , "062.1" , "Non-decorative veneer sheets, coniferous, for plywood (face and core material)" ,   ,   ,   ,   ,   ,   , "Non-decorative veneer sheets used for the manufacture of plywood. They may either be used in the core or for the face of those plywoods for which a face of decorative veneer sheets is not considered necessary. Woods used for the manufacture of plywood are generally cut by the peeling process." ,   , "https://stats.fao.org/classifications/FPCD/v2022/062.11" ,  ,  ,  ,  ,  ,  ,  ,  ,  ,  ,  ,  ,
 "062.19" , "062.1" , "Non-decorative veneer sheets, coniferous, for other purposes (match boxes, violin, … )" ,   ,   ,   ,   ,   ,   , "Non-decorative veneer sheets not used for the manufacture of plywood. Included in this item are veneer sheets for match boxes, violins, cigar boxes, etc.
It excludes chipwood (subgroups 024.15, 024.95) which is used for plaiting or to make chip baskets, pill boxes, etc." ,   , "https://stats.fao.org/classifications/FPCD/v2022/062.19" ,  ,  ,  ,  ,  ,  ,  ,  ,  ,  ,  ,  ,
 "062.2" , "062." , "Non-decorative veneer sheets, tropical non-coniferous" ,   ,   ,   ,   ,   ,   , "N.A." ,   , "https://stats.fao.org/classifications/FPCD/v2022/062.2" ,  ,  ,  ,  ,  ,  ,  ,  ,  ,  ,  ,  ,
 "062.21" , "062.2" , "Non-decorative veneer sheets, tropical non-coniferous, for plywood (face and core material)" ,   ,   ,   ,   ,   ,   , "Non-decorative veneer sheets used for the manufacture of plywood. They may either be used in the core or for the face of those plywoods for which a face of decorative veneer sheets is not considered necessary. Woods used for the manufacture of plywood are generally cut by the peeling process." ,   , "https://stats.fao.org/classifications/FPCD/v2022/062.21" ,  ,  ,  ,  ,  ,  ,  ,  ,  ,  ,  ,  ,
 "062.29" , "062.2" , "Non-decorative veneer sheets, tropical non-coniferous, for other purposes (match boxes, violin, … )" ,   ,   ,   ,   ,   ,   , "Non-decorative veneer sheets not used for the manufacture of plywood. Included in this item are veneer sheets for match boxes, violins, cigar boxes, etc.
It excludes chipwood (subgroups 024.15, 024.95) which is used for plaiting or to make chip baskets, pill boxes, etc." ,   , "https://stats.fao.org/classifications/FPCD/v2022/062.29" ,  ,  ,  ,  ,  ,  ,  ,  ,  ,  ,  ,  ,
 "062.9" , "062." , "Other non-decorative veneer sheets" ,   ,   ,   ,   ,   ,   , "N.A." ,   , "https://stats.fao.org/classifications/FPCD/v2022/062.9" ,  ,  ,  ,  ,  ,  ,  ,  ,  ,  ,  ,  ,
 "062.91" , "062.9" , "Other non-decorative veneer sheets, for plywood (face and core material)" ,   ,   ,   ,   ,   ,   , "Non-decorative veneer sheets used for the manufacture of plywood. They may either be used in the core or for the face of those plywoods for which a face of decorative veneer sheets is not considered necessary. Woods used for the manufacture of plywood are generally cut by the peeling process." ,   , "https://stats.fao.org/classifications/FPCD/v2022/062.91" ,  ,  ,  ,  ,  ,  ,  ,  ,  ,  ,  ,  ,
 "062.99" , "062.9" , "Other non-decorative veneer sheets, for other purposes (match boxes, violin, … )" ,   ,   ,   ,   ,   ,   , "Non-decorative veneer sheets not used for the manufacture of plywood. Included in this item are veneer sheets for match boxes, violins, cigar boxes, etc.
It excludes chipwood (subgroups 024.15, 024.95) which is used for plaiting or to make chip baskets, pill boxes, etc." ,   , "https://stats.fao.org/classifications/FPCD/v2022/062.99" ,  ,  ,  ,  ,  ,  ,  ,  ,  ,  ,  ,  ,
 "07" ,   , "WOOD-BASED PANELS" ,   ,   ,   ,   ,   ,   , "This product category is an aggregate comprising plywood, particle board, oriented strand board (OSB), fibreboard, densified wood, combination board and other panels based on wood or other ligno-cellulosic materials." ,   , "https://stats.fao.org/classifications/FPCD/v2022/07" ,  ,  ,  ,  ,  ,  ,  ,  ,  ,  ,  ,  ,
 "071." , "07" , "Plywood" ,   ,   ,   ,   ,   ,   , "Plywood is a panel consisting of an assembly of veneer sheets bonded together with the direction of the grain in alternate plies generally at right angles. The veneer sheets are usually placed symmetrically on both sides of a central ply or core that may itself be made from a veneer sheet or another material.   

It includes veneer plywood, core plywood or blockboard, cellular board and composite plywood.  

It excludes laminated construction materials (e.g. glulam), where the grain of the veneer sheets generally runs in the same direction." ,   , "https://stats.fao.org/classifications/FPCD/v2022/071." ,  ,  ,  ,  ,  ,  ,  ,  ,  ,  ,  ,  ,
 "071.1" , "071." , "Veneer plywood" ,   ,   ,   ,   ,   ,   , "Plywood manufactured by bonding together more than two veneer sheets, where the grain of alternate veneer sheets is crossed, generally at right angles." ,   , "https://stats.fao.org/classifications/FPCD/v2022/071.1" ,  ,  ,  ,  ,  ,  ,  ,  ,  ,  ,  ,  ,
 "071.11" , "071.1" , "Veneer plywood, coniferous" ,   ,   ,   ,   ,   ,   , "N.A." ,   , "https://stats.fao.org/classifications/FPCD/v2022/071.11" ,  ,  ,  ,  ,  ,  ,  ,  ,  ,  ,  ,  ,
 "071.111" , "071.11" , "Veneer plywood, coniferous, interior grade" ,   ,   ,   ,   ,   ,   , "Veneer plywood suitable only for indoor applications." ,   , "https://stats.fao.org/classifications/FPCD/v2022/071.111" ,  ,  ,  ,  ,  ,  ,  ,  ,  ,  ,  ,  ,
 "071.112" , "071.11" , "Veneer plywood, coniferous, exterior grade" ,   ,   ,   ,   ,   ,   , "Veneer plywood in which waterproof glue is used to bond plies. It is a resin-based glue similar to the glue used in wooden ships. It dries to a hard, crystal substance that will never yield to moisture of any kind. It is suitable for indoor and outdoor applications." ,   , "https://stats.fao.org/classifications/FPCD/v2022/071.112" ,  ,  ,  ,  ,  ,  ,  ,  ,  ,  ,  ,  ,
 "071.12" , "071.1" , "Veneer plywood, tropical non-coniferous" ,   ,   ,   ,   ,   ,   , "Non-coniferous (tropical) plywood is defined as having at least one face sheet of non-coniferous (tropical) wood." ,   , "https://stats.fao.org/classifications/FPCD/v2022/071.12" ,  ,  ,  ,  ,  ,  ,  ,  ,  ,  ,  ,  ,
 "071.121" , "071.12" , "Veneer plywood, tropical non-coniferous, interior grade" ,   ,   ,   ,   ,   ,   , "Veneer plywood suitable only for indoor applications." ,   , "https://stats.fao.org/classifications/FPCD/v2022/071.121" ,  ,  ,  ,  ,  ,  ,  ,  ,  ,  ,  ,  ,
 "071.122" , "071.12" , "Veneer plywood, tropical non-coniferous, exterior grade" ,   ,   ,   ,   ,   ,   , "Veneer plywood in which waterproof glue is used to bond plies. It is a resin-based glue similar to the glue used in wooden ships. It dries to a hard, crystal substance that will never yield to moisture of any kind. It is suitable for indoor and outdoor applications." ,   , "https://stats.fao.org/classifications/FPCD/v2022/071.122" ,  ,  ,  ,  ,  ,  ,  ,  ,  ,  ,  ,  ,
 "071.19" , "071.1" , "Other veneer plywood" ,   ,   ,   ,   ,   ,   , "N.A." ,   , "https://stats.fao.org/classifications/FPCD/v2022/071.19" ,  ,  ,  ,  ,  ,  ,  ,  ,  ,  ,  ,  ,
 "071.191" , "071.19" , "Other veneer plywood, interior grade" ,   ,   ,   ,   ,   ,   , "Veneer plywood suitable only for indoor applications." ,   , "https://stats.fao.org/classifications/FPCD/v2022/071.191" ,  ,  ,  ,  ,  ,  ,  ,  ,  ,  ,  ,  ,
 "071.192" , "071.19" , "Other veneer plywood, exterior grade" ,   ,   ,   ,   ,   ,   , "Veneer plywood in which waterproof glue is used to bond plies. It is a resin-based glue similar to the glue used in wooden ships. It dries to a hard, crystal substance that will never yield to moisture of any kind. It is suitable for indoor and outdoor applications." ,   , "https://stats.fao.org/classifications/FPCD/v2022/071.192" ,  ,  ,  ,  ,  ,  ,  ,  ,  ,  ,  ,  ,
 "071.2" , "071." , "Core plywood" ,   ,   ,   ,   ,   ,   , "Core plywood is a plywood with a solid core. Core can consist of MDF, particle board, veneer or from narrow boards, blocks or strips of wood." ,   , "https://stats.fao.org/classifications/FPCD/v2022/071.2" ,  ,  ,  ,  ,  ,  ,  ,  ,  ,  ,  ,  ,
 "071.21" , "071.2" , "Core plywood, with both outer plies of coniferous wood" ,   ,   ,   ,   ,   ,   , "Core plywood is a plywood with a solid core. Core can consist of MDF, particle board, veneer or from narrow boards, blocks or strips of wood." ,   , "https://stats.fao.org/classifications/FPCD/v2022/071.21" ,  ,  ,  ,  ,  ,  ,  ,  ,  ,  ,  ,  ,
 "071.211" , "071.21" , "Core plywood,  with both outer plies of coniferous wood, blockboard, laminboard and battenboard" ,   ,   ,   ,   ,   ,   , "Plywood with a solid core (i.e. the central layer, generally thicker than the other plies) that consists of narrow boards, blocks or strips of wood placed side by side, which may or may not be glued together." ,   , "https://stats.fao.org/classifications/FPCD/v2022/071.211" ,  ,  ,  ,  ,  ,  ,  ,  ,  ,  ,  ,  ,
 "071.219" , "071.21" , "Core plywood,  with both outer plies of coniferous wood, n.e.c. (MDF core, particleboard core, veneer core, etc.)" ,   ,   ,   ,   ,   ,   , "Plywood in which the wooden core is replaced by other materials such as a layer or layers of particle board, fibreboard, wood waste glued together, etc." ,   , "https://stats.fao.org/classifications/FPCD/v2022/071.219" ,  ,  ,  ,  ,  ,  ,  ,  ,  ,  ,  ,  ,
 "071.22" , "071.2" , "Core plywood,  with at least one outer ply of tropical wood" ,   ,   ,   ,   ,   ,   , "Core plywood is a plywood with a solid core. Core can consist of MDF, particle board, veneer or from narrow boards, blocks or strips of wood." ,   , "https://stats.fao.org/classifications/FPCD/v2022/071.22" ,  ,  ,  ,  ,  ,  ,  ,  ,  ,  ,  ,  ,
 "071.221" , "071.22" , "Core plywood,  with at least one outer ply of tropical wood, blockboard, laminboard and battenboard" ,   ,   ,   ,   ,   ,   , "Plywood with a solid core (i.e. the central layer, generally thicker than the other plies) that consists of narrow boards, blocks or strips of wood placed side by side, which may or may not be glued together." ,   , "https://stats.fao.org/classifications/FPCD/v2022/071.221" ,  ,  ,  ,  ,  ,  ,  ,  ,  ,  ,  ,  ,
 "071.229" , "071.22" , "Core plywood,  with at least one outer ply of tropical wood, n.e.c. (MDF core, particleboard core, veneer core, etc.)" ,   ,   ,   ,   ,   ,   , "Plywood in which the wooden core is replaced by other materials such as a layer or layers of particle board, fibreboard, wood waste glued together, etc." ,   , "https://stats.fao.org/classifications/FPCD/v2022/071.229" ,  ,  ,  ,  ,  ,  ,  ,  ,  ,  ,  ,  ,
 "071.29" , "071.2" , "Other core plywood, with at least one outer ply of non-coniferous non-tropical wood" ,   ,   ,   ,   ,   ,   , "Core plywood is a plywood with a solid core. Core can consist of MDF, particle board, veneer or from narrow boards, blocks or strips of wood." ,   , "https://stats.fao.org/classifications/FPCD/v2022/071.29" ,  ,  ,  ,  ,  ,  ,  ,  ,  ,  ,  ,  ,
 "071.291" , "071.29" , "Other core plywood, with at least one outer ply of non-coniferous non-tropical wood , blockboard, laminboard and battenboard" ,   ,   ,   ,   ,   ,   , "Plywood with a solid core (i.e. the central layer, generally thicker than the other plies) that consists of narrow boards, blocks or strips of wood placed side by side, which may or may not be glued together." ,   , "https://stats.fao.org/classifications/FPCD/v2022/071.291" ,  ,  ,  ,  ,  ,  ,  ,  ,  ,  ,  ,  ,
 "071.299" , "071.29" , "Other core plywood, with at least one outer ply of non-coniferous non-tropical wood n.e.c. (MDF core, particleboard core, veneer core, etc.)" ,   ,   ,   ,   ,   ,   , "Plywood in which the wooden core is replaced by other materials such as a layer or layers of particle board, fibreboard, wood waste glued together, etc." ,   , "https://stats.fao.org/classifications/FPCD/v2022/071.299" ,  ,  ,  ,  ,  ,  ,  ,  ,  ,  ,  ,  ,
 "071.3" , "071." , "Cellular board" ,   ,   ,   ,   ,   ,   , "Plywood with a core of cellular construction, which are somewhat similar in appearance to the blockboard and battenboard but the battens or laths forming the core are spaced one from the other, either parallel or in lattice form.  Cellular boards are used for partitions, doors and sometimes in the manufacture of furniture." ,   , "https://stats.fao.org/classifications/FPCD/v2022/071.3" ,  ,  ,  ,  ,  ,  ,  ,  ,  ,  ,  ,  ,
 "071.31" , "071.3" , "Cellular board, coniferous" ,   ,   ,   ,   ,   ,   , "Plywood with a core of cellular construction, which are somewhat similar in appearance to the blockboard and battenboard but the battens or laths forming the core are spaced one from the other, either parallel or in lattice form.  Cellular boards are used for partitions, doors and sometimes in the manufacture of furniture." ,   , "https://stats.fao.org/classifications/FPCD/v2022/071.31" ,  ,  ,  ,  ,  ,  ,  ,  ,  ,  ,  ,  ,
 "071.32" , "071.3" , "Cellular board, tropical non-coniferous" ,   ,   ,   ,   ,   ,   , "Plywood with a core of cellular construction, which are somewhat similar in appearance to the blockboard and battenboard but the battens or laths forming the core are spaced one from the other, either parallel or in lattice form.  Cellular boards are used for partitions, doors and sometimes in the manufacture of furniture." ,   , "https://stats.fao.org/classifications/FPCD/v2022/071.32" ,  ,  ,  ,  ,  ,  ,  ,  ,  ,  ,  ,  ,
 "071.39" , "071.3" , "Other cellular board" ,   ,   ,   ,   ,   ,   , "Plywood with a core of cellular construction, which are somewhat similar in appearance to the blockboard and battenboard but the battens or laths forming the core are spaced one from the other, either parallel or in lattice form.  Cellular boards are used for partitions, doors and sometimes in the manufacture of furniture." ,   , "https://stats.fao.org/classifications/FPCD/v2022/071.39" ,  ,  ,  ,  ,  ,  ,  ,  ,  ,  ,  ,  ,
 "071.4" , "071." , "Laminated veneered lumber (LVL)" ,   ,   ,   ,   ,   ,   , "Laminated veneer lumber is the wood product that uses multiple layers of thin wood assembled with adhesives. Laminated veneer lumber is similar in appearance to plywood without crossbands." ,   , "https://stats.fao.org/classifications/FPCD/v2022/071.4" ,  ,  ,  ,  ,  ,  ,  ,  ,  ,  ,  ,  ,
 "071.41" , "071.4" , "Laminated veneered lumber, with both outer plies of coniferous wood" ,   ,   ,   ,   ,   ,   , "Laminated veneer lumber is the wood product that uses multiple layers of thin wood assembled with adhesives. Laminated veneer lumber is similar in appearance to plywood without crossbands." ,   , "https://stats.fao.org/classifications/FPCD/v2022/071.41" ,  ,  ,  ,  ,  ,  ,  ,  ,  ,  ,  ,  ,
 "071.42" , "071.4" , "Laminated veneered lumber, with at least one outer ply of tropical wood" ,   ,   ,   ,   ,   ,   , "Laminated veneer lumber is the wood product that uses multiple layers of thin wood assembled with adhesives. Laminated veneer lumber is similar in appearance to plywood without crossbands." ,   , "https://stats.fao.org/classifications/FPCD/v2022/071.42" ,  ,  ,  ,  ,  ,  ,  ,  ,  ,  ,  ,  ,
 "071.49" , "071.4" , "Other Laminated veneered lumber" ,   ,   ,   ,   ,   ,   , "Laminated veneer lumber is the wood product that uses multiple layers of thin wood assembled with adhesives. Laminated veneer lumber is similar in appearance to plywood without crossbands." ,   , "https://stats.fao.org/classifications/FPCD/v2022/071.49" ,  ,  ,  ,  ,  ,  ,  ,  ,  ,  ,  ,  ,
 "071.9" , "071." , "Other plywood n.e.c." ,   ,   ,   ,   ,   ,   , "N.A." ,   , "https://stats.fao.org/classifications/FPCD/v2022/071.9" ,  ,  ,  ,  ,  ,  ,  ,  ,  ,  ,  ,  ,
 "071.91" , "071.9" , "Other plywood n.e.c., with both outer plies of coniferous wood" ,   ,   ,   ,   ,   ,   , "N.A." ,   , "https://stats.fao.org/classifications/FPCD/v2022/071.91" ,  ,  ,  ,  ,  ,  ,  ,  ,  ,  ,  ,  ,
 "071.92" , "071.9" , "Other plywood n.e.c., with at least one outer ply of tropical wood" ,   ,   ,   ,   ,   ,   , "N.A." ,   , "https://stats.fao.org/classifications/FPCD/v2022/071.92" ,  ,  ,  ,  ,  ,  ,  ,  ,  ,  ,  ,  ,
 "071.99" , "071.9" , "Other plywood n.e.c., other" ,   ,   ,   ,   ,   ,   , "N.A." ,   , "https://stats.fao.org/classifications/FPCD/v2022/071.99" ,  ,  ,  ,  ,  ,  ,  ,  ,  ,  ,  ,  ,
 "072." , "07" , "Particle board" ,   ,   ,   ,   ,   ,   , "Flat-pressed or moulded panels manufactured from particles of wood or other ligno-cellulosic materials bonded by a suitable, usually organic, binder in the presence of heat and pressure. They may also be manufactured by extruding the materials into a mould under heat and pressure. Extruded particle board may be solid or with hollow cavities. The density of particle boards varies with the density of raw materials used and the binder, pressures and temperatures used in manufacture.  

It includes special types of particle board as waferboard and oriented particle board. 

It excludes wood wool board or other boards with mineral binders." ,   , "https://stats.fao.org/classifications/FPCD/v2022/072." ,  ,  ,  ,  ,  ,  ,  ,  ,  ,  ,  ,  ,
 "072.1" , "072." , "Wood particle board" ,   ,   ,   ,   ,   ,   , "Particle board manufactured from particles of wood." ,   , "https://stats.fao.org/classifications/FPCD/v2022/072.1" ,  ,  ,  ,  ,  ,  ,  ,  ,  ,  ,  ,  ,
 "072.11" , "072.1" , "Wood particle board, waferboard" ,   ,   ,   ,   ,   ,   , "Special type of platen pressed particle board, made up of long particles ("wafers"), which are less than twice as long as they are wide and thereby improving the strength characteristics of the board." ,   , "https://stats.fao.org/classifications/FPCD/v2022/072.11" ,  ,  ,  ,  ,  ,  ,  ,  ,  ,  ,  ,  ,
 "072.12" , "072.1" , "Wood particle board, medium density particle board" ,   ,   ,   ,   ,   ,   , "Medium density particle board (MDP) panel is composed of a synthetic adhesive matrix and a reinforcing phase composed of wood particles (usually Eucalyptus). The wood particles are arranged in three layers. The particles are positioned in a differentiated manner, the largest are laid in the middle and the thinner particles are placed on the outer surfaces, creating three layers. They are glued and compressed with a synthetic resin by applying pressure and heat at the same time in a state-of-the-art continuous press." ,   , "https://stats.fao.org/classifications/FPCD/v2022/072.12" ,  ,  ,  ,  ,  ,  ,  ,  ,  ,  ,  ,  ,
 "072.13" , "072.1" , "Wood particle board, extruded particle board" ,   ,   ,   ,   ,   ,   , "Particle boards made by extrusion the mixture of wood particles and resin through a die. The particles lie with their larger dimensions mainly at right angles to the direction of extrusion.  

They are used as cores or middle layers." ,   , "https://stats.fao.org/classifications/FPCD/v2022/072.13" ,  ,  ,  ,  ,  ,  ,  ,  ,  ,  ,  ,  ,
 "072.19" , "072.1" , "Other wood particle board n.e.c." ,   ,   ,   ,   ,   ,   , "Other wood particle board n.e.c. not mentioned under 072.11, 072.12, 072.13" ,   , "https://stats.fao.org/classifications/FPCD/v2022/072.19" ,  ,  ,  ,  ,  ,  ,  ,  ,  ,  ,  ,  ,
 "072.9" , "072." , "Particle board of ligno-cellulosic material other than wood (flax, bagasse, bamboo)" ,   ,   ,   ,   ,   ,   , "Particle board of bagasse, flax, hemp, straw or other non-wood ligno­cellulosic materials." ,   , "https://stats.fao.org/classifications/FPCD/v2022/072.9" ,  ,  ,  ,  ,  ,  ,  ,  ,  ,  ,  ,  ,
 "073." , "07" , "Oriented strand board (OSB)" ,   ,   ,   ,   ,   ,   , "A structural board in which layers of narrow wafers are layered alternately at right angles in order to give the board greater elastomechanical properties. The wafers, which resemble small pieces of veneer, are coated with e.g. waterproof phenolic resin glue, interleaved together in mats and then bonded together under heat and pressure. The resulting product is a solid, uniform building panel having high strength and water resistance." ,   , "https://stats.fao.org/classifications/FPCD/v2022/073." ,  ,  ,  ,  ,  ,  ,  ,  ,  ,  ,  ,  ,
 "073.1" , "073." , "General purpose OSB and OSB for interior fitments" ,   ,   ,   ,   ,   ,   , "OSB used only in dry conditions, mainly for interior fitments (including furniture), grade OSB/1." ,   , "https://stats.fao.org/classifications/FPCD/v2022/073.1" ,  ,  ,  ,  ,  ,  ,  ,  ,  ,  ,  ,  ,
 "073.11" , "073.1" , "General purpose OSB and OSB for interior fitments, used in dry conditions" ,   ,   ,   ,   ,   ,   , "OSB used only in dry conditions, mainly for interior fitments (including furniture), grade OSB/1." ,   , "https://stats.fao.org/classifications/FPCD/v2022/073.11" ,  ,  ,  ,  ,  ,  ,  ,  ,  ,  ,  ,  ,
 "073.19" , "073.1" , "Other general purpose OSB and OSB for interior fitments" ,   ,   ,   ,   ,   ,   , "OSB used only in dry conditions, mainly for interior fitments (including furniture), grade OSB/1." ,   , "https://stats.fao.org/classifications/FPCD/v2022/073.19" ,  ,  ,  ,  ,  ,  ,  ,  ,  ,  ,  ,  ,
 "073.2" , "073." , "Load-bearing OSB" ,   ,   ,   ,   ,   ,   , "Load-bearing OSB used in dry (grade OSB/2) or humid (grade OSB/3) conditions." ,   , "https://stats.fao.org/classifications/FPCD/v2022/073.2" ,  ,  ,  ,  ,  ,  ,  ,  ,  ,  ,  ,  ,
 "073.21" , "073.2" , "Load-bearing OSB, used in dry conditions" ,   ,   ,   ,   ,   ,   , "Load-bearing OSB used in dry (grade OSB/2) or humid (grade OSB/3) conditions." ,   , "https://stats.fao.org/classifications/FPCD/v2022/073.21" ,  ,  ,  ,  ,  ,  ,  ,  ,  ,  ,  ,  ,
 "073.29" , "073.2" , "Other load-bearing OSB" ,   ,   ,   ,   ,   ,   , "Load-bearing OSB used in dry (grade OSB/2) or humid (grade OSB/3) conditions." ,   , "https://stats.fao.org/classifications/FPCD/v2022/073.29" ,  ,  ,  ,  ,  ,  ,  ,  ,  ,  ,  ,  ,
 "073.3" , "073." , "Heavy-duty load-bearing OSB" ,   ,   ,   ,   ,   ,   , "Heavy-duty load-bearing boards used in humid conditions (grade OSB/4)." ,   , "https://stats.fao.org/classifications/FPCD/v2022/073.3" ,  ,  ,  ,  ,  ,  ,  ,  ,  ,  ,  ,  ,
 "073.31" , "073.3" , "Heavy-duty load-bearing OSB, used in humid conditions" ,   ,   ,   ,   ,   ,   , "Heavy-duty load-bearing boards used in humid conditions (grade OSB/4)." ,   , "https://stats.fao.org/classifications/FPCD/v2022/073.31" ,  ,  ,  ,  ,  ,  ,  ,  ,  ,  ,  ,  ,
 "073.39" , "073.3" , "Other heavy-duty load-bearing OSB" ,   ,   ,   ,   ,   ,   , "Heavy-duty load-bearing boards used in humid conditions (grade OSB/4)." ,   , "https://stats.fao.org/classifications/FPCD/v2022/073.39" ,  ,  ,  ,  ,  ,  ,  ,  ,  ,  ,  ,  ,
 "073.9" , "073." , "Other oriented strandboard n.e.c." ,   ,   ,   ,   ,   ,   , "N.A." ,   , "https://stats.fao.org/classifications/FPCD/v2022/073.9" ,  ,  ,  ,  ,  ,  ,  ,  ,  ,  ,  ,  ,
 "074." , "07" , "Fibreboard" ,   ,   ,   ,   ,   ,   , "A panel manufactured from fibres of wood or other ligno-cellulosic materials (bamboo, bagasse) with the primary bond deriving from the felting of the fibres and their inherent adhesive properties. Additional resins or other organic bonding substances may be used to agglomerate the fibres. Fibreboard may consist of a single sheet or of several sheets bonded together. 

It includes fibreboard panels that are flat-pressed and moulded fibreboard products." ,   , "https://stats.fao.org/classifications/FPCD/v2022/074." ,  ,  ,  ,  ,  ,  ,  ,  ,  ,  ,  ,  ,
 "074.1" , "074." , "Dry process fibreboard" ,   ,   ,   ,   ,   ,   , "Dry process fibreboards are engineered woodbased panel materials made by bonding together wood fibres with a synthetic resin adhesive. The resinated fibres are dried and then formed into a mattress ready for pressing. The mattress is pressed between heated polished press plates to the desired thickness. 

Dry process fibreboards have a fibre moisture content of less than 20 % at the forming stage." ,   , "https://stats.fao.org/classifications/FPCD/v2022/074.1" ,  ,  ,  ,  ,  ,  ,  ,  ,  ,  ,  ,  ,
 "074.11" , "074.1" , "Dry process fibreboard of a density not exceeding 0.5 g/cm³" ,   ,   ,   ,   ,   ,   , "Low density fibreboard is a wood-fibre insulation board produced in the dry process." ,   , "https://stats.fao.org/classifications/FPCD/v2022/074.11" ,  ,  ,  ,  ,  ,  ,  ,  ,  ,  ,  ,  ,
 "074.12" , "074.1" , "Dry process fibreboard of a density exceeding 0.5 g/cm³ but not exceeding 0.8 g/cm³" ,   ,   ,   ,   ,   ,   , "It is a medium density fibreboard (MDF) of a density ranges from 0.5 g/cm³ to 0.8 g/cm³.  Additional thermosetting resins are added to the dried wood fibres in order to assist the bonding process in the press. It can be used in many different applications such as furniture, interior decoration and in building." ,   , "https://stats.fao.org/classifications/FPCD/v2022/074.12" ,  ,  ,  ,  ,  ,  ,  ,  ,  ,  ,  ,  ,
 "074.121" , "074.12" , "Dry process fibreboard of a density exceeding 0.5 g/cm³ but not exceeding 0.8 g/cm³ , of a thickness not exceeding 5 mm" ,   ,   ,   ,   ,   ,   , "N.A." ,   , "https://stats.fao.org/classifications/FPCD/v2022/074.121" ,  ,  ,  ,  ,  ,  ,  ,  ,  ,  ,  ,  ,
 "074.122" , "074.12" , "Dry process fibreboard of a density exceeding 0.5 g/cm³ but not exceeding 0.8 g/cm³ , of a thickness exceeding 5 mm but not exceeding 9 mm" ,   ,   ,   ,   ,   ,   , "N.A." ,   , "https://stats.fao.org/classifications/FPCD/v2022/074.122" ,  ,  ,  ,  ,  ,  ,  ,  ,  ,  ,  ,  ,
 "074.123" , "074.12" , "Dry process fibreboard of a density exceeding 0.5 g/cm³ but not exceeding 0.8 g/cm³ , of a thickness exceeding 9 mm" ,   ,   ,   ,   ,   ,   , "N.A." ,   , "https://stats.fao.org/classifications/FPCD/v2022/074.123" ,  ,  ,  ,  ,  ,  ,  ,  ,  ,  ,  ,  ,
 "074.13" , "074.1" , "Dry process fibreboard of a density exceeding 0.8 g/cm³" ,   ,   ,   ,   ,   ,   , "It is a high-density fibreboard (HDF) of a density exceeding 0.8 g/cm³ produced in the dry process" ,   , "https://stats.fao.org/classifications/FPCD/v2022/074.13" ,  ,  ,  ,  ,  ,  ,  ,  ,  ,  ,  ,  ,
 "074.131" , "074.13" , "Dry process fibreboard of a density exceeding 0.8 g/cm³, of a thickness not exceeding 5 mm" ,   ,   ,   ,   ,   ,   , "N.A." ,   , "https://stats.fao.org/classifications/FPCD/v2022/074.131" ,  ,  ,  ,  ,  ,  ,  ,  ,  ,  ,  ,  ,
 "074.132" , "074.13" , "Dry process fibreboard of a density exceeding 0.8 g/cm³, of a thickness exceeding 5 mm but not exceeding 9 mm" ,   ,   ,   ,   ,   ,   , "N.A." ,   , "https://stats.fao.org/classifications/FPCD/v2022/074.132" ,  ,  ,  ,  ,  ,  ,  ,  ,  ,  ,  ,  ,
 "074.133" , "074.13" , "Dry process fibreboard of a density exceeding 0.8 g/cm³, of a thickness exceeding 9 mm" ,   ,   ,   ,   ,   ,   , "N.A." ,   , "https://stats.fao.org/classifications/FPCD/v2022/074.133" ,  ,  ,  ,  ,  ,  ,  ,  ,  ,  ,  ,  ,
 "074.2" , "074." , "Wet process fibreboard" ,   ,   ,   ,   ,   ,   , "The wet fibres are formed into a mat which is either rolled (softboards), or rolled and then pressed, at a high temperature to the desired thickness. The primary bond is generally derived from the felting together of the fibres and their inherent adhesive properties, although in some instances a synthetic adhesive may be added to the fibres. Other additives such as wax, bitumen emulsion, natural oil or fire retardant chemicals may also be added. 

Wet process fibreboards have a fibre moisture content of more than 20 % at the forming stage." ,   , "https://stats.fao.org/classifications/FPCD/v2022/074.2" ,  ,  ,  ,  ,  ,  ,  ,  ,  ,  ,  ,  ,
 "074.21" , "074.2" , "Wet process fibreboard, of a density not exceeding 0.5 g/cm³" ,   ,   ,   ,   ,   ,   , "It is a wet-process fibreboard of a density not exceeding 0.5 g/cm3. These boards are used mainly for thermal or sound insulation in building." ,   , "https://stats.fao.org/classifications/FPCD/v2022/074.21" ,  ,  ,  ,  ,  ,  ,  ,  ,  ,  ,  ,  ,
 "074.22" , "074.2" , "Wet process fibreboard, of a density exceeding 0.5 g/cm³ but not exceeding 0.8 g/cm³" ,   ,   ,   ,   ,   ,   , "It is a wet-process fibreboard of a density exceeding 0.5 g/cm3 but not exceeding 0.8 g/cm³. It is mainly used in furniture production and for interior or exterior walls." ,   , "https://stats.fao.org/classifications/FPCD/v2022/074.22" ,  ,  ,  ,  ,  ,  ,  ,  ,  ,  ,  ,  ,
 "074.23" , "074.2" , "Wet process fibreboard, of a density exceeding 0.8 g/cm³" ,   ,   ,   ,   ,   ,   , "This type of fibreboard has one smooth and one rough surface with a mesh pattern. It is mainly used for furniture, in the automotive industries, for door skins and for packaging. 

It excludes similar products made from pieces of wood, wood flour or other ligno-cellulosic material where additional binders are required to make the panel; and panels made of gypsum or other mineral material." ,   , "https://stats.fao.org/classifications/FPCD/v2022/074.23" ,  ,  ,  ,  ,  ,  ,  ,  ,  ,  ,  ,  ,
 "075." , "07" , "Densified wood" ,   ,   ,   ,   ,   ,   , "Densified wood has been chemically or physically treated to increase its density or hardness and improve its mechanical strength or resistance to chemical or electrical agencies. It may be solid or consist of several layers bonded together and have a density as great as 1.4 g/cm3.  

It is generally used in the manufacture of gears, shuttles, bearings and other machine parts, propellers, insulators and other electric goods, etc." ,   , "https://stats.fao.org/classifications/FPCD/v2022/075." ,  ,  ,  ,  ,  ,  ,  ,  ,  ,  ,  ,  ,
 "076." , "07" , "Combination board" ,   ,   ,   ,   ,   ,   , "Boards which have special properties as a result of the combination of two or more wood-based panels. The latter may be identifiable in their own right under other items of the classification, but under the present item they form an integral part of the panel.  

It excludes panels covered with veneers that are classified as plywood." ,   , "https://stats.fao.org/classifications/FPCD/v2022/076." ,  ,  ,  ,  ,  ,  ,  ,  ,  ,  ,  ,  ,
 "076.1" , "076." , "Particle board covered on one or both faces with fibreboard" ,   ,   ,   ,   ,   ,   , "Laminated panels consisting of particle board covered on one or both faces with fibreboard." ,   , "https://stats.fao.org/classifications/FPCD/v2022/076.1" ,  ,  ,  ,  ,  ,  ,  ,  ,  ,  ,  ,  ,
 "076.2" , "076." , "Several particle boards whether or not covered on one or both faces with fibreboard" ,   ,   ,   ,   ,   ,   , "Laminated panels consisting of several particle boards whether or not covered on one or both faces with fibreboard." ,   , "https://stats.fao.org/classifications/FPCD/v2022/076.2" ,  ,  ,  ,  ,  ,  ,  ,  ,  ,  ,  ,  ,
 "076.3" , "076." , "Several particle boards and several fibreboards assembled in any order" ,   ,   ,   ,   ,   ,   , "Laminated panels consisting of several particle boards and several fibreboards assembled in any order." ,   , "https://stats.fao.org/classifications/FPCD/v2022/076.3" ,  ,  ,  ,  ,  ,  ,  ,  ,  ,  ,  ,  ,
 "076.9" , "076." , "Other combination boards n.e.c." ,   ,   ,   ,   ,   ,   , "Combination boards other than those included in the groups 0761, 0762, 0763." ,   , "https://stats.fao.org/classifications/FPCD/v2022/076.9" ,  ,  ,  ,  ,  ,  ,  ,  ,  ,  ,  ,  ,
 "077." , "07" , "Other panels based on wood or other ligno-cellulosic materials" ,   ,   ,   ,   ,   ,   , "This heading includes notably cement bonded panels, other mineral bonded panels and thermoplastic bonded panels." ,   , "https://stats.fao.org/classifications/FPCD/v2022/077." ,  ,  ,  ,  ,  ,  ,  ,  ,  ,  ,  ,  ,
 "077.1" , "077." , "Cement bonded panels" ,   ,   ,   ,   ,   ,   , "Panels manufactured from wood wool, chips, particles, flakes, etc. of wood or other ligno-cellulosic material bonded together with cement and chemical additives. Wood constitutes the major part of the panel, by volume." ,   , "https://stats.fao.org/classifications/FPCD/v2022/077.1" ,  ,  ,  ,  ,  ,  ,  ,  ,  ,  ,  ,  ,
 "077.11" , "077.1" , "Cement bonded panels, cement bonded particle board" ,   ,   ,   ,   ,   ,   , "The panel is a mixture of wood particles and Portland cement together with some additives. The mat is formed in three layers, the outer layers comprising small chips. Unlike normal particleboard production in a multi-daylight press, the set of cauls in cement bonded particle boards production must be kept under pressure until the cement has set." ,   , "https://stats.fao.org/classifications/FPCD/v2022/077.11" ,  ,  ,  ,  ,  ,  ,  ,  ,  ,  ,  ,  ,
 "077.12" , "077.1" , "Cement bonded panels, cement bonded wood wool board" ,   ,   ,   ,   ,   ,   , "The panel is made of wood wool and Portland cement with addition of natural mineralizing agent. Wood strands are first impregnated, and then by pressing they are bonded with cement in the continuous technological process. In this process wood strands become resistant to expanding, insects, rotting, water absorption, and fire resistance is also significantly improved." ,   , "https://stats.fao.org/classifications/FPCD/v2022/077.12" ,  ,  ,  ,  ,  ,  ,  ,  ,  ,  ,  ,  ,
 "077.13" , "077.1" , "Cement bonded panels, wood strand cement board (cement OSB)" ,   ,   ,   ,   ,   ,   , "Panels composed of long and thin wood strands bonded with Portland cement." ,   , "https://stats.fao.org/classifications/FPCD/v2022/077.13" ,  ,  ,  ,  ,  ,  ,  ,  ,  ,  ,  ,  ,
 "077.14" , "077.1" , "Cement bonded panels, fibre-reinforced cement board" ,   ,   ,   ,   ,   ,   , "There is a combination of cement and reinforcing fibers. These fibers can be of different origin (cellulose fibres, glass fibres, … )" ,   , "https://stats.fao.org/classifications/FPCD/v2022/077.14" ,  ,  ,  ,  ,  ,  ,  ,  ,  ,  ,  ,  ,
 "077.19" , "077.1" , "Other cement bonded panels" ,   ,   ,   ,   ,   ,   , "Includes notably wood-cement blocks wherein the wood particles are of varying type." ,   , "https://stats.fao.org/classifications/FPCD/v2022/077.19" ,  ,  ,  ,  ,  ,  ,  ,  ,  ,  ,  ,  ,
 "077.2" , "077." , "Mineral bonded panels, other than cement bonded" ,   ,   ,   ,   ,   ,   , "Panels manufactured from chips particles, flakes etc. of wood or other ligno-cellulosic materials, bonded together with mineral binders other than cement, and chemical additives (e.g. gypsum board)." ,   , "https://stats.fao.org/classifications/FPCD/v2022/077.2" ,  ,  ,  ,  ,  ,  ,  ,  ,  ,  ,  ,  ,
 "077.21" , "077.2" , "Mineral bonded panels, other than cement bonded, gypsum fibreboard" ,   ,   ,   ,   ,   ,   , "Panels manufactured from gypsum and cellulose or recycled paper fibres. These two natural raw materials are mixed with water, without any other binders being added. The mixture is then pressed into stable boards under high pressure, dried, coated with a water repellent." ,   , "https://stats.fao.org/classifications/FPCD/v2022/077.21" ,  ,  ,  ,  ,  ,  ,  ,  ,  ,  ,  ,  ,
 "077.22" , "077.2" , "Mineral bonded panels, other than cement bonded, gypsum particle board" ,   ,   ,   ,   ,   ,   , "Panels manufactured from gypsum and particles of wood, bagasse, straw or other ligno-cellulosic materials." ,   , "https://stats.fao.org/classifications/FPCD/v2022/077.22" ,  ,  ,  ,  ,  ,  ,  ,  ,  ,  ,  ,  ,
 "077.29" , "077.2" , "Other mineral bonded panels, other than cement bonded" ,   ,   ,   ,   ,   ,   , "Other mineral bonded panels, other than cement bonded" ,   , "https://stats.fao.org/classifications/FPCD/v2022/077.29" ,  ,  ,  ,  ,  ,  ,  ,  ,  ,  ,  ,  ,
 "077.3" , "077." , "Thermoplastic bonded panels" ,   ,   ,   ,   ,   ,   , "Panels manufactured from particles of wood, bagasse, straw or other ligno-cellulosic materials bonded with thermoplastic (PE, PP, PVC etc.)" ,   , "https://stats.fao.org/classifications/FPCD/v2022/077.3" ,  ,  ,  ,  ,  ,  ,  ,  ,  ,  ,  ,  ,
 "077.31" , "077.3" , "Thermoplastic bonded panels, wood-plastic composite" ,   ,   ,   ,   ,   ,   , "Wood-plastic composite are composite materials made of wood fibre or wood flour and thermoplastic. They are produced by thoroughly mixing ground wood particles and heated thermoplastic resin. The most common method of production is to extrude the material into the desired shape." ,   , "https://stats.fao.org/classifications/FPCD/v2022/077.31" ,  ,  ,  ,  ,  ,  ,  ,  ,  ,  ,  ,  ,
 "077.39" , "077.3" , "Other thermoplastic bonded panels" ,   ,   ,   ,   ,   ,   , "These composite contain no cellulose-based fibre fillers such as pulp fibres, peanut hulls, bamboo, straw, digestate, etc." ,   , "https://stats.fao.org/classifications/FPCD/v2022/077.39" ,  ,  ,  ,  ,  ,  ,  ,  ,  ,  ,  ,  ,
 "077.9" , "077." , "Other panels n.e.c." ,   ,   ,   ,   ,   ,   , "Includes any panels not covered by definitions of the groups 077.1, 077.2, 077.3" ,   , "https://stats.fao.org/classifications/FPCD/v2022/077.9" ,  ,  ,  ,  ,  ,  ,  ,  ,  ,  ,  ,  ,
 "08" ,   , "WOOD PULP" ,   ,   ,   ,   ,   ,   , "Fibrous material prepared from pulpwood, wood chips, particles or residues by mechanical and/or chemical process for further manufacture into paper, paperboard, fibreboard or other cellulose products." ,   , "https://stats.fao.org/classifications/FPCD/v2022/08" ,  ,  ,  ,  ,  ,  ,  ,  ,  ,  ,  ,  ,
 "081." , "08" , "Mechanical wood pulp" ,   ,   ,   ,   ,   ,   , "Wood pulp obtained by grinding or milling pulpwood or residues into fibres, or through refining chips or particles. It may be bleached or unbleached.  

It includes stone groundwood, pressurised stone groundwood, refiner mechanical pulp and thermo-mechanical pulp,  

It excludes exploded and defibrillated pulp" ,   , "https://stats.fao.org/classifications/FPCD/v2022/081." ,  ,  ,  ,  ,  ,  ,  ,  ,  ,  ,  ,  ,
 "081.1" , "081." , "Stone groundwood" ,   ,   ,   ,   ,   ,   , "It is produced from roundwood or blocks in stone grinders at atmospheric pressure." ,   , "https://stats.fao.org/classifications/FPCD/v2022/081.1" ,  ,  ,  ,  ,  ,  ,  ,  ,  ,  ,  ,  ,
 "081.11" , "081.1" , "Stone groundwood, unbleached" ,   ,   ,   ,   ,   ,   , "Pulp not treated with chemicals to increase its brightness." ,   , "https://stats.fao.org/classifications/FPCD/v2022/081.11" ,  ,  ,  ,  ,  ,  ,  ,  ,  ,  ,  ,  ,
 "081.111" , "081.11" , "Stone groundwood, unbleached, coniferous" ,   ,   ,   ,   ,   ,   , "N.A." ,   , "https://stats.fao.org/classifications/FPCD/v2022/081.111" ,  ,  ,  ,  ,  ,  ,  ,  ,  ,  ,  ,  ,
 "081.119" , "081.11" , "Other unbleached stone groundwood" ,   ,   ,   ,   ,   ,   , "N.A." ,   , "https://stats.fao.org/classifications/FPCD/v2022/081.119" ,  ,  ,  ,  ,  ,  ,  ,  ,  ,  ,  ,  ,
 "081.12" , "081.1" , "Stone groundwood, bleached" ,   ,   ,   ,   ,   ,   , "Pulp treated with chemicals to increase its brightness." ,   , "https://stats.fao.org/classifications/FPCD/v2022/081.12" ,  ,  ,  ,  ,  ,  ,  ,  ,  ,  ,  ,  ,
 "081.121" , "081.12" , "Stone groundwood, bleached, coniferous" ,   ,   ,   ,   ,   ,   , "N.A." ,   , "https://stats.fao.org/classifications/FPCD/v2022/081.121" ,  ,  ,  ,  ,  ,  ,  ,  ,  ,  ,  ,  ,
 "081.129" , "081.12" , "Other bleached stone groundwood" ,   ,   ,   ,   ,   ,   , "N.A." ,   , "https://stats.fao.org/classifications/FPCD/v2022/081.129" ,  ,  ,  ,  ,  ,  ,  ,  ,  ,  ,  ,  ,
 "081.2" , "081." , "Pressurised stone groundwood" ,   ,   ,   ,   ,   ,   , "It is produced from roundwood or blocks in pressurised stone grinders." ,   , "https://stats.fao.org/classifications/FPCD/v2022/081.2" ,  ,  ,  ,  ,  ,  ,  ,  ,  ,  ,  ,  ,
 "081.21" , "081.2" , "Pressurised stone groundwood, unbleached" ,   ,   ,   ,   ,   ,   , "Pulp not treated with chemicals to increase its brightness." ,   , "https://stats.fao.org/classifications/FPCD/v2022/081.21" ,  ,  ,  ,  ,  ,  ,  ,  ,  ,  ,  ,  ,
 "081.211" , "081.21" , "Pressurised stone groundwood, unbleached, coniferous" ,   ,   ,   ,   ,   ,   , "N.A." ,   , "https://stats.fao.org/classifications/FPCD/v2022/081.211" ,  ,  ,  ,  ,  ,  ,  ,  ,  ,  ,  ,  ,
 "081.219" , "081.21" , "Other unbleached pressurised stone groundwood" ,   ,   ,   ,   ,   ,   , "N.A." ,   , "https://stats.fao.org/classifications/FPCD/v2022/081.219" ,  ,  ,  ,  ,  ,  ,  ,  ,  ,  ,  ,  ,
 "081.22" , "081.2" , "Pressurised stone groundwood, bleached" ,   ,   ,   ,   ,   ,   , "Pulp treated with chemicals to increase its brightness." ,   , "https://stats.fao.org/classifications/FPCD/v2022/081.22" ,  ,  ,  ,  ,  ,  ,  ,  ,  ,  ,  ,  ,
 "081.221" , "081.22" , "Pressurised stone groundwood, bleached, coniferous" ,   ,   ,   ,   ,   ,   , "N.A." ,   , "https://stats.fao.org/classifications/FPCD/v2022/081.221" ,  ,  ,  ,  ,  ,  ,  ,  ,  ,  ,  ,  ,
 "081.229" , "081.22" , "Other bleached pressurised stone groundwood" ,   ,   ,   ,   ,   ,   , "N.A." ,   , "https://stats.fao.org/classifications/FPCD/v2022/081.229" ,  ,  ,  ,  ,  ,  ,  ,  ,  ,  ,  ,  ,
 "081.3" , "081." , "Refiner mechanical pulp" ,   ,   ,   ,   ,   ,   , "It is produced from wood chips or wafers in refiners discharging at atmospheric pressure." ,   , "https://stats.fao.org/classifications/FPCD/v2022/081.3" ,  ,  ,  ,  ,  ,  ,  ,  ,  ,  ,  ,  ,
 "081.31" , "081.3" , "Refiner mechanical pulp, unbleached" ,   ,   ,   ,   ,   ,   , "Pulp not treated with chemicals to increase its brightness." ,   , "https://stats.fao.org/classifications/FPCD/v2022/081.31" ,  ,  ,  ,  ,  ,  ,  ,  ,  ,  ,  ,  ,
 "081.311" , "081.31" , "Refiner mechanical pulp, unbleached, coniferous" ,   ,   ,   ,   ,   ,   , "N.A." ,   , "https://stats.fao.org/classifications/FPCD/v2022/081.311" ,  ,  ,  ,  ,  ,  ,  ,  ,  ,  ,  ,  ,
 "081.319" , "081.31" , "Other unbleached refiner mechanical pulp" ,   ,   ,   ,   ,   ,   , "N.A." ,   , "https://stats.fao.org/classifications/FPCD/v2022/081.319" ,  ,  ,  ,  ,  ,  ,  ,  ,  ,  ,  ,  ,
 "081.32" , "081.3" , "Refiner mechanical pulp, bleached" ,   ,   ,   ,   ,   ,   , "Pulp treated with chemicals to increase its brightness." ,   , "https://stats.fao.org/classifications/FPCD/v2022/081.32" ,  ,  ,  ,  ,  ,  ,  ,  ,  ,  ,  ,  ,
 "081.321" , "081.32" , "Refiner mechanical pulp, bleached, coniferous" ,   ,   ,   ,   ,   ,   , "N.A." ,   , "https://stats.fao.org/classifications/FPCD/v2022/081.321" ,  ,  ,  ,  ,  ,  ,  ,  ,  ,  ,  ,  ,
 "081.329" , "081.32" , "Other bleached refiner mechanical pulp" ,   ,   ,   ,   ,   ,   , "N.A." ,   , "https://stats.fao.org/classifications/FPCD/v2022/081.329" ,  ,  ,  ,  ,  ,  ,  ,  ,  ,  ,  ,  ,
 "081.4" , "081." , "Thermo-mechanical pulp" ,   ,   ,   ,   ,   ,   , "It is produced from wood chips or wafers in refiners discharging after high-pressure steaming of the wood." ,   , "https://stats.fao.org/classifications/FPCD/v2022/081.4" ,  ,  ,  ,  ,  ,  ,  ,  ,  ,  ,  ,  ,
 "081.41" , "081.4" , "Thermo-mechanical pulp, unbleached" ,   ,   ,   ,   ,   ,   , "Pulp not treated with chemicals to increase its brightness." ,   , "https://stats.fao.org/classifications/FPCD/v2022/081.41" ,  ,  ,  ,  ,  ,  ,  ,  ,  ,  ,  ,  ,
 "081.411" , "081.41" , "Thermo-mechanical pulp, unbleached, coniferous" ,   ,   ,   ,   ,   ,   , "N.A." ,   , "https://stats.fao.org/classifications/FPCD/v2022/081.411" ,  ,  ,  ,  ,  ,  ,  ,  ,  ,  ,  ,  ,
 "081.419" , "081.41" , "Other unbleached thermo-mechanical pulp" ,   ,   ,   ,   ,   ,   , "N.A." ,   , "https://stats.fao.org/classifications/FPCD/v2022/081.419" ,  ,  ,  ,  ,  ,  ,  ,  ,  ,  ,  ,  ,
 "081.42" , "081.4" , "Thermo-mechanical pulp, bleached" ,   ,   ,   ,   ,   ,   , "Pulp treated with chemicals to increase its brightness." ,   , "https://stats.fao.org/classifications/FPCD/v2022/081.42" ,  ,  ,  ,  ,  ,  ,  ,  ,  ,  ,  ,  ,
 "081.421" , "081.42" , "Thermo-mechanical pulp, bleached, coniferous" ,   ,   ,   ,   ,   ,   , "N.A." ,   , "https://stats.fao.org/classifications/FPCD/v2022/081.421" ,  ,  ,  ,  ,  ,  ,  ,  ,  ,  ,  ,  ,
 "081.429" , "081.42" , "Other bleached thermo-mechanical pulp" ,   ,   ,   ,   ,   ,   , "N.A." ,   , "https://stats.fao.org/classifications/FPCD/v2022/081.429" ,  ,  ,  ,  ,  ,  ,  ,  ,  ,  ,  ,  ,
 "082." , "08" , "Semi-chemical wood pulp" ,   ,   ,   ,   ,   ,   , "Wood pulp obtained by subjecting pulpwood, wood chips, particles or residues to a series of mechanical and chemical treatments, none of which alone is sufficient to make the fibres separate readily. It may be bleached or unbleached." ,   , "https://stats.fao.org/classifications/FPCD/v2022/082." ,  ,  ,  ,  ,  ,  ,  ,  ,  ,  ,  ,  ,
 "082.1" , "082." , "Semi-chemical pulp" ,   ,   ,   ,   ,   ,   , "Semi-chemical pulp is produced in a two-part process in which the wood, is first chemically softened in digesters and then mechanically refined. It is used mainly for medium-quality papers." ,   , "https://stats.fao.org/classifications/FPCD/v2022/082.1" ,  ,  ,  ,  ,  ,  ,  ,  ,  ,  ,  ,  ,
 "082.11" , "082.1" , "Semi-chemical pulp, unbleached" ,   ,   ,   ,   ,   ,   , "Pulp not treated with chemicals to increase its brightness." ,   , "https://stats.fao.org/classifications/FPCD/v2022/082.11" ,  ,  ,  ,  ,  ,  ,  ,  ,  ,  ,  ,  ,
 "082.111" , "082.11" , "Semi-chemical pulp, unbleached, coniferous" ,   ,   ,   ,   ,   ,   , "N.A." ,   , "https://stats.fao.org/classifications/FPCD/v2022/082.111" ,  ,  ,  ,  ,  ,  ,  ,  ,  ,  ,  ,  ,
 "082.119" , "082.11" , "Other unbleached semi-chemical pulp" ,   ,   ,   ,   ,   ,   , "N.A." ,   , "https://stats.fao.org/classifications/FPCD/v2022/082.119" ,  ,  ,  ,  ,  ,  ,  ,  ,  ,  ,  ,  ,
 "082.12" , "082.1" , "Semi-chemical pulp, bleached" ,   ,   ,   ,   ,   ,   , "Pulp treated with chemicals to increase its brightness." ,   , "https://stats.fao.org/classifications/FPCD/v2022/082.12" ,  ,  ,  ,  ,  ,  ,  ,  ,  ,  ,  ,  ,
 "082.121" , "082.12" , "Semi-chemical pulp, bleached, coniferous" ,   ,   ,   ,   ,   ,   , "N.A." ,   , "https://stats.fao.org/classifications/FPCD/v2022/082.121" ,  ,  ,  ,  ,  ,  ,  ,  ,  ,  ,  ,  ,
 "082.129" , "082.12" , "Other bleached semi-chemical pulp" ,   ,   ,   ,   ,   ,   , "N.A." ,   , "https://stats.fao.org/classifications/FPCD/v2022/082.129" ,  ,  ,  ,  ,  ,  ,  ,  ,  ,  ,  ,  ,
 "082.2" , "082." , "Chemi-mechanical pulp" ,   ,   ,   ,   ,   ,   , "Chemi-mechanical pulp is produced in refiners from wood in chips, shavings, sawdust, etc. The wood is reduced to a fibrous state by the abrasive action. Small amounts of chemicals are introduced as a pre-treatment or during refining in order to facilitate fibre separation." ,   , "https://stats.fao.org/classifications/FPCD/v2022/082.2" ,  ,  ,  ,  ,  ,  ,  ,  ,  ,  ,  ,  ,
 "082.21" , "082.2" , "Chemi-mechanical pulp, unbleached" ,   ,   ,   ,   ,   ,   , "Pulp not treated with chemicals to increase its brightness." ,   , "https://stats.fao.org/classifications/FPCD/v2022/082.21" ,  ,  ,  ,  ,  ,  ,  ,  ,  ,  ,  ,  ,
 "082.211" , "082.21" , "Chemi-mechanical pulp, unbleached, coniferous" ,   ,   ,   ,   ,   ,   , "N.A." ,   , "https://stats.fao.org/classifications/FPCD/v2022/082.211" ,  ,  ,  ,  ,  ,  ,  ,  ,  ,  ,  ,  ,
 "082.219" , "082.21" , "Other unbleached chemi-mechanical pulp" ,   ,   ,   ,   ,   ,   , "N.A." ,   , "https://stats.fao.org/classifications/FPCD/v2022/082.219" ,  ,  ,  ,  ,  ,  ,  ,  ,  ,  ,  ,  ,
 "082.22" , "082.2" , "Chemi-mechanical pulp, bleached" ,   ,   ,   ,   ,   ,   , "Pulp treated with chemicals to increase its brightness." ,   , "https://stats.fao.org/classifications/FPCD/v2022/082.22" ,  ,  ,  ,  ,  ,  ,  ,  ,  ,  ,  ,  ,
 "082.221" , "082.22" , "Chemi-mechanical pulp, bleached, coniferous" ,   ,   ,   ,   ,   ,   , "N.A." ,   , "https://stats.fao.org/classifications/FPCD/v2022/082.221" ,  ,  ,  ,  ,  ,  ,  ,  ,  ,  ,  ,  ,
 "082.229" , "082.22" , "Other bleached chemi-mechanical pulp" ,   ,   ,   ,   ,   ,   , "N.A." ,   , "https://stats.fao.org/classifications/FPCD/v2022/082.229" ,  ,  ,  ,  ,  ,  ,  ,  ,  ,  ,  ,  ,
 "083." , "08" , "Chemical wood pulp" ,   ,   ,   ,   ,   ,   , "Wood pulp obtained by subjecting pulpwood, wood chips, particles or residues to a series of chemical treatments.  It may be bleached, semi-bleached or unbleached.  

It excludes dissolving grades of wood pulp." ,   , "https://stats.fao.org/classifications/FPCD/v2022/083." ,  ,  ,  ,  ,  ,  ,  ,  ,  ,  ,  ,  ,
 "083.1" , "083." , "Soda or sulphate chemical wood pulp" ,   ,   ,   ,   ,   ,   , "Wood pulp obtained by mechanically reducing pulpwood, wood chips, particles or residues to small pieces that are subsequently cooked in a pressure vessel in the presence of sodium hydroxide cooking liquor (soda pulp) or a mixture of sodium hydroxide and sodium sulphite cooking liquor (sulphate pulp). 

It is used in the manufacture of absorbent products as well as for papers and paperboards requiring high tearing resistance and tensile and bursting strength." ,   , "https://stats.fao.org/classifications/FPCD/v2022/083.1" ,  ,  ,  ,  ,  ,  ,  ,  ,  ,  ,  ,  ,
 "083.11" , "083.1" , "Soda or sulphate chemical wood pulp, unbleached" ,   ,   ,   ,   ,   ,   , "Pulp not treated with chemicals to increase its brightness." ,   , "https://stats.fao.org/classifications/FPCD/v2022/083.11" ,  ,  ,  ,  ,  ,  ,  ,  ,  ,  ,  ,  ,
 "083.111" , "083.11" , "Soda or sulphate chemical wood pulp, unbleached, coniferous" ,   ,   ,   ,   ,   ,   , "N.A." ,   , "https://stats.fao.org/classifications/FPCD/v2022/083.111" ,  ,  ,  ,  ,  ,  ,  ,  ,  ,  ,  ,  ,
 "083.119" , "083.11" , "Other unbleached soda or sulphate chemical wood pulp" ,   ,   ,   ,   ,   ,   , "N.A." ,   , "https://stats.fao.org/classifications/FPCD/v2022/083.119" ,  ,  ,  ,  ,  ,  ,  ,  ,  ,  ,  ,  ,
 "083.12" , "083.1" , "Soda or sulphate chemical wood pulp, bleached or semi-bleached" ,   ,   ,   ,   ,   ,   , "Pulp treated with chemicals to increase its brightness." ,   , "https://stats.fao.org/classifications/FPCD/v2022/083.12" ,  ,  ,  ,  ,  ,  ,  ,  ,  ,  ,  ,  ,
 "083.121" , "083.12" , "Soda or sulphate chemical wood pulp, bleached or semi-bleached, coniferous" ,   ,   ,   ,   ,   ,   , "N.A." ,   , "https://stats.fao.org/classifications/FPCD/v2022/083.121" ,  ,  ,  ,  ,  ,  ,  ,  ,  ,  ,  ,  ,
 "083.129" , "083.12" , "Other bleached or semi-bleached soda or sulphate chemical wood pulp" ,   ,   ,   ,   ,   ,   , "N.A." ,   , "https://stats.fao.org/classifications/FPCD/v2022/083.129" ,  ,  ,  ,  ,  ,  ,  ,  ,  ,  ,  ,  ,
 "083.2" , "083." , "Sulphite chemical wood pulp" ,   ,   ,   ,   ,   ,   , "Wood pulp obtained by mechanically reducing pulpwood, wood chips, particles or residues to small pieces that are subsequently cooked in a pressure vessel in the presence of a bisulphite cooking liquor. Bisulphites such as ammonium, calcium, magnesium and sodium are commonly used in this process. The process is used extensively for the treatment of spruce fibre. 

It is used alone or mixed with other pulps, for various writing or printing papers, etc." ,   , "https://stats.fao.org/classifications/FPCD/v2022/083.2" ,  ,  ,  ,  ,  ,  ,  ,  ,  ,  ,  ,  ,
 "083.21" , "083.2" , "Sulphite chemical wood pulp, unbleached" ,   ,   ,   ,   ,   ,   , "Pulp not treated with chemicals to increase its brightness." ,   , "https://stats.fao.org/classifications/FPCD/v2022/083.21" ,  ,  ,  ,  ,  ,  ,  ,  ,  ,  ,  ,  ,
 "083.211" , "083.21" , "Sulphite chemical wood pulp, unbleached, coniferous" ,   ,   ,   ,   ,   ,   , "N.A." ,   , "https://stats.fao.org/classifications/FPCD/v2022/083.211" ,  ,  ,  ,  ,  ,  ,  ,  ,  ,  ,  ,  ,
 "083.219" , "083.21" , "Other unbleached sulphite chemical wood pulp" ,   ,   ,   ,   ,   ,   , "N.A." ,   , "https://stats.fao.org/classifications/FPCD/v2022/083.219" ,  ,  ,  ,  ,  ,  ,  ,  ,  ,  ,  ,  ,
 "083.22" , "083.2" , "Sulphite chemical wood pulp, bleached or semi-bleached" ,   ,   ,   ,   ,   ,   , "Pulp treated with chemicals to increase its brightness." ,   , "https://stats.fao.org/classifications/FPCD/v2022/083.22" ,  ,  ,  ,  ,  ,  ,  ,  ,  ,  ,  ,  ,
 "083.221" , "083.22" , "Sulphite chemical wood pulp, bleached or semi-bleached, coniferous" ,   ,   ,   ,   ,   ,   , "N.A." ,   , "https://stats.fao.org/classifications/FPCD/v2022/083.221" ,  ,  ,  ,  ,  ,  ,  ,  ,  ,  ,  ,  ,
 "083.229" , "083.22" , "Other bleached or semi-bleached sulphite chemical wood pulp" ,   ,   ,   ,   ,   ,   , "N.A." ,   , "https://stats.fao.org/classifications/FPCD/v2022/083.229" ,  ,  ,  ,  ,  ,  ,  ,  ,  ,  ,  ,  ,
 "084." , "08" , "Dissolving wood pulp" ,   ,   ,   ,   ,   ,   , "Chemical pulp (sulphate, soda or sulphite) made from wood of special quality, with a very high alpha-cellulose content (usually 90 % and over). This type of pulp is always bleached and is specially refined or purified to meet requirements of its intended use.  

It is used for making regenerated cellulose, cellulose ethers and esters and products of these materials, such as plates, sheets, film, foil and strip, textile fibres and certain papers (filter paper, vegetable parchment, … )" ,   , "https://stats.fao.org/classifications/FPCD/v2022/084." ,  ,  ,  ,  ,  ,  ,  ,  ,  ,  ,  ,  ,
 "084.1" , "084." , "Sulphate dissolving  wood pulp" ,   ,   ,   ,   ,   ,   , "Dissolving grade wood pulp obtained by use of the sulphate and soda process (description in the group 083.1)." ,   , "https://stats.fao.org/classifications/FPCD/v2022/084.1" ,  ,  ,  ,  ,  ,  ,  ,  ,  ,  ,  ,  ,
 "084.11" , "084.1" , "Sulphate dissolving  wood pulp, coniferous" ,   ,   ,   ,   ,   ,   , "N.A." ,   , "https://stats.fao.org/classifications/FPCD/v2022/084.11" ,  ,  ,  ,  ,  ,  ,  ,  ,  ,  ,  ,  ,
 "084.19" , "084.1" , "Other sulphate dissolving  wood pulp" ,   ,   ,   ,   ,   ,   , "N.A." ,   , "https://stats.fao.org/classifications/FPCD/v2022/084.19" ,  ,  ,  ,  ,  ,  ,  ,  ,  ,  ,  ,  ,
 "084.2" , "084." , "Sulphite dissolving  wood pulp" ,   ,   ,   ,   ,   ,   , "Dissolving grade wood pulp obtained by use of the sulphite process (description in the group 083.2)." ,   , "https://stats.fao.org/classifications/FPCD/v2022/084.2" ,  ,  ,  ,  ,  ,  ,  ,  ,  ,  ,  ,  ,
 "084.21" , "084.2" , "Sulphite dissolving  wood pulp, coniferous" ,   ,   ,   ,   ,   ,   , "N.A." ,   , "https://stats.fao.org/classifications/FPCD/v2022/084.21" ,  ,  ,  ,  ,  ,  ,  ,  ,  ,  ,  ,  ,
 "084.29" , "084.2" , "Other sulphite dissolving  wood pulp" ,   ,   ,   ,   ,   ,   , "N.A." ,   , "https://stats.fao.org/classifications/FPCD/v2022/084.29" ,  ,  ,  ,  ,  ,  ,  ,  ,  ,  ,  ,  ,
 "09" ,   , "OTHER PULP" ,   ,   ,   ,   ,   ,   , "Includes pulp, except dissolving grades, obtained by any method from fibrous ligno-cellulosic materials, except wood. It may be unbleached or bleached." ,   , "https://stats.fao.org/classifications/FPCD/v2022/09" ,  ,  ,  ,  ,  ,  ,  ,  ,  ,  ,  ,  ,
 "091." , "09" , "Pulp from fibres other than wood" ,   ,   ,   ,   ,   ,   , "Pulp manufactured from fibrous vegetable materials other than wood and used for the manufacture of paper, paperboard, fibreboard and other uses.  

It excludes pulp made from recovered paper.  

It includes pulps made from: straw; bamboo; bagasse; esparto; other reeds or grasses; cotton fibres; flax; hemp; rags; and other textile wastes." ,   , "https://stats.fao.org/classifications/FPCD/v2022/091." ,  ,  ,  ,  ,  ,  ,  ,  ,  ,  ,  ,  ,
 "092." , "09" , "Recovered fibre pulp" ,   ,   ,   ,   ,   ,   , "Pulp manufactured from recovered paper or paperboard and used for the manufacture of paper, paperboard and fibreboard.  

It excludes pulp made from straw; bamboo; bagasse; esparto; other reeds or grasses; cotton fibres; flax; hemp; rags; and other textile wastes. 

It may be unbleached or bleached." ,   , "https://stats.fao.org/classifications/FPCD/v2022/092." ,  ,  ,  ,  ,  ,  ,  ,  ,  ,  ,  ,  ,
 "092.1" , "092." , "Pulps of fibres derived from recovered (waste and scrap) paper or paperboard" ,   ,   ,   ,   ,   ,   , "Pulps of fibres derived from recovered (waste and scrap) paper or paperboard used for the manufacture of paper, paperboard and fibreboard." ,   , "https://stats.fao.org/classifications/FPCD/v2022/092.1" ,  ,  ,  ,  ,  ,  ,  ,  ,  ,  ,  ,  ,
 "092.11" , "092.1" , "Pulps of fibres derived from recovered (waste and scrap) paper or paperboard, unbleached" ,   ,   ,   ,   ,   ,   , "Pulp not treated with chemicals to increase its brightness." ,   , "https://stats.fao.org/classifications/FPCD/v2022/092.11" ,  ,  ,  ,  ,  ,  ,  ,  ,  ,  ,  ,  ,
 "092.12" , "092.1" , "Pulps of fibres derived from recovered (waste and scrap) paper or paperboard, bleached" ,   ,   ,   ,   ,   ,   , "Pulp treated with chemicals to increase its brightness." ,   , "https://stats.fao.org/classifications/FPCD/v2022/092.12" ,  ,  ,  ,  ,  ,  ,  ,  ,  ,  ,  ,  ,
 "10" ,   , "RECOVERED PAPER" ,   ,   ,   ,   ,   ,   , "Waste and scraps of paper or paperboard that have been collected for re-use or trade. It includes paper and paperboard that has been used for its original purpose and residues from paper and paperboard production." ,   , "https://stats.fao.org/classifications/FPCD/v2022/10" ,  ,  ,  ,  ,  ,  ,  ,  ,  ,  ,  ,  ,
 "101." , "092." , "Unbleached kraft paper or paperboard or corrugated paper or paperboard" ,   ,   ,   ,   ,   ,   , "Unbleached kraft paper or paperboard or corrugated paper or paperboard" ,   , "https://stats.fao.org/classifications/FPCD/v2022/101." ,  ,  ,  ,  ,  ,  ,  ,  ,  ,  ,  ,  ,
 "102." , "10" , "Other paper or paperboard made mainly of bleached chemical pulp, not coloured in the mass" ,   ,   ,   ,   ,   ,   , "Other paper or paperboard made mainly of bleached chemical pulp, not coloured in the mass" ,   , "https://stats.fao.org/classifications/FPCD/v2022/102." ,  ,  ,  ,  ,  ,  ,  ,  ,  ,  ,  ,  ,
 "103." , "10" , "Paper or paperboard made mainly of mechanical pulp (newspapers, journals and similar)" ,   ,   ,   ,   ,   ,   , "Paper or paperboard made mainly of mechanical pulp (newspapers, journals and similar)" ,   , "https://stats.fao.org/classifications/FPCD/v2022/103." ,  ,  ,  ,  ,  ,  ,  ,  ,  ,  ,  ,  ,
 "109." , "10" , "Other, including unsorted waste and scrap" ,   ,   ,   ,   ,   ,   , "Other, including unsorted waste and scrap" ,   , "https://stats.fao.org/classifications/FPCD/v2022/109." ,  ,  ,  ,  ,  ,  ,  ,  ,  ,  ,  ,  ,
 "11" ,   , "PAPER AND PAPERBOARD" ,   ,   ,   ,   ,   ,   , "The paper and paperboard category is an aggregate category. In the production and trade statistics, it represents the sum of graphic papers; sanitary and household papers; packaging materials and other paper and paperboard.  

It excludes manufactured paper products such as boxes, cartons, books and magazines, etc." ,   , "https://stats.fao.org/classifications/FPCD/v2022/11" ,  ,  ,  ,  ,  ,  ,  ,  ,  ,  ,  ,  ,
 "111." , "11" , "Graphic papers" ,   ,   ,   ,   ,   ,   , "The graphic papers category is an aggregate category. It represents the sum of newsprint; uncoated mechanical; uncoated woodfree and coated papers. Products in this category are generally manufactured in strips or rolls of a width exceeding 15 cm or in rectangular sheets with one side exceeding 36 cm and the other exceeding 15 cm in the unfolded state. It excludes manufactured paper products such as books and magazines, etc." ,   , "https://stats.fao.org/classifications/FPCD/v2022/111." ,  ,  ,  ,  ,  ,  ,  ,  ,  ,  ,  ,  ,
 "111.1" , "111." , "Newsprint" ,   ,   ,   ,   ,   ,   , "Uncoated paper mainly used for printing newspapers. It is made largely from mechanical pulp and/or recovered paper, with or without a small amount of filler. Products in this category are generally manufactured in strips or rolls of a width exceeding 36 cm. Weights usually range from 40 to 52 g/m2 but can be as high as 65 g/m2. Newsprint is machine finished or slightly calendered, white or slightly coloured and is used in reels for letterpress, offset or flexo printing." ,   , "https://stats.fao.org/classifications/FPCD/v2022/111.1" ,  ,  ,  ,  ,  ,  ,  ,  ,  ,  ,  ,  ,
 "111.2" , "111." , "Uncoated graphic papers" ,   ,   ,   ,   ,   ,   , "Paper and paperboard, except newsprint, that may have been subjected to sizing, calendering, super-calendering, glazing, water marking or similar simple finishing processes, but not to coating." ,   , "https://stats.fao.org/classifications/FPCD/v2022/111.2" ,  ,  ,  ,  ,  ,  ,  ,  ,  ,  ,  ,  ,
 "111.21" , "111.2" , "Uncoated graphic papers, mechanical" ,   ,   ,   ,   ,   ,   , "Paper and paperboard containing 10 % or more fibres obtained by mechanical or thermo-mechanical process." ,   , "https://stats.fao.org/classifications/FPCD/v2022/111.21" ,  ,  ,  ,  ,  ,  ,  ,  ,  ,  ,  ,  ,
 "111.22" , "111.2" , "Uncoated graphic papers, wood free" ,   ,   ,   ,   ,   ,   , "Paper and paperboard not containing 10 % or more fibres obtained by mechanical or thermo-mechanical process." ,   , "https://stats.fao.org/classifications/FPCD/v2022/111.22" ,  ,  ,  ,  ,  ,  ,  ,  ,  ,  ,  ,  ,
 "111.221" , "111.22" , "Uncoated graphic papers, wood free, hand-made paper and paperboard" ,   ,   ,   ,   ,   ,   , "Hand-made paper and paperboard can be made from any paper-making material but mainly are used best grade linen or cotton rags. The term “hand-made” means that moulding the pulp fibres into sheet form is performed by hand." ,   , "https://stats.fao.org/classifications/FPCD/v2022/111.221" ,  ,  ,  ,  ,  ,  ,  ,  ,  ,  ,  ,  ,
 "111.222" , "111.22" , "Uncoated graphic papers, wood free, used as a base for photo-sensitive, heat-sensitive or electro-sensitive paper or paperboard" ,   ,   ,   ,   ,   ,   , "Paper and paperboard used as a base for photo-sensitive, heat-sensitive or electro-sensitive paper or paperboard." ,   , "https://stats.fao.org/classifications/FPCD/v2022/111.222" ,  ,  ,  ,  ,  ,  ,  ,  ,  ,  ,  ,  ,
 "111.229" , "111.22" , "Other wood free uncoated graphic papers" ,   ,   ,   ,   ,   ,   , "Other wood free paper and paperboard." ,   , "https://stats.fao.org/classifications/FPCD/v2022/111.229" ,  ,  ,  ,  ,  ,  ,  ,  ,  ,  ,  ,  ,
 "111.3" , "111." , "Coated graphic papers" ,   ,   ,   ,   ,   ,   , "Paper and paperboard which has been coated on one or both sides by a compound or polymer to impart certain qualities to the paper, including weight, surface gloss, smoothness or reduced ink absorbency." ,   , "https://stats.fao.org/classifications/FPCD/v2022/111.3" ,  ,  ,  ,  ,  ,  ,  ,  ,  ,  ,  ,  ,
 "111.31" , "111.3" , "Coated graphic papers, mechanical" ,   ,   ,   ,   ,   ,   , "Coated paper and paperboard containing 10 % or more fibres obtained by mechanical or thermo-mechanical process." ,   , "https://stats.fao.org/classifications/FPCD/v2022/111.31" ,  ,  ,  ,  ,  ,  ,  ,  ,  ,  ,  ,  ,
 "111.311" , "111.31" , "Coated graphic papers, mechanical, light-weight coated paper" ,   ,   ,   ,   ,   ,   , "Light-weight coated paper is a coated paper with a high mechanical pulp content. They are used for high quality magazines and advertising materials with demanding colour-printing requirements." ,   , "https://stats.fao.org/classifications/FPCD/v2022/111.311" ,  ,  ,  ,  ,  ,  ,  ,  ,  ,  ,  ,  ,
 "111.319" , "111.31" , "Other mechanical coated graphic papers" ,   ,   ,   ,   ,   ,   , "Other mechanical coated papers." ,   , "https://stats.fao.org/classifications/FPCD/v2022/111.319" ,  ,  ,  ,  ,  ,  ,  ,  ,  ,  ,  ,  ,
 "111.32" , "111.3" , "Coated graphic papers, woodfree" ,   ,   ,   ,   ,   ,   , "Coated paper and paperboard not containing 10 % or more fibres obtained by mechanical or thermo-mechanical process." ,   , "https://stats.fao.org/classifications/FPCD/v2022/111.32" ,  ,  ,  ,  ,  ,  ,  ,  ,  ,  ,  ,  ,
 "111.321" , "111.32" , "Coated graphic papers, woodfree, carbon paper, self-copy paper and other copying or transfer papers" ,   ,   ,   ,   ,   ,   , "Papers coated on one side with a layer of a loosely bound dry ink or pigmented coating, bound with wax, used for making one or more copies simultaneously with the creation of an original document by applying pressure (using a typewriter or a ballpoint pen). 
These products must be in strips or rolls of a width exceeding 36 cm." ,   , "https://stats.fao.org/classifications/FPCD/v2022/111.321" ,  ,  ,  ,  ,  ,  ,  ,  ,  ,  ,  ,  ,
 "111.329" , "111.32" , "Other wood free coated graphic papers" ,   ,   ,   ,   ,   ,   , "Other wood free coated graphic papers n.e.c." ,   , "https://stats.fao.org/classifications/FPCD/v2022/111.329" ,  ,  ,  ,  ,  ,  ,  ,  ,  ,  ,  ,  ,
 "112." , "11" , "Sanitary and household papers" ,   ,   ,   ,   ,   ,   , "This covers the stock of a wide range of tissue and other hygienic papers for use in households or commercial and industrial premises. Products in this category are generally manufactured in strips or rolls of a width exceeding 36 cm. Examples are toilet paper and facial tissues, kitchen towels, hand towels and industrial wipes. Some tissue is also used in the manufacture of baby napkins, sanitary towels, etc.
The parent reel stock is made from virgin pulp or recovered fibre or mixtures of these." ,   , "https://stats.fao.org/classifications/FPCD/v2022/112." ,  ,  ,  ,  ,  ,  ,  ,  ,  ,  ,  ,  ,
 "112.1" , "112." , "Toilet or facial tissue stock, towel or napkin stock and similar papers" ,   ,   ,   ,   ,   ,   , "Toilet or facial tissue stock, towel or napkin stock and similar paper of a kind used for household or sanitary purposes." ,   , "https://stats.fao.org/classifications/FPCD/v2022/112.1" ,  ,  ,  ,  ,  ,  ,  ,  ,  ,  ,  ,  ,
 "112.2" , "112." , "Cellulose wadding and webs of cellulose fibres" ,   ,   ,   ,   ,   ,   , "Cellulose wadding consists of creped web of cellulose fibres of open formation. 
Webs of cellulose fibres (tissues) consist of cellulose fibres of closed formation." ,   , "https://stats.fao.org/classifications/FPCD/v2022/112.2" ,  ,  ,  ,  ,  ,  ,  ,  ,  ,  ,  ,  ,
 "112.9" , "112." , "Other sanitary and household papers" ,   ,   ,   ,   ,   ,   , "Other sanitary and household papers n.e.c." ,   , "https://stats.fao.org/classifications/FPCD/v2022/112.9" ,  ,  ,  ,  ,  ,  ,  ,  ,  ,  ,  ,  ,
 "113." , "11" , "Packaging materials" ,   ,   ,   ,   ,   ,   , "Paper or paperboard mainly used for wrapping and packaging purposes. Products in this category are generally manufactured in strips or rolls of a width exceeding 36 cm. 
It excludes unbleached kraft paper and paperboard that are not sack kraft paper or Kraftliner and weighing more than 150 g/m² but less than 225 g/m²; felt paper and paperboard; tracing papers; not further processed uncoated paper weighing 225 g/m² or more." ,   , "https://stats.fao.org/classifications/FPCD/v2022/113." ,  ,  ,  ,  ,  ,  ,  ,  ,  ,  ,  ,  ,
 "113.1" , "113." , "Case materials" ,   ,   ,   ,   ,   ,   , "Papers and boards mainly used in the manufacture of corrugated board. They are made from any combination of virgin and recovered fibres and can be bleached, unbleached or mottled. 
It includes kraftliner, testliner, semi-chemical fluting, and waste-based fluting (Wellenstoff)." ,   , "https://stats.fao.org/classifications/FPCD/v2022/113.1" ,  ,  ,  ,  ,  ,  ,  ,  ,  ,  ,  ,  ,
 "113.11" , "113.1" , "Case materials, kraftliner" ,   ,   ,   ,   ,   ,   , "Paper or paperboard in rolls whose fibre content has no less than 80% fibers obtained by the chemical sulfate or soda processes and weighing more than 115 g/m2." ,   , "https://stats.fao.org/classifications/FPCD/v2022/113.11" ,  ,  ,  ,  ,  ,  ,  ,  ,  ,  ,  ,  ,
 "113.111" , "113.11" , "Case materials, kraftliner, unbleached" ,   ,   ,   ,   ,   ,   , "Kraftliner made wholly or principally of unbleached sulphate pulp." ,   , "https://stats.fao.org/classifications/FPCD/v2022/113.111" ,  ,  ,  ,  ,  ,  ,  ,  ,  ,  ,  ,  ,
 "113.112" , "113.11" , "Case materials, kraftliner, bleached" ,   ,   ,   ,   ,   ,   , "Kraftliner made wholly or principally of bleached sulphate pulp." ,   , "https://stats.fao.org/classifications/FPCD/v2022/113.112" ,  ,  ,  ,  ,  ,  ,  ,  ,  ,  ,  ,  ,
 "113.12" , "113.1" , "Case materials, fluting paper" ,   ,   ,   ,   ,   ,   , "Paper or paperboard used mainly as a corrugating medium in the production of corrugated board. It may be produced wholly or principally from semi-chemical wood pulp or from other materials." ,   , "https://stats.fao.org/classifications/FPCD/v2022/113.12" ,  ,  ,  ,  ,  ,  ,  ,  ,  ,  ,  ,  ,
 "113.121" , "113.12" , "Case materials, fluting paper, semi-chemical" ,   ,   ,   ,   ,   ,   , "Fluting paper made wholly or principally of semi-chemical woodpulp." ,   , "https://stats.fao.org/classifications/FPCD/v2022/113.121" ,  ,  ,  ,  ,  ,  ,  ,  ,  ,  ,  ,  ,
 "113.122" , "113.12" , "Case materials, fluting paper, straw fluting paper" ,   ,   ,   ,   ,   ,   , "Paper, in rolls, made mainly of straw pulp obtained by semi-chemical pulping processes and weighing 130 g/m2 or more." ,   , "https://stats.fao.org/classifications/FPCD/v2022/113.122" ,  ,  ,  ,  ,  ,  ,  ,  ,  ,  ,  ,  ,
 "113.129" , "113.12" , "Other fluting papers" ,   ,   ,   ,   ,   ,   , "Fluting paper made wholly or principally from other than semi-chemical woodpulp." ,   , "https://stats.fao.org/classifications/FPCD/v2022/113.129" ,  ,  ,  ,  ,  ,  ,  ,  ,  ,  ,  ,  ,
 "113.13" , "113.1" , "Case materials, testliner (recycled liner board)" ,   ,   ,   ,   ,   ,   , "Testliner, like kraftliner, is used for the outer and intermediate plies of corrugated board. However, its strength is not quite as high as that of kraftliner, as it has a higher recycled fibre content." ,   , "https://stats.fao.org/classifications/FPCD/v2022/113.13" ,  ,  ,  ,  ,  ,  ,  ,  ,  ,  ,  ,  ,
 "113.19" , "113.1" , "Other case materials" ,   ,   ,   ,   ,   ,   , "Other case materials not mention in subgroups 11311, 11312 and 11313." ,   , "https://stats.fao.org/classifications/FPCD/v2022/113.19" ,  ,  ,  ,  ,  ,  ,  ,  ,  ,  ,  ,  ,
 "113.2" , "113." , "Cartonboard" ,   ,   ,   ,   ,   ,   , "Sometimes referred to as folding boxboard, it may be single- or multi-ply, coated or uncoated. It is made from virgin and/or recovered fibres, and has good folding properties, stiffness and scoring ability. It is mainly used in cartons for consumer products such as frozen food and for liquid containers. 
It includes paper and paperboard covered or coated with plastics (excluding adhesives) and coated multi-ply." ,   , "https://stats.fao.org/classifications/FPCD/v2022/113.2" ,  ,  ,  ,  ,  ,  ,  ,  ,  ,  ,  ,  ,
 "113.21" , "113.2" , "Cartonboard, kraftpaper paper and paperboard not used for writing weighing more than 150 g/m² but less than 225 g/m²" ,   ,   ,   ,   ,   ,   , "Kraftpaper paper or paperboard (cardboard) are produced from chemical pulp produced in the kraft process, which means that not less than 80 % by weight of the total fibre content consists of fibres obtained by the chemical sulphate or soda processes." ,   , "https://stats.fao.org/classifications/FPCD/v2022/113.21" ,  ,  ,  ,  ,  ,  ,  ,  ,  ,  ,  ,  ,
 "113.22" , "113.2" , "Cartonboard, other uncoated paper and paperboard weighing more than 150 g/m² but less than 225 g/m²" ,   ,   ,   ,   ,   ,   , "Other uncoated paper and paperboard weighing more than 150 g/m² but less than 225 g/m² in rolls or sheets, not further worked or processed. (4805.92)" ,   , "https://stats.fao.org/classifications/FPCD/v2022/113.22" ,  ,  ,  ,  ,  ,  ,  ,  ,  ,  ,  ,  ,
 "113.23" , "113.2" , "Cartonboard, paper and paperboard coated, impregnated or covered with plastics (excluding adhesives) weighing more than 150 g/m²" ,   ,   ,   ,   ,   ,   , "Paper and paperboard coated, impregnated or covered with plastics (excluding adhesives) weighing more than 150 g/m², if the layer of plastics does not constitute more than half the total thickness." ,   , "https://stats.fao.org/classifications/FPCD/v2022/113.23" ,  ,  ,  ,  ,  ,  ,  ,  ,  ,  ,  ,  ,
 "113.24" , "113.2" , "Cartonboard, other kraft paper and paperboard weighing 225 g/m² or more" ,   ,   ,   ,   ,   ,   , "Other kraft paper and paperboard weighing 225 g/m² or more, in rolls or sheets, can bleached or unbleached." ,   , "https://stats.fao.org/classifications/FPCD/v2022/113.24" ,  ,  ,  ,  ,  ,  ,  ,  ,  ,  ,  ,  ,
 "113.29" , "113.2" , "Other cartonboard n.e.c." ,   ,   ,   ,   ,   ,   , "Other cartonboard not mentioned in the subgroups 113.21, 113.22, 113.23 and 113.24." ,   , "https://stats.fao.org/classifications/FPCD/v2022/113.29" ,  ,  ,  ,  ,  ,  ,  ,  ,  ,  ,  ,  ,
 "113.3" , "113." , "Wrapping papers" ,   ,   ,   ,   ,   ,   , "Wrappings papers (up to 150 g/m2) whose main use is wrapping or packaging made from any combination of virgin or recovered fibres, bleached or unbleached. They may be subject to various finishing and/or marking processes. 
It includes sack kraft, other wrapping krafts, sulphite and greaseproof papers as well as coated paper and paperboard not uniformly bleached throughout the mass, except multi-ply. 
It excludes: tracing papers." ,   , "https://stats.fao.org/classifications/FPCD/v2022/113.3" ,  ,  ,  ,  ,  ,  ,  ,  ,  ,  ,  ,  ,
 "113.31" , "113.3" , "Wrapping papers, sack kraft paper" ,   ,   ,   ,   ,   ,   , "Sack kraft paper is a porous kraft paper with high elasticity and high tear resistance, designed for packaging products with high demands for strength and durability. It contains more than 80 % by weight fibres obtained by chemical sulphate or soda processes." ,   , "https://stats.fao.org/classifications/FPCD/v2022/113.31" ,  ,  ,  ,  ,  ,  ,  ,  ,  ,  ,  ,  ,
 "113.311" , "113.31" , "Wrapping papers, sack kraft paper, unbleached" ,   ,   ,   ,   ,   ,   , "Sack kraft paper made wholly or principally of unbleached sulphate pulp." ,   , "https://stats.fao.org/classifications/FPCD/v2022/113.311" ,  ,  ,  ,  ,  ,  ,  ,  ,  ,  ,  ,  ,
 "113.312" , "113.31" , "Wrapping papers, sack kraft paper, bleached" ,   ,   ,   ,   ,   ,   , "N.A." ,   , "https://stats.fao.org/classifications/FPCD/v2022/113.312" ,  ,  ,  ,  ,  ,  ,  ,  ,  ,  ,  ,  ,
 "113.32" , "113.3" , "Wrapping papers, kraft paper and paperboard weighing 150 g/m² or less" ,   ,   ,   ,   ,   ,   , "Kraftpaper paper and paperboard means paper and paperboard of which not less than 80 % by weight of the total fibre content consists of fibres obtained by the chemical sulphate or soda processes." ,   , "https://stats.fao.org/classifications/FPCD/v2022/113.32" ,  ,  ,  ,  ,  ,  ,  ,  ,  ,  ,  ,  ,
 "113.321" , "113.32" , "Wrapping papers, kraft paper and paperboard weighing 150 g/m² or less, unbleached" ,   ,   ,   ,   ,   ,   , "Kraftpaper paper and paperboard made wholly or principally of unbleached sulphate pulp." ,   , "https://stats.fao.org/classifications/FPCD/v2022/113.321" ,  ,  ,  ,  ,  ,  ,  ,  ,  ,  ,  ,  ,
 "113.322" , "113.32" , "Wrapping papers, kraft paper and paperboard weighing 150 g/m² or less, bleached" ,   ,   ,   ,   ,   ,   , "Kraftpaper paper and paperboard made wholly or principally of bleached sulphate pulp." ,   , "https://stats.fao.org/classifications/FPCD/v2022/113.322" ,  ,  ,  ,  ,  ,  ,  ,  ,  ,  ,  ,  ,
 "113.33" , "113.3" , "Wrapping papers, sulphite wrapping paper" ,   ,   ,   ,   ,   ,   , "Sulphite wrapping paper means machine-glazed paper. It contains more than 40 % by weight fibres obtained by chemical sulphite process." ,   , "https://stats.fao.org/classifications/FPCD/v2022/113.33" ,  ,  ,  ,  ,  ,  ,  ,  ,  ,  ,  ,  ,
 "113.34" , "113.3" , "Wrapping papers, vegetable parchment" ,   ,   ,   ,   ,   ,   , "Vegetable parchment is made by passing sheets of paper made of pulp fibres into sulfuric acid. The sulfuric acid hydrolyses and solubilizes the main natural organic polymer, cellulose, present in the pulp wood fibres. The paper web is then washed in water, which stops the hydrolysis of the cellulose and causes a kind of cellulose coating to form on the paper. The final paper is dried and it is then resistant to grease and semi-translucent." ,   , "https://stats.fao.org/classifications/FPCD/v2022/113.34" ,  ,  ,  ,  ,  ,  ,  ,  ,  ,  ,  ,  ,
 "113.35" , "113.3" , "Wrapping papers, greaseproof papers" ,   ,   ,   ,   ,   ,   , "Greaseproof papers are translucent papers that are impermeable to oil or grease and are normally used in cooking or food packaging. Normally greaseproof paper are produced by refining the paper stock and thus create a sheet with very low porosity." ,   , "https://stats.fao.org/classifications/FPCD/v2022/113.35" ,  ,  ,  ,  ,  ,  ,  ,  ,  ,  ,  ,  ,
 "113.36" , "113.3" , "Wrapping papers, glassine and other glazed transparent or translucent papers" ,   ,   ,   ,   ,   ,   , "Glassine and other glazed transparent paper is made in the same manner as greaseproof paper but in the final stage they are supercalendered to further improve the density.  
They are mainly uncoloured and generally less impermeable than vegetable parchment and greaseproof papers." ,   , "https://stats.fao.org/classifications/FPCD/v2022/113.36" ,  ,  ,  ,  ,  ,  ,  ,  ,  ,  ,  ,  ,
 "113.37" , "113.3" , "Wrapping papers, corrugated paper and paperboard" ,   ,   ,   ,   ,   ,   , "Corrugated paper and paperboard results from processing material through grooved rollers with the application of heat and steam. Flat surface sheet can be applied on one or both sides." ,   , "https://stats.fao.org/classifications/FPCD/v2022/113.37" ,  ,  ,  ,  ,  ,  ,  ,  ,  ,  ,  ,  ,
 "113.38" , "113.3" , "Wrapping papers, kraft paper creped or crinkled" ,   ,   ,   ,   ,   ,   , "Creped and crinkled papers are made by mechanical treatment of the webs of paper in the moist state or by passing the made paper between rollers with wrinkled surfaces. The product has a wrinkled appearance and the property of high elasticity." ,   , "https://stats.fao.org/classifications/FPCD/v2022/113.38" ,  ,  ,  ,  ,  ,  ,  ,  ,  ,  ,  ,  ,
 "113.39" , "113.3" , "Other wrapping papers n.e.c." ,   ,   ,   ,   ,   ,   , "Other wrapping papers not mentioned in the subgroups 113.31, 113.32, 113.33, 113.34, 113.35, 113.36, 113.37 and 113.38." ,   , "https://stats.fao.org/classifications/FPCD/v2022/113.39" ,  ,  ,  ,  ,  ,  ,  ,  ,  ,  ,  ,  ,
 "113.9" , "113." , "Other papers mainly for packaging" ,   ,   ,   ,   ,   ,   , "This category embraces all papers and boards mainly for packaging purposes other than those listed above. Most are produced from recovered fibres, e.g. greyboards, and go for conversion, which in some cases may be for end-uses other than packaging." ,   , "https://stats.fao.org/classifications/FPCD/v2022/113.9" ,  ,  ,  ,  ,  ,  ,  ,  ,  ,  ,  ,  ,
 "113.91" , "113.9" , "Other uncoated paper and paperboard weighing 225 g/m² or more" ,   ,   ,   ,   ,   ,   , "Other uncoated paper and paperboards weighing 225 g/m² or more, in rolls or sheets, and not further worked or processed." ,   , "https://stats.fao.org/classifications/FPCD/v2022/113.91" ,  ,  ,  ,  ,  ,  ,  ,  ,  ,  ,  ,  ,
 "113.99" , "113.9" , "Other papers mainly for packaging n.e.c." ,   ,   ,   ,   ,   ,   , "Other papers mainly for packaging n.e.c." ,   , "https://stats.fao.org/classifications/FPCD/v2022/113.99" ,  ,  ,  ,  ,  ,  ,  ,  ,  ,  ,  ,  ,
 "114." , "11" , "Other paper and paperboard" ,   ,   ,   ,   ,   ,   , "Other papers and paperboards for industrial and special purposes. 
It includes cigarette papers and stock of filter papers, as well as gypsum liners and special papers for insulating, roofing, and other specific applications or treatments; wallpaper base; unbleached kraft paper and paperboard that are not sack kraft paper or Kraftliner and weighing more than 150 g/m² but less than 225 g/m²; felt paper and paperboard; tracing papers; not further processed uncoated paper weighing 225 g/m² or more; and raw copying and transfer papers, in rolls or sheets except carbon or self-copy paper. 
It excludes all composite, not coated, paper and paper board of flat layers stuck together; coated paper and paperboard not uniformly bleached throughout the mass; and paper and paperboard covered or coated with plastics (excluding adhesives)." ,   , "https://stats.fao.org/classifications/FPCD/v2022/114." ,  ,  ,  ,  ,  ,  ,  ,  ,  ,  ,  ,  ,
 "114.1" , "114." , "Other paper and paperboard, wallpaper base" ,   ,   ,   ,   ,   ,   , "Uncoated paper of a kind used for further converting into acrylic or vinyl wallpapers." ,   , "https://stats.fao.org/classifications/FPCD/v2022/114.1" ,  ,  ,  ,  ,  ,  ,  ,  ,  ,  ,  ,  ,
 "114.2" , "114." , "Other paper and paperboard, filter paper and paperboard" ,   ,   ,   ,   ,   ,   , "Filter paper and paperboard are porous products, devoid of wood fibres obtained by mechanical or semi-chemical process. They are designed to remove solid particles from liquids or gases. They are produced from rag or chemical pulp or a mixture of. 
It includes filter paper and paperboard not further worked or processed." ,   , "https://stats.fao.org/classifications/FPCD/v2022/114.2" ,  ,  ,  ,  ,  ,  ,  ,  ,  ,  ,  ,  ,
 "114.3" , "114." , "Other paper and paperboard, felt paper and paperboard" ,   ,   ,   ,   ,   ,   , "Felt paper and paperboard are products made from a fibrous mass of varying degrees of absorbency. Waste and scrap of paper or paperboard and wood pulp or textile waste in the form of fibres are used in their manufacture. 
They are mainly used in the manufacture of paperboard for roofing." ,   , "https://stats.fao.org/classifications/FPCD/v2022/114.3" ,  ,  ,  ,  ,  ,  ,  ,  ,  ,  ,  ,  ,
 "114.4" , "114." , "Other paper and paperboard, tracing papers" ,   ,   ,   ,   ,   ,   , "A form of tracing paper is similar to greaseproof paper. Tracing paper is usually made from sulphite pulp by reducing the fibres to a state of fine subdivision and hydrolysing them by very prolonged beating in water. Tracing paper is named as such for its ability for an image to be traced onto it." ,   , "https://stats.fao.org/classifications/FPCD/v2022/114.4" ,  ,  ,  ,  ,  ,  ,  ,  ,  ,  ,  ,  ,
 "114.5" , "114." , "Other paper and paperboard, filter blocks, slabs and plates of paper pulp" ,   ,   ,   ,   ,   ,   , "Filter blocks, slabs and plates, of paper pulp are manufactured by using vegetable fibres (cotton, flax, wood, etc.) with a high cellulose content, which are compressed together in the form of blocks, slabs or plates without the aid of any binding material. 
Filter blocks are used in filters for clarifying liquids (e.g. wine, spirits, beer, vinegar, etc.)" ,   , "https://stats.fao.org/classifications/FPCD/v2022/114.5" ,  ,  ,  ,  ,  ,  ,  ,  ,  ,  ,  ,  ,
 "114.6" , "114." , "Other paper and paperboard, cigarette paper" ,   ,   ,   ,   ,   ,   , "This item cover all cigarette paper regardless of its size or presentation. 
This paper is of good quality (frequently of hemp or linen rag pulp), but very thin and relatively strong." ,   , "https://stats.fao.org/classifications/FPCD/v2022/114.6" ,  ,  ,  ,  ,  ,  ,  ,  ,  ,  ,  ,  ,
 "114.9" , "114." , "Other paper and paperboard n.e.c." ,   ,   ,   ,   ,   ,   , "Other paper and paperboards not mentioned in the divisions 111., 112., 113." ,   , "https://stats.fao.org/classifications/FPCD/v2022/114.9" ,  ,  ,  ,  ,  ,  ,  ,  ,  ,  ,  ,  ,
 "12" ,   , "CORK" ,   ,   ,   ,   ,   ,   , "Cork is obtained almost exclusively from the outer bark of the cork-oak (Quercus suber)." ,   , "https://stats.fao.org/classifications/FPCD/v2022/12" ,  ,  ,  ,  ,  ,  ,  ,  ,  ,  ,  ,  ,
 "121." , "12" , "Natural cork" ,   ,   ,   ,   ,   ,   , "Cork having undergone no treatment whatever after stripping." ,   , "https://stats.fao.org/classifications/FPCD/v2022/121." ,  ,  ,  ,  ,  ,  ,  ,  ,  ,  ,  ,  ,
 "121.1" , "121." , "Natural cork, raw or simply prepared" ,   ,   ,   ,   ,   ,   , "Raw cork is presented in curved slabs as stripped from the cork tree. It includes cork which has been surface scraped or cleaned. 
It includes cork treated with fungicides or flattened by pressing after treatment in boiling water or stream.
It excludes debacked cork (deprived of the outer bark), cork roughly squared" ,   , "https://stats.fao.org/classifications/FPCD/v2022/121.1" ,  ,  ,  ,  ,  ,  ,  ,  ,  ,  ,  ,  ,
 "121.2" , "121." , "Natural cork, debacked or roughly squared, or in rectangular blocks, plates, sheets or strip" ,   ,   ,   ,   ,   ,   , "Debacked cork are natural cork slabs with the whole of the back sawn or otherwise removed from the outer surface. 
Roughly squared cork are natural cork slabs with the outer (bark) and inner (tree) surfaces sawn or otherwise cut so as to be approximately parallel." ,   , "https://stats.fao.org/classifications/FPCD/v2022/121.2" ,  ,  ,  ,  ,  ,  ,  ,  ,  ,  ,  ,  ,
 "121.3" , "121." , "Articles of natural cork" ,   ,   ,   ,   ,   ,   , "It includes corks and stoppers of all kinds made from natural cork; discs, washers and wafers of natural cork, for lining crown corks and other closures for bottles, jars, etc." ,   , "https://stats.fao.org/classifications/FPCD/v2022/121.3" ,  ,  ,  ,  ,  ,  ,  ,  ,  ,  ,  ,  ,
 "121.31" , "121.3" , "Articles of natural cork, corks and stoppers" ,   ,   ,   ,   ,   ,   , "It includes corks and stoppers of all kinds made from natural cork." ,   , "https://stats.fao.org/classifications/FPCD/v2022/121.31" ,  ,  ,  ,  ,  ,  ,  ,  ,  ,  ,  ,  ,
 "121.39" , "121.3" , "Other articles of natural cork" ,   ,   ,   ,   ,   ,   , "It includes discs, washers and wafers of natural cork, for lining crown corks and other closures for bottles, jars, etc." ,   , "https://stats.fao.org/classifications/FPCD/v2022/121.39" ,  ,  ,  ,  ,  ,  ,  ,  ,  ,  ,  ,  ,
 "121.4" , "121." , "Waste of natural or agglomerated cork" ,   ,   ,   ,   ,   ,   , "It includes i.e. shavings, waste pieces and scrap used generally for the production of crushed, granulated or powdered cork. It includes also waste turnings, of cork in the form of “cork wool”." ,   , "https://stats.fao.org/classifications/FPCD/v2022/121.4" ,  ,  ,  ,  ,  ,  ,  ,  ,  ,  ,  ,  ,
 "121.5" , "121." , "Crushed, granulated or ground cork" ,   ,   ,   ,   ,   ,   , "Crushed, granulated or ground cork is made from virgin cork or cork waste, and mainly used in the manufacture of agglomerated cork, linoleum or lincrusta." ,   , "https://stats.fao.org/classifications/FPCD/v2022/121.5" ,  ,  ,  ,  ,  ,  ,  ,  ,  ,  ,  ,  ,
 "122." , "12" , "Agglomerated cork and articles of agglomerated cork" ,   ,   ,   ,   ,   ,   , "Agglomerated cork is manufactured by agglomerating crushed, granulated or ground cork generally under heat and pressure either with an added binding substance or without them." ,   , "https://stats.fao.org/classifications/FPCD/v2022/122." ,  ,  ,  ,  ,  ,  ,  ,  ,  ,  ,  ,  ,
 "122.1" , "122." , "Agglomerated cork and articles of agglomerated cork, with a binding substance" ,   ,   ,   ,   ,   ,   , "Agglomerated cork is manufactured under heat and pressure with an added binding substance e.g. unvulcanised rubber, glue, plastics." ,   , "https://stats.fao.org/classifications/FPCD/v2022/122.1" ,  ,  ,  ,  ,  ,  ,  ,  ,  ,  ,  ,  ,
 "122.11" , "122.1" , "Agglomerated cork and articles of agglomerated cork, with a binding substance, blocks, plates, sheets and strip; tiles of any shape; solid cylinders, including discs" ,   ,   ,   ,   ,   ,   , "Agglomerated cork in the form of blocks, plates, sheets and strip; tiles of any shape; solid cylinders, including discs" ,   , "https://stats.fao.org/classifications/FPCD/v2022/122.11" ,  ,  ,  ,  ,  ,  ,  ,  ,  ,  ,  ,  ,
 "122.12" , "122.1" , "Agglomerated cork and articles of agglomerated cork, with a binding substance, corks and stoppers" ,   ,   ,   ,   ,   ,   , "It includes corks and stoppers of all kinds made from agglomerated cork." ,   , "https://stats.fao.org/classifications/FPCD/v2022/122.12" ,  ,  ,  ,  ,  ,  ,  ,  ,  ,  ,  ,  ,
 "122.13" , "122.1" , "Agglomerated cork and articles of agglomerated cork, with a binding substance, gaskets, washers and other seals of agglomerated cork, for civil aircraft" ,   ,   ,   ,   ,   ,   , "Agglomerated cork in the form of gaskets, washers and other seals of agglomerated cork, for civil aircraft." ,   , "https://stats.fao.org/classifications/FPCD/v2022/122.13" ,  ,  ,  ,  ,  ,  ,  ,  ,  ,  ,  ,  ,
 "122.19" , "122.1" , "Other agglomerated cork and articles of agglomerated cork, with a binding substance" ,   ,   ,   ,   ,   ,   , "Other uses of agglomerated cork, e.g. building materials, moulded shapes, insulating or protecting hot water or steam piping, for the manufacture of filters, etc." ,   , "https://stats.fao.org/classifications/FPCD/v2022/122.19" ,  ,  ,  ,  ,  ,  ,  ,  ,  ,  ,  ,  ,
 "122.2" , "122." , "Agglomerated cork and articles of agglomerated cork, without a binding substance" ,   ,   ,   ,   ,   ,   , "Agglomerated cork is manufactured under heat and pressure without an added binding substance, at a temperature of about 300 oC, where natural gum in the cork acts as a binder." ,   , "https://stats.fao.org/classifications/FPCD/v2022/122.2" ,  ,  ,  ,  ,  ,  ,  ,  ,  ,  ,  ,  ,
 "122.21" , "122.2" , "Agglomerated cork and articles of agglomerated cork, without a binding substance, blocks, plates, sheets and strip; tiles of any shape; solid cylinders, including discs" ,   ,   ,   ,   ,   ,   , "Agglomerated cork in the form of blocks, plates, sheets and strip; tiles of any shape; solid cylinders, including discs." ,   , "https://stats.fao.org/classifications/FPCD/v2022/122.21" ,  ,  ,  ,  ,  ,  ,  ,  ,  ,  ,  ,  ,
 "122.22" , "122.2" , "Agglomerated cork and articles of agglomerated cork, without a binding substance, corks and stoppers" ,   ,   ,   ,   ,   ,   , "It includes corks and stoppers of all kinds made from agglomerated cork." ,   , "https://stats.fao.org/classifications/FPCD/v2022/122.22" ,  ,  ,  ,  ,  ,  ,  ,  ,  ,  ,  ,  ,
 "122.23" , "122.2" , "Agglomerated cork and articles of agglomerated cork, without a binding substance, gaskets, washers and other seals of agglomerated cork, for civil aircraft" ,   ,   ,   ,   ,   ,   , "Agglomerated cork in the form of gaskets, washers and other seals of agglomerated cork, for civil aircraft." ,   , "https://stats.fao.org/classifications/FPCD/v2022/122.23" ,  ,  ,  ,  ,  ,  ,  ,  ,  ,  ,  ,  ,
 "122.29" , "122.2" , "Other agglomerated cork and articles of agglomerated cork, without a binding substance" ,   ,   ,   ,   ,   ,   , "Other uses of agglomerated cork, e.g. building materials, moulded shapes, insulating or protecting hot water or steam piping, for the manufacture of filters, etc." ,   , "https://stats.fao.org/classifications/FPCD/v2022/122.29" ,  ,  ,  ,  ,  ,  ,  ,  ,  ,  ,  ,  ,
 "13" ,   , "SECONDARY WOOD PRODUCTS" ,   ,   ,   ,   ,   ,   , "Secondary wood products include essentially wood products and furniture. This item will consider the products resulting from further transformation of sawnwood and other wood-based material. The range of operations and process is very wide, starting with the cutting to size of components and ending with the manufacture of finished and complex products such as pieces of furniture." ,   , "https://stats.fao.org/classifications/FPCD/v2022/13" ,  ,  ,  ,  ,  ,  ,  ,  ,  ,  ,  ,  ,
 "131." , "13" , "Further processed sawnwood" ,   ,   ,   ,   ,   ,   , "Wood sawn or chipped lengthwise (including strips and friezes for parquet flooring, not assembled) and continuously shaped (tongued, grooved, rebated, V-jointed, beaded, moulded, rounded or the like) along any of its edges or faces, whether or not planed, sanded or finger jointed. 
It excludes bamboo-based products and sawn or chipped wood with further treatment of edges and/or faces other than planing, or sanding." ,   , "https://stats.fao.org/classifications/FPCD/v2022/131." ,  ,  ,  ,  ,  ,  ,  ,  ,  ,  ,  ,  ,
 "131.1" , "131." , "Further processed sawnwood, coniferous" ,   ,   ,   ,   ,   ,   , "N.A." ,   , "https://stats.fao.org/classifications/FPCD/v2022/131.1" ,  ,  ,  ,  ,  ,  ,  ,  ,  ,  ,  ,  ,
 "131.11" , "131.1" , "Further processed sawnwood, coniferous, boards with rounded edges or ends" ,   ,   ,   ,   ,   ,   , "Wood sawn or chipped lengthwise with rounded edges or ends." ,   , "https://stats.fao.org/classifications/FPCD/v2022/131.11" ,  ,  ,  ,  ,  ,  ,  ,  ,  ,  ,  ,  ,
 "131.12" , "131.1" , "Further processed sawnwood, coniferous, V-jointed wood" ,   ,   ,   ,   ,   ,   , "It covers i.e., wood tongued and grooved with chamfered edges or ends." ,   , "https://stats.fao.org/classifications/FPCD/v2022/131.12" ,  ,  ,  ,  ,  ,  ,  ,  ,  ,  ,  ,  ,
 "131.13" , "131.1" , "Further processed sawnwood, coniferous, beaded wood" ,   ,   ,   ,   ,   ,   , "It covers wood tongued and grooved with a simple bead between the edge or end and the tongue." ,   , "https://stats.fao.org/classifications/FPCD/v2022/131.13" ,  ,  ,  ,  ,  ,  ,  ,  ,  ,  ,  ,  ,
 "131.14" , "131.1" , "Further processed sawnwood, coniferous, moulded wood" ,   ,   ,   ,   ,   ,   , "It covers strips of wood shaped to various contours, which are used for the manufacture of picture frames, decoration of walls, furniture, etc." ,   , "https://stats.fao.org/classifications/FPCD/v2022/131.14" ,  ,  ,  ,  ,  ,  ,  ,  ,  ,  ,  ,  ,
 "131.15" , "131.1" , "Further processed sawnwood, coniferous, rounded wood" ,   ,   ,   ,   ,   ,   , "It covers drawn woods, which are used in the manufacture of certain types of match splints, pegs for footwear, certain types of wooden sun blinds, toothpicks, cheese making screens, etc." ,   , "https://stats.fao.org/classifications/FPCD/v2022/131.15" ,  ,  ,  ,  ,  ,  ,  ,  ,  ,  ,  ,  ,
 "131.16" , "131.1" , "Further processed sawnwood, coniferous, thermowood and torrefied sawnwood" ,   ,   ,   ,   ,   ,   , "The manufacturing process of ThermoWood is based on the use of high temperature and steam. No chemicals are used in the treatment. The process improves dimensional stability and biological durability of wood. Another improvement is in the insulation properties of the final material, the process leads to a reduction in thermal conductivity. Due to the high treatment temperatures the resin is removed from the wood.

The manufacture of torrefied sawnwood consists of heating the wood at a very high temperature (from 190 to 240°C), in a torrefaction kiln (autoclave) at controlled atmosphere and low in oxygen. The length of the process, as well as the temperature degree sustained during a determined period, depends on the torrefied specie and the desired colour. This technology requires a pre-drying process using conventional kiln driers, to lower the moisture level between 6% and 10%. After that, the torrefaction kiln lowers the moisture level to 0%. Finally, the wood is placed in a conditioning chamber where the temperature is gradually lowered by controlled steam injection. The moisture level of the product is increased between 3% and 6%, in order to give back to the wood its natural flexibility. This conditioning stabilizes the wood and allows better quality manufacturing." ,   , "https://stats.fao.org/classifications/FPCD/v2022/131.16" ,  ,  ,  ,  ,  ,  ,  ,  ,  ,  ,  ,  ,
 "131.19" , "131.1" , "Other coniferous further processed sawnwood" ,   ,   ,   ,   ,   ,   , "Other further processed sawnwood not mentioned in the previous items." ,   , "https://stats.fao.org/classifications/FPCD/v2022/131.19" ,  ,  ,  ,  ,  ,  ,  ,  ,  ,  ,  ,  ,
 "131.2" , "131." , "Further processed sawnwood, tropical non-coniferous" ,   ,   ,   ,   ,   ,   , "N.A." ,   , "https://stats.fao.org/classifications/FPCD/v2022/131.2" ,  ,  ,  ,  ,  ,  ,  ,  ,  ,  ,  ,  ,
 "131.21" , "131.2" , "Further processed sawnwood, tropical non-coniferous, boards with rounded edges or ends" ,   ,   ,   ,   ,   ,   , "Wood sawn or chipped lengthwise with rounded edges or ends." ,   , "https://stats.fao.org/classifications/FPCD/v2022/131.21" ,  ,  ,  ,  ,  ,  ,  ,  ,  ,  ,  ,  ,
 "131.22" , "131.2" , "Further processed sawnwood, tropical non-coniferous, V-jointed wood" ,   ,   ,   ,   ,   ,   , "It covers i.e., wood tongued and grooved with chamfered edges or ends." ,   , "https://stats.fao.org/classifications/FPCD/v2022/131.22" ,  ,  ,  ,  ,  ,  ,  ,  ,  ,  ,  ,  ,
 "131.23" , "131.2" , "Further processed sawnwood, tropical non-coniferous, beaded wood" ,   ,   ,   ,   ,   ,   , "It covers wood tongued and grooved with a simple bead between the edge or end and the tongue." ,   , "https://stats.fao.org/classifications/FPCD/v2022/131.23" ,  ,  ,  ,  ,  ,  ,  ,  ,  ,  ,  ,  ,
 "131.24" , "131.2" , "Further processed sawnwood, tropical non-coniferous, moulded wood" ,   ,   ,   ,   ,   ,   , "It covers strips of wood shaped to various contours, which are used for the manufacture of picture frames, decoration of walls, furniture, etc." ,   , "https://stats.fao.org/classifications/FPCD/v2022/131.24" ,  ,  ,  ,  ,  ,  ,  ,  ,  ,  ,  ,  ,
 "131.25" , "131.2" , "Further processed sawnwood, tropical non-coniferous, rounded wood" ,   ,   ,   ,   ,   ,   , "It covers drawn woods, which are used in the manufacture of certain types of match splints, pegs for footwear, certain types of wooden sun blinds, toothpicks, cheese making screens, etc." ,   , "https://stats.fao.org/classifications/FPCD/v2022/131.25" ,  ,  ,  ,  ,  ,  ,  ,  ,  ,  ,  ,  ,
 "131.26" , "131.2" , "Further processed sawnwood, tropical non-coniferous, thermowood and torrefied sawnwood" ,   ,   ,   ,   ,   ,   , "The manufacturing process of ThermoWood is based on the use of high temperature and steam. No chemicals are used in the treatment. The process improves dimensional stability and biological durability of wood. Another improvement is in the insulation properties of the final material, the process leads to a reduction in thermal conductivity. Due to the high treatment temperatures the resin is removed from the wood.

The manufacture of torrefied sawnwood consists of heating the wood at a very high temperature (from 190 to 240°C), in a torrefaction kiln (autoclave) at controlled atmosphere and low in oxygen. The length of the process, as well as the temperature degree sustained during a determined period, depends on the torrefied specie and the desired colour. This technology requires a pre-drying process using conventional kiln driers, to lower the moisture level between 6% and 10%. After that, the torrefaction kiln lowers the moisture level to 0%. Finally, the wood is placed in a conditioning chamber where the temperature is gradually lowered by controlled steam injection. The moisture level of the product is increased between 3% and 6%, in order to give back to the wood its natural flexibility. This conditioning stabilizes the wood and allows better quality manufacturing." ,   , "https://stats.fao.org/classifications/FPCD/v2022/131.26" ,  ,  ,  ,  ,  ,  ,  ,  ,  ,  ,  ,  ,
 "131.29" , "131.2" , "Other tropical non-coniferous further processed sawnwood" ,   ,   ,   ,   ,   ,   , "Other further processed sawnwood not mentioned in the previous items." ,   , "https://stats.fao.org/classifications/FPCD/v2022/131.29" ,  ,  ,  ,  ,  ,  ,  ,  ,  ,  ,  ,  ,
 "131.9" , "131." , "Other further processed sawnwood" ,   ,   ,   ,   ,   ,   , "N.A." ,   , "https://stats.fao.org/classifications/FPCD/v2022/131.9" ,  ,  ,  ,  ,  ,  ,  ,  ,  ,  ,  ,  ,
 "131.91" , "131.9" , "Other further processed sawnwood, boards with rounded edges or ends" ,   ,   ,   ,   ,   ,   , "Wood sawn or chipped lengthwise with rounded edges or ends." ,   , "https://stats.fao.org/classifications/FPCD/v2022/131.91" ,  ,  ,  ,  ,  ,  ,  ,  ,  ,  ,  ,  ,
 "131.92" , "131.9" , "Other further processed sawnwood, V-jointed wood" ,   ,   ,   ,   ,   ,   , "It covers i.e., wood tongued and grooved with chamfered edges or ends." ,   , "https://stats.fao.org/classifications/FPCD/v2022/131.92" ,  ,  ,  ,  ,  ,  ,  ,  ,  ,  ,  ,  ,
 "131.93" , "131.9" , "Other further processed sawnwood, beaded wood" ,   ,   ,   ,   ,   ,   , "It covers wood tongued and grooved with a simple bead between the edge or end and the tongue." ,   , "https://stats.fao.org/classifications/FPCD/v2022/131.93" ,  ,  ,  ,  ,  ,  ,  ,  ,  ,  ,  ,  ,
 "131.94" , "131.9" , "Other further processed sawnwood, moulded wood" ,   ,   ,   ,   ,   ,   , "It covers strips of wood shaped to various contours, which are used for the manufacture of picture frames, decoration of walls, furniture, etc." ,   , "https://stats.fao.org/classifications/FPCD/v2022/131.94" ,  ,  ,  ,  ,  ,  ,  ,  ,  ,  ,  ,  ,
 "131.95" , "131.9" , "Other further processed sawnwood, rounded wood" ,   ,   ,   ,   ,   ,   , "It covers drawn woods, which are used in the manufacture of certain types of match splints, pegs for footwear, certain types of wooden sun blinds, toothpicks, cheese making screens, etc." ,   , "https://stats.fao.org/classifications/FPCD/v2022/131.95" ,  ,  ,  ,  ,  ,  ,  ,  ,  ,  ,  ,  ,
 "131.96" , "131.9" , "Other further processed sawnwood, thermowood and torrefied sawnwood" ,   ,   ,   ,   ,   ,   , "The manufacturing process of ThermoWood is based on the use of high temperature and steam. No chemicals are used in the treatment. The process improves dimensional stability and biological durability of wood. Another improvement is in the insulation properties of the final material, the process leads to a reduction in thermal conductivity. Due to the high treatment temperatures the resin is removed from the wood.

The manufacture of torrefied sawnwood consists of heating the wood at a very high temperature (from 190 to 240°C), in a torrefaction kiln (autoclave) at controlled atmosphere and low in oxygen. The length of the process, as well as the temperature degree sustained during a determined period, depends on the torrefied specie and the desired colour. This technology requires a pre-drying process using conventional kiln driers, to lower the moisture level between 6% and 10%. After that, the torrefaction kiln lowers the moisture level to 0%. Finally, the wood is placed in a conditioning chamber where the temperature is gradually lowered by controlled steam injection. The moisture level of the product is increased between 3% and 6%, in order to give back to the wood its natural flexibility. This conditioning stabilizes the wood and allows better quality manufacturing." ,   , "https://stats.fao.org/classifications/FPCD/v2022/131.96" ,  ,  ,  ,  ,  ,  ,  ,  ,  ,  ,  ,  ,
 "131.99" , "131.9" , "Other further processed sawnwood n.e.c." ,   ,   ,   ,   ,   ,   , "Other further processed sawnwood not mentioned in the previous items." ,   , "https://stats.fao.org/classifications/FPCD/v2022/131.99" ,  ,  ,  ,  ,  ,  ,  ,  ,  ,  ,  ,  ,
 "132." , "13" , "Wooden wrapping and packaging material" ,   ,   ,   ,   ,   ,   , "It includes packing cases, boxes, crates, drums and similar packings, of wood; cable-drums of wood; pallets, box pallets and other load boards, of wood; pallet collars of wood. Casks, barrels, vats, tubs and other coopers' products and parts thereof, of wood, including staves." ,   , "https://stats.fao.org/classifications/FPCD/v2022/132." ,  ,  ,  ,  ,  ,  ,  ,  ,  ,  ,  ,  ,
 "132.1" , "132." , "Packing cases, boxes, crates, drums and similar packings" ,   ,   ,   ,   ,   ,   , "It includes packing cases and boxes with solid sides, lids and bottoms; crates, fruit or vegetable boxes, egg trays and other containers with slatted sides and open tops; boxes made of sliced or peeled wood; match boxes and conical open containers for marketing butter, fruit, etc." ,   , "https://stats.fao.org/classifications/FPCD/v2022/132.1" ,  ,  ,  ,  ,  ,  ,  ,  ,  ,  ,  ,  ,
 "132.2" , "132." , "Cable drums" ,   ,   ,   ,   ,   ,   , "Cable drums are large drums, used to hold and transport electric cables, telephone cables and similar cables." ,   , "https://stats.fao.org/classifications/FPCD/v2022/132.2" ,  ,  ,  ,  ,  ,  ,  ,  ,  ,  ,  ,  ,
 "132.3" , "132." , "Pallets, box pallets and other load boards" ,   ,   ,   ,   ,   ,   , "It encompasses products which serve as a portable platforms for the assembly of a quantity of goods to form a unit load for handling, transportation and storage by mechanical appliances.
It includes also platforms, post platforms, collar type box platforms, side rail platforms and end rail platforms." ,   , "https://stats.fao.org/classifications/FPCD/v2022/132.3" ,  ,  ,  ,  ,  ,  ,  ,  ,  ,  ,  ,  ,
 "132.4" , "132." , "Pallet collars" ,   ,   ,   ,   ,   ,   , "Pallet collars are collars made up of four pieces of wood, usually with hinges on the ends to form a frame that is placed over the pallet itself." ,   , "https://stats.fao.org/classifications/FPCD/v2022/132.4" ,  ,  ,  ,  ,  ,  ,  ,  ,  ,  ,  ,  ,
 "132.5" , "132." , "Casks, barrels, vats, tubs and other coopers' products" ,   ,   ,   ,   ,   ,   , "It includes containers which the bodies are composed of staves with grooves into which the heads and bottoms are fitted and the shape being maintained by hoops of wood or metal." ,   , "https://stats.fao.org/classifications/FPCD/v2022/132.5" ,  ,  ,  ,  ,  ,  ,  ,  ,  ,  ,  ,  ,
 "132.6" , "132." , "Parts of coopers' products from wood, including staves" ,   ,   ,   ,   ,   ,   , "It includes barrel heads, hoopwood and unfinished staves (stavewood)." ,   , "https://stats.fao.org/classifications/FPCD/v2022/132.6" ,  ,  ,  ,  ,  ,  ,  ,  ,  ,  ,  ,  ,
 "132.9" , "132." , "Other wooden wrapping and packaging material" ,   ,   ,   ,   ,   ,   , "Other wooden wrapping and packaging material not mentioned in the groups 132.1, 132.2, 132.3, 132.4, 132.5 and 132.6" ,   , "https://stats.fao.org/classifications/FPCD/v2022/132.9" ,  ,  ,  ,  ,  ,  ,  ,  ,  ,  ,  ,  ,
 "133." , "13" , "Wood products for domestic/decorative use" ,   ,   ,   ,   ,   ,   , "It includes wooden frames for paintings, photographs, mirrors or similar objects; tableware and kitchenware of wood; and wood marquetry and inlaid wood, cases for jewellery or cutlery, statuettes and other ornaments of wood; hat racks.
It excludes bamboo-based products." ,   , "https://stats.fao.org/classifications/FPCD/v2022/133." ,  ,  ,  ,  ,  ,  ,  ,  ,  ,  ,  ,  ,
 "133.1" , "133." , "Wooden frames for paintings, photographs, mirrors or similar objects" ,   ,   ,   ,   ,   ,   , "It includes wooden frames of all shapes and dimensions. The frames of the heading may also be of wood marquetry or inlaid wood." ,   , "https://stats.fao.org/classifications/FPCD/v2022/133.1" ,  ,  ,  ,  ,  ,  ,  ,  ,  ,  ,  ,  ,
 "133.11" , "133.1" , "Wooden frames for paintings, photographs, mirrors or similar objects, tropical non-coniferous" ,   ,   ,   ,   ,   ,   , "It includes wooden frames of all shapes and dimensions. The frames of the heading may also be of wood marquetry or inlaid wood." ,   , "https://stats.fao.org/classifications/FPCD/v2022/133.11" ,  ,  ,  ,  ,  ,  ,  ,  ,  ,  ,  ,  ,
 "133.19" , "133.1" , "Other Wooden frames for paintings, photographs, mirrors or similar objects" ,   ,   ,   ,   ,   ,   , "It includes wooden frames of all shapes and dimensions. The frames of the heading may also be of wood marquetry or inlaid wood." ,   , "https://stats.fao.org/classifications/FPCD/v2022/133.19" ,  ,  ,  ,  ,  ,  ,  ,  ,  ,  ,  ,  ,
 "133.2" , "133." , "Tableware and kitchenware" ,   ,   ,   ,   ,   ,   , "It includes household articles of wood, which are used as tableware or kitchenware like spoons, forks, salad servers; platters and serving dishes; jars, cups and saucers; etc." ,   , "https://stats.fao.org/classifications/FPCD/v2022/133.2" ,  ,  ,  ,  ,  ,  ,  ,  ,  ,  ,  ,  ,
 "133.21" , "133.2" , "Tableware and kitchenware, tropical non-coniferous" ,   ,   ,   ,   ,   ,   , "It includes household articles of wood, which are used as tableware or kitchenware like spoons, forks, salad servers; platters and serving dishes; jars, cups and saucers; etc." ,   , "https://stats.fao.org/classifications/FPCD/v2022/133.21" ,  ,  ,  ,  ,  ,  ,  ,  ,  ,  ,  ,  ,
 "133.29" , "133.2" , "Other Tableware and kitchenware" ,   ,   ,   ,   ,   ,   , "It includes household articles of wood, which are used as tableware or kitchenware like spoons, forks, salad servers; platters and serving dishes; jars, cups and saucers; etc." ,   , "https://stats.fao.org/classifications/FPCD/v2022/133.29" ,  ,  ,  ,  ,  ,  ,  ,  ,  ,  ,  ,  ,
 "133.3" , "133." , "Wood marquetry and inlaid wood" ,   ,   ,   ,   ,   ,   , "It includes panels of wood marquetry and inlaid wood, including those partly of material other than wood." ,   , "https://stats.fao.org/classifications/FPCD/v2022/133.3" ,  ,  ,  ,  ,  ,  ,  ,  ,  ,  ,  ,  ,
 "133.4" , "133." , "Caskets and cases for jewellery or cutlery" ,   ,   ,   ,   ,   ,   , "It includes a wide variety of articles of generally of careful manufacture and good finish, such as small articles of cabinetwork (for example, caskets and jewel cases); small furnishing goods; decorative articles, etc." ,   , "https://stats.fao.org/classifications/FPCD/v2022/133.4" ,  ,  ,  ,  ,  ,  ,  ,  ,  ,  ,  ,  ,
 "133.5" , "133." , "Statuettes and other ornaments" ,   ,   ,   ,   ,   ,   , "It includes statuettes, animals, figures and other ornaments." ,   , "https://stats.fao.org/classifications/FPCD/v2022/133.5" ,  ,  ,  ,  ,  ,  ,  ,  ,  ,  ,  ,  ,
 "133.51" , "133.5" , "Statuettes and other ornaments, tropical non-coniferous" ,   ,   ,   ,   ,   ,   , "It includes statuettes, animals, figures and other ornaments." ,   , "https://stats.fao.org/classifications/FPCD/v2022/133.51" ,  ,  ,  ,  ,  ,  ,  ,  ,  ,  ,  ,  ,
 "133.59" , "133.5" , "Other Statuettes and other ornaments" ,   ,   ,   ,   ,   ,   , "It includes statuettes, animals, figures and other ornaments." ,   , "https://stats.fao.org/classifications/FPCD/v2022/133.59" ,  ,  ,  ,  ,  ,  ,  ,  ,  ,  ,  ,  ,
 "133.9" , "133." , "Other wood products for domestic or decorative use" ,   ,   ,   ,   ,   ,   , "Other wood products for domestic and decorative use not mentioned in the groups 133.1, 133.2, 133.3, 133.4 and 133.5" ,   , "https://stats.fao.org/classifications/FPCD/v2022/133.9" ,  ,  ,  ,  ,  ,  ,  ,  ,  ,  ,  ,  ,
 "134." , "13" , "Other manufactured wood products" ,   ,   ,   ,   ,   ,   , "It includes tools, tool handles, broom or brush bodies and handles, boot or shoe lasts or trees; clothes hangers, coffins and other articles of wood.
It excludes bamboo-based products." ,   , "https://stats.fao.org/classifications/FPCD/v2022/134." ,  ,  ,  ,  ,  ,  ,  ,  ,  ,  ,  ,  ,
 "134.1" , "134." , "Tools, tool bodies, tool handles" ,   ,   ,   ,   ,   ,   , "It includes tool bodies of not fitted with their metal working parts and wooden handles for tools or implements of all kinds (e.g., handles for spades, shovels, rakes, hammers, screwdrivers, saws, etc.)" ,   , "https://stats.fao.org/classifications/FPCD/v2022/134.1" ,  ,  ,  ,  ,  ,  ,  ,  ,  ,  ,  ,  ,
 "134.2" , "134." , "Broom or brush bodies and handles" ,   ,   ,   ,   ,   ,   , "Broom or brush bodies are pieces of wood, shaped to the actual form of broom or brush heads. They may sometimes consist of more than one piece." ,   , "https://stats.fao.org/classifications/FPCD/v2022/134.2" ,  ,  ,  ,  ,  ,  ,  ,  ,  ,  ,  ,  ,
 "134.3" , "134." , "Boot or shoe lasts and trees" ,   ,   ,   ,   ,   ,   , "Boot or shoe lasts of wood and boot or shoe trees, which are used for preserving the shape or for stretching footwear." ,   , "https://stats.fao.org/classifications/FPCD/v2022/134.3" ,  ,  ,  ,  ,  ,  ,  ,  ,  ,  ,  ,  ,
 "134.4" , "134." , "Clothes hangers" ,   ,   ,   ,   ,   ,   , "Wooden clothes hanger consists of a flat piece of wood cut into a boomerang-like shape with the edges sanded down to prevent damage to the clothing, and a hook, usually of metal, protruding from the point. Some wooden hangers have a rounded bar from tip to tip, forming a flattened triangle. This bar is designed to hang the trousers belonging to the jacket." ,   , "https://stats.fao.org/classifications/FPCD/v2022/134.4" ,  ,  ,  ,  ,  ,  ,  ,  ,  ,  ,  ,  ,
 "134.5" , "134." , "Coffins" ,   ,   ,   ,   ,   ,   , "A coffin is a funerary box used for burial or cremation." ,   , "https://stats.fao.org/classifications/FPCD/v2022/134.5" ,  ,  ,  ,  ,  ,  ,  ,  ,  ,  ,  ,  ,
 "134.9" , "134." , "Other manufactured wood products n.e.c." ,   ,   ,   ,   ,   ,   , "It includes match splints which are manufactured to the dimensions of matches; wood paving blocks; spools, cops, bobbins, sewing thread reels; ladders and steps; clothes pegs; oars, paddles, rudders; coffins, etc." ,   , "https://stats.fao.org/classifications/FPCD/v2022/134.9" ,  ,  ,  ,  ,  ,  ,  ,  ,  ,  ,  ,  ,
 "135." , "13" , "Builder's joinery and carpentry of wood" ,   ,   ,   ,   ,   ,   , "It includes windows, doors and coverings thereof as well as cellular wood panels, assembled parquet panels, shingles and shakes.
It excludes bamboo-based products." ,   , "https://stats.fao.org/classifications/FPCD/v2022/135." ,  ,  ,  ,  ,  ,  ,  ,  ,  ,  ,  ,  ,
 "135.1" , "135." , "Windows, French-windows and their frames" ,   ,   ,   ,   ,   ,   , "It includes windows, French-windows and their frames used in the construction." ,   , "https://stats.fao.org/classifications/FPCD/v2022/135.1" ,  ,  ,  ,  ,  ,  ,  ,  ,  ,  ,  ,  ,
 "135.11" , "135.1" , "Windows, French-windows and their frames, tropical non-coniferous" ,   ,   ,   ,   ,   ,   , "It includes windows, French-windows and their frames used in the construction." ,   , "https://stats.fao.org/classifications/FPCD/v2022/135.11" ,  ,  ,  ,  ,  ,  ,  ,  ,  ,  ,  ,  ,
 "135.19" , "135.1" , "Windows, French-windows and their frames, other" ,   ,   ,   ,   ,   ,   , "It includes windows, French-windows and their frames used in the construction." ,   , "https://stats.fao.org/classifications/FPCD/v2022/135.19" ,  ,  ,  ,  ,  ,  ,  ,  ,  ,  ,  ,  ,
 "135.2" , "135." , "Doors and their frames and thresholds" ,   ,   ,   ,   ,   ,   , "Doors and their frames and thresholds used in the construction. They can be made from of ordinary wood or of particle board, fibreboard, laminated wood or densified wood." ,   , "https://stats.fao.org/classifications/FPCD/v2022/135.2" ,  ,  ,  ,  ,  ,  ,  ,  ,  ,  ,  ,  ,
 "135.21" , "135.2" , "Doors and their frames and thresholds, tropical non-coniferous" ,   ,   ,   ,   ,   ,   , "Doors and their frames and thresholds used in the construction. They can be made from of ordinary wood or of particle board, fibreboard, laminated wood or densified wood." ,   , "https://stats.fao.org/classifications/FPCD/v2022/135.21" ,  ,  ,  ,  ,  ,  ,  ,  ,  ,  ,  ,  ,
 "135.29" , "135.2" , "Doors and their frames and thresholds, other" ,   ,   ,   ,   ,   ,   , "Doors and their frames and thresholds used in the construction. They can be made from of ordinary wood or of particle board, fibreboard, laminated wood or densified wood." ,   , "https://stats.fao.org/classifications/FPCD/v2022/135.29" ,  ,  ,  ,  ,  ,  ,  ,  ,  ,  ,  ,  ,
 "135.3" , "135." , "Shuttering for concrete constructional work" ,   ,   ,   ,   ,   ,   , "Shuttering for concrete constructional work, they can be made from of ordinary wood or of particle board, fibreboard, laminated wood or densified wood." ,   , "https://stats.fao.org/classifications/FPCD/v2022/135.3" ,  ,  ,  ,  ,  ,  ,  ,  ,  ,  ,  ,  ,
 "135.4" , "135." , "Shingles and shakes" ,   ,   ,   ,   ,   ,   , "A shingle is a thin piece of wood having parallel sides and tapered so that one end is thicker than the other, sawn from a shingle bolt.  It is primarily used to cover roofs and walls of buildings to protect them from the weather.

A shake is a shingle obtained by splitting, instead of sawing the bolt or plank. Shakes may be straight split or hand split and resawn tapered. It is primarily used to cover roofs and walls of buildings to protect them from the weather." ,   , "https://stats.fao.org/classifications/FPCD/v2022/135.4" ,  ,  ,  ,  ,  ,  ,  ,  ,  ,  ,  ,  ,
 "135.5" , "135." , "Posts and beams" ,   ,   ,   ,   ,   ,   , "Posts are round, hewn, squared or split wood, usually less than 3 m in length, but possibly up to 5 m used for fencing, guard rails and the like.
Beam is a piece of wood which is typically long and squared that can be used as a building material." ,   , "https://stats.fao.org/classifications/FPCD/v2022/135.5" ,  ,  ,  ,  ,  ,  ,  ,  ,  ,  ,  ,  ,
 "135.6" , "135." , "Assembled flooring panels" ,   ,   ,   ,   ,   ,   , "It includes solid blocks, strips, friezes, etc., assembled into flooring panels or tiles. It also includes flooring panels or tiles consisting of blocks, strips, friezes, etc., assembled on a support of one or more layers of wood, known as “multilayer” parquet flooring panels." ,   , "https://stats.fao.org/classifications/FPCD/v2022/135.6" ,  ,  ,  ,  ,  ,  ,  ,  ,  ,  ,  ,  ,
 "135.7" , "135." , "Engineered structural timber products" ,   ,   ,   ,   ,   ,   , "Engineered structural timber products are made from sawnwood, veneers, strands of wood, or from other small wood elements that are bound together with structural resins to form structural products. They are designed for use in the same structural applications as sawnwood (e.g., girders, beams, headers, joists, studs, and columns)." ,   , "https://stats.fao.org/classifications/FPCD/v2022/135.7" ,  ,  ,  ,  ,  ,  ,  ,  ,  ,  ,  ,  ,
 "135.71" , "135.7" , "Glue‑laminated timber (GLULAM)" ,   ,   ,   ,   ,   ,   , "Glue-laminated timber is a type of structural timber product comprising a number of layers of dimensioned timber bonded together with durable, moisture-resistant structural adhesives. The wood laminations have their grain essentially parallel." ,   , "https://stats.fao.org/classifications/FPCD/v2022/135.71" ,  ,  ,  ,  ,  ,  ,  ,  ,  ,  ,  ,  ,
 "135.72" , "135.7" , "Cross - laminated timber (CLT or X-lam)" ,   ,   ,   ,   ,   ,   , "Cross-laminated timber consists of several layers of structural lumber boards stacked crosswise (typically at 90 degrees) and glued together on their wide faces and, sometimes, on the narrow faces as well. A cross-section of a CLT element has at least three glued layers of boards placed in orthogonally alternating orientation to the neighbouring layers. In special configurations, consecutive layers may be placed in the same direction, giving a double layer (e.g. double longitudinal layers at the outer faces and additional double layers at the core of the panel) to obtain specific structural capacities. CLT products are usually fabricated with three to seven layers and even more in some cases." ,   , "https://stats.fao.org/classifications/FPCD/v2022/135.72" ,  ,  ,  ,  ,  ,  ,  ,  ,  ,  ,  ,  ,
 "135.73" , "135.7" , "I-beams" ,   ,   ,   ,   ,   ,   , "I-beams are strong, lightweight, "I" shaped engineered wood structural members that meet demanding performance standards. I-beams are comprised of top and bottom flanges, which resist bending, united with webs, which provide outstanding shear resistance. The flange material is typically laminated veneer lumber (LVL) or solid sawn lumber, and the web is made with plywood or OSB." ,   , "https://stats.fao.org/classifications/FPCD/v2022/135.73" ,  ,  ,  ,  ,  ,  ,  ,  ,  ,  ,  ,  ,
 "135.79" , "135.7" , "Other Engineered structural timber products" ,   ,   ,   ,   ,   ,   , "Parallel strand lumber (PSL) is a form of wood product made from clipped veneer strands laid in parallel alignment and bonded with adhesive.

Laminated strand lumber (LSL) resembles oriented strandboard in appearance because like OSB, LSL is made from long strands coming from fast-growing aspen or poplar. However, unlike OSB, the strands are arranged parallel to the longitudinal axis of the member.

Oriented strand lumber (OSL) is made from flaked wood strands with a high length-to-thickness ratio. The strands are oriented and combined with an adhesive to form a large mat or billet and then pressed." ,   , "https://stats.fao.org/classifications/FPCD/v2022/135.79" ,  ,  ,  ,  ,  ,  ,  ,  ,  ,  ,  ,  ,
 "135.9" , "135." , "Other builder's joinery and carpentry of wood" ,   ,   ,   ,   ,   ,   , "Other builder's joinery and carpentry of wood" ,   , "https://stats.fao.org/classifications/FPCD/v2022/135.9" ,  ,  ,  ,  ,  ,  ,  ,  ,  ,  ,  ,  ,
 "136." , "13" , "Wooden furniture" ,   ,   ,   ,   ,   ,   , "It includes seats with wooden frames, such as wooden camping and garden seats etc. and parts thereof except seats convertible into beds, swivel seats, medical seats. 
Wooden furniture other than seats as of a kind used in offices, in the kitchen, bedrooms and elsewhere, as well as parts of all these." ,   , "https://stats.fao.org/classifications/FPCD/v2022/136." ,  ,  ,  ,  ,  ,  ,  ,  ,  ,  ,  ,  ,
 "136.1" , "136." , "Wood swivel seats with variable height adjustment" ,   ,   ,   ,   ,   ,   , "Wood swivel seats with variable height adjustment" ,   , "https://stats.fao.org/classifications/FPCD/v2022/136.1" ,  ,  ,  ,  ,  ,  ,  ,  ,  ,  ,  ,  ,
 "136.2" , "136." , "Wood seats other than garden seats or camping equipment, convertible into beds" ,   ,   ,   ,   ,   ,   , "Wood seats other than garden seats or camping equipment, convertible into beds" ,   , "https://stats.fao.org/classifications/FPCD/v2022/136.2" ,  ,  ,  ,  ,  ,  ,  ,  ,  ,  ,  ,  ,
 "136.3" , "136." , "Other seats with wooden frames" ,   ,   ,   ,   ,   ,   , "It includes seats with wooden frames which can be upholstered." ,   , "https://stats.fao.org/classifications/FPCD/v2022/136.3" ,  ,  ,  ,  ,  ,  ,  ,  ,  ,  ,  ,  ,
 "136.4" , "136." , "Wooden parts of seats" ,   ,   ,   ,   ,   ,   , "It includes identifiable parts of chairs or other seats, such as backs, bottoms and arm rests made from wood." ,   , "https://stats.fao.org/classifications/FPCD/v2022/136.4" ,  ,  ,  ,  ,  ,  ,  ,  ,  ,  ,  ,  ,
 "136.5" , "136." , "Wooden furniture" ,   ,   ,   ,   ,   ,   , "It includes wooden furniture of a kind used in offices, in the kitchen, in the bedroom and other wooden furniture." ,   , "https://stats.fao.org/classifications/FPCD/v2022/136.5" ,  ,  ,  ,  ,  ,  ,  ,  ,  ,  ,  ,  ,
 "136.51" , "136.5" , "Wooden furniture, used in offices" ,   ,   ,   ,   ,   ,   , "It includes wooden furniture of a kind used in offices, in the kitchen, in the bedroom and other wooden furniture." ,   , "https://stats.fao.org/classifications/FPCD/v2022/136.51" ,  ,  ,  ,  ,  ,  ,  ,  ,  ,  ,  ,  ,
 "136.52" , "136.5" , "Wooden furniture, used in the kitchen" ,   ,   ,   ,   ,   ,   , "It includes wooden furniture of a kind used in offices, in the kitchen, in the bedroom and other wooden furniture." ,   , "https://stats.fao.org/classifications/FPCD/v2022/136.52" ,  ,  ,  ,  ,  ,  ,  ,  ,  ,  ,  ,  ,
 "136.53" , "136.5" , "Wooden furniture, used in the bedroom" ,   ,   ,   ,   ,   ,   , "It includes wooden furniture of a kind used in offices, in the kitchen, in the bedroom and other wooden furniture." ,   , "https://stats.fao.org/classifications/FPCD/v2022/136.53" ,  ,  ,  ,  ,  ,  ,  ,  ,  ,  ,  ,  ,
 "136.59" , "136.5" , "Wooden furniture n.e.c." ,   ,   ,   ,   ,   ,   , "It includes wooden furniture of a kind used in offices, in the kitchen, in the bedroom and other wooden furniture." ,   , "https://stats.fao.org/classifications/FPCD/v2022/136.59" ,  ,  ,  ,  ,  ,  ,  ,  ,  ,  ,  ,  ,
 "136.6" , "136." , "Wood parts of the furniture" ,   ,   ,   ,   ,   ,   , "It includes identifiable parts of furniture made from wood." ,   , "https://stats.fao.org/classifications/FPCD/v2022/136.6" ,  ,  ,  ,  ,  ,  ,  ,  ,  ,  ,  ,  ,
 "137." , "13" , "Prefabricated buildings of wood" ,   ,   ,   ,   ,   ,   , "It includes prefabricated buildings where the main construction material is wood." ,   , "https://stats.fao.org/classifications/FPCD/v2022/137." ,  ,  ,  ,  ,  ,  ,  ,  ,  ,  ,  ,  ,
 "137.1" , "137." , "Prefabricated buildings, of wood, complete buildings, fully assembled" ,   ,   ,   ,   ,   ,   , "It includes complete buildings, fully assembled and ready for use." ,   , "https://stats.fao.org/classifications/FPCD/v2022/137.1" ,  ,  ,  ,  ,  ,  ,  ,  ,  ,  ,  ,  ,
 "137.2" , "137." , "Prefabricated buildings, of wood, complete buildings, unassembled" ,   ,   ,   ,   ,   ,   , "It includes complete buildings but not assembled and ready for use." ,   , "https://stats.fao.org/classifications/FPCD/v2022/137.2" ,  ,  ,  ,  ,  ,  ,  ,  ,  ,  ,  ,  ,
 "137.3" , "137." , "Prefabricated buildings, of wood, incomplete buildings" ,   ,   ,   ,   ,   ,   , "It includes incomplete buildings, whether or not assembled and having the essential character of prefabricated buildings." ,   , "https://stats.fao.org/classifications/FPCD/v2022/137.3" ,  ,  ,  ,  ,  ,  ,  ,  ,  ,  ,  ,  ,
 "14" ,   , "SECONDARY PAPER PRODUCTS" ,   ,   ,   ,   ,   ,   , "It includes all articles of paper ready for use." ,   , "https://stats.fao.org/classifications/FPCD/v2022/14" ,  ,  ,  ,  ,  ,  ,  ,  ,  ,  ,  ,  ,
 "141." , "14" , "Composite paper and paperboard" ,   ,   ,   ,   ,   ,   , "It includes paper and paperboard made by sticking two or more layers of paper or paperboard together with the aid of an adhesive." ,   , "https://stats.fao.org/classifications/FPCD/v2022/141." ,  ,  ,  ,  ,  ,  ,  ,  ,  ,  ,  ,  ,
 "142." , "14" , "Special coated paper and pulp products" ,   ,   ,   ,   ,   ,   , "Paper, paperboard, cellulose wadding and webs of cellulose fibres, coated, impregnated, covered, surface-coloured, surface-decorated or printed, in rolls or sheets. 
It includes tarred, bituminised or asphalted paper and paperboard. 
It excludes composite paper and paperboard (made by sticking flat layers of paper or paperboard together with an adhesive), not surface-coated or impregnated." ,   , "https://stats.fao.org/classifications/FPCD/v2022/142." ,  ,  ,  ,  ,  ,  ,  ,  ,  ,  ,  ,  ,
 "142.1" , "142." , "Special coated paper, tarred, bituminised or asphalted paper and paperboard" ,   ,   ,   ,   ,   ,   , "Tar paper is a heavy-duty paper used in construction. Tar paper is made by impregnating paper or fiberglass mat with tar, producing a waterproof material useful for roof construction. Bituminised or asphalted paper and paperboard are impregnated with bitumen (asphalt) and used in building construction." ,   , "https://stats.fao.org/classifications/FPCD/v2022/142.1" ,  ,  ,  ,  ,  ,  ,  ,  ,  ,  ,  ,  ,
 "142.2" , "142." , "Special coated paper, gummed or adhesive paper and paperboard" ,   ,   ,   ,   ,   ,   , "Gummed paper is coated with a moisture activated adhesive, dextrin, gum Arabic, etc." ,   , "https://stats.fao.org/classifications/FPCD/v2022/142.2" ,  ,  ,  ,  ,  ,  ,  ,  ,  ,  ,  ,  ,
 "142.21" , "142.2" , "Special coated paper, gummed or adhesive paper and paperboard, self-adhesive" ,   ,   ,   ,   ,   ,   , "Self-adhesive papers have a surface coated with an adhesive and not needing the application of glue or moisture. It is made up of three component parts: the face stock material, the adhesive and the silicone-coated release liner.  The adhesive keeps the face material joined to the release liner." ,   , "https://stats.fao.org/classifications/FPCD/v2022/142.21" ,  ,  ,  ,  ,  ,  ,  ,  ,  ,  ,  ,  ,
 "142.29" , "142.2" , "Other special coated gummed or adhesive paper and paperboard" ,   ,   ,   ,   ,   ,   , "Other adhesive paper other than self-adhesive paper and other paper coated with a moisture activated adhesive, dextrin, gum Arabic, etc." ,   , "https://stats.fao.org/classifications/FPCD/v2022/142.29" ,  ,  ,  ,  ,  ,  ,  ,  ,  ,  ,  ,  ,
 "142.3" , "142." , "Special coated paper, impregnated or covered with wax, paraffin wax, stearin, oil or glycerol" ,   ,   ,   ,   ,   ,   , "It includes paper and paperboard, coated, impregnated or covered with wax, paraffin wax, stearin, oil or glycerol. Application of these materials made paper moisture-proof." ,   , "https://stats.fao.org/classifications/FPCD/v2022/142.3" ,  ,  ,  ,  ,  ,  ,  ,  ,  ,  ,  ,  ,
 "142.9" , "142." , "Other special coated paper, paperboard, cellulose wadding and webs of cellulose fibres" ,   ,   ,   ,   ,   ,   , "Other paper, paperboard, cellulose wadding and webs of cellulose fibre not mentioned in the groups 142.1, 142.2 and 142.3." ,   , "https://stats.fao.org/classifications/FPCD/v2022/142.9" ,  ,  ,  ,  ,  ,  ,  ,  ,  ,  ,  ,  ,
 "143." , "14" , "Carbon paper and copying paper ready for use" ,   ,   ,   ,   ,   ,   , "Paper coated on one side with a layer of a loosely bound dry ink or pigmented coating, bound with wax, used for making one or more copies simultaneously with the creation of an original document by applying pressure (using a typewriter or a ballpoint pen). 
These products must be in strips or rolls of a width not exceeding 36 cm." ,   , "https://stats.fao.org/classifications/FPCD/v2022/143." ,  ,  ,  ,  ,  ,  ,  ,  ,  ,  ,  ,  ,
 "143.1" , "143." , "Carbon or similar copying papers" ,   ,   ,   ,   ,   ,   , "It includes papers which has been coated or sometimes impregnated with fatty or waxy substances mixed with carbon black or other colouring material. They are used for pen, pencil, or typewriter copying onto ordinary paper." ,   , "https://stats.fao.org/classifications/FPCD/v2022/143.1" ,  ,  ,  ,  ,  ,  ,  ,  ,  ,  ,  ,  ,
 "143.2" , "143." , "Self-copy paper" ,   ,   ,   ,   ,   ,   , "Self-copy paper is a type of coated paper designed to transfer information written on the front onto sheets beneath. It has micro-encapsulated dye or ink on the back side of the top sheet, and a clay coating on the front side of the bottom sheet. When pressure is applied (from writing or impact printing), the dye capsules rupture and react with the clay to form a permanent mark duplicating the markings made to the top sheet." ,   , "https://stats.fao.org/classifications/FPCD/v2022/143.2" ,  ,  ,  ,  ,  ,  ,  ,  ,  ,  ,  ,  ,
 "143.3" , "143." , "Heat transfer papers" ,   ,   ,   ,   ,   ,   , "It includes papers coated on one side with thermosensitive substance, for use in and infra-red copying machine." ,   , "https://stats.fao.org/classifications/FPCD/v2022/143.3" ,  ,  ,  ,  ,  ,  ,  ,  ,  ,  ,  ,  ,
 "143.4" , "143." , "Paper for duplicator stencils and duplicator stencils" ,   ,   ,   ,   ,   ,   , "Paper for duplicator stencils are thin, strong, unsized papers proofed by coating or impregnating with paraffin or other wax, collodion or preparations of similar products. Pressure applied by means of a typewriter or any other appropriate instrument perforates the surface coating with the textual matter or patterns to be reproduced.
Duplicator stencils are usually provided with a detachable thick paper backing attached to the top edge which is specially perforated to allow for the fixing of the prepared stencil on to the duplicator." ,   , "https://stats.fao.org/classifications/FPCD/v2022/143.4" ,  ,  ,  ,  ,  ,  ,  ,  ,  ,  ,  ,  ,
 "143.5" , "143." , "Paper for offset plates and offset plates" ,   ,   ,   ,   ,   ,   , "Paper for offset plates has a special coating on one side rendering it impervious to lithographic ink. The plates are usually used on office-type offset machines." ,   , "https://stats.fao.org/classifications/FPCD/v2022/143.5" ,  ,  ,  ,  ,  ,  ,  ,  ,  ,  ,  ,  ,
 "143.9" , "143." , "Other carbon paper and copying paper ready for use" ,   ,   ,   ,   ,   ,   , "It includes papers combine two or more of the reproduction processes described in the groups 143.1, 143.2, 143.3, 143.4, 143.5, and other n.e.c." ,   , "https://stats.fao.org/classifications/FPCD/v2022/143.9" ,  ,  ,  ,  ,  ,  ,  ,  ,  ,  ,  ,  ,
 "144." , "14" , "Household and sanitary paper ready for use" ,   ,   ,   ,   ,   ,   , "Products ready for use: toilet paper and similar paper, cellulose wadding or webs of cellulose fibres, of a kind used for household or sanitary purposes, in rolls of a width not exceeding 36 cm, or cut to size or shape. 
It includes handkerchiefs, cleansing tissues, towels, tablecloths, serviettes, napkins for babies, tampons, bed sheets and similar household, sanitary or hospital articles, articles of apparel and clothing accessories, of paper pulp, paper, cellulose wadding or webs of cellulose fibres. 
It excludes the parent reel stock used to produce these products as well as napkins for babies and tampons." ,   , "https://stats.fao.org/classifications/FPCD/v2022/144." ,  ,  ,  ,  ,  ,  ,  ,  ,  ,  ,  ,  ,
 "144.1" , "144." , "Toilet paper" ,   ,   ,   ,   ,   ,   , "Toilet paper in strips or rolls of a width not exceeding 36 cm." ,   , "https://stats.fao.org/classifications/FPCD/v2022/144.1" ,  ,  ,  ,  ,  ,  ,  ,  ,  ,  ,  ,  ,
 "144.2" , "144." , "Handkerchiefs, cleansing or facial tissues and towels" ,   ,   ,   ,   ,   ,   , "Handkerchiefs, cleansing or facial tissues and towels in strips or rolls of a width not exceeding 36 cm." ,   , "https://stats.fao.org/classifications/FPCD/v2022/144.2" ,  ,  ,  ,  ,  ,  ,  ,  ,  ,  ,  ,  ,
 "144.3" , "144." , "Tablecloths and serviettes" ,   ,   ,   ,   ,   ,   , "Tablecloths and serviettes in strips or rolls of a width not exceeding 36 cm." ,   , "https://stats.fao.org/classifications/FPCD/v2022/144.3" ,  ,  ,  ,  ,  ,  ,  ,  ,  ,  ,  ,  ,
 "144.4" , "144." , "Sanitary towels and tampons, napkins and napkin liners" ,   ,   ,   ,   ,   ,   , "Sanitary towels and tampons, napkins and napkin liners in strips or rolls of a width not exceeding 36 cm." ,   , "https://stats.fao.org/classifications/FPCD/v2022/144.4" ,  ,  ,  ,  ,  ,  ,  ,  ,  ,  ,  ,  ,
 "144.5" , "144." , "Articles of apparel and clothing accessories" ,   ,   ,   ,   ,   ,   , "Articles of apparel and clothing accessories in strips or rolls of a width not exceeding 36 cm." ,   , "https://stats.fao.org/classifications/FPCD/v2022/144.5" ,  ,  ,  ,  ,  ,  ,  ,  ,  ,  ,  ,  ,
 "144.9" , "144." , "Other household and sanitary paper ready for use" ,   ,   ,   ,   ,   ,   , "Other household and sanitary paper ready for use, e.g. sanitary or hospital articles, in strips or rolls of a width not exceeding 36 cm." ,   , "https://stats.fao.org/classifications/FPCD/v2022/144.9" ,  ,  ,  ,  ,  ,  ,  ,  ,  ,  ,  ,  ,
 "145." , "14" , "Packaging cartons, boxes, etc." ,   ,   ,   ,   ,   ,   , "It includes cartons, boxes, cases, bags and other packing containers, of paper, paperboard, cellulose wadding or webs of cellulose fibres; box files, letter trays, and similar articles, of paper or paperboard of a kind used in offices, shops or the like." ,   , "https://stats.fao.org/classifications/FPCD/v2022/145." ,  ,  ,  ,  ,  ,  ,  ,  ,  ,  ,  ,  ,
 "145.1" , "145." , "Cartons, boxes and cases, of corrugated paper or paperboard" ,   ,   ,   ,   ,   ,   , "It includes cartons, boxes and cases made from corrugated paper or paperboard, generally used for the packing, transport, storage or sale of merchandise." ,   , "https://stats.fao.org/classifications/FPCD/v2022/145.1" ,  ,  ,  ,  ,  ,  ,  ,  ,  ,  ,  ,  ,
 "145.2" , "145." , "Folding cartons, boxes and cases, of non-corrugated paper or paperboard" ,   ,   ,   ,   ,   ,   , "It includes folding cartons, boxes and cases made from non-corrugated paper or paperboard, generally used for the packing, transport, storage or sale of merchandise." ,   , "https://stats.fao.org/classifications/FPCD/v2022/145.2" ,  ,  ,  ,  ,  ,  ,  ,  ,  ,  ,  ,  ,
 "145.3" , "145." , "Sacks and bags, having a base of a width of 40 cm or more" ,   ,   ,   ,   ,   ,   , "It includes sacks and bags, having a base of a width of 40 cm or more, used for the packing, transport, storage or sale of merchandise." ,   , "https://stats.fao.org/classifications/FPCD/v2022/145.3" ,  ,  ,  ,  ,  ,  ,  ,  ,  ,  ,  ,  ,
 "145.4" , "145." , "Other sacks and bags, including cones" ,   ,   ,   ,   ,   ,   , "It includes sacks and bags, including cones, used for the packing, transport, storage or sale of merchandise." ,   , "https://stats.fao.org/classifications/FPCD/v2022/145.4" ,  ,  ,  ,  ,  ,  ,  ,  ,  ,  ,  ,  ,
 "145.5" , "145." , "Other packing containers, including record sleeves" ,   ,   ,   ,   ,   ,   , "It includes other packing containers, including record sleeves using as outermost cardboard covering of a record, i.e. the record jacket or album jacket." ,   , "https://stats.fao.org/classifications/FPCD/v2022/145.5" ,  ,  ,  ,  ,  ,  ,  ,  ,  ,  ,  ,  ,
 "145.6" , "145." , "Box files, letter trays, storage boxes and similar articles" ,   ,   ,   ,   ,   ,   , "It includes container, such as filing cabinets, box files, letter trays, storage boxes and similar articles. They are used for the filing or storage of documents or stock of various kinds in offices, shops, warehouses, etc." ,   , "https://stats.fao.org/classifications/FPCD/v2022/145.6" ,  ,  ,  ,  ,  ,  ,  ,  ,  ,  ,  ,  ,
 "146." , "14" , "Other articles of paper and paperboard ready for use" ,   ,   ,   ,   ,   ,   , "It includes products ready for use: e.g. wallpaper and similar wall coverings; window transparencies of paper; floor coverings on a base of paper or of paperboard, whether or not cut to size; all office material like for correspondence, document storage as well as albums, labels of all kinds, bobbins, spools, cops and similar supports of paper pulp, paper or paperboard (whether or not perforated or hardened); all other paper, paperboard, cellulose wadding and webs of cellulose fibres, cut to size or shape; other articles of paper pulp, paper, paperboard, cellulose wadding or webs of cellulose fibres." ,   , "https://stats.fao.org/classifications/FPCD/v2022/146." ,  ,  ,  ,  ,  ,  ,  ,  ,  ,  ,  ,  ,
 "146.1" , "146." , "Wallpaper and similar wall coverings" ,   ,   ,   ,   ,   ,   , "It includes wallpaper and similar wall coverings in rolls of a width of not less than 45 cm and not more than 160 cm which consisting of coated or covered paper on the face side." ,   , "https://stats.fao.org/classifications/FPCD/v2022/146.1" ,  ,  ,  ,  ,  ,  ,  ,  ,  ,  ,  ,  ,
 "146.2" , "146." , "Window transparencies of paper" ,   ,   ,   ,   ,   ,   , "Window transparencies of paper are produced from thin, hard and highly-glazed translucent or transparent paper. They are used either for decorative purposes or simply to reduce the transparency of windows. They can be coated with adhesives and also printed with texts or illustrations." ,   , "https://stats.fao.org/classifications/FPCD/v2022/146.2" ,  ,  ,  ,  ,  ,  ,  ,  ,  ,  ,  ,  ,
 "146.3" , "146." , "Paper and paperboard stationery" ,   ,   ,   ,   ,   ,   , "It includes paper or paperboard stationery which are used in correspondence and other various articles of stationery like exercise books, registers, account books, etc." ,   , "https://stats.fao.org/classifications/FPCD/v2022/146.3" ,  ,  ,  ,  ,  ,  ,  ,  ,  ,  ,  ,  ,
 "146.31" , "146.3" , "Paper and paperboard stationery, envelopes" ,   ,   ,   ,   ,   ,   , "Envelopes can be printed with addresses, names, trademarks, decorations, crests, initials, etc." ,   , "https://stats.fao.org/classifications/FPCD/v2022/146.31" ,  ,  ,  ,  ,  ,  ,  ,  ,  ,  ,  ,  ,
 "146.32" , "146.3" , "Paper and paperboard stationery, letter cards, plain postcards and correspondence cards" ,   ,   ,   ,   ,   ,   , "Letter cards are sheets of paper or paperboard or card with gummed edges or other provision for closing or sealing without the use of envelopes." ,   , "https://stats.fao.org/classifications/FPCD/v2022/146.32" ,  ,  ,  ,  ,  ,  ,  ,  ,  ,  ,  ,  ,
 "146.33" , "146.3" , "Paper and paperboard stationery, boxes, pouches, wallets and writing compendium" ,   ,   ,   ,   ,   ,   , "It includes boxes, pouches, wallets and writing compendiums of paper and paperboard, containing an assortment of paper stationery." ,   , "https://stats.fao.org/classifications/FPCD/v2022/146.33" ,  ,  ,  ,  ,  ,  ,  ,  ,  ,  ,  ,  ,
 "146.34" , "146.3" , "Paper and paperboard stationery, registers, account books, note books, order books and similar" ,   ,   ,   ,   ,   ,   , "It includes registers, account books, note books of all kinds, order books, receipt books, copy books, diaries, letter pads, memorandum pads, engagements books, address books, etc." ,   , "https://stats.fao.org/classifications/FPCD/v2022/146.34" ,  ,  ,  ,  ,  ,  ,  ,  ,  ,  ,  ,  ,
 "146.35" , "146.3" , "Paper and paperboard stationery, exercise books" ,   ,   ,   ,   ,   ,   , "Exercise books may simply contain sheets of lined paper but may also include printed examples of handwriting for copying in manuscript." ,   , "https://stats.fao.org/classifications/FPCD/v2022/146.35" ,  ,  ,  ,  ,  ,  ,  ,  ,  ,  ,  ,  ,
 "146.36" , "146.3" , "Paper and paperboard stationery, binders (other than book covers), folders and file covers" ,   ,   ,   ,   ,   ,   , "It includes binders designed for holding loose sheets, magazines, folders, file covers and files (other than box files) and portfolios." ,   , "https://stats.fao.org/classifications/FPCD/v2022/146.36" ,  ,  ,  ,  ,  ,  ,  ,  ,  ,  ,  ,  ,
 "146.37" , "146.3" , "Paper and paperboard stationery, manifold business forms and interleaved carbon sets" ,   ,   ,   ,   ,   ,   , "It includes multipart form sets either printed on self-copy paper or interleaved with carbon paper. These forms are used to make multiple copies. 
Interleaved carbon sets are similar to manifold business forms but they either contain no printed matter or contain only identifying information such as letter heads." ,   , "https://stats.fao.org/classifications/FPCD/v2022/146.37" ,  ,  ,  ,  ,  ,  ,  ,  ,  ,  ,  ,  ,
 "146.38" , "146.3" , "Paper and paperboard stationery, albums for samples or for collections" ,   ,   ,   ,   ,   ,   , "It includes albums for samples or for collections of stamps, photographs, etc." ,   , "https://stats.fao.org/classifications/FPCD/v2022/146.38" ,  ,  ,  ,  ,  ,  ,  ,  ,  ,  ,  ,  ,
 "146.39" , "146.3" , "Other paper and paperboard stationery" ,   ,   ,   ,   ,   ,   , "It includes e.g. stationery bound with materials other than paper (e.g., leather, plastics or textile material) and have reinforcement of fittings of metal, plastics, etc." ,   , "https://stats.fao.org/classifications/FPCD/v2022/146.39" ,  ,  ,  ,  ,  ,  ,  ,  ,  ,  ,  ,  ,
 "146.4" , "146." , "Paper and paperboard labels" ,   ,   ,   ,   ,   ,   , "It includes all varieties of paper and paperboard labels of a kind used for attachment to any type of article for the purpose of indicating its nature, identity, ownership, destination, price, etc." ,   , "https://stats.fao.org/classifications/FPCD/v2022/146.4" ,  ,  ,  ,  ,  ,  ,  ,  ,  ,  ,  ,  ,
 "146.41" , "146.4" , "Printed paper and  paperboard labels" ,   ,   ,   ,   ,   ,   , "It includes paper and paperboard labels printed to any extent with characters or pictures." ,   , "https://stats.fao.org/classifications/FPCD/v2022/146.41" ,  ,  ,  ,  ,  ,  ,  ,  ,  ,  ,  ,  ,
 "146.49" , "146.4" , "Other paper and paperboard labels" ,   ,   ,   ,   ,   ,   , "It includes plain paper and paperboard labels." ,   , "https://stats.fao.org/classifications/FPCD/v2022/146.49" ,  ,  ,  ,  ,  ,  ,  ,  ,  ,  ,  ,  ,
 "146.5" , "146." , "Bobbins, spools, cops and similar supports of paper pulp, paper or paperboard" ,   ,   ,   ,   ,   ,   , "It includes bobbins, tubes, spools, cops, cones and similar supports for winding yarn or wire. 
These goods may be made of paperboard, of rolled paper sheets or of pressed or moulded pulp." ,   , "https://stats.fao.org/classifications/FPCD/v2022/146.5" ,  ,  ,  ,  ,  ,  ,  ,  ,  ,  ,  ,  ,
 "146.51" , "146.5" , "Bobbins, spools, cops and similar supports of paper pulp, paper or paperboard, used for winding textile yarn" ,   ,   ,   ,   ,   ,   , "It includes bobbins, tubes, spools, cops, cones and similar supports used for winding textile yarn." ,   , "https://stats.fao.org/classifications/FPCD/v2022/146.51" ,  ,  ,  ,  ,  ,  ,  ,  ,  ,  ,  ,  ,
 "146.59" , "146.5" , "Other bobbins, spools, cops and similar supports of paper pulp, paper or paperboard" ,   ,   ,   ,   ,   ,   , "It includes bobbins, tubes, spools, cops, cones and similar supports used for other materials than winding textile yarn." ,   , "https://stats.fao.org/classifications/FPCD/v2022/146.59" ,  ,  ,  ,  ,  ,  ,  ,  ,  ,  ,  ,  ,
 "146.9" , "146." , "Other articles of paper and paperboard ready for use" ,   ,   ,   ,   ,   ,   , "It includes other articles of paper and paperboard ready for use not mentioned in the groups 146.1, 146.2, 146.3, 146.4 and 146.5, like filter paper and paperboard, trays, dishes, plates, etc." ,   , "https://stats.fao.org/classifications/FPCD/v2022/146.9" ,  ,  ,  ,  ,  ,  ,  ,  ,  ,  ,  ,  ,
 "146.91" , "146.9" , "Other articles of paper and paperboard ready for use, filter paper and paperboard" ,   ,   ,   ,   ,   ,   , "Filter paper and paperboard are porous products, devoid of wood fibres obtained by mechanical or semi-chemical process. They are designed to remove solid particles from liquids or gases. They are produced from rag or chemical pulp or a mixture of.
It includes filter paper and paperboard in strips or rolls of a width not exceeding 36 cm." ,   , "https://stats.fao.org/classifications/FPCD/v2022/146.91" ,  ,  ,  ,  ,  ,  ,  ,  ,  ,  ,  ,  ,
 "146.92" , "146.9" , "Other articles of paper and paperboard ready for use, rolls, sheets and dials, printed for self-recording apparatus" ,   ,   ,   ,   ,   ,   , "It includes rolls, sheets and printed dials, other than rectangular form, for self-recording apparatus." ,   , "https://stats.fao.org/classifications/FPCD/v2022/146.92" ,  ,  ,  ,  ,  ,  ,  ,  ,  ,  ,  ,  ,
 "146.93" , "146.9" , "Other articles of paper and paperboard ready for use, trays, dishes, plates, cups and similar" ,   ,   ,   ,   ,   ,   , "It includes trays, dishes, plates, cups and similar, of paper and paperboard." ,   , "https://stats.fao.org/classifications/FPCD/v2022/146.93" ,  ,  ,  ,  ,  ,  ,  ,  ,  ,  ,  ,  ,
 "146.94" , "146.9" , "Other articles of paper and paperboard ready for use, moulded or pressed articles of paper pulp" ,   ,   ,   ,   ,   ,   , "It includes e.g. articles used for protective packaging or for food service trays and beverage carriers. Other typical uses are end caps, trays, plates, bowls and clamshell containers." ,   , "https://stats.fao.org/classifications/FPCD/v2022/146.94" ,  ,  ,  ,  ,  ,  ,  ,  ,  ,  ,  ,  ,
 "146.95" , "146.9" , "Other articles of paper and paperboard ready for use, printing and writing papers ready for use" ,   ,   ,   ,   ,   ,   , "Paper and paperboard, of a kind used for writing, printing or other graphic purposes and cut to shape other than rectangular." ,   , "https://stats.fao.org/classifications/FPCD/v2022/146.95" ,  ,  ,  ,  ,  ,  ,  ,  ,  ,  ,  ,  ,
 "146.99" , "146.9" , "Other articles of paper and paperboard ready for use n.e.c." ,   ,   ,   ,   ,   ,   , "Other articles of paper and paperboards not mentioned in the subgroups 146.91, 146.92, 146.93, 146.94 and 146.95, e.g. paper wool (narrow strips in tangled mass, used for packing), confectionery wrappers, cake cards and papers, paper lace and embroidery, paper gaskets and washers, sausages casings, etc." ,   , "https://stats.fao.org/classifications/FPCD/v2022/146.99" ,  ,  ,  ,  ,  ,  ,  ,  ,  ,  ,  ,  ,
 "42.9" , "042." , "Wood briquettes, other" ,   ,   ,   ,   ,   ,   , "Agglomerates produced either directly by compression or by the addition of a binder. Briquettes are cylindrical, with a diameter exceeding 25 mm (usually from 75 mm to 90 mm) and a length up to 300 mm." ,   , "https://stats.fao.org/classifications/FPCD/v2022/42.9" ,  ,  ,  ,  ,  ,  ,  ,  ,  ,  ,  ,  ,
