Ref_num,Technology,PubN (Bayala review),SCOPUS 84_ RefNum,All authors,Article Title,Author,Year,Journal,Country,Region,Site,N coordinate,W coordinate,Rainfall per year (mm),Rainfall pattern,Research type,Soil type as published,Soil type (WRB),Season,Year of cultivation,n,Woody species,Plant type,Treatment,Woody biomass application (t.ha-1),Straw (t.ha-1),Crop,Var,Yield Component,Treatment yield (t.ha-1),Control yield,Yield,Relative yield change (%),Yield Response Ratio,C-total (quali),C-total (g/kg),C-total SE,C-total Control,C-tot Control SE,Relative C change (%),SOM (quali),SOM (%),SOM SE,SOM Control,SOM Control SE,SOM diff %,Soil water content (quali),Soil water content (m3.m-3),Soil water content Control,Soil water content diff %,Water infiltration (quali),Water infiltration (mm.hr-1),Water infiltr SE,Water infiltr Control,Water infiltr Control SE,Water infiltr diff %,"Water Use Efficiency (WUE, kg/ha/mm)",WUE treatment (kg.ha/mm),WUE control (kg/ha/mm),Difference WUE %,Rainfall Use Efficiency treatment  (kg harvest/mm rainfall),RUE control,RUE Response Ratio,Bulk density (quali),Bulk density (g.cm-3),Bulk density SE,Bulk Control,Bulk Control SE,Bulk diff %,Aggregate stability,Erosion/Water run-off,Run-off (treatment),Run-off (Ctrl),Run-off difference %,N-total (quali),N-total (mg/kg),N-tot SE,N-tot Control,N-tot Control SE,N-tot difference (%),Ammonium (NH4+),Nitrate (NH3-),P-tot (quali),P-total (mg.kg-1),P-tot SE,P-tot Control,P-tot Control SE,P-tot difference (%),P-avail (quali),P-available (mg/kg),P-av SE,P-av control,P-av Control SE,P-av diff %,K-tot (quali),K-total (mg.kg-1),K-total SE,K-tot Control,K-tot Control SE,K-tot Diff %,Ca2+,CEC,CEC (Ctrl),CEC Diff (%),pH,pH control,CN (quali),C:N ratio,CN control,CN diff %,Termite activity (quali),Macrofauna access (k decay constant),Macrofauna exclosure (control),Decay Difference (%),Fungi to bacteria index (based on species richness),Fungi richness,Microbial biomass,Nematode activity,% Natural Vegetation Cover,% Treatment,% Control,% Natural Vegetation Cover Difference
1,Parkland,,,"B. Yélémou, G. Yaméogo, A. Barro, S.J. Taonda, V. Hien",La production de sorgho dans un parc à Piliostigma reticulatum en zone nord-soudanienne du Burkina Faso,Yélémou et al. 2013,2013,Tropicultura,Burkina Faso,Koudougou,Saria,12°16’,2°09’,800,Unimodal,On-station,Alfisol,"Lixisol, Luvisol",2002,n,0,Piliostigma reticulatum,Shrub,Inside and outside of shrub canopy,,,Sorghum,,Grain,1,1.3,0,-23.08,-0.26,,,,,,,,,,,,,,,,,,,,,,,,,,,0.00125,0.00163,-0.26,,,,,,,,,,,,,,,,,,,,,,,,,,,,,,,,,,,,,,,,,,,,,,,,,,,,,,,,,,,
1,Parkland,,,"B. Yélémou, G. Yaméogo, A. Barro, S.J. Taonda, V. Hien",La production de sorgho dans un parc à Piliostigma reticulatum en zone nord-soudanienne du Burkina Faso,Yélémou et al. 2013,2013,Tropicultura,Burkina Faso,Koudougou,Saria,12°16’,2°09’,800,Unimodal,On-station,Alfisol,"Lixisol, Luvisol",2002,n,0,Piliostigma reticulatum,Shrub,Limit and outside of shrub canopy,,,Sorghum,,Grain,1.5,1.3,+,15.38,0.14,,,,,,,,,,,,,,,,,,,,,,,,,,,0.00188,0.00163,0.14,,,,,,,,,,,,,,,,,,,,,,,,,,,,,,,,,,,,,,,,,,,,,,,,,,,,,,,,,,,
1,Parkland,,,"B. Yélémou, G. Yaméogo, A. Barro, S.J. Taonda, V. Hien",La production de sorgho dans un parc à Piliostigma reticulatum en zone nord-soudanienne du Burkina Faso,Yélémou et al. 2013,2013,Tropicultura,Burkina Faso,Koudougou,Saria,12°16’,2°09’,800,Unimodal,On-station,Alfisol,"Lixisol, Luvisol",2002,n,0,Piliostigma reticulatum,Shrub,Inside and outside of shrub canopy,,,Sorghum,,Biomass,2.5,3,0,-16.67,-0.18,,,,,,,,,,,,,,,,,,,,,,,,,,,0.00313,0.00375,-0.18,,,,,,,,,,,,,,,,,,,,,,,,,,,,,,,,,,,,,,,,,,,,,,,,,,,,,,,,,,,
1,Parkland,,,"B. Yélémou, G. Yaméogo, A. Barro, S.J. Taonda, V. Hien",La production de sorgho dans un parc à Piliostigma reticulatum en zone nord-soudanienne du Burkina Faso,Yélémou et al. 2013,2013,Tropicultura,Burkina Faso,Koudougou,Saria,12°16’,2°09’,800,Unimodal,On-station,Alfisol,"Lixisol, Luvisol",2002,n,0,Piliostigma reticulatum,Shrub,Limit and outside of shrub canopy,,,Sorghum,,Biomass,3.5,3,+,16.67,0.15,,,,,,,,,,,,,,,,,,,,,,,,,,,0.00438,0.00375,0.15,,,,,,,,,,,,,,,,,,,,,,,,,,,,,,,,,,,,,,,,,,,,,,,,,,,,,,,,,,,
1,Parkland,,,"B. Yélémou, G. Yaméogo, A. Barro, S.J. Taonda, V. Hien",La production de sorgho dans un parc à Piliostigma reticulatum en zone nord-soudanienne du Burkina Faso,Yélémou et al. 2013,2013,Tropicultura,Burkina Faso,Koudougou,Saria,12°16’,2°09’,800,Unimodal,On-station,Alfisol,"Lixisol, Luvisol",2003,n+1,1,Piliostigma reticulatum,Shrub,Inside and outside of shrub canopy,,,Sorghum,,Grain,0.9,0.85,+,5.88,0.06,,,,,,,,,,,,,,,,,,,,,,,,,,,0.00113,0.00106,0.06,,,,,,,,,,,,,,,,,,,,,,,,,,,,,,,,,,,,,,,,,,,,,,,,,,,,,,,,,,,
1,Parkland,,,"B. Yélémou, G. Yaméogo, A. Barro, S.J. Taonda, V. Hien",La production de sorgho dans un parc à Piliostigma reticulatum en zone nord-soudanienne du Burkina Faso,Yélémou et al. 2013,2013,Tropicultura,Burkina Faso,Koudougou,Saria,12°16’,2°09’,800,Unimodal,On-station,Alfisol,"Lixisol, Luvisol",2003,n+1,1,Piliostigma reticulatum,Shrub,Limit and outside of shrub canopy,,,Sorghum,,Grain,0.9,0.85,+,5.88,0.06,,,,,,,,,,,,,,,,,,,,,,,,,,,0.00113,0.00106,0.06,,,,,,,,,,,,,,,,,,,,,,,,,,,,,,,,,,,,,,,,,,,,,,,,,,,,,,,,,,,
1,Parkland,,,"B. Yélémou, G. Yaméogo, A. Barro, S.J. Taonda, V. Hien",La production de sorgho dans un parc à Piliostigma reticulatum en zone nord-soudanienne du Burkina Faso,Yélémou et al. 2013,2013,Tropicultura,Burkina Faso,Koudougou,Saria,12°16’,2°09’,800,Unimodal,On-station,Alfisol,"Lixisol, Luvisol",2003,n+1,1,Piliostigma reticulatum,Shrub,Inside and outside of shrub canopy,,,Sorghum,,Biomass,1.2,1.5,0,-20,-0.22,,,,,,,,,,,,,,,,,,,,,,,,,,,0.0015,0.00188,-0.22,,,,,,,,,,,,,,,,,,,,,,,,,,,,,,,,,,,,,,,,,,,,,,,,,,,,,,,,,,,
1,Parkland,,,"B. Yélémou, G. Yaméogo, A. Barro, S.J. Taonda, V. Hien",La production de sorgho dans un parc à Piliostigma reticulatum en zone nord-soudanienne du Burkina Faso,Yélémou et al. 2013,2013,Tropicultura,Burkina Faso,Koudougou,Saria,12°16’,2°09’,800,Unimodal,On-station,Alfisol,"Lixisol, Luvisol",2003,n+1,1,Piliostigma reticulatum,Shrub,Limit and outside of shrub canopy,,,Sorghum,,Biomass,1.4,1.5,0,-6.67,-0.07,,,,,,,,,,,,,,,,,,,,,,,,,,,0.00175,0.00188,-0.07,,,,,,,,,,,,,,,,,,,,,,,,,,,,,,,,,,,,,,,,,,,,,,,,,,,,,,,,,,,
1,Parkland,,,"B. Yélémou, G. Yaméogo, A. Barro, S.J. Taonda, V. Hien",La production de sorgho dans un parc à Piliostigma reticulatum en zone nord-soudanienne du Burkina Faso,Yélémou et al. 2013,2013,Tropicultura,Burkina Faso,Koudougou,Saria,12°16’,2°09’,800,Unimodal,On-station,Alfisol,"Lixisol, Luvisol",2004,n+2,2,Piliostigma reticulatum,Shrub,Inside and outside of shrub canopy,,,Sorghum,,Grain,0.85,0.75,+,13.33,0.13,++,2.16,0.92,1.29,0.41,167.44,,,,,,,,,,,,,,,,,,,,,0.00106,0.00094,0.13,,,,,,,,,,,,0,9.5,5.3,6.2,1.9,53,,,0,1.2,0.6,1,0.5,20,,,,,,,,,,,,,,,,,,,,,,,,,,,,,,,,,,
1,Parkland,,,"B. Yélémou, G. Yaméogo, A. Barro, S.J. Taonda, V. Hien",La production de sorgho dans un parc à Piliostigma reticulatum en zone nord-soudanienne du Burkina Faso,Yélémou et al. 2013,2013,Tropicultura,Burkina Faso,Koudougou,Saria,12°16’,2°09’,800,Unimodal,On-station,Alfisol,"Lixisol, Luvisol",2004,n+2,2,Piliostigma reticulatum,Shrub,Limit and outside of shrub canopy,,,Sorghum,,Grain,0.8,0.75,+,6.67,0.06,,,,,,,,,,,,,,,,,,,,,,,,,,,0.001,0.00094,0.06,,,,,,,,,,,,,,,,,,,,,,,,,,,,,,,,,,,,,,,,,,,,,,,,,,,,,,,,,,,
1,Parkland,,,"B. Yélémou, G. Yaméogo, A. Barro, S.J. Taonda, V. Hien",La production de sorgho dans un parc à Piliostigma reticulatum en zone nord-soudanienne du Burkina Faso,Yélémou et al. 2013,2013,Tropicultura,Burkina Faso,Koudougou,Saria,12°16’,2°09’,800,Unimodal,On-station,Alfisol,"Lixisol, Luvisol",2004,n+2,2,Piliostigma reticulatum,Shrub,Inside and outside of shrub canopy,,,Sorghum,,Biomass,1.25,1.05,+,19.05,0.17,,,,,,,,,,,,,,,,,,,,,,,,,,,0.00156,0.00131,0.17,,,,,,,,,,,,,,,,,,,,,,,,,,,,,,,,,,,,,,,,,,,,,,,,,,,,,,,,,,,
1,Parkland,,,"B. Yélémou, G. Yaméogo, A. Barro, S.J. Taonda, V. Hien",La production de sorgho dans un parc à Piliostigma reticulatum en zone nord-soudanienne du Burkina Faso,Yélémou et al. 2013,2013,Tropicultura,Burkina Faso,Koudougou,Saria,12°16’,2°09’,800,Unimodal,On-station,Alfisol,"Lixisol, Luvisol",2004,n+2,2,Piliostigma reticulatum,Shrub,Limit and outside of shrub canopy,,,Sorghum,,Biomass,1.3,1.05,+,23.81,0.21,,,,,,,,,,,,,,,,,,,,,,,,,,,0.00163,0.00131,0.21,,,,,,,,,,,,,,,,,,,,,,,,,,,,,,,,,,,,,,,,,,,,,,,,,,,,,,,,,,,
2,Parkland,51,48,"Boffa J.-M., Taonda S.J.-B., Dickey J.B., Knudson D.M.",Field-scale influence of karite (Vitellaria paradoxa) on sorghum production in the Sudan zone of Burkina Faso,Boffa et al. 2000,2000,Agroforestry Systems,Burkina Faso,Center-East,Thiougou,11°29',0°49',685,Unimodal,On-farm,Alfisol,"Lixisol, Luvisol",1993,n,0,Vitellaria paradoxa,Tree,Under Karite,,,Sorghum,,Grain,0.56,0.49,+,15.61,0.15,,,,,,,,,,,,,,,,,,,,,,,,,,,0.00082,0.00071,0.15,,,,,,,,,,,,,,,,,,,,,,,,,,,,,,,,,,,,,,,,,,,,,,,,,,,,,,,,,,,
2,Parkland,51,48,"Boffa J.-M., Taonda S.J.-B., Dickey J.B., Knudson D.M.",Field-scale influence of karite (Vitellaria paradoxa) on sorghum production in the Sudan zone of Burkina Faso,Boffa et al. 2000,2000,Agroforestry Systems,Burkina Faso,Center-East,Thiougou,11°29',0°49',685,Unimodal,On-farm,Alfisol,"Lixisol, Luvisol",1993,n,0,Vitellaria paradoxa,Tree,Under Karite,,,Sorghum,,Biomass,3.62,3.79,0,-4.53,-0.05,,,,,,,,,,,,,,,,,,,,,,,,,,,0.00529,0.00554,-0.05,,,,,,,,,,,,,,,,,,,,,,,,,,,,,,,,,,,,,,,,,,,,,,,,,,,,,,,,,,,
3,Parkland,17,,Charreau & Vidal,"Influence de l'Acacia albida Del. sur le sol, nutrition minérale et rendements des Mils Pennisetum au Sénégal",Charreau & Vidal 1965,1965,Agronomie Tropicale,Senegal,Bambey,Bambey Station,14°42',16°27',600,Unimodal,On-station,Alfisol,"Lixisol, Luvisol",1959,n,0,Faidherbia albida,Tree,Edge canopy (16 trees/ha),,,Millet,,Grain,0.98,0.66,+,48.94,0.4,++,4.8,,3.29,,145.9,,,,,,,,,,,,,,,,,,,,,0.00164,0.0011,0.4,,,,,,,,,,,,0,0.52,,0.31,,68,,,0,76.5,,75.7,,1.05680317,0,19,,15,,26.66666667,,,,,,,,,,,6.34,6.14,0,9.2,10.6,-13.20754717,,,,,,,,,,,,
3,Parkland,17,,Charreau & Vidal,"Influence de l'Acacia albida Del. sur le sol, nutrition minérale et rendements des Mils Pennisetum au Sénégal",Charreau & Vidal 1965,1965,Agronomie Tropicale,Senegal,Bambey,Bambey Station,14°42',16°27',600,Unimodal,On-station,Alfisol,"Lixisol, Luvisol",1959,n,0,Faidherbia albida,Tree,Under canopy (16 trees/ha),,,Millet,,Grain,1.67,0.66,++,152.73,0.93,++,5.32,,3.29,,161.7,,,,,,,,,,,,,,,,,,,,,0.00278,0.0011,0.93,,,,,,,,,,,,0,0.6,,0.31,,94,,,0,93.1,,75.7,,22.98546896,+,35,,15,,133.3333333,,,,,,,,,,,6.5,6.14,0,8.9,10.6,-16.03773585,,,,,,,,,,,,
4,Parkland,15,,"Depommier, Janodet, Olivier","Les parcs à Faidherbia albida et leur influence sur le sol et les cultures à Watinoma, Burkina Faso",Depommier et al. 1992,1992,Proceedings,Burkina Faso,Plateau central,Watinoma,13°08',1°31',547,Unimodal,Farmer's practice,Alfisol,"Lixisol, Luvisol",1990,n,0,Faidherbia albida,Tree,F. albida parkland under canopy (parc 4),,,Sorghum,,Grain,1.8,0.9,+,100,0.69,,,,,,,0,1.6,,1.6,,0,,,,,,,,,,,,,,,0.00329,0.00165,0.69,,,,,,,,,,,,,,,,,,,,,,,,,,,,,,,,,,,,,,,8.1,7.1,,6.1,6,,8.1,7.9,2.53164557,,,,,,,,,,,,
4,Parkland,15,,"Depommier, Janodet, Olivier","Les parcs à Faidherbia albida et leur influence sur le sol et les cultures à Watinoma, Burkina Faso",Depommier et al. 1992,1992,Proceedings,Burkina Faso,Plateau central,Watinoma,13°08',1°31',547,Unimodal,Farmer's practice,Alfisol,"Lixisol, Luvisol",1990,n,0,Faidherbia albida,Tree,F. albida parkland under canopy (parc 3),,,Sorghum,,Grain,1.6,0.7,++,128.57,0.83,,,,,,,0,2.7,,2.4,,12.5,,,,,,,,,,,,,,,0.00293,0.00128,0.83,,,,,,,,,,,,,,,,,,,,,,,,,,,,,,,,,,,,,,,14.9,13.7,,5.9,5.8,,8.7,11.1,-21.62162162,,,,,,,,,,,,
4,Parkland,15,,"Depommier, Janodet, Olivier","Les parcs à Faidherbia albida et leur influence sur le sol et les cultures à Watinoma, Burkina Faso",Depommier et al. 1992,1992,Proceedings,Burkina Faso,Plateau central,Watinoma,13°08',1°31',547,Unimodal,Farmer's practice,Alfisol,"Lixisol, Luvisol",1990,n,0,Faidherbia albida,Tree,F. albida parkland under canopy (parc 1),,,Sorghum,,Grain,0.5,0.2,++,150,0.92,,,,,,,0,1.4,,0.9,,55.6,,,,,,,,,,,,,,,0.00091,0.00037,0.92,,,,,,,,,,,,,,,,,,,,,,,,,,,,,,,,,,,,,,,5.8,5.2,,7.8,7.7,,8.6,6.7,28.35820896,,,,,,,,,,,,
4,Parkland,15,,"Depommier, Janodet, Olivier","Les parcs à Faidherbia albida et leur influence sur le sol et les cultures à Watinoma, Burkina Faso",Depommier et al. 1992,1992,Proceedings,Burkina Faso,Plateau central,Watinoma,13°08',1°31',547,Unimodal,Farmer's practice,Alfisol,"Lixisol, Luvisol",1990,n,0,Faidherbia albida,Tree,F. albida parkland under canopy (parc 1),,,Sorghum,,Biomass,3.4,2,+,70,0.53,,,,,,,,,,,,,,,,,,,,,,,,,,,0.00622,0.00366,0.53,,,,,,,,,,,,,,,,,,,,,,,,,,,,,,,,,,,,,,,,,,,,,,,,,,,,,,,,,,,
4,Parkland,15,,"Depommier, Janodet, Olivier","Les parcs à Faidherbia albida et leur influence sur le sol et les cultures à Watinoma, Burkina Faso",Depommier et al. 1992,1992,Proceedings,Burkina Faso,Plateau central,Watinoma,13°08',1°31',547,Unimodal,Farmer's practice,Alfisol,"Lixisol, Luvisol",1990,n,0,Faidherbia albida,Tree,F. albida parkland under canopy (parc 3),,,Sorghum,,Biomass,5.9,3.5,+,68.57,0.52,,,,,,,,,,,,,,,,,,,,,,,,,,,0.01079,0.0064,0.52,,,,,,,,,,,,,,,,,,,,,,,,,,,,,,,,,,,,,,,,,,,,,,,,,,,,,,,,,,,
4,Parkland,15,,"Depommier, Janodet, Olivier","Les parcs à Faidherbia albida et leur influence sur le sol et les cultures à Watinoma, Burkina Faso",Depommier et al. 1992,1992,Proceedings,Burkina Faso,Plateau central,Watinoma,13°08',1°31',547,Unimodal,Farmer's practice,Alfisol,"Lixisol, Luvisol",1990,n,0,Faidherbia albida,Tree,F. albida parkland under canopy (parc 4),,,Sorghum,,Biomass,6.7,3.4,+,97.06,0.68,,,,,,,,,,,,,,,,,,,,,,,,,,,0.01225,0.00622,0.68,,,,,,,,,,,,,,,,,,,,,,,,,,,,,,,,,,,,,,,,,,,,,,,,,,,,,,,,,,,
5,Parkland,,,"Diakhaté, Villenave, Diallo, Ba, Djigal, Masse, Sembène, Chapuis-Lardy",The influence of a shrub-based intercropping system on the soil nematofauna when growing millet in Senegal,Diakhaté et al. 2013,2013,European journal of Agronomy,Senegal,,Nioro du Rip,13°45’,15°47’,750,Unimodal,On-station,Lixisol,Lixisol,2011,n,0,Piliostigma reticulatum,Shrub,Absence/presence shrub,,,Millet,,Grain,0.89,0.5,+,77.2,0.57,++,3.2,,3,,106.67,,,,,,,,,,,,,,,,,,,,,0.00118,0.00067,0.57,,,,,,,,,,,,0,0.29,,0.26,,12,1.25,2.733333333,0,51.5,,48.8,,5.532786885,,,,,,,,,,,,,,,,,5.6,5.2,-,11.03448276,11.53846154,-4.367816092,,,,,,,1.022189349,All nematodes Crop+Shrub>Crop>Shrub; Plant feeders Crop>rest; Baterial feeders Crop+Shrub>Shrub>Crop; Fungal feeders Crop>Crop+Shrub>Shrub; Predators Crop+Shrub>Crop>Shrub,,,,
6,Parkland,13,,"Dibloni O.T., Ouédraogo S.J., Koala J. ","Rapport technique d’activités. Programme collaboratif ICRAFSALWA, INERA-DPF, Ouagadougou, Burkina Faso, 51 p",Dibloni et al. 1999,1999,Report,Burkina Faso,Koudougou,Saria,12°16’,2°09’,800,Unimodal,On-station,Alfisol,"Lixisol, Luvisol",1998,n,0,Faidherbia albida,Tree,F. albida 9.6x4.8,,,Sorghum,Sorghum IRAT 205,Grain,0.02,0.07,0,-77.64,-1.5,,,,,,,,,,,,,,,,,,,,,,,,,,,0.00002,0.00009,-1.5,,,,,,,,,,,,,,,,,,,,,,,,,,,,,,,,,,,,,,,,,,,,,,,,,,,,,,,,,,,
6,Parkland,13,,"Dibloni O.T., Ouédraogo S.J., Koala J. ","Rapport technique d’activités. Programme collaboratif ICRAFSALWA, INERA-DPF, Ouagadougou, Burkina Faso, 51 p",Dibloni et al. 1999,1999,Report,Burkina Faso,Koudougou,Saria,12°16’,2°09’,800,Unimodal,On-station,Alfisol,"Lixisol, Luvisol",1998,n,0,Prosopis africana,Tree,P. africana 9.6x9.6,,,Sorghum,Sorghum IRAT 210,Grain,0.04,0.07,0,-40.61,-0.52,,,,,,,,,,,,,,,,,,,,,,,,,,,0.00005,0.00009,-0.52,,,,,,,,,,,,,,,,,,,,,,,,,,,,,,,,,,,,,,,,,,,,,,,,,,,,,,,,,,,
6,Parkland,13,,"Dibloni O.T., Ouédraogo S.J., Koala J. ","Rapport technique d’activités. Programme collaboratif ICRAFSALWA, INERA-DPF, Ouagadougou, Burkina Faso, 51 p",Dibloni et al. 1999,1999,Report,Burkina Faso,Koudougou,Saria,12°16’,2°09’,800,Unimodal,On-station,Alfisol,"Lixisol, Luvisol",1998,n,0,Albizzia lebbeck,Tree,A. lebbeck 9.6x9.6,,,Sorghum,Sorghum IRAT 207,Grain,0.04,0.07,0,-39.51,-0.5,,,,,,,,,,,,,,,,,,,,,,,,,,,0.00005,0.00009,-0.5,,,,,,,,,,,,,,,,,,,,,,,,,,,,,,,,,,,,,,,,,,,,,,,,,,,,,,,,,,,
6,Parkland,13,,"Dibloni O.T., Ouédraogo S.J., Koala J. ","Rapport technique d’activités. Programme collaboratif ICRAFSALWA, INERA-DPF, Ouagadougou, Burkina Faso, 51 p",Dibloni et al. 1999,1999,Report,Burkina Faso,Koudougou,Saria,12°16’,2°09’,800,Unimodal,On-station,Alfisol,"Lixisol, Luvisol",1998,n,0,Faidherbia albida,Tree,F. albida 9.6x9.6,,,Sorghum,Sorghum IRAT 204,Grain,0.05,0.07,0,-35.92,-0.45,,,,,,,,,,,,,,,,,,,,,,,,,,,0.00006,0.00009,-0.45,,,,,,,,,,,,,,,,,,,,,,,,,,,,,,,,,,,,,,,,,,,,,,,,,,,,,,,,,,,
6,Parkland,13,,"Dibloni O.T., Ouédraogo S.J., Koala J. ","Rapport technique d’activités. Programme collaboratif ICRAFSALWA, INERA-DPF, Ouagadougou, Burkina Faso, 51 p",Dibloni et al. 1999,1999,Report,Burkina Faso,Koudougou,Saria,12°16’,2°09’,800,Unimodal,On-station,Alfisol,"Lixisol, Luvisol",1998,n,0,Albizzia lebbeck,Tree,A. lebbeck 9.6x2.4,,,Sorghum,Sorghum IRAT 209,Grain,0.05,0.07,0,-33.58,-0.41,,,,,,,,,,,,,,,,,,,,,,,,,,,0.00006,0.00009,-0.41,,,,,,,,,,,,,,,,,,,,,,,,,,,,,,,,,,,,,,,,,,,,,,,,,,,,,,,,,,,
6,Parkland,13,,"Dibloni O.T., Ouédraogo S.J., Koala J. ","Rapport technique d’activités. Programme collaboratif ICRAFSALWA, INERA-DPF, Ouagadougou, Burkina Faso, 51 p",Dibloni et al. 1999,1999,Report,Burkina Faso,Koudougou,Saria,12°16’,2°09’,800,Unimodal,On-station,Alfisol,"Lixisol, Luvisol",1998,n,0,Faidherbia albida,Tree,F. albida 9.6x2.4,,,Sorghum,Sorghum IRAT 206,Grain,0.05,0.07,0,-31.1,-0.37,,,,,,,,,,,,,,,,,,,,,,,,,,,0.00006,0.00009,-0.37,,,,,,,,,,,,,,,,,,,,,,,,,,,,,,,,,,,,,,,,,,,,,,,,,,,,,,,,,,,
6,Parkland,13,,"Dibloni O.T., Ouédraogo S.J., Koala J. ","Rapport technique d’activités. Programme collaboratif ICRAFSALWA, INERA-DPF, Ouagadougou, Burkina Faso, 51 p",Dibloni et al. 1999,1999,Report,Burkina Faso,Koudougou,Saria,12°16’,2°09’,800,Unimodal,On-station,Alfisol,"Lixisol, Luvisol",1998,n,0,Albizzia lebbeck,Tree,A. lebbeck 9.6x4.8,,,Sorghum,Sorghum IRAT 208,Grain,0.07,0.07,0,-6.48,-0.07,,,,,,,,,,,,,,,,,,,,,,,,,,,0.00008,0.00009,-0.07,,,,,,,,,,,,,,,,,,,,,,,,,,,,,,,,,,,,,,,,,,,,,,,,,,,,,,,,,,,
6,Parkland,13,,"Dibloni O.T., Ouédraogo S.J., Koala J. ","Rapport technique d’activités. Programme collaboratif ICRAFSALWA, INERA-DPF, Ouagadougou, Burkina Faso, 51 p",Dibloni et al. 1999,1999,Report,Burkina Faso,Koudougou,Saria,12°16’,2°09’,800,Unimodal,On-station,Alfisol,"Lixisol, Luvisol",1998,n,0,Prosopis africana,Tree,P. africana 9.6x2.4,,,Sorghum,Sorghum IRAT 212,Grain,0.07,0.07,0,-1.38,-0.01,,,,,,,,,,,,,,,,,,,,,,,,,,,0.00009,0.00009,-0.01,,,,,,,,,,,,,,,,,,,,,,,,,,,,,,,,,,,,,,,,,,,,,,,,,,,,,,,,,,,
6,Parkland,13,,"Dibloni O.T., Ouédraogo S.J., Koala J. ","Rapport technique d’activités. Programme collaboratif ICRAFSALWA, INERA-DPF, Ouagadougou, Burkina Faso, 51 p",Dibloni et al. 1999,1999,Report,Burkina Faso,Koudougou,Saria,12°16’,2°09’,800,Unimodal,On-station,Alfisol,"Lixisol, Luvisol",1998,n,0,Prosopis africana,Tree,P. africana 9.6x4.8,,,Sorghum,Sorghum IRAT 211,Grain,0.07,0.07,+,1.38,0.01,,,,,,,,,,,,,,,,,,,,,,,,,,,0.00009,0.00009,0.01,,,,,,,,,,,,,,,,,,,,,,,,,,,,,,,,,,,,,,,,,,,,,,,,,,,,,,,,,,,
6,Parkland,13,,"Dibloni O.T., Ouédraogo S.J., Koala J. ","Rapport technique d’activités. Programme collaboratif ICRAFSALWA, INERA-DPF, Ouagadougou, Burkina Faso, 51 p",Dibloni et al. 1999,1999,Report,Burkina Faso,Koudougou,Saria,12°16’,2°09’,800,Unimodal,On-station,Alfisol,"Lixisol, Luvisol",1998,n,0,Prosopis africana,Tree,P. africana 9.6x9.6,,,Sorghum,Sorghum IRAT 210,Biomass,0.11,0.39,0,-72.11,-1.28,,,,,,,,,,,,,,,,,,,,,,,,,,,0.00013,0.00048,-1.28,,,,,,,,,,,,,,,,,,,,,,,,,,,,,,,,,,,,,,,,,,,,,,,,,,,,,,,,,,,
6,Parkland,13,,"Dibloni O.T., Ouédraogo S.J., Koala J. ","Rapport technique d’activités. Programme collaboratif ICRAFSALWA, INERA-DPF, Ouagadougou, Burkina Faso, 51 p",Dibloni et al. 1999,1999,Report,Burkina Faso,Koudougou,Saria,12°16’,2°09’,800,Unimodal,On-station,Alfisol,"Lixisol, Luvisol",1998,n,0,Faidherbia albida,Tree,F. albida 9.6x4.8,,,Sorghum,Sorghum IRAT 205,Biomass,0.11,0.39,0,-71.78,-1.27,,,,,,,,,,,,,,,,,,,,,,,,,,,0.00014,0.00048,-1.27,,,,,,,,,,,,,,,,,,,,,,,,,,,,,,,,,,,,,,,,,,,,,,,,,,,,,,,,,,,
6,Parkland,13,,"Dibloni O.T., Ouédraogo S.J., Koala J. ","Rapport technique d’activités. Programme collaboratif ICRAFSALWA, INERA-DPF, Ouagadougou, Burkina Faso, 51 p",Dibloni et al. 1999,1999,Report,Burkina Faso,Koudougou,Saria,12°16’,2°09’,800,Unimodal,On-station,Alfisol,"Lixisol, Luvisol",1998,n,0,Albizzia lebbeck,Tree,A. lebbeck 9.6x2.4,,,Sorghum,Sorghum IRAT 209,Biomass,0.15,0.39,0,-61.62,-0.96,,,,,,,,,,,,,,,,,,,,,,,,,,,0.00019,0.00048,-0.96,,,,,,,,,,,,,,,,,,,,,,,,,,,,,,,,,,,,,,,,,,,,,,,,,,,,,,,,,,,
6,Parkland,13,,"Dibloni O.T., Ouédraogo S.J., Koala J. ","Rapport technique d’activités. Programme collaboratif ICRAFSALWA, INERA-DPF, Ouagadougou, Burkina Faso, 51 p",Dibloni et al. 1999,1999,Report,Burkina Faso,Koudougou,Saria,12°16’,2°09’,800,Unimodal,On-station,Alfisol,"Lixisol, Luvisol",1998,n,0,Faidherbia albida,Tree,F. albida 9.6x2.4,,,Sorghum,Sorghum IRAT 206,Biomass,0.25,0.39,0,-35.46,-0.44,,,,,,,,,,,,,,,,,,,,,,,,,,,0.00031,0.00048,-0.44,,,,,,,,,,,,,,,,,,,,,,,,,,,,,,,,,,,,,,,,,,,,,,,,,,,,,,,,,,,
6,Parkland,13,,"Dibloni O.T., Ouédraogo S.J., Koala J. ","Rapport technique d’activités. Programme collaboratif ICRAFSALWA, INERA-DPF, Ouagadougou, Burkina Faso, 51 p",Dibloni et al. 1999,1999,Report,Burkina Faso,Koudougou,Saria,12°16’,2°09’,800,Unimodal,On-station,Alfisol,"Lixisol, Luvisol",1998,n,0,Prosopis africana,Tree,P. africana 9.6x4.8,,,Sorghum,Sorghum IRAT 211,Biomass,0.26,0.39,0,-32.24,-0.39,,,,,,,,,,,,,,,,,,,,,,,,,,,0.00033,0.00048,-0.39,,,,,,,,,,,,,,,,,,,,,,,,,,,,,,,,,,,,,,,,,,,,,,,,,,,,,,,,,,,
6,Parkland,13,,"Dibloni O.T., Ouédraogo S.J., Koala J. ","Rapport technique d’activités. Programme collaboratif ICRAFSALWA, INERA-DPF, Ouagadougou, Burkina Faso, 51 p",Dibloni et al. 1999,1999,Report,Burkina Faso,Koudougou,Saria,12°16’,2°09’,800,Unimodal,On-station,Alfisol,"Lixisol, Luvisol",1998,n,0,Albizzia lebbeck,Tree,A. lebbeck 9.6x4.8,,,Sorghum,Sorghum IRAT 208,Biomass,0.27,0.39,0,-29.48,-0.35,,,,,,,,,,,,,,,,,,,,,,,,,,,0.00034,0.00048,-0.35,,,,,,,,,,,,,,,,,,,,,,,,,,,,,,,,,,,,,,,,,,,,,,,,,,,,,,,,,,,
6,Parkland,13,,"Dibloni O.T., Ouédraogo S.J., Koala J. ","Rapport technique d’activités. Programme collaboratif ICRAFSALWA, INERA-DPF, Ouagadougou, Burkina Faso, 51 p",Dibloni et al. 1999,1999,Report,Burkina Faso,Koudougou,Saria,12°16’,2°09’,800,Unimodal,On-station,Alfisol,"Lixisol, Luvisol",1998,n,0,Faidherbia albida,Tree,F. albida 9.6x9.6,,,Sorghum,Sorghum IRAT 204,Biomass,0.28,0.39,0,-27.38,-0.32,,,,,,,,,,,,,,,,,,,,,,,,,,,0.00035,0.00048,-0.32,,,,,,,,,,,,,,,,,,,,,,,,,,,,,,,,,,,,,,,,,,,,,,,,,,,,,,,,,,,
6,Parkland,13,,"Dibloni O.T., Ouédraogo S.J., Koala J. ","Rapport technique d’activités. Programme collaboratif ICRAFSALWA, INERA-DPF, Ouagadougou, Burkina Faso, 51 p",Dibloni et al. 1999,1999,Report,Burkina Faso,Koudougou,Saria,12°16’,2°09’,800,Unimodal,On-station,Alfisol,"Lixisol, Luvisol",1998,n,0,Prosopis africana,Tree,P. africana 9.6x2.4,,,Sorghum,Sorghum IRAT 212,Biomass,0.35,0.39,0,-8.93,-0.09,,,,,,,,,,,,,,,,,,,,,,,,,,,0.00044,0.00048,-0.09,,,,,,,,,,,,,,,,,,,,,,,,,,,,,,,,,,,,,,,,,,,,,,,,,,,,,,,,,,,
6,Parkland,13,,"Dibloni O.T., Ouédraogo S.J., Koala J. ","Rapport technique d’activités. Programme collaboratif ICRAFSALWA, INERA-DPF, Ouagadougou, Burkina Faso, 51 p",Dibloni et al. 1999,1999,Report,Burkina Faso,Koudougou,Saria,12°16’,2°09’,800,Unimodal,On-station,Alfisol,"Lixisol, Luvisol",1998,n,0,Albizzia lebbeck,Tree,A. lebbeck 9.6x9.6,,,Sorghum,Sorghum IRAT 207,Biomass,0.39,0.39,+,2.35,0.02,,,,,,,,,,,,,,,,,,,,,,,,,,,0.00049,0.00048,0.02,,,,,,,,,,,,,,,,,,,,,,,,,,,,,,,,,,,,,,,,,,,,,,,,,,,,,,,,,,,
7,Parkland,,,"Diedhiou, S., Dossa, E.L., Badiane, A.N., Diedhiou, I., Sène, M., Dick, R.P.",Decomposition and spatial microbial heterogeneity associated with native shrubs in soils of agroecosystems in semi-arid Senegal,Diedhiou et al. 2009,2009,Pedobiologia,Senegal,Peanut basin,Keur Mata Arame,14°45’,16°51' ,450,Unimodal,On-station,Arenosol,Arenosol,2005,n,0,Guiera senegalensis,Shrub,Under canopy (240 shrubs.ha-1),,,,,,NA,NA,NA,NA,NA,++,3.35,1.44,2.51,0.54,133.47,,,,,,,,,,,,,,,,,,,,,,,,,,,,,,,,,,,0,200,2,180,2,11,,,,,,,,,+,5.5,,4.1,,34.14634146,,,,,,,,,,,5.2,5.4,+,17,14,20.11952191,,,,,,,+,,,,,
7,Parkland,,,"Diedhiou, S., Dossa, E.L., Badiane, A.N., Diedhiou, I., Sène, M., Dick, R.P.",Decomposition and spatial microbial heterogeneity associated with native shrubs in soils of agroecosystems in semi-arid Senegal,Diedhiou et al. 2009,2009,Pedobiologia,Senegal,Peanut basin,Nioro du Rip,13°45' ,15°47' ,750,Unimodal,On-station,Lixisol,Lixisol,2005,n,0,Piliostigma reticulatum,Shrub,Under canopy (185 shrubs.ha-1),,,,,,NA,NA,NA,NA,NA,++,5.77,0.4,3.23,0.77,178.64,,,,,,,,,,,,,,,,,,,,,,,,,,,,,,,,,,,0,210,1,190,1,11,,,,,,,,,-,1.5,,2.2,,-31.81818182,,,,,,,,,,,6.4,5.8,+,27,17,61.62464986,,,,,,,+,,,,,
8,Parkland,65,,"Dossa, E. L., Diedhiou, I., Khouma, M., Sene, M., Lufafa, A., Kizito, F., Samba, S. a N, Badiane, a. N., Diedhiou, S., Dick, R. P.",Crop Productivity and Nutrient Dynamics in a Shrub (Guiera senegalensis)-Based Farming System of the Sahel,Dossa et al. 2012,2012,Agronomy Journal,Senegal,Peanut basin,Keur Mata Arame,14°45’,16°51' ,450,Unimodal,On-station,Arenosol,Arenosol,2005,n+1,1,Guiera senegalensis,Shrub,Presence/absence,,,Millet,,Biomass,1.95,1.37,+,42.21,0.35,,,,,,,,,,,,,,,,,,,,,,,,,,,0.00434,0.00305,0.35,,,,,,,,,,,,,,,,,,,,,,,,,,+,,,,,,,,,,,,,,,,,,,,,,,,,,,,,,,,,
8,Parkland,65,,"Dossa, E. L., Diedhiou, I., Khouma, M., Sene, M., Lufafa, A., Kizito, F., Samba, S. a N, Badiane, a. N., Diedhiou, S., Dick, R. P.",Crop Productivity and Nutrient Dynamics in a Shrub (Guiera senegalensis)-Based Farming System of the Sahel,Dossa et al. 2012,2012,Agronomy Journal,Senegal,Peanut basin,Keur Mata Arame,14°45’,16°51' ,450,Unimodal,On-station,Arenosol,Arenosol,2007,n+3,3,Guiera senegalensis,Shrub,Presence/absence,,,Millet,,Biomass,1.79,1.01,+,78.41,0.58,,,,,,,,,,,,,,,,,,,,,,,,,,,0.00398,0.00223,0.58,,,,,,,,,,,,,,,,,,,,,,,,,,+,,,,,,,,,,,,,,,,,,,,,,,,,,,,,,,,,
8,Parkland,65,,"Dossa, E. L., Diedhiou, I., Khouma, M., Sene, M., Lufafa, A., Kizito, F., Samba, S. a N, Badiane, a. N., Diedhiou, S., Dick, R. P.",Crop Productivity and Nutrient Dynamics in a Shrub (Guiera senegalensis)-Based Farming System of the Sahel,Dossa et al. 2012,2012,Agronomy Journal,Senegal,Peanut basin,Keur Mata Arame,14°45’,16°51' ,450,Unimodal,On-station,Arenosol,Arenosol,2004,n,0,Guiera senegalensis,Shrub,Presence/absence,,,Groundnut,,Haulms,0.52,0.43,+,20.79,0.19,,,,,,,,,,,,,,,,,,,,,,,,,,,0.00115,0.00095,0.19,,,,,,,,,,,,,,,,,,,,,,,,,,+,,,,,,,,,,,,,,,,,,,,,,,,,,,,,,,,,
8,Parkland,65,,"Dossa, E. L., Diedhiou, I., Khouma, M., Sene, M., Lufafa, A., Kizito, F., Samba, S. a N, Badiane, a. N., Diedhiou, S., Dick, R. P.",Crop Productivity and Nutrient Dynamics in a Shrub (Guiera senegalensis)-Based Farming System of the Sahel,Dossa et al. 2012,2012,Agronomy Journal,Senegal,Peanut basin,Keur Mata Arame,14°45’,16°51' ,450,Unimodal,On-station,Arenosol,Arenosol,2004,n,0,Guiera senegalensis,Shrub,Presence/absence,,,Groundnut,,Grain,0.17,0.1,+,75.52,0.56,,,,,,,,,,,,,,,,,,,,,,,,,,,0.00038,0.00022,0.56,,,,,,,,,,,,,,,,,,,,,,,,,,+,,,,,,,,,,,,,,,,,,,,,,,,,,,,,,,,,
8,Parkland,65,,"Dossa, E. L., Diedhiou, I., Khouma, M., Sene, M., Lufafa, A., Kizito, F., Samba, S. a N, Badiane, a. N., Diedhiou, S., Dick, R. P.",Crop Productivity and Nutrient Dynamics in a Shrub (Guiera senegalensis)-Based Farming System of the Sahel,Dossa et al. 2012,2012,Agronomy Journal,Senegal,Peanut basin,Keur Mata Arame,14°45’,16°51' ,450,Unimodal,On-station,Arenosol,Arenosol,2005,n+1,1,Guiera senegalensis,Shrub,Presence/absence,,,Millet,,Grain,0.4,0.26,+,53.85,0.43,,,,,,,,,,,,,,,,,,,,,,,,,,,0.00089,0.00058,0.43,,,,,,,,,,,,,,,,,,,,,,,,,,+,,,,,,,,,,,,,,,,,,,,,,,,,,,,,,,,,
8,Parkland,65,,"Dossa, E. L., Diedhiou, I., Khouma, M., Sene, M., Lufafa, A., Kizito, F., Samba, S. a N, Badiane, a. N., Diedhiou, S., Dick, R. P.",Crop Productivity and Nutrient Dynamics in a Shrub (Guiera senegalensis)-Based Farming System of the Sahel,Dossa et al. 2012,2012,Agronomy Journal,Senegal,Peanut basin,Keur Mata Arame,14°45’,16°51' ,450,Unimodal,On-station,Arenosol,Arenosol,2006,n+2,2,Guiera senegalensis,Shrub,Presence/absence,,,Groundnut,,Grain,0.55,0.46,+,19.43,0.18,,,,,,,,,,,,,,,,,,,,,,,,,,,0.00122,0.00102,0.18,,,,,,,,,,,,,,,,,,,,,,,,,,+,,,,,,,,,,,,,,,,,,,,,,,,,,,,,,,,,
8,Parkland,65,,"Dossa, E. L., Diedhiou, I., Khouma, M., Sene, M., Lufafa, A., Kizito, F., Samba, S. a N, Badiane, a. N., Diedhiou, S., Dick, R. P.",Crop Productivity and Nutrient Dynamics in a Shrub (Guiera senegalensis)-Based Farming System of the Sahel,Dossa et al. 2012,2012,Agronomy Journal,Senegal,Peanut basin,Keur Mata Arame,14°45’,16°51' ,450,Unimodal,On-station,Arenosol,Arenosol,2007,n+3,3,Guiera senegalensis,Shrub,Presence/absence,,,Millet,,Grain,0.4,0.12,+++,244.83,1.24,,,,,,,,,,,,,,,,,,,,,,,,,,,0.00089,0.00026,1.24,,,,,,,,,,,,,,,,,,,,,,,,,,+,,,,,,,,,,,,,,,,,,,,,,,,,,,,,,,,,
9,Parkland,,,"Dossa, E. L., Diedhiou, S., Compton, J. E., Assigbetse, K. B., Dick, R. P.",Spatial patterns of P fractions and chemical properties in soils of two native shrub communities in Senegal,Dossa et al. 2010,2010,Plant and Soil,Senegal,Peanut basin,Keur Mata Arame,14°45’,16°51' ,450,Unimodal,On-station,Arenosol,Arenosol,,n,0,Piliostigma reticulatum,Shrub,Phosphorus beneath and outside shrub canopy,,,,,,NA,NA,NA,NA,NA,,,,,,,,,,,,,,,,,,,,,,,,,,,,,,,,,,,,,,,,,,,,,,,,,0,88.9,4.5,85.8,6.3,3.613053613,+,8.5,3.8,8.3,2.7,2.409638554,,,,,,,,,,,,,,,,,,,,,,,,,,,,
9,Parkland,,,"Dossa, E. L., Diedhiou, S., Compton, J. E., Assigbetse, K. B., Dick, R. P.",Spatial patterns of P fractions and chemical properties in soils of two native shrub communities in Senegal,Dossa et al. 2010,2010,Plant and Soil,Senegal,Peanut basin,Keur Mata Arame,14°45’,16°51' ,450,Unimodal,On-station,Arenosol,Arenosol,,n,0,Guiera senegalensis,Shrub,Phosphorus beneath and outside shrub canopy,,,,,,NA,NA,NA,NA,NA,,,,,,,,,,,,,,,,,,,,,,,,,,,,,,,,,,,,,,,,,,,,,,,,,0,89.3,7.7,86.2,7.1,3.596287703,+,8.2,2,5.6,1.9,46.42857143,,,,,,,,,,,,,,,,,,,,,,,,,,,,
9,Parkland,,,"Dossa, E. L., Diedhiou, S., Compton, J. E., Assigbetse, K. B., Dick, R. P.",Spatial patterns of P fractions and chemical properties in soils of two native shrub communities in Senegal,Dossa et al. 2010,2010,Plant and Soil,Senegal,Peanut basin,Keur Mata Arame,14°45’,16°51' ,450,Unimodal,On-station,Arenosol,Arenosol,,n,0,"P. reticulatum, G. senegalensis",Shrub,Bulk density of 0-30 cm beneath and outside shrub canopy,,,,,,NA,NA,NA,NA,NA,,,,,,,,,,,,,,,,,,,,,,,,,,,,,,-,1.52,0.02,1.61,0.02,94,,,,,,,,,,,,,,,,,,,,,,,,,,,,,,,,,,,,,,,,,,,,,,,,,,,,,
9,Parkland,,,"Dossa, E. L., Diedhiou, S., Compton, J. E., Assigbetse, K. B., Dick, R. P.",Spatial patterns of P fractions and chemical properties in soils of two native shrub communities in Senegal,Dossa et al. 2010,2010,Plant and Soil,Senegal,Peanut basin,Nioro du Rip,13°45' ,15°47' ,750,Unimodal,On-station,Lixisol,Lixisol,,n,0,"P. reticulatum, G. senegalensis",Shrub,Bulk density of 0-30 cm beneath and outside shrub canopy,,,,,,NA,NA,NA,NA,NA,,,,,,,,,,,,,,,,,,,,,,,,,,,,,,-,1.48,0.01,1.54,0.01,96,,,,,,,,,,,,,,,,,,,,,,,,,,,,,,,,,,,,,,,,,,,,,,,,,,,,,
9,Parkland,,,"Dossa, E. L., Diedhiou, S., Compton, J. E., Assigbetse, K. B., Dick, R. P.",Spatial patterns of P fractions and chemical properties in soils of two native shrub communities in Senegal,Dossa et al. 2010,2010,Plant and Soil,Senegal,Peanut basin,Nioro du Rip,13°45' ,15°47' ,750,Unimodal,On-station,Lixisol,Lixisol,,n,0,Guiera senegalensis,Shrub,Phosphorus beneath and outside shrub canopy,,,,,,NA,NA,NA,NA,NA,,,,,,,,,,,,,,,,,,,,,,,,,,,,,,,,,,,,,,,,,,,,,,,,,0,67.5,3.2,63.8,5.4,5.799373041,+,11.2,3.1,7.3,2,53.42465753,,,,,,,,,,,,,,,,,,,,,,,,,,,,
9,Parkland,,,"Dossa, E. L., Diedhiou, S., Compton, J. E., Assigbetse, K. B., Dick, R. P.",Spatial patterns of P fractions and chemical properties in soils of two native shrub communities in Senegal,Dossa et al. 2010,2010,Plant and Soil,Senegal,Peanut basin,Nioro du Rip,13°45' ,15°47' ,750,Unimodal,On-station,Lixisol,Lixisol,,n,0,Piliostigma reticulatum,Shrub,Phosphorus beneath and outside shrub canopy,,,,,,NA,NA,NA,NA,NA,,,,,,,,,,,,,,,,,,,,,,,,,,,,,,,,,,,,,,,,,,,,,,,,,0,67.2,4.1,64,2.5,5,+,5.4,0.6,4.8,0.8,12.5,,,,,,,,,,,,,,,,,,,,,,,,,,,,
10,Parkland,,,"Dossa, Ekwe L., Diedhiou, Ibrahima, Khouma, Mamadou, Sene, Modou, Badiane, Aminata N., Ndiaye Samba, Samba a., Assigbetse, Komi B., Sall, Saidou, Lufafa, Abel, Kizito, Dick, Richard P., Saxena, Jyotisna",Crop Productivity and Nutrient Dynamics in a Shrub-Based Farming System of the Sahel,Dossa et al. 2013,2013,Agronomy Journal,Senegal,Peanut basin,Keur Mata Arame,14°45’,16°51' ,450,Unimodal,On-station,Arenosol,Arenosol,2005,n+1,1,Piliostigma reticulatum,Shrub,Presence/absence,,,Millet,,Biomass,3.35,2.48,+,35.31,0.3,,,,,,,,,,,,,,,,,,,,,,,,,,,0.00744,0.0055,0.3,,,,,,,,,,,,,,,,,,,,,,,,,,~,,,,,,,,,,,,,,,,,,,,,,,,,,,,,,,,,
10,Parkland,,,"Dossa, Ekwe L., Diedhiou, Ibrahima, Khouma, Mamadou, Sene, Modou, Badiane, Aminata N., Ndiaye Samba, Samba a., Assigbetse, Komi B., Sall, Saidou, Lufafa, Abel, Kizito, Dick, Richard P., Saxena, Jyotisna",Crop Productivity and Nutrient Dynamics in a Shrub-Based Farming System of the Sahel,Dossa et al. 2013,2013,Agronomy Journal,Senegal,Peanut basin,Keur Mata Arame,14°45’,16°51' ,450,Unimodal,On-station,Arenosol,Arenosol,2007,n+3,3,Piliostigma reticulatum,Shrub,Presence/absence,,,Millet,,Biomass,3.41,3.42,0,-0.26,0,,,,,,,,,,,,,,,,,,,,,,,,,,,0.00758,0.0076,0,,,,,,,,,,,,,,,,,,,,,,,,,,~,,,,,,,,,,,,,,,,,,,,,,,,,,,,,,,,,
10,Parkland,,,"Dossa, Ekwe L., Diedhiou, Ibrahima, Khouma, Mamadou, Sene, Modou, Badiane, Aminata N., Ndiaye Samba, Samba a., Assigbetse, Komi B., Sall, Saidou, Lufafa, Abel, Kizito, Dick, Richard P., Saxena, Jyotisna",Crop Productivity and Nutrient Dynamics in a Shrub-Based Farming System of the Sahel,Dossa et al. 2013,2013,Agronomy Journal,Senegal,Peanut basin,Keur Mata Arame,14°45’,16°51' ,450,Unimodal,On-station,Arenosol,Arenosol,2004,n,0,Piliostigma reticulatum,Shrub,Presence/absence,,,Groundnut,,Haulms,1.4,1.23,+,13.64,0.13,,,,,,,,,,,,,,,,,,,,,,,,,,,0.00311,0.00274,0.13,,,,,,,,,,,,,,,,,,,,,,,,,,~,,,,,,,,,,,,,,,,,,,,,,,,,,,,,,,,,
10,Parkland,,,"Dossa, Ekwe L., Diedhiou, Ibrahima, Khouma, Mamadou, Sene, Modou, Badiane, Aminata N., Ndiaye Samba, Samba a., Assigbetse, Komi B., Sall, Saidou, Lufafa, Abel, Kizito, Dick, Richard P., Saxena, Jyotisna",Crop Productivity and Nutrient Dynamics in a Shrub-Based Farming System of the Sahel,Dossa et al. 2013,2013,Agronomy Journal,Senegal,Peanut basin,Keur Mata Arame,14°45’,16°51' ,450,Unimodal,On-station,Arenosol,Arenosol,2004,n,0,Piliostigma reticulatum,Shrub,Presence/absence,,,Groundnut,,Grain,0.66,0.55,+,19.35,0.18,,,,,,,,,,,,,,,,,,,,,,,,,,,0.00147,0.00123,0.18,,,,,,,,,,,,,,,,,,,,,,,,,,~,,,,,,,,,,,,,,,,,,,,,,,,,,,,,,,,,
10,Parkland,,,"Dossa, Ekwe L., Diedhiou, Ibrahima, Khouma, Mamadou, Sene, Modou, Badiane, Aminata N., Ndiaye Samba, Samba a., Assigbetse, Komi B., Sall, Saidou, Lufafa, Abel, Kizito, Dick, Richard P., Saxena, Jyotisna",Crop Productivity and Nutrient Dynamics in a Shrub-Based Farming System of the Sahel,Dossa et al. 2013,2013,Agronomy Journal,Senegal,Peanut basin,Keur Mata Arame,14°45’,16°51' ,450,Unimodal,On-station,Arenosol,Arenosol,2005,n+1,1,Piliostigma reticulatum,Shrub,Presence/absence,,,Millet,,Grain,1.35,1.27,+,6.22,0.06,,,,,,,,,,,,,,,,,,,,,,,,,,,0.003,0.00282,0.06,,,,,,,,,,,,,,,,,,,,,,,,,,~,,,,,,,,,,,,,,,,,,,,,,,,,,,,,,,,,
10,Parkland,,,"Dossa, Ekwe L., Diedhiou, Ibrahima, Khouma, Mamadou, Sene, Modou, Badiane, Aminata N., Ndiaye Samba, Samba a., Assigbetse, Komi B., Sall, Saidou, Lufafa, Abel, Kizito, Dick, Richard P., Saxena, Jyotisna",Crop Productivity and Nutrient Dynamics in a Shrub-Based Farming System of the Sahel,Dossa et al. 2013,2013,Agronomy Journal,Senegal,Peanut basin,Keur Mata Arame,14°45’,16°51' ,450,Unimodal,On-station,Arenosol,Arenosol,2006,n+2,2,Piliostigma reticulatum,Shrub,Presence/absence,,,Groundnut,,Grain,1.18,1.43,0,-17.69,-0.19,,,,,,,,,,,,,,,,,,,,,,,,,,,0.00262,0.00318,-0.19,,,,,,,,,,,,,,,,,,,,,,,,,,~,,,,,,,,,,,,,,,,,,,,,,,,,,,,,,,,,
10,Parkland,,,"Dossa, Ekwe L., Diedhiou, Ibrahima, Khouma, Mamadou, Sene, Modou, Badiane, Aminata N., Ndiaye Samba, Samba a., Assigbetse, Komi B., Sall, Saidou, Lufafa, Abel, Kizito, Dick, Richard P., Saxena, Jyotisna",Crop Productivity and Nutrient Dynamics in a Shrub-Based Farming System of the Sahel,Dossa et al. 2013,2013,Agronomy Journal,Senegal,Peanut basin,Keur Mata Arame,14°45’,16°51' ,450,Unimodal,On-station,Arenosol,Arenosol,2007,n+3,3,Piliostigma reticulatum,Shrub,Presence/absence,,,Millet,,Grain,1.18,1.18,0,-0.25,0,,,,,,,,,,,,,,,,,,,,,,,,,,,0.00262,0.00263,0,,,,,,,,,,,,,,,,,,,,,,,,,,~,,,,,,,,,,,,,,,,,,,,,,,,,,,,,,,,,
11,Parkland,,,Dan Lamso et al.,"Effets du Guiera senegalensis et de Hyphaene thebaica sur la fertilité des sols et la production de mil: études de cas à El Guéza et Guidan Bakoye (épartement d'Aguié, Niger)",Dan Lamso et al. 2016,2016,Int. J. Biol. Chem. Sci,Niger,,Guidan Bakoye,13°41',7°46' (E),500,Unimodal,On-farm,Tropical Ferrginous (Clayey Sand),Lixisol,,n,0,Guiera senegalensis,Shrub,Around shrub vs. Outside ,,,Millet,,Biomass,3.11,2.68,+,16.2,0.15,,,,,,,,,,,,,,,,,,,,,,,,,,,0.00623,0.00536,0.15,,,,,,,,,,,,,,,,,,,,,,,,,,,,,,,,,,,,,,,,,,,,,,,,,,,,,,,,,,,
11,Parkland,,,Dan Lamso et al.,"Effets du Guiera senegalensis et de Hyphaene thebaica sur la fertilité des sols et la production de mil: études de cas à El Guéza et Guidan Bakoye (épartement d'Aguié, Niger)",Dan Lamso et al. 2016,2016,Int. J. Biol. Chem. Sci,Niger,,Guidan Bakoye,13°41',7°46' (E),500,Unimodal,On-farm,Tropical Ferrginous (Clayey Sand),Lixisol,,n,0,Guiera senegalensis,Shrub,Around shrub vs. Outside ,,,Millet,,Grain,0.49,0.3,+,64.67,0.5,,,,,,,,,,,,,,,,,,,,,,,,,,,0.00099,0.0006,0.5,,,,,,,,,,,,,,,,,,,,,,,,,,,,,,,,,,,,,,,,,,,,,,,,,,,,,,,,,,,
12,Parkland,19,,"Harmand, Njiti, Jacotot, Peltier",Plantation de Faidherbia albida au Nord-Cameroun,Harmand et al. 1996,1996,Cahiers Scientifiques,Cameroon,Maroua,Mouda,"10°10'41.20"""," 14°19'25.47""",850,Unimodal,On-station,Alfisol,"Lixisol, Luvisol",1992,n+1,1,Faidherbia albida,Tree,intercrop 7 year-old,,,Sorghum,Sorghum djigari,Grain,1.1,1.34,0,-17.91,-0.2,,,,,,,,,,,,,,,,,,,,,,,,,,,0.00129,0.00158,-0.2,,,,,,,,,,,,,,,,,,,,,,,,,,,,,,,,,,,,,,,,,,,,,,,,,,,,,,,,,,,
12,Parkland,19,,"Harmand, Njiti, Jacotot, Peltier",Plantation de Faidherbia albida au Nord-Cameroun,Harmand et al. 1996,1996,Cahiers Scientifiques,Cameroon,Maroua,Mouda,"10°10'41.20"""," 14°19'25.47""",850,Unimodal,On-station,Alfisol,"Lixisol, Luvisol",1993,n+2,2,Faidherbia albida,Tree,intercrop 8 year-old,,,Sorghum,Sorghum djigari,Grain,0.88,1.1,0,-20,-0.22,,,,,,,,,,,,,,,,,,,,,,,,,,,0.00104,0.00129,-0.22,,,,,,,,,,,,,,,,,,,,,,,,,,,,,,,,,,,,,,,,,,,,,,,,,,,,,,,,,,,
12,Parkland,19,,"Harmand, Njiti, Jacotot, Peltier",Plantation de Faidherbia albida au Nord-Cameroun,Harmand et al. 1996,1996,Cahiers Scientifiques,Cameroon,Maroua,Mouda,"10°10'41.20"""," 14°19'25.47""",850,Unimodal,On-station,Alfisol,"Lixisol, Luvisol",1994,n+3,3,Faidherbia albida,Tree,intercrop 9 year-old,,,Sorghum,Sorghum djigari,Grain,1.48,2.21,0,-33.03,-0.4,,,,,,,,,,,,,,,,,,,,,,,,,,,0.00174,0.0026,-0.4,,,,,,,,,,,,,,,,,,,,,,,,,,,,,,,,,,,,,,,,,,,,,,,,,,,,,,,,,,,
12,Parkland,19,,"Harmand, Njiti, Jacotot, Peltier",Plantation de Faidherbia albida au Nord-Cameroun,Harmand et al. 1996,1996,Cahiers Scientifiques,Cameroon,Maroua,Mouda,"10°10'41.20"""," 14°19'25.47""",850,Unimodal,On-station,Alfisol,"Lixisol, Luvisol",1991,n,0,Faidherbia albida,Tree,intercrop 6 year-old,,,Sorghum,Sorghum djigari,Grain,0.93,1.03,0,-9.71,-0.1,,,,,,,,,,,,,,,,,,,,,,,,,,,0.00109,0.00121,-0.1,,,,,,,,,,,,,,,,,,,,,,,,,,,,,,,,,,,,,,,,,,,,,,,,,,,,,,,,,,,
13,Parkland,,,Hernandez et al,"The native shrub, Piliostigma reticulatum, as an ecological “resource island” for mango trees in the Sahel",Hernández et al. 2015,2015,"Agriculture, Ecosystems and Environment",Senegal,Thiès,Keur Mata Arame,14°45’,16°51’,450,Unimodal,On-farm,rubic arenosol,Arenosol,2014,n,0,Piliostigma reticulatum,Shrub,With / without shrub,,,Mango,,,NA,NA,NA,NA,NA,,,,,,,,,,,,,,,,,,,,,,,,,,,,,,,,,,,,,,,,,,,,,,,,,,,,,,,,,,,,,,,,,,,,,,,,,,,,,,,,,Mango + shrub shows the most potential to perform decomposition reactions and nmineralization of nutrients (F:B ratio = 0.54 M+S compared to 0.73 for Mango alone),0.84,1.12745098,,,,,
14,Parkland,,,"Jonsson, Ong, Ondogo",,Jonsson et al. 1999,1999,Experimental Agriculture,Burkina Faso,Plateau Central,Saponé,12°03’,1°43’,974,Unimodal,On-farm,Loamy Regosol,Regosol,1999,n,0,Vitellaria paradoxa,Tree,Under crown of small karité,,,Millet,,Biomass,1.28,1.11,+,16.08,0.15,,,,,,,,,,,,,,,,,,,,,,,,,,,0.00132,0.00114,0.15,,,,,,,,,,,,,,,,,,,,,,,,,,,,,,,,,,,,,,,,,,,,,,,,,,,,,,,,,,,
14,Parkland,,,"Jonsson, Ong, Ondogo",,Jonsson et al. 1999,1999,Experimental Agriculture,Burkina Faso,Plateau Central,Saponé,12°03’,1°43’,974,Unimodal,On-farm,Loamy Regosol,Regosol,1999,n,0,Vitellaria paradoxa,Tree,Under crown of large karité,,,Millet,,Biomass,1.2,1.11,+,8.79,0.08,,,,,,,,,,,,,,,,,,,,,,,,,,,0.00123,0.00114,0.08,,,,,,,,,,,,,,,,,,,,,,,,,,,,,,,,,,,,,,,,,,,,,,,,,,,,,,,,,,,
14,Parkland,,,"Jonsson, Ong, Ondogo",,Jonsson et al. 1999,1999,Experimental Agriculture,Burkina Faso,Plateau Central,Saponé,12°03’,1°43’,974,Unimodal,On-farm,Loamy Regosol,Regosol,1999,n,0,Parkia biglobosa,Tree,Under crown of small néré,,,Millet,,Biomass,1.56,1.11,+,41.21,0.35,,,,,,,,,,,,,,,,,,,,,,,,,,,0.0016,0.00114,0.35,,,,,,,,,,,,,,,,,,,,,,,,,,,,,,,,,,,,,,,,,,,,,,,,,,,,,,,,,,,
14,Parkland,,,"Jonsson, Ong, Ondogo",,Jonsson et al. 1999,1999,Experimental Agriculture,Burkina Faso,Plateau Central,Saponé,12°03’,1°43’,974,Unimodal,On-farm,Loamy Regosol,Regosol,1999,n,0,Parkia biglobosa,Tree,Under crown of large néré,,,Millet,,Biomass,1.02,1.11,0,-7.54,-0.08,,,,,,,,,,,,,,,,,,,,,,,,,,,0.00105,0.00114,-0.08,,,,,,,,,,,,,,,,,,,,,,,,,,,,,,,,,,,,,,,,,,,,,,,,,,,,,,,,,,,
15,Parkland,40,,Jules Bayala,(Millet production under pruned tree crowns in a parkland system in Burkina Faso),Bayala 2002,2002,PhD thesis,Burkina Faso,Plateau Central,Saponé,12°03',1°43',721,Unimodal,On-farm,Luvisol,Luvisol,1999-2000,n+2,2,Parkia biglobosa,Tree,Under Néré,,,Millet,,Biomass,0.5,0.56,0,-10.54,-0.11,,,,,,,,,,,,,,,,,,,,,,,,,,,0.00069,0.00078,-0.11,,,,,,,,,,,,,,,,,,,,,,,,,,,,,,,,,,,,,,,,,,,,,,,,,,,,,,,,,,,
15,Parkland,40,,Jules Bayala,(Millet production under pruned tree crowns in a parkland system in Burkina Faso),Bayala 2002,2002,PhD thesis,Burkina Faso,Plateau Central,Saponé,12°03',1°43',721,Unimodal,On-farm,Luvisol,Luvisol,1999-2000,n+2,2,Vitellaria paradoxa,Tree,Under Karite,,,Millet,,Biomass,1.32,1.32,+,0.31,0,,,,,,,,,,,,,,,,,,,,,,,,,,,0.00183,0.00183,0,,,,,,,,,,,,,,,,,,,,,,,,,,,,,,,,,,,,,,,,,,,,,,,,,,,,,,,,,,,
15,Parkland,40,,Jules Bayala,(Millet production under pruned tree crowns in a parkland system in Burkina Faso),Bayala 2002,2002,PhD thesis,Burkina Faso,Plateau Central,Saponé,12°03',1°43',721,Unimodal,On-farm,Luvisol,Luvisol,1999-2000,n+2,2,Parkia biglobosa,Tree,Under Néré,,,Millet,,Grain,0.1,0.19,0,-46.71,-0.63,,,,,,,,,,,,,,,,,,,,,,,,,,,0.00014,0.00026,-0.63,,,,,,,,,,,,,,,,,,,,,,,,,,,,,,,,,,,,,,,,,,,,,,,,,,,,,,,,,,,
15,Parkland,40,,Jules Bayala,(Millet production under pruned tree crowns in a parkland system in Burkina Faso),Bayala 2002,2002,PhD thesis,Burkina Faso,Plateau Central,Saponé,12°03',1°43',721,Unimodal,On-farm,Luvisol,Luvisol,1999-2000,n+2,2,Vitellaria paradoxa,Tree,Under Karite,,,Millet,,Grain,0.34,0.36,0,-6.17,-0.06,,,,,,,,,,,,,,,,,,,,,,,,,,,0.00047,0.00051,-0.06,,,,,,,,,,,,,,,,,,,,,,,,,,,,,,,,,,,,,,,,,,,,,,,,,,,,,,,,,,,
15,Parkland,40,,Jules Bayala,(Millet production under pruned tree crowns in a parkland system in Burkina Faso),Bayala 2002,2002,PhD thesis,Burkina Faso,Plateau Central,Saponé,12°03',1°43',721,Unimodal,On-farm,Luvisol,Luvisol,2001,n,0,Parkia biglobosa,Tree,Under Néré,,,Sorghum,,Grain,2.57,2.22,+,16.09,0.15,,,,,,,,,,,,,,,,,,,,,,,,,,,0.00357,0.00307,0.15,,,,,,,,,,,,,,,,,,,,,,,,,,,,,,,,,,,,,,,,,,,,,,,,,,,,,,,,,,,
15,Parkland,40,,Jules Bayala,(Millet production under pruned tree crowns in a parkland system in Burkina Faso),Bayala 2002,2002,PhD thesis,Burkina Faso,Plateau Central,Saponé,12°03',1°43',721,Unimodal,On-farm,Luvisol,Luvisol,2001,n,0,Parkia biglobosa,Tree,Under Néré,,,Sorghum,,Grain,0.45,0.37,+,21.26,0.19,,,,,,,,,,,,,,,,,,,,,,,,,,,0.00062,0.00051,0.19,,,,,,,,,,,,,,,,,,,,,,,,,,,,,,,,,,,,,,,,,,,,,,,,,,,,,,,,,,,
15,Parkland,40,,Jules Bayala,(Millet production under pruned tree crowns in a parkland system in Burkina Faso),Bayala 2002,2002,PhD thesis,Burkina Faso,Plateau Central,Saponé,12°03',1°43',721,Unimodal,On-farm,Luvisol,Luvisol,2001,n,0,Vitellaria paradoxa,Tree,Under Karite,,,Sorghum,,Grain,0.68,0.52,+,32.16,0.28,,,,,,,,,,,,,,,,,,,,,,,,,,,0.00095,0.00072,0.28,,,,,,,,,,,,,,,,,,,,,,,,,,,,,,,,,,,,,,,,,,,,,,,,,,,,,,,,,,,
15,Parkland,40,,Jules Bayala,(Millet production under pruned tree crowns in a parkland system in Burkina Faso),Bayala 2002,2002,PhD thesis,Burkina Faso,Plateau Central,Saponé,12°03',1°43',721,Unimodal,On-farm,Luvisol,Luvisol,2001,n,0,Vitellaria paradoxa,Tree,Under Karite,,,Sorghum,,Biomass,2.64,1.85,+,42.51,0.35,,,,,,,,,,,,,,,,,,,,,,,,,,,0.00366,0.00257,0.35,,,,,,,,,,,,,,,,,,,,,,,,,,,,,,,,,,,,,,,,,,,,,,,,,,,,,,,,,,,
16,Parkland,,,"Kizito, F., Dragila, M., Sène, M., Lufafa, A., Diedhiou, I., Dick, R. P., Selker, J. S., Dossa, E., Khouma, M., Badiane, A., Ndiaye, S.","Seasonal soil water variation and root patterns between two semi-arid shrubs co-existing with Pearl millet in Senegal, West Africa",Kizito et al. 2006,2006,Journal of Arid Environments,Senegal,Peanut basin,Keur Mata Arame,14°45’,16°51' ,450,Unimodal,On-station,Arenosol,Arenosol,2003-2004,n+2,2,Guiera senegalensis,Shrub,Crop + shrub vs. Crop alone,,,Millet,,Grain,1.86,1.74,+,6.9,0.07,,,,,,,,,,,,,+,0.12,0.1,128,+,120.5,1.52,94.83,3.16,127,,,,,0.00413,0.00387,0.07,-,1.48,0.01,1.51,0.04,98,,,,,,,,,,,,,,,,,,,,,,,,,,,,,,,,,,,,,,,,,,,,,,,,,,,,,
16,Parkland,,,"Kizito, F., Dragila, M., Sène, M., Lufafa, A., Diedhiou, I., Dick, R. P., Selker, J. S., Dossa, E., Khouma, M., Badiane, A., Ndiaye, S.","Seasonal soil water variation and root patterns between two semi-arid shrubs co-existing with Pearl millet in Senegal, West Africa",Kizito et al. 2006,2006,Journal of Arid Environments,Senegal,Peanut basin,Nioro du Rip,13°45' ,15°47' ,750,Unimodal,On-station,Lixisol,Lixisol,2003-2004,n+2,2,Piliostigma reticulatum,Shrub,Crop + shrub vs. Crop alone,,,Millet,,Grain,2.3,2.26,+,1.77,0.02,,,,,,,,,,,,,+,0.14,0.12,120,+,100,0.73,89,0.73,112,,,,,0.00307,0.00301,0.02,-,1.52,0.01,1.54,0.06,99,,,,,,,,,,,,,,,,,,,,,,,,,,,,,,,,,,,,,,,,,,,,,,,,,,,,,
17,Parkland,16,,"Louppe, N'Dour, Samba",Influence de Faidherbia albida sur l'arachide et le mil au Sénégal,Louppe et al. 1996,1996,Cahiers Scientifiques,Senegal,Fatick,Sob,15°15' ,16°37' ,600,Unimodal,Farmer's practice,Alfisol,"Lixisol, Luvisol",1988,n,0,Faidherbia albida,Tree,892 cm from trunk,,,Groundnut,,Haulms,1.15,1.49,0,-22.99,-0.26,,,,,,,,,,,,,,,,,,,,,,,,,,,0.00192,0.00249,-0.26,,,,,,,,,,,,,,,,,,,,,,,,,,,,,,,,,,,,,,,,,,,,,,,,,,,,,,,,,,,
17,Parkland,16,,"Louppe, N'Dour, Samba",Influence de Faidherbia albida sur l'arachide et le mil au Sénégal,Louppe et al. 1996,1996,Cahiers Scientifiques,Senegal,Fatick,Sob,15°15' ,16°37' ,600,Unimodal,Farmer's practice,Alfisol,"Lixisol, Luvisol",1988,n,0,Faidherbia albida,Tree,719 cm from trnk,,,Groundnut,,Haulms,1.21,1.49,0,-18.77,-0.21,,,,,,,,,,,,,,,,,,,,,,,,,,,0.00202,0.00249,-0.21,,,,,,,,,,,,,,,,,,,,,,,,,,,,,,,,,,,,,,,,,,,,,,,,,,,,,,,,,,,
17,Parkland,16,,"Louppe, N'Dour, Samba",Influence de Faidherbia albida sur l'arachide et le mil au Sénégal,Louppe et al. 1996,1996,Cahiers Scientifiques,Senegal,Fatick,Sob,15°15' ,16°37' ,600,Unimodal,Farmer's practice,Alfisol,"Lixisol, Luvisol",1988,n,0,Faidherbia albida,Tree,199 cm from trunk,,,Groundnut,,Haulms,1.28,1.49,0,-13.94,-0.15,,,,,,,,,,,,,,,,,,,,,,,,,,,0.00214,0.00249,-0.15,,,,,,,,,,,,,,,,,,,,,,,,,,,,,,,,,,,,,,,,,,,,,,,,,,,,,,,,,,,
17,Parkland,16,,"Louppe, N'Dour, Samba",Influence de Faidherbia albida sur l'arachide et le mil au Sénégal,Louppe et al. 1996,1996,Cahiers Scientifiques,Senegal,Fatick,Sob,15°15' ,16°37' ,600,Unimodal,Farmer's practice,Alfisol,"Lixisol, Luvisol",1988,n,0,Faidherbia albida,Tree,345 cm from trunk,,,Groundnut,,Haulms,1.4,1.49,0,-5.9,-0.06,,,,,,,,,,,,,,,,,,,,,,,,,,,0.00234,0.00249,-0.06,,,,,,,,,,,,,,,,,,,,,,,,,,,,,,,,,,,,,,,,,,,,,,,,,,,,,,,,,,,
17,Parkland,16,,"Louppe, N'Dour, Samba",Influence de Faidherbia albida sur l'arachide et le mil au Sénégal,Louppe et al. 1996,1996,Cahiers Scientifiques,Senegal,Fatick,Sob,15°15' ,16°37' ,600,Unimodal,Farmer's practice,Alfisol,"Lixisol, Luvisol",1988,n,0,Faidherbia albida,Tree,892 cm from trunk,,,Groundnut,,Haulms,0.94,0.99,0,-5.45,-0.06,,,,,,,,,,,,,,,,,,,,,,,,,,,0.00156,0.00165,-0.06,,,,,,,,,,,,,,,,,,,,,,,,,,,,,,,,,,,,,,,,,,,,,,,,,,,,,,,,,,,
17,Parkland,16,,"Louppe, N'Dour, Samba",Influence de Faidherbia albida sur l'arachide et le mil au Sénégal,Louppe et al. 1996,1996,Cahiers Scientifiques,Senegal,Fatick,Sob,15°15' ,16°37' ,600,Unimodal,Farmer's practice,Alfisol,"Lixisol, Luvisol",1988,n,0,Faidherbia albida,Tree,892 cm from trunk,,,Millet,,Grain,0.63,0.65,0,-2.48,-0.03,,,,,,,,,,,,,,,,,,,,,,,,,,,0.00105,0.00108,-0.03,,,,,,,,,,,,,,,,,,,,,,,,,,,,,,,,,,,,,,,,,,,,,,,,,,,,,,,,,,,
17,Parkland,16,,"Louppe, N'Dour, Samba",Influence de Faidherbia albida sur l'arachide et le mil au Sénégal,Louppe et al. 1996,1996,Cahiers Scientifiques,Senegal,Fatick,Sob,15°15' ,16°37' ,600,Unimodal,Farmer's practice,Alfisol,"Lixisol, Luvisol",1988,n,0,Faidherbia albida,Tree,564 cm from trunk,,,Groundnut,,Haulms,1.02,0.99,+,3.23,0.03,,,,,,,,,,,,,,,,,,,,,,,,,,,0.0017,0.00165,0.03,,,,,,,,,,,,,,,,,,,,,,,,,,,,,,,,,,,,,,,,,,,,,,,,,,,,,,,,,,,
17,Parkland,16,,"Louppe, N'Dour, Samba",Influence de Faidherbia albida sur l'arachide et le mil au Sénégal,Louppe et al. 1996,1996,Cahiers Scientifiques,Senegal,Fatick,Sob,15°15' ,16°37' ,600,Unimodal,Farmer's practice,Alfisol,"Lixisol, Luvisol",1988,n,0,Faidherbia albida,Tree,719 cm from trnk,,,Millet,,Grain,0.68,0.65,+,5.27,0.05,,,,,,,,,,,,,,,,,,,,,,,,,,,0.00113,0.00108,0.05,,,,,,,,,,,,,,,,,,,,,,,,,,,,,,,,,,,,,,,,,,,,,,,,,,,,,,,,,,,
17,Parkland,16,,"Louppe, N'Dour, Samba",Influence de Faidherbia albida sur l'arachide et le mil au Sénégal,Louppe et al. 1996,1996,Cahiers Scientifiques,Senegal,Fatick,Sob,15°15' ,16°37' ,600,Unimodal,Farmer's practice,Alfisol,"Lixisol, Luvisol",1988,n,0,Faidherbia albida,Tree,446 cm from trunk,,,Groundnut,,Haulms,1.69,1.49,+,13.14,0.12,,,,,,,,,,,,,,,,,,,,,,,,,,,0.00281,0.00249,0.12,,,,,,,,,,,,,,,,,,,,,,,,,,,,,,,,,,,,,,,,,,,,,,,,,,,,,,,,,,,
17,Parkland,16,,"Louppe, N'Dour, Samba",Influence de Faidherbia albida sur l'arachide et le mil au Sénégal,Louppe et al. 1996,1996,Cahiers Scientifiques,Senegal,Fatick,Sob,15°15' ,16°37' ,600,Unimodal,Farmer's practice,Alfisol,"Lixisol, Luvisol",1988,n,0,Faidherbia albida,Tree,564 cm from trunk,,,Groundnut,,Haulms,1.76,1.49,+,17.69,0.16,,,,,,,,,,,,,,,,,,,,,,,,,,,0.00293,0.00249,0.16,,,,,,,,,,,,,,,,,,,,,,,,,,,,,,,,,,,,,,,,,,,,,,,,,,,,,,,,,,,
17,Parkland,16,,"Louppe, N'Dour, Samba",Influence de Faidherbia albida sur l'arachide et le mil au Sénégal,Louppe et al. 1996,1996,Cahiers Scientifiques,Senegal,Fatick,Sob,15°15' ,16°37' ,600,Unimodal,Farmer's practice,Alfisol,"Lixisol, Luvisol",1988,n,0,Faidherbia albida,Tree,719 cm from trnk,,,Groundnut,,Haulms,1.18,0.99,+,19.49,0.18,,,,,,,,,,,,,,,,,,,,,,,,,,,0.00197,0.00165,0.18,,,,,,,,,,,,,,,,,,,,,,,,,,,,,,,,,,,,,,,,,,,,,,,,,,,,,,,,,,,
17,Parkland,16,,"Louppe, N'Dour, Samba",Influence de Faidherbia albida sur l'arachide et le mil au Sénégal,Louppe et al. 1996,1996,Cahiers Scientifiques,Senegal,Fatick,Sob,15°15' ,16°37' ,600,Unimodal,Farmer's practice,Alfisol,"Lixisol, Luvisol",1988,n,0,Faidherbia albida,Tree,564 cm from trunk,,,Millet,,Grain,0.82,0.65,+,26.36,0.23,,,,,,,,,,,,,,,,,,,,,,,,,,,0.00136,0.00108,0.23,,,,,,,,,,,,,,,,,,,,,,,,,,,,,,,,,,,,,,,,,,,,,,,,,,,,,,,,,,,
17,Parkland,16,,"Louppe, N'Dour, Samba",Influence de Faidherbia albida sur l'arachide et le mil au Sénégal,Louppe et al. 1996,1996,Cahiers Scientifiques,Senegal,Fatick,Sob,15°15' ,16°37' ,600,Unimodal,Farmer's practice,Alfisol,"Lixisol, Luvisol",1988,n,0,Faidherbia albida,Tree,199 cm from trunk,,,Groundnut,,Haulms,1.3,0.99,+,30.81,0.27,,,,,,,,,,,,,,,,,,,,,,,,,,,0.00216,0.00165,0.27,,,,,,,,,,,,,,,,,,,,,,,,,,,,,,,,,,,,,,,,,,,,,,,,,,,,,,,,,,,
17,Parkland,16,,"Louppe, N'Dour, Samba",Influence de Faidherbia albida sur l'arachide et le mil au Sénégal,Louppe et al. 1996,1996,Cahiers Scientifiques,Senegal,Fatick,Sob,15°15' ,16°37' ,600,Unimodal,Farmer's practice,Alfisol,"Lixisol, Luvisol",1988,n,0,Faidherbia albida,Tree,446 cm from trunk,,,Groundnut,,Haulms,1.32,0.99,+,32.83,0.28,,,,,,,,,,,,,,,,,,,,,,,,,,,0.00219,0.00165,0.28,,,,,,,,,,,,,,,,,,,,,,,,,,,,,,,,,,,,,,,,,,,,,,,,,,,,,,,,,,,
17,Parkland,16,,"Louppe, N'Dour, Samba",Influence de Faidherbia albida sur l'arachide et le mil au Sénégal,Louppe et al. 1996,1996,Cahiers Scientifiques,Senegal,Fatick,Sob,15°15' ,16°37' ,600,Unimodal,Farmer's practice,Alfisol,"Lixisol, Luvisol",1988,n,0,Faidherbia albida,Tree,446 cm from trunk,,,Millet,,Grain,0.96,0.65,+,49.3,0.4,,,,,,,,,,,,,,,,,,,,,,,,,,,0.00161,0.00108,0.4,,,,,,,,,,,,,,,,,,,,,,,,,,,,,,,,,,,,,,,,,,,,,,,,,,,,,,,,,,,
17,Parkland,16,,"Louppe, N'Dour, Samba",Influence de Faidherbia albida sur l'arachide et le mil au Sénégal,Louppe et al. 1996,1996,Cahiers Scientifiques,Senegal,Fatick,Sob,15°15' ,16°37' ,600,Unimodal,Farmer's practice,Alfisol,"Lixisol, Luvisol",1988,n,0,Faidherbia albida,Tree,345 cm from trunk,,,Groundnut,,Haulms,1.54,0.99,+,55.05,0.44,,,,,,,,,,,,,,,,,,,,,,,,,,,0.00256,0.00165,0.44,,,,,,,,,,,,,,,,,,,,,,,,,,,,,,,,,,,,,,,,,,,,,,,,,,,,,,,,,,,
17,Parkland,16,,"Louppe, N'Dour, Samba",Influence de Faidherbia albida sur l'arachide et le mil au Sénégal,Louppe et al. 1996,1996,Cahiers Scientifiques,Senegal,Fatick,Sob,15°15' ,16°37' ,600,Unimodal,Farmer's practice,Alfisol,"Lixisol, Luvisol",1988,n,0,Faidherbia albida,Tree,345 cm from trunk,,,Millet,,Grain,1.06,0.65,+,63.57,0.49,,,,,,,,,,,,,,,,,,,,,,,,,,,0.00176,0.00108,0.49,,,,,,,,,,,,,,,,,,,,,,,,,,,,,,,,,,,,,,,,,,,,,,,,,,,,,,,,,,,
17,Parkland,16,,"Louppe, N'Dour, Samba",Influence de Faidherbia albida sur l'arachide et le mil au Sénégal,Louppe et al. 1996,1996,Cahiers Scientifiques,Senegal,Fatick,Sob,15°15' ,16°37' ,600,Unimodal,Farmer's practice,Alfisol,"Lixisol, Luvisol",1988,n,0,Faidherbia albida,Tree,199 cm from trunk,,,Millet,,Grain,1.12,0.65,+,72.87,0.55,,,,,,,,,,,,,,,,,,,,,,,,,,,0.00186,0.00108,0.55,,,,,,,,,,,,,,,,,,,,,,,,,,,,,,,,,,,,,,,,,,,,,,,,,,,,,,,,,,,
18,Parkland,45,,Maiga,L'arbre dans les systèmes agroforestiers traditionnels dans la province de Bazéga,Maiga 1987,1987,Report,Burkina Faso,Plateau central,Bazèga,"11°58'36.37""","1°26'36.49""",850,Unimodal,Farmer's practice,Alfisol,"Lixisol, Luvisol",1987,n,0,Parkia biglobosa,Tree,Under Néré,,,Sorghum,,Grain,0.43,0.86,0,-49.59,-0.68,,,,,,,,,,,,,,,,,,,,,,,,,,,0.00051,0.00101,-0.68,,,,,,,,,,,,,,,,,,,,,,,,,,,,,,,,,,,,,,,,,,,,,,,,,,,,,,,,,,,
18,Parkland,45,,Maiga,L'arbre dans les systèmes agroforestiers traditionnels dans la province de Bazéga,Maiga 1987,1987,Report,Burkina Faso,Plateau central,Bazèga,"11°58'36.37""","1°26'36.49""",850,Unimodal,Farmer's practice,Alfisol,"Lixisol, Luvisol",1987,n,0,Parkia biglobosa,Tree,Under Néré,,,Millet,,Grain,0.42,0.68,0,-38.91,-0.49,,,,,,,,,,,,,,,,,,,,,,,,,,,0.00049,0.0008,-0.49,,,,,,,,,,,,,,,,,,,,,,,,,,,,,,,,,,,,,,,,,,,,,,,,,,,,,,,,,,,
18,Parkland,45,,Maiga,L'arbre dans les systèmes agroforestiers traditionnels dans la province de Bazéga,Maiga 1987,1987,Report,Burkina Faso,Plateau central,Bazèga,"11°58'36.37""","1°26'36.49""",850,Unimodal,Farmer's practice,Alfisol,"Lixisol, Luvisol",1987,n,0,Vitellaria paradoxa,Tree,Under Karite,,,Sorghum,,Grain,0.35,0.54,0,-35.06,-0.43,,,,,,,,,,,,,,,,,,,,,,,,,,,0.00041,0.00063,-0.43,,,,,,,,,,,,,,,,,,,,,,,,,,,,,,,,,,,,,,,,,,,,,,,,,,,,,,,,,,,
18,Parkland,45,,Maiga,L'arbre dans les systèmes agroforestiers traditionnels dans la province de Bazéga,Maiga 1987,1987,Report,Burkina Faso,Plateau central,Bazèga,"11°58'36.37""","1°26'36.49""",850,Unimodal,Farmer's practice,Alfisol,"Lixisol, Luvisol",1987,n,0,Vitellaria paradoxa,Tree,Under Karite,,,Millet,,Grain,0.42,0.62,0,-32.74,-0.4,,,,,,,,,,,,,,,,,,,,,,,,,,,0.00049,0.00073,-0.4,,,,,,,,,,,,,,,,,,,,,,,,,,,,,,,,,,,,,,,,,,,,,,,,,,,,,,,,,,,
18,Parkland,45,,Maiga,L'arbre dans les systèmes agroforestiers traditionnels dans la province de Bazéga,Maiga 1987,1987,Report,Burkina Faso,Plateau central,Bazèga,"11°58'36.37""","1°26'36.49""",850,Unimodal,Farmer's practice,Alfisol,"Lixisol, Luvisol",1987,n,0,Faidherbia albida,Tree,Under Faidherbia,,,Millet,,Grain,0.94,0.89,+,5.4,0.05,,,,,,,,,,,,,,,,,,,,,,,,,,,0.0011,0.00105,0.05,,,,,,,,,,,,,,,,,,,,,,,,,,,,,,,,,,,,,,,,,,,,,,,,,,,,,,,,,,,
18,Parkland,45,,Maiga,L'arbre dans les systèmes agroforestiers traditionnels dans la province de Bazéga,Maiga 1987,1987,Report,Burkina Faso,Plateau central,Bazèga,"11°58'36.37""","1°26'36.49""",850,Unimodal,Farmer's practice,Alfisol,"Lixisol, Luvisol",1987,n,0,Faidherbia albida,Tree,Under Faidherbia,,,Sorghum,,Grain,1.51,1.01,+,49.4,0.4,,,,,,,,,,,,,,,,,,,,,,,,,,,0.00177,0.00119,0.4,,,,,,,,,,,,,,,,,,,,,,,,,,,,,,,,,,,,,,,,,,,,,,,,,,,,,,,,,,,
19,Parkland,18,,"Oliver, Depommier, Janodet",Influence de Faidherbia albida sur le sol et le sorgho,Oliver et al. 1996,1996,Cahiers Scientifiques,Burkina Faso,Plateau central,Watinoma,13°08',1°31',609,Unimodal,Farmer's practice,Alfisol,"Lixisol, Luvisol",1990,n,0,Faidherbia albida,Tree,F. albida Under canopy (parc 4),,,Sorghum,,Grain,1.8,0.9,++,100.11,0.69,,,,,,,0,1.63,,1.59,,2.5,,,,,,,,,,,,,,,0.00295,0.00147,0.69,,,,,,,,,,,,0,1.17,,0.91,,29,,,0,8.3,,6.1,,36.06557377,,,,,,,,,,,,,,8.08,7.13,,6.08,5.98,,8.1,7.9,2.53164557,,,,,,,,,,,,
19,Parkland,18,,"Oliver, Depommier, Janodet",Influence de Faidherbia albida sur le sol et le sorgho,Oliver et al. 1996,1996,Cahiers Scientifiques,Burkina Faso,Plateau central,Watinoma,13°08',1°31',609,Unimodal,Farmer's practice,Alfisol,"Lixisol, Luvisol",1990,n,0,Faidherbia albida,Tree,F. albida Under canopy (parc 3),,,Sorghum,,Grain,1.67,0.67,++,149.48,0.91,,,,,,,0,2.67,,2.39,,11.7,,,,,,,,,,,,,,,0.00275,0.0011,0.91,,,,,,,,,,,,0,182,,127,,43,,,0,14,,10.6,,32.0754717,,,,,,,,,,,,,,14.87,13.7,,5.92,5.8,,8.7,11.1,-21.62162162,,,,,,,,,,,,
19,Parkland,18,,"Oliver, Depommier, Janodet",Influence de Faidherbia albida sur le sol et le sorgho,Oliver et al. 1996,1996,Cahiers Scientifiques,Burkina Faso,Plateau central,Watinoma,13°08',1°31',609,Unimodal,Farmer's practice,Alfisol,"Lixisol, Luvisol",1990,n,0,Faidherbia albida,Tree,F. albida Under canopy (parc 1),,,Sorghum,,Grain,0.53,0.2,++,168.53,0.99,,,,,,,0,1.35,,0.93,,45.2,,,,,,,,,,,,,,,0.00087,0.00032,0.99,,,,,,,,,,,,0,0.92,,0.8,,15,,,0,36.1,,30.2,,19.53642384,,,,,,,,,,,,,,5.77,5.24,,7.8,7.68,,8.6,6.7,28.35820896,,,,,,,,,,,,
19,Parkland,18,,"Oliver, Depommier, Janodet",Influence de Faidherbia albida sur le sol et le sorgho,Oliver et al. 1996,1996,Cahiers Scientifiques,Burkina Faso,Plateau central,Watinoma,13°08',1°31',609,Unimodal,Farmer's practice,Alfisol,"Lixisol, Luvisol",1990,n,0,Faidherbia albida,Tree,F. albida Under canopy (parc 3),,,Sorghum,,Biomass,3.86,2.72,+,41.88,0.35,,,,,,,0,2.67,,2.39,,11.7,,,,,,,,,,,,,,,0.00633,0.00446,0.35,,,,,,,,,,,,0,182,,127,,43,,,0,14,,10.6,,32.0754717,,,,,,,,,,,,,,14.87,13.7,,5.92,5.8,,8.7,11.1,-21.62162162,,,,,,,,,,,,
19,Parkland,18,,"Oliver, Depommier, Janodet",Influence de Faidherbia albida sur le sol et le sorgho,Oliver et al. 1996,1996,Cahiers Scientifiques,Burkina Faso,Plateau central,Watinoma,13°08',1°31',609,Unimodal,Farmer's practice,Alfisol,"Lixisol, Luvisol",1990,n,0,Faidherbia albida,Tree,F. albida Under canopy (parc 1),,,Sorghum,,Biomass,2.61,1.54,+,69.51,0.53,,,,,,,0,1.35,,0.93,,45.2,,,,,,,,,,,,,,,0.00428,0.00253,0.53,,,,,,,,,,,,0,0.92,,0.8,,15,,,0,36.1,,30.2,,19.53642384,,,,,,,,,,,,,,5.77,5.24,,7.8,7.68,,8.6,6.7,28.35820896,,,,,,,,,,,,
19,Parkland,18,,"Oliver, Depommier, Janodet",Influence de Faidherbia albida sur le sol et le sorgho,Oliver et al. 1996,1996,Cahiers Scientifiques,Burkina Faso,Plateau central,Watinoma,13°08',1°31',609,Unimodal,Farmer's practice,Alfisol,"Lixisol, Luvisol",1990,n,0,Faidherbia albida,Tree,F. albida Under canopy (parc 4),,,Sorghum,,Biomass,4.36,2.21,+,97.37,0.68,,,,,,,0,1.63,,1.59,,2.5,,,,,,,,,,,,,,,0.00715,0.00362,0.68,,,,,,,,,,,,0,1.17,,0.91,,29,,,0,8.3,,6.1,,36.06557377,,,,,,,,,,,,,,8.08,7.13,,6.08,5.98,,8.1,7.9,2.53164557,,,,,,,,,,,,
20,Parkland,,10,"Pouliot M., Bayala J., Raebild A.","Testing the shade tolerance of selected crops under Parkia biglobosa (Jacq.) Benth. in an agroforestry parkland in Burkina Faso, West Africa",Pouliot et al. 2012,2012,Agroforestry Systems,Burkina Faso,South,Nobéré,11°30’,1°50’,843,Unimodal,On-farm,,Luvisol,2006,n,0,Parkia biglobosa,Tree,Under Néré,,,Millet,,Grain,0.86,1.15,0,-25.22,-0.29,,,,,,,,,,,,,,,,,,,,,,,,,,,0.00102,0.00136,-0.29,,,,,,,,,,,,,,,,,,,,,,,,,,,,,,,,,,,,,,,,,,,,,,,,,,,,,,,,,,,
20,Parkland,,10,"Pouliot M., Bayala J., Raebild A.","Testing the shade tolerance of selected crops under Parkia biglobosa (Jacq.) Benth. in an agroforestry parkland in Burkina Faso, West Africa",Pouliot et al. 2012,2012,Agroforestry Systems,Burkina Faso,South,Nobéré,11°30’,1°50’,843,Unimodal,On-farm,,Luvisol,2006,n,0,Parkia biglobosa,Tree,Under Néré,,,Taro,,Tuber,3.23,2.36,+,36.86,0.31,,,,,,,,,,,,,,,,,,,,,,,,,,,0.00383,0.0028,0.31,,,,,,,,,,,,,,,,,,,,,,,,,,,,,,,,,,,,,,,,,,,,,,,,,,,,,,,,,,,
20,Parkland,,10,"Pouliot M., Bayala J., Raebild A.","Testing the shade tolerance of selected crops under Parkia biglobosa (Jacq.) Benth. in an agroforestry parkland in Burkina Faso, West Africa",Pouliot et al. 2012,2012,Agroforestry Systems,Burkina Faso,South,Nobéré,11°30’,1°50’,843,Unimodal,On-farm,,Luvisol,2006,n,0,Parkia biglobosa,Tree,Under Néré,,,Eggplant,,Fruit,2.38,6.85,0,-65.26,-1.06,,,,,,,,,,,,,,,,,,,,,,,,,,,0.00282,0.00813,-1.06,,,,,,,,,,,,,,,,,,,,,,,,,,,,,,,,,,,,,,,,,,,,,,,,,,,,,,,,,,,
20,Parkland,,10,"Pouliot M., Bayala J., Raebild A.","Testing the shade tolerance of selected crops under Parkia biglobosa (Jacq.) Benth. in an agroforestry parkland in Burkina Faso, West Africa",Pouliot et al. 2012,2012,Agroforestry Systems,Burkina Faso,South,Nobéré,11°30’,1°50’,843,Unimodal,On-farm,,Luvisol,2006,n,0,Parkia biglobosa,Tree,Under Néré,,,Chili pepper,,Fruit,0.4,0.16,++,150,0.92,,,,,,,,,,,,,,,,,,,,,,,,,,,0.00047,0.00019,0.92,,,,,,,,,,,,,,,,,,,,,,,,,,,,,,,,,,,,,,,,,,,,,,,,,,,,,,,,,,,
20,Parkland,,10,"Pouliot M., Bayala J., Raebild A.","Testing the shade tolerance of selected crops under Parkia biglobosa (Jacq.) Benth. in an agroforestry parkland in Burkina Faso, West Africa",Pouliot et al. 2012,2012,Agroforestry Systems,Burkina Faso,South,Nobéré,11°30’,1°50’,946,Unimodal,On-farm,,Luvisol,2007,n+1,1,Parkia biglobosa,Tree,Under Néré,,,Millet,,Grain,0.24,0.71,0,-66.2,-1.08,,,,,,,,,,,,,,,,,,,,,,,,,,,0.00025,0.00075,-1.08,,,,,,,,,,,,,,,,,,,,,,,,,,,,,,,,,,,,,,,,,,,,,,,,,,,,,,,,,,,
20,Parkland,,10,"Pouliot M., Bayala J., Raebild A.","Testing the shade tolerance of selected crops under Parkia biglobosa (Jacq.) Benth. in an agroforestry parkland in Burkina Faso, West Africa",Pouliot et al. 2012,2012,Agroforestry Systems,Burkina Faso,South,Nobéré,11°30’,1°50’,946,Unimodal,On-farm,,Luvisol,2007,n+1,1,Parkia biglobosa,Tree,Under Néré,,,Taro,,Tuber,2.13,0.57,+++,273.68,1.32,,,,,,,,,,,,,,,,,,,,,,,,,,,0.00225,0.0006,1.32,,,,,,,,,,,,,,,,,,,,,,,,,,,,,,,,,,,,,,,,,,,,,,,,,,,,,,,,,,,
21,Parkland,44,,Sanou,,Sanou 2010,2010,PhD thesis,Burkina Faso,,Nobéré," 11°33'22.32""","  1°11'48.08""",850,Unimodal,On-farm,Ultisol,Acrisol,2006-2008,n+3,3,Parkia biglobosa,Tree,Under Néré,,,Millet,,Grain,0.32,0.6,0,-46.31,-0.62,,,,,,,,,,,,,,,,,,,,,,,,,,,0.00038,0.0007,-0.62,,,,,,,,,,,,,,,,,,,,,,,,,,,,,,,,,,,,,,,,,,,,,,,,,,,,,,,,,,,
21,Parkland,44,,Sanou,,Sanou 2010,2010,PhD thesis,Burkina Faso,,Nobéré," 11°33'22.32""","  1°11'48.08""",850,Unimodal,On-farm,Ultisol,Acrisol,2006-2008,n+3,3,Adansonia digitata,Tree,Under baobab,,,Taro,,Tuber,2.74,2.34,+,17.16,0.16,,,,,,,,,,,,,,,,,,,,,,,,,,,0.00322,0.00275,0.16,,,,,,,,,,,,,,,,,,,,,,,,,,,,,,,,,,,,,,,,,,,,,,,,,,,,,,,,,,,
21,Parkland,44,,Sanou,,Sanou 2010,2010,PhD thesis,Burkina Faso,,Nobéré," 11°33'22.32""","  1°11'48.08""",850,Unimodal,On-farm,Ultisol,Acrisol,2006-2008,n+3,3,Adansonia digitata,Tree,Under baobab,,,Millet,,Grain,0.81,0.6,+,35.23,0.3,,,,,,,,,,,,,,,,,,,,,,,,,,,0.00095,0.0007,0.3,,,,,,,,,,,,,,,,,,,,,,,,,,,,,,,,,,,,,,,,,,,,,,,,,,,,,,,,,,,
21,Parkland,44,,Sanou,,Sanou 2010,2010,PhD thesis,Burkina Faso,,Nobéré," 11°33'22.32""","  1°11'48.08""",850,Unimodal,On-farm,Ultisol,Acrisol,2006-2008,n+3,3,Parkia biglobosa,Tree,Under Néré,,,Taro,,Tuber,4.12,2.34,+,76.47,0.57,,,,,,,,,,,,,,,,,,,,,,,,,,,0.00485,0.00275,0.57,,,,,,,,,,,,,,,,,,,,,,,,,,,,,,,,,,,,,,,,,,,,,,,,,,,,,,,,,,,
22,Parkland,,,"Wezel, A.",Scattered shrubs in pearl millet fields in semiarid Niger : Effect on millet production,Wezel 2000,2000,Agroforestry Systems,Niger,Southwest,ICIRSAT Sahelian Research Center,13°15?,2°18? (E),486,Unimodal,On-farm,Arenosol,Arenosol,1995,n,0,Guiera senegalensis,Shrub,Center of shrub vs. Open field (<1.2m),,,Millet,,Biomass,3.28,1.42,++,131.33,0.84,,,,,,,,,,,,,,,,,,,,,,,,,,,0.00674,0.00292,0.84,,,,,,,,,,,,,,,,,,,,,,,,,,,,,,,,,,,,,,,,,,,,,,,,,,,,,,,,,,,
22,Parkland,,,"Wezel, A.",Scattered shrubs in pearl millet fields in semiarid Niger : Effect on millet production,Wezel 2000,2000,Agroforestry Systems,Niger,Southwest,ICIRSAT Sahelian Research Center,13°15?,2°18? (E),486,Unimodal,On-farm,Arenosol,Arenosol,1995,n,0,Guiera senegalensis,Shrub,Mid-distance to shrub vs. Open field (2.2 to 2 m),,,Millet,,Biomass,1.96,1.42,+,38.32,0.32,,,,,,,,,,,,,,,,,,,,,,,,,,,0.00403,0.00292,0.32,,,,,,,,,,,,,,,,,,,,,,,,,,,,,,,,,,,,,,,,,,,,,,,,,,,,,,,,,,,
22,Parkland,,,"Wezel, A.",Scattered shrubs in pearl millet fields in semiarid Niger : Effect on millet production,Wezel 2000,2000,Agroforestry Systems,Niger,Southwest,ICIRSAT Sahelian Research Center,13°15?,2°18? (E),544,Unimodal,On-farm,Arenosol,Arenosol,1996,n+1,1,Guiera senegalensis,Shrub,Center of shrub vs. Open field (<1.2m),,,Millet,,Biomass,2.93,1.5,+,95,0.67,,,,,,,,,,,,,,,,,,,,,,,,,,,0.00538,0.00276,0.67,,,,,,,,,,,,,,,,,,,,,,,,,,,,,,,,,,,,,,,,,,,,,,,,,,,,,,,,,,,
22,Parkland,,,"Wezel, A.",Scattered shrubs in pearl millet fields in semiarid Niger : Effect on millet production,Wezel 2000,2000,Agroforestry Systems,Niger,Southwest,ICIRSAT Sahelian Research Center,13°15?,2°18? (E),544,Unimodal,On-farm,Arenosol,Arenosol,1996,n+1,1,Guiera senegalensis,Shrub,Mid-distance to shrub vs. Open field (2.2 to 2 m),,,Millet,,Biomass,1.95,1.5,+,30.05,0.26,,,,,,,,,,,,,,,,,,,,,,,,,,,0.00359,0.00276,0.26,,,,,,,,,,,,,,,,,,,,,,,,,,,,,,,,,,,,,,,,,,,,,,,,,,,,,,,,,,,
22,Parkland,,,"Wezel, A.",Scattered shrubs in pearl millet fields in semiarid Niger : Effect on millet production,Wezel 2000,2000,Agroforestry Systems,Niger,Southwest,ICIRSAT Sahelian Research Center,13°15?,2°18? (E),486,Unimodal,On-farm,Arenosol,Arenosol,1995,n,0,Guiera senegalensis,Shrub,Center of shrub vs. Open field (<1.2m),,,Millet,,Grain,0.91,0.41,++,122.44,0.8,,,,,,,,,,,,,,,,,,,,,,,,,,,0.00188,0.00084,0.8,,,,,,,,,,,,,,,,,,,,,,,,,,,,,,,,,,,,,,,,,,,,,,,,,,,,,,,,,,,
22,Parkland,,,"Wezel, A.",Scattered shrubs in pearl millet fields in semiarid Niger : Effect on millet production,Wezel 2000,2000,Agroforestry Systems,Niger,Southwest,ICIRSAT Sahelian Research Center,13°15?,2°18? (E),486,Unimodal,On-farm,Arenosol,Arenosol,1995,n,0,Guiera senegalensis,Shrub,Mid-distance to shrub vs. Open field (2.2 to 2 m),,,Millet,,Grain,0.58,0.41,+,40.73,0.34,,,,,,,,,,,,,,,,,,,,,,,,,,,0.00119,0.00084,0.34,,,,,,,,,,,,,,,,,,,,,,,,,,,,,,,,,,,,,,,,,,,,,,,,,,,,,,,,,,,
22,Parkland,,,"Wezel, A.",Scattered shrubs in pearl millet fields in semiarid Niger : Effect on millet production,Wezel 2000,2000,Agroforestry Systems,Niger,Southwest,ICIRSAT Sahelian Research Center,13°15?,2°18? (E),544,Unimodal,On-farm,Arenosol,Arenosol,1996,n+1,1,Guiera senegalensis,Shrub,Center of shrub vs. Open field (<1.2m),,,Millet,,Grain,0.63,0.35,+,79.1,0.58,,,,,,,,,,,,,,,,,,,,,,,,,,,0.00117,0.00065,0.58,,,,,,,,,,,,,,,,,,,,,,,,,,,,,,,,,,,,,,,,,,,,,,,,,,,,,,,,,,,
22,Parkland,,,"Wezel, A.",Scattered shrubs in pearl millet fields in semiarid Niger : Effect on millet production,Wezel 2000,2000,Agroforestry Systems,Niger,Southwest,ICIRSAT Sahelian Research Center,13°15?,2°18? (E),544,Unimodal,On-farm,Arenosol,Arenosol,1996,n+1,1,Guiera senegalensis,Shrub,Mid-distance to shrub vs. Open field (2.2 to 2 m),,,Millet,,Grain,0.47,0.35,+,31.64,0.27,,,,,,,,,,,,,,,,,,,,,,,,,,,0.00086,0.00065,0.27,,,,,,,,,,,,,,,,,,,,,,,,,,,,,,,,,,,,,,,,,,,,,,,,,,,,,,,,,,,
23,Parkland,64,63,"Wilson T.D., Brook R.M., Tomlinson H.F.",Interactions between nere (Parkia biglobosa) and under-planted sorghum in a parkland system in Burkina Faso,Wilson et al. 1998,1998,Experimental Agriculture,Burkina Faso,Plateau central,Nagaré,12°36’,1°45’,740,Unimodal,On-farm,Alfisol,"Lixisol, Luvisol",1995,n,0,Parkia biglobosa,Tree,Under P. biglobosa,,,Sorghum,,Grain,0.96,2.04,0,-52.94,-0.75,,,,,,,,,,,,,,12.16,9.83,,,,,,,,,,,,0.0013,0.00276,-0.75,,,,,,,,,,,,,,,,,,,,,,,,,,,,,,,,,,,,,,,,,,,,,,,,,,,,,,,,,,,
23,Parkland,64,63,"Wilson T.D., Brook R.M., Tomlinson H.F.",Interactions between nere (Parkia biglobosa) and under-planted sorghum in a parkland system in Burkina Faso,Wilson et al. 1998,1998,Experimental Agriculture,Burkina Faso,Plateau central,Nagaré,12°36’,1°45’,740,Unimodal,On-farm,Alfisol,"Lixisol, Luvisol",1995,n,0,Parkia biglobosa,Tree,Under P. biglobosa,,,Sorghum,,Biomass,1.63,3.1,0,-47.42,-0.64,,,,,,,,,,,,,,,,,,,,,,,,,,,0.0022,0.00419,-0.64,,,,,,,,,,,,,,,,,,,,,,,,,,,,,,,,,,,,,,,,,,,,,,,,,,,,,,,,,,,
24,Parkland,56,,"Yossi  H.,  Karembé  M.,  Dembélé  F.  et Traoré  H.","Mise au point de technologies agroforestières appropriées, Rapport final. 8ème session du Comité de Programme de l'IER, Sotuba du 10 au 21 juin 2002, 161p.",Yossi et al. 2002,2002,Report,Mali,,Seno,,,379,Unimodal,On-farm,Alfisol,"Lixisol, Luvisol",,n,0,Prosopis africana,Tree,P. africana,,,Millet,,Biomass,9.19,5.37,+,71.14,0.54,,,,,,,,,,,,,,,,,,,,,,,,,,,0.02425,0.01417,0.54,,,,,,,,,,,,,,,,,,,,,,,,,,,,,,,,,,,,,,,,,,,,,,,,,,,,,,,,,,,
24,Parkland,56,,"Yossi  H.,  Karembé  M.,  Dembélé  F.  et Traoré  H.","Mise au point de technologies agroforestières appropriées, Rapport final. 8ème session du Comité de Programme de l'IER, Sotuba du 10 au 21 juin 2002, 161p.",Yossi et al. 2002,2002,Report,Mali,,Seno,,,379,Unimodal,On-farm,Alfisol,"Lixisol, Luvisol",,n,0,Prosopis africana,Tree,P. africana pruned,,,Millet,,Biomass,13.03,5.37,++,142.64,0.89,,,,,,,,,,,,,,,,,,,,,,,,,,,0.03438,0.01417,0.89,,,,,,,,,,,,,,,,,,,,,,,,,,,,,,,,,,,,,,,,,,,,,,,,,,,,,,,,,,,
24,Parkland,56,,"Yossi  H.,  Karembé  M.,  Dembélé  F.  et Traoré  H.","Mise au point de technologies agroforestières appropriées, Rapport final. 8ème session du Comité de Programme de l'IER, Sotuba du 10 au 21 juin 2002, 161p.",Yossi et al. 2002,2002,Report,Mali,,Lagassagou,13°50',3°37',500,Unimodal,On-farm,Alfisol,"Lixisol, Luvisol",1999,n,0,Prosopis africana,Tree,Under P. africana,,,Millet,,Grain,0.31,1.67,0,-81.44,-1.68,,,,,,,,,,,,,,,,,,,,,,,,,,,0.00062,0.00334,-1.68,,,,,,,,,,,,,,,,,,,,,,,,,,,,,,,,,,,,,,,,,,,,,,,,,,,,,,,,,,,
24,Parkland,56,,"Yossi  H.,  Karembé  M.,  Dembélé  F.  et Traoré  H.","Mise au point de technologies agroforestières appropriées, Rapport final. 8ème session du Comité de Programme de l'IER, Sotuba du 10 au 21 juin 2002, 161p.",Yossi et al. 2002,2002,Report,Mali,Bamako,Sotuba,"12°39'47.68""","7°54'51.65""",900,Unimodal,On-station,Alfisol,"Lixisol, Luvisol",2000,n,0,Vitellaria paradoxa,Tree,Under Karite,,,Millet,,Grain,0.49,1.24,0,-60.48,-0.93,,,,,,,,,,,,,,,,,,,,,,,,,,,0.00054,0.00138,-0.93,,,,,,,,,,,,,,,,,,,,,,,,,,,,,,,,,,,,,,,,,,,,,,,,,,,,,,,,,,,
24,Parkland,56,,"Yossi  H.,  Karembé  M.,  Dembélé  F.  et Traoré  H.","Mise au point de technologies agroforestières appropriées, Rapport final. 8ème session du Comité de Programme de l'IER, Sotuba du 10 au 21 juin 2002, 161p.",Yossi et al. 2002,2002,Report,Mali,,Tori,,,500,Unimodal,On-farm,Alfisol,"Lixisol, Luvisol",1999,n,0,Balanites aegyptiaca,Tree,Under B. aegyptiaca,,,Millet,,Grain,0.57,1.11,0,-48.65,-0.67,,,,,,,,,,,,,,,,,,,,,,,,,,,0.00114,0.00222,-0.67,,,,,,,,,,,,,,,,,,,,,,,,,,,,,,,,,,,,,,,,,,,,,,,,,,,,,,,,,,,
24,Parkland,56,,"Yossi  H.,  Karembé  M.,  Dembélé  F.  et Traoré  H.","Mise au point de technologies agroforestières appropriées, Rapport final. 8ème session du Comité de Programme de l'IER, Sotuba du 10 au 21 juin 2002, 161p.",Yossi et al. 2002,2002,Report,Mali,Bamako,Sotuba,"12°39'47.68""","7°54'51.65""",900,Unimodal,On-station,Alfisol,"Lixisol, Luvisol",2001,n,0,Vitellaria paradoxa,Tree,Under Karite,,,Millet,,Grain,0.49,0.94,0,-47.87,-0.65,,,,,,,,,,,,,,,,,,,,,,,,,,,0.00054,0.00104,-0.65,,,,,,,,,,,,,,,,,,,,,,,,,,,,,,,,,,,,,,,,,,,,,,,,,,,,,,,,,,,
24,Parkland,56,,"Yossi  H.,  Karembé  M.,  Dembélé  F.  et Traoré  H.","Mise au point de technologies agroforestières appropriées, Rapport final. 8ème session du Comité de Programme de l'IER, Sotuba du 10 au 21 juin 2002, 161p.",Yossi et al. 2002,2002,Report,Mali,,Lagassagou,13°50',3°37',500,Unimodal,On-farm,Alfisol,"Lixisol, Luvisol",2000,n,0,Prosopis africana,Tree,Under P. africana,,,Millet,,Grain,1.04,1.55,0,-32.9,-0.4,,,,,,,,,,,,,,,,,,,,,,,,,,,0.00208,0.0031,-0.4,,,,,,,,,,,,,,,,,,,,,,,,,,,,,,,,,,,,,,,,,,,,,,,,,,,,,,,,,,,
24,Parkland,56,,"Yossi  H.,  Karembé  M.,  Dembélé  F.  et Traoré  H.","Mise au point de technologies agroforestières appropriées, Rapport final. 8ème session du Comité de Programme de l'IER, Sotuba du 10 au 21 juin 2002, 161p.",Yossi et al. 2002,2002,Report,Mali,Ségou,Cinzana,13°25',6°14',619,Unimodal,On-farm,Alfisol,"Lixisol, Luvisol",1999,n,0,Vitellaria paradoxa,Tree,Under Karite,,,Millet,,Grain,0.65,0.67,0,-2.99,-0.03,,,,,,,,,,,,,,,,,,,,,,,,,,,0.00105,0.00108,-0.03,,,,,,,,,,,,,,,,,,,,,,,,,,,,,,,,,,,,,,,,,,,,,,,,,,,,,,,,,,,
24,Parkland,56,,"Yossi  H.,  Karembé  M.,  Dembélé  F.  et Traoré  H.","Mise au point de technologies agroforestières appropriées, Rapport final. 8ème session du Comité de Programme de l'IER, Sotuba du 10 au 21 juin 2002, 161p.",Yossi et al. 2002,2002,Report,Mali,,Seno,,,379,Unimodal,On-farm,Alfisol,"Lixisol, Luvisol",,n,0,Prosopis africana,Tree,P. africana,,,Millet,,Grain,0.75,0.52,+,44.23,0.37,,,,,,,,,,,,,,,,,,,,,,,,,,,0.00198,0.00137,0.37,,,,,,,,,,,,,,,,,,,,,,,,,,,,,,,,,,,,,,,,,,,,,,,,,,,,,,,,,,,
24,Parkland,56,,"Yossi  H.,  Karembé  M.,  Dembélé  F.  et Traoré  H.","Mise au point de technologies agroforestières appropriées, Rapport final. 8ème session du Comité de Programme de l'IER, Sotuba du 10 au 21 juin 2002, 161p.",Yossi et al. 2002,2002,Report,Mali,,Seno,,,379,Unimodal,On-farm,Alfisol,"Lixisol, Luvisol",,n,0,Prosopis africana,Tree,P. africana pruned,,,Millet,,Grain,1.24,0.52,++,138.46,0.87,,,,,,,,,,,,,,,,,,,,,,,,,,,0.00327,0.00137,0.87,,,,,,,,,,,,,,,,,,,,,,,,,,,,,,,,,,,,,,,,,,,,,,,,,,,,,,,,,,,
24,Parkland,56,,"Yossi  H.,  Karembé  M.,  Dembélé  F.  et Traoré  H.","Mise au point de technologies agroforestières appropriées, Rapport final. 8ème session du Comité de Programme de l'IER, Sotuba du 10 au 21 juin 2002, 161p.",Yossi et al. 2002,2002,Report,Mali,Ségou,Cinzana,13°25',6°14',619,Unimodal,On-farm,Luvisol,Luvisol,1999,n,0,Sclerocarya birrea,Tree,Under S. birrea,,,Millet,,Grain,0.32,0.51,0,-37.25,-0.47,,,,,,,,,,,,,,,,,,,,,,,,,,,0.00052,0.00082,-0.47,,,,,,,,,,,,,,,,,,,,,,,,,,,,,,,,,,,,,,,,,,,,,,,,,,,,,,,,,,,
24,Parkland,56,,"Yossi  H.,  Karembé  M.,  Dembélé  F.  et Traoré  H.","Mise au point de technologies agroforestières appropriées, Rapport final. 8ème session du Comité de Programme de l'IER, Sotuba du 10 au 21 juin 2002, 161p.",Yossi et al. 2002,2002,Report,Mali,Ségou,Cinzana,13°25',6°14',619,Unimodal,On-farm,Luvisol,Luvisol,2000,n,0,Adansonia digitata,Tree,Under A. digitata,,,Millet,,Grain,0.26,0.39,0,-33.33,-0.41,,,,,,,,,,,,,,,,,,,,,,,,,,,0.00042,0.00063,-0.41,,,,,,,,,,,,,,,,,,,,,,,,,,,,,,,,,,,,,,,,,,,,,,,,,,,,,,,,,,,
24,Parkland,56,,"Yossi  H.,  Karembé  M.,  Dembélé  F.  et Traoré  H.","Mise au point de technologies agroforestières appropriées, Rapport final. 8ème session du Comité de Programme de l'IER, Sotuba du 10 au 21 juin 2002, 161p.",Yossi et al. 2002,2002,Report,Mali,Ségou,Cinzana,13°25',6°14',619,Unimodal,On-farm,Luvisol,Luvisol,2001,n,0,Sclerocarya birrea,Tree,Under S. birrea,,,Millet,,Grain,0.46,0.66,0,-30.3,-0.36,,,,,,,,,,,,,,,,,,,,,,,,,,,0.00074,0.00107,-0.36,,,,,,,,,,,,,,,,,,,,,,,,,,,,,,,,,,,,,,,,,,,,,,,,,,,,,,,,,,,
24,Parkland,56,,"Yossi  H.,  Karembé  M.,  Dembélé  F.  et Traoré  H.","Mise au point de technologies agroforestières appropriées, Rapport final. 8ème session du Comité de Programme de l'IER, Sotuba du 10 au 21 juin 2002, 161p.",Yossi et al. 2002,2002,Report,Mali,Ségou,Cinzana,13°25',6°14',619,Unimodal,On-farm,Luvisol,Luvisol,1999,n,0,Adansonia digitata,Tree,Under A. digitata,,,Millet,,Grain,0.72,0.93,0,-22.58,-0.26,,,,,,,,,,,,,,,,,,,,,,,,,,,0.00116,0.0015,-0.26,,,,,,,,,,,,,,,,,,,,,,,,,,,,,,,,,,,,,,,,,,,,,,,,,,,,,,,,,,,
24,Parkland,56,,"Yossi  H.,  Karembé  M.,  Dembélé  F.  et Traoré  H.","Mise au point de technologies agroforestières appropriées, Rapport final. 8ème session du Comité de Programme de l'IER, Sotuba du 10 au 21 juin 2002, 161p.",Yossi et al. 2002,2002,Report,Mali,Ségou,Cinzana,13°25',6°14',619,Unimodal,On-farm,Luvisol,Luvisol,2001,n,0,Faidherbia albida,Tree,Under Faidherbia,,,Millet,,Grain,1.02,1.11,0,-8.11,-0.08,,,,,,,,,,,,,,,,,,,,,,,,,,,0.00165,0.00179,-0.08,,,,,,,,,,,,,,,,,,,,,,,,,,,,,,,,,,,,,,,,,,,,,,,,,,,,,,,,,,,
24,Parkland,56,,"Yossi  H.,  Karembé  M.,  Dembélé  F.  et Traoré  H.","Mise au point de technologies agroforestières appropriées, Rapport final. 8ème session du Comité de Programme de l'IER, Sotuba du 10 au 21 juin 2002, 161p.",Yossi et al. 2002,2002,Report,Mali,Ségou,Cinzana,13°25',6°14',619,Unimodal,On-farm,Luvisol,Luvisol,2000,n,0,Faidherbia albida,Tree,Under Faidherbia,,,Millet,,Grain,1.94,1.69,+,14.79,0.14,,,,,,,,,,,,,,,,,,,,,,,,,,,0.00313,0.00273,0.14,,,,,,,,,,,,,,,,,,,,,,,,,,,,,,,,,,,,,,,,,,,,,,,,,,,,,,,,,,,
24,Parkland,56,,"Yossi  H.,  Karembé  M.,  Dembélé  F.  et Traoré  H.","Mise au point de technologies agroforestières appropriées, Rapport final. 8ème session du Comité de Programme de l'IER, Sotuba du 10 au 21 juin 2002, 161p.",Yossi et al. 2002,2002,Report,Mali,Ségou,Cinzana,13°25',6°14',619,Unimodal,On-farm,Luvisol,Luvisol,1999,n,0,Faidherbia albida,Tree,Under Faidherbia,,,Millet,,Grain,1,0.79,+,26.58,0.24,,,,,,,,,,,,,,,,,,,,,,,,,,,0.00162,0.00128,0.24,,,,,,,,,,,,,,,,,,,,,,,,,,,,,,,,,,,,,,,,,,,,,,,,,,,,,,,,,,,
25,Parkland,53,34,"Zomboudré, G., Zombré, G., Ouedraogo, M., Guinko, S.",Physiological answer and productivity of the cultures in a traditional agroforestry system: The case of maize (Zea mays L.) associated with the shea tree (Vitellaria paradoxa Gaertn.) in the east zone of Burkina Faso [Réponse physiologique et productivité des cultures dans un système agroforestier traditionnel : Cas du maïs (Zea mays L.) associé au karité (Vitellaria paradoxa Gaertn.) dans la zone est du Burkina Faso,Zomboudré et al. 2005,2005,Biotechnol. Agron. Soc. Environ.,Burkina Faso,East,Kouaré,12°5’,0°10’,950,Unimodal,On-station,Alfisol,"Lixisol, Luvisol",2002,n,0,Vitellaria paradoxa,Tree,Canopy ball form ,,,Maize,,Grain,1.09,2.52,0,-56.75,-0.84,,,,,,,,,,,,,,,,,,,,,,,,,,,0.00115,0.00265,-0.84,,,,,,,,,,,,,,,,,,,,,,,,,,,,,,,,,,,,,,,,,,,,,,,,,,,,,,,,,,,
25,Parkland,53,34,"Zomboudré, G., Zombré, G., Ouedraogo, M., Guinko, S.",Physiological answer and productivity of the cultures in a traditional agroforestry system: The case of maize (Zea mays L.) associated with the shea tree (Vitellaria paradoxa Gaertn.) in the east zone of Burkina Faso [Réponse physiologique et productivité des cultures dans un système agroforestier traditionnel : Cas du maïs (Zea mays L.) associé au karité (Vitellaria paradoxa Gaertn.) dans la zone est du Burkina Faso,Zomboudré et al. 2005,2005,Biotechnol. Agron. Soc. Environ.,Burkina Faso,East,Kouaré,12°5’,0°10’,950,Unimodal,On-station,Alfisol,"Lixisol, Luvisol",2002,n,0,Vitellaria paradoxa,Tree,Canopy ball form ,,,Maize,,Biomass,1.89,3.34,0,-43.41,-0.57,,,,,,,,,,,,,,,,,,,,,,,,,,,0.00199,0.00352,-0.57,,,,,,,,,,,,,,,,,,,,,,,,,,,,,,,,,,,,,,,,,,,,,,,,,,,,,,,,,,,
25,Parkland,53,34,"Zomboudré, G., Zombré, G., Ouedraogo, M., Guinko, S.",Physiological answer and productivity of the cultures in a traditional agroforestry system: The case of maize (Zea mays L.) associated with the shea tree (Vitellaria paradoxa Gaertn.) in the east zone of Burkina Faso [Réponse physiologique et productivité des cultures dans un système agroforestier traditionnel : Cas du maïs (Zea mays L.) associé au karité (Vitellaria paradoxa Gaertn.) dans la zone est du Burkina Faso,Zomboudré et al. 2005,2005,Biotechnol. Agron. Soc. Environ.,Burkina Faso,East,Kouaré,12°5’,0°10’,950,Unimodal,On-station,Alfisol,"Lixisol, Luvisol",2002,n,0,Vitellaria paradoxa,Tree,Canopy brush form ,,,Maize,,Grain,1.53,2.2,0,-30.45,-0.36,,,,,,,,,,,,,,,,,,,,,,,,,,,0.00161,0.00232,-0.36,,,,,,,,,,,,,,,,,,,,,,,,,,,,,,,,,,,,,,,,,,,,,,,,,,,,,,,,,,,
25,Parkland,53,34,"Zomboudré, G., Zombré, G., Ouedraogo, M., Guinko, S.",Physiological answer and productivity of the cultures in a traditional agroforestry system: The case of maize (Zea mays L.) associated with the shea tree (Vitellaria paradoxa Gaertn.) in the east zone of Burkina Faso [Réponse physiologique et productivité des cultures dans un système agroforestier traditionnel : Cas du maïs (Zea mays L.) associé au karité (Vitellaria paradoxa Gaertn.) dans la zone est du Burkina Faso,Zomboudré et al. 2005,2005,Biotechnol. Agron. Soc. Environ.,Burkina Faso,East,Kouaré,12°5’,0°10’,950,Unimodal,On-station,Alfisol,"Lixisol, Luvisol",2002,n,0,Vitellaria paradoxa,Tree,Canopy brush form ,,,Maize,,Biomass,2.2,3.08,0,-28.57,-0.34,,,,,,,,,,,,,,,,,,,,,,,,,,,0.00232,0.00324,-0.34,,,,,,,,,,,,,,,,,,,,,,,,,,,,,,,,,,,,,,,,,,,,,,,,,,,,,,,,,,,
26,RW Buried,,5,"Barthes B.G., Penche A., Hien E., Deleporte P., Clermont-Dauphin C., Cournac L., Manlay R.J.",Effect of ramial wood amendment on sorghum production and topsoil quality in a Sudano-Sahelian ecosystem (central Burkina Faso),Barthès et al 2014,2014,Agroforestry Systems,Burkina Faso,Plateau Central,Gampéla,"12°24'35""","01°21'05""",820,Unimodal,On-station,Acrisol,Acrisol,2007,n,0,Piliostigma reticulatum,Shrub,1.5 Mg DM leaf and stem biomass (buried),1.5,,Sorghum,,Grain,0.81,0.74,+,9.46,0.09,++,3.59,0.23,3.3,0.22,108.79,,,,,,,,,,,,,,,,,,,,,0.00099,0.0009,0.09,,,,,,,,,,,,,,,,,,,,,,,,,,+,8.46,0.21,7.61,0.77,11.1695138,,,,,,,,,,,,,,,,,,,,,,,,,,,,
26,RW Buried,,5,"Barthes B.G., Penche A., Hien E., Deleporte P., Clermont-Dauphin C., Cournac L., Manlay R.J.",Effect of ramial wood amendment on sorghum production and topsoil quality in a Sudano-Sahelian ecosystem (central Burkina Faso),Barthès et al 2014,2014,Agroforestry Systems,Burkina Faso,Plateau Central,Gampéla,"12°24'35""","01°21'05""",820,Unimodal,On-station,Acrisol,Acrisol,2007,n,0,Piliostigma reticulatum,Shrub,1.5 Mg DM leaf and stem biomass + 9.6 kg N/ha (buried),1.5,,Sorghum,,Grain,0.99,0.74,+,33.78,0.29,++,3.33,0.2,3.3,0.22,100.91,,,,,,,,,,,,,,,,,,,,,0.00121,0.0009,0.29,,,,,,,,,,,,,,,,,,,,,,,,,,+,7.82,0.42,7.61,0.77,2.759526938,,,,,,,,,,,,,,,,,,,,,,,,,,,,
26,RW Buried,,5,"Barthes B.G., Penche A., Hien E., Deleporte P., Clermont-Dauphin C., Cournac L., Manlay R.J.",Effect of ramial wood amendment on sorghum production and topsoil quality in a Sudano-Sahelian ecosystem (central Burkina Faso),Barthès et al 2014,2014,Agroforestry Systems,Burkina Faso,Plateau Central,Gampéla,"12°24'35""","01°21'05""",820,Unimodal,On-station,Acrisol,Acrisol,2007,n,0,Piliostigma reticulatum,Shrub,1.5 Mg DM leaf and stem biomass (buried),1.5,,Sorghum,,Biomass,2.98,2.79,+,6.81,0.07,++,3.59,0.23,3.3,0.22,108.79,,,,,,,,,,,,,,,,,,,,,0.00363,0.0034,0.07,,,,,,,,,,,,,,,,,,,,,,,,,,+,8.46,0.21,7.61,0.77,11.1695138,,,,,,,,,,,,,,,,,,,,,,,,,,,,
26,RW Buried,,5,"Barthes B.G., Penche A., Hien E., Deleporte P., Clermont-Dauphin C., Cournac L., Manlay R.J.",Effect of ramial wood amendment on sorghum production and topsoil quality in a Sudano-Sahelian ecosystem (central Burkina Faso),Barthès et al 2014,2014,Agroforestry Systems,Burkina Faso,Plateau Central,Gampéla,"12°24'35""","01°21'05""",820,Unimodal,On-station,Acrisol,Acrisol,2007,n,0,Piliostigma reticulatum,Shrub,1.5 Mg DM leaf and stem biomass + 9.6 kg N/ha (buried),1.5,,Sorghum,,Biomass,3.47,2.79,+,24.37,0.22,++,3.33,0.2,3.3,0.22,100.91,,,,,,,,,,,,,,,,,,,,,0.00423,0.0034,0.22,,,,,,,,,,,,,,,,,,,,,,,,,,+,7.82,0.42,7.61,0.77,2.759526938,,,,,,,,,,,,,,,,,,,,,,,,,,,,
26,RW Buried,,5,"Barthes B.G., Penche A., Hien E., Deleporte P., Clermont-Dauphin C., Cournac L., Manlay R.J.",Effect of ramial wood amendment on sorghum production and topsoil quality in a Sudano-Sahelian ecosystem (central Burkina Faso),Barthès et al 2014,2014,Agroforestry Systems,Burkina Faso,Plateau Central,Gampéla,"12°24'35""","01°21'05""",820,Unimodal,On-station,Acrisol,Acrisol,2008,n+1,1,Piliostigma reticulatum,Shrub,1.5 Mg DM leaf and stem biomass (buried),1.5,,Sorghum,,Grain,0.25,0.16,+,56.25,0.45,++,3.19,0.11,3.12,0.13,102.24,,,,,,,,,,,,,,,,,,,,,0.0003,0.0002,0.45,,,,,,,,,,,,0,220,7,220,7,0,,,,,,,,,+,13.22,1.46,11.41,1.24,15.86327783,,,,,,,,,,,,,+,15,14,2.243589744,,,,,,,,,,,,
26,RW Buried,,5,"Barthes B.G., Penche A., Hien E., Deleporte P., Clermont-Dauphin C., Cournac L., Manlay R.J.",Effect of ramial wood amendment on sorghum production and topsoil quality in a Sudano-Sahelian ecosystem (central Burkina Faso),Barthès et al 2014,2014,Agroforestry Systems,Burkina Faso,Plateau Central,Gampéla,"12°24'35""","01°21'05""",820,Unimodal,On-station,Acrisol,Acrisol,2008,n+1,1,Piliostigma reticulatum,Shrub,1.5 Mg DM leaf and stem biomass + 9.6 kg N/ha (buried),1.5,,Sorghum,,Grain,0.52,0.16,+++,225,1.18,+,3.08,0.25,3.12,0.13,98.72,,,,,,,,,,,,,,,,,,,,,0.00063,0.0002,1.18,,,,,,,,,,,,0,228,14,220,7,4,,,,,,,,,-,10.01,1.39,11.41,1.24,-12.26993865,,,,,,,,,,,,,-,14,14,-4.745838956,,,,,,,,,,,,
26,RW Buried,,5,"Barthes B.G., Penche A., Hien E., Deleporte P., Clermont-Dauphin C., Cournac L., Manlay R.J.",Effect of ramial wood amendment on sorghum production and topsoil quality in a Sudano-Sahelian ecosystem (central Burkina Faso),Barthès et al 2014,2014,Agroforestry Systems,Burkina Faso,Plateau Central,Gampéla,"12°24'35""","01°21'05""",820,Unimodal,On-station,Acrisol,Acrisol,2008,n+1,1,Piliostigma reticulatum,Shrub,1.5 Mg DM leaf and stem biomass (buried),1.5,,Sorghum,,Biomass,1.38,0.99,+,39.39,0.33,++,3.19,0.11,3.12,0.13,102.24,,,,,,,,,,,,,,,,,,,,,0.00168,0.00121,0.33,,,,,,,,,,,,0,220,7,220,7,0,,,,,,,,,+,13.22,1.46,11.41,1.24,15.86327783,,,,,,,,,,,,,+,15,14,2.243589744,,,,,,,,,,,,
26,RW Buried,,5,"Barthes B.G., Penche A., Hien E., Deleporte P., Clermont-Dauphin C., Cournac L., Manlay R.J.",Effect of ramial wood amendment on sorghum production and topsoil quality in a Sudano-Sahelian ecosystem (central Burkina Faso),Barthès et al 2014,2014,Agroforestry Systems,Burkina Faso,Plateau Central,Gampéla,"12°24'35""","01°21'05""",820,Unimodal,On-station,Acrisol,Acrisol,2008,n+1,1,Piliostigma reticulatum,Shrub,1.5 Mg DM leaf and stem biomass + 9.6 kg N/ha (buried),1.5,,Sorghum,,Biomass,2.64,0.99,++,166.67,0.98,+,3.08,0.25,3.12,0.13,98.72,,,,,,,,,,,,,,,,,,,,,0.00322,0.00121,0.98,,,,,,,,,,,,0,228,14,220,7,4,,,,,,,,,-,10.01,1.39,11.41,1.24,-12.26993865,,,,,,,,,,,,,-,14,14,-4.745838956,,,,,,,,,,,,
26,RW Buried,,5,"Barthes B.G., Penche A., Hien E., Deleporte P., Clermont-Dauphin C., Cournac L., Manlay R.J.",Effect of ramial wood amendment on sorghum production and topsoil quality in a Sudano-Sahelian ecosystem (central Burkina Faso),Barthès et al 2014,2014,Agroforestry Systems,Burkina Faso,Plateau Central,Gampéla,"12°24'35""","01°21'05""",820,Unimodal,On-station,Acrisol,Acrisol,2009,n+2,2,Piliostigma reticulatum,Shrub,1.5 Mg DM leaf and stem biomass (buried),1.5,,Sorghum,,Grain,0.17,0.28,0,-39.29,-0.5,++,3.13,0.12,3.05,0.21,102.62,,,,,,,,,,,,,,,,,,,,,0.00021,0.00034,-0.5,,,,,,,,,,,,0,245,12,248,28,-1,,,,,,,,,-,4.5,0.87,5.75,1.03,-21.73913043,,,,,,,,,,,,,+,13,12,3.879558381,,,,,,,,,,,,
26,RW Buried,,5,"Barthes B.G., Penche A., Hien E., Deleporte P., Clermont-Dauphin C., Cournac L., Manlay R.J.",Effect of ramial wood amendment on sorghum production and topsoil quality in a Sudano-Sahelian ecosystem (central Burkina Faso),Barthès et al 2014,2014,Agroforestry Systems,Burkina Faso,Plateau Central,Gampéla,"12°24'35""","01°21'05""",820,Unimodal,On-station,Acrisol,Acrisol,2009,n+2,2,Piliostigma reticulatum,Shrub,1.5 Mg DM leaf and stem biomass + 9.6 kg N/ha (buried),1.5,,Sorghum,,Grain,0.27,0.28,0,-3.57,-0.04,+,2.9,0.27,3.05,0.21,95.08,,,,,,,,,,,,,,,,,,,,,0.00033,0.00034,-0.04,,,,,,,,,,,,0,228,17,248,28,-8,,,,,,,,,-,4.75,0.25,5.75,1.03,-17.39130435,,,,,,,,,,,,,+,13,12,3.422490653,,,,,,,,,,,,
26,RW Buried,,5,"Barthes B.G., Penche A., Hien E., Deleporte P., Clermont-Dauphin C., Cournac L., Manlay R.J.",Effect of ramial wood amendment on sorghum production and topsoil quality in a Sudano-Sahelian ecosystem (central Burkina Faso),Barthès et al 2014,2014,Agroforestry Systems,Burkina Faso,Plateau Central,Gampéla,"12°24'35""","01°21'05""",820,Unimodal,On-station,Acrisol,Acrisol,2009,n+2,2,Piliostigma reticulatum,Shrub,1.5 Mg DM leaf and stem biomass (buried),1.5,,Sorghum,,Biomass,0.51,0.68,0,-25,-0.29,++,3.13,0.12,3.05,0.21,102.62,,,,,,,,,,,,,,,,,,,,,0.00062,0.00083,-0.29,,,,,,,,,,,,0,245,12,248,28,-1,,,,,,,,,-,4.5,0.87,5.75,1.03,-21.73913043,,,,,,,,,,,,,+,13,12,3.879558381,,,,,,,,,,,,
26,RW Buried,,5,"Barthes B.G., Penche A., Hien E., Deleporte P., Clermont-Dauphin C., Cournac L., Manlay R.J.",Effect of ramial wood amendment on sorghum production and topsoil quality in a Sudano-Sahelian ecosystem (central Burkina Faso),Barthès et al 2014,2014,Agroforestry Systems,Burkina Faso,Plateau Central,Gampéla,"12°24'35""","01°21'05""",820,Unimodal,On-station,Acrisol,Acrisol,2009,n+2,2,Piliostigma reticulatum,Shrub,1.5 Mg DM leaf and stem biomass + 9.6 kg N/ha (buried),1.5,,Sorghum,,Biomass,0.7,0.68,+,2.94,0.03,+,2.9,0.27,3.05,0.21,95.08,,,,,,,,,,,,,,,,,,,,,0.00085,0.00083,0.03,,,,,,,,,,,,0,228,17,248,28,-8,,,,,,,,,-,4.75,0.25,5.75,1.03,-17.39130435,,,,,,,,,,,,,+,13,12,3.422490653,,,,,,,,,,,,
27,RW Buried,,54,"Roose E., Kabore V., Guenat C.","Zai practice: A west African traditional rehabilitation system for semiarid degraded lands, a case study in Burkina Faso",Roose et al. 1999,1999,Arid Soil Research and Rehabilitation,Burkina Faso,,Pouyango,12°49’,2°8’,670,Unimodal,On-farm,Alfisol,"Lixisol, Luvisol",1992,n,0,Azadirachta indica,Tree,Zai pit + Neem leaves (3 t.ha-1 fresh) vs. Zai only,1.5,,Sorghum, IRAT 204,Grain,0.18,0.15,+,22.67,0.2,,,,,,,,,,,,,,,,,,,,,,,,,,,0.00027,0.00022,0.2,,,,,,,,,,,,,,,,,,,,,,,,,,,,,,,,,,,,,,,,,,,,,,,,,,,,,,,,,,,
27,RW Buried,,54,"Roose E., Kabore V., Guenat C.","Zai practice: A west African traditional rehabilitation system for semiarid degraded lands, a case study in Burkina Faso",Roose et al. 1999,1999,Arid Soil Research and Rehabilitation,Burkina Faso,,Pouyango,12°49’,2°8’,670,Unimodal,On-farm,Alfisol,"Lixisol, Luvisol",1992,n,0,Azadirachta indica,Tree,Zai pit + Neem leaves (3 t.ha-1 fresh) vs. Zai only,1.5,,Sorghum, IRAT 204,Biomass,1.37,1.21,+,12.78,0.12,,,,,,,,,,,,,,,,,,,,,,,,,,,0.00204,0.00181,0.12,,,,,,,,,,,,,,,,,,,,,,,,,,,,,,,,,,,,,,,,,,,,,,,,,,,,,,,,,,,
27,RW Buried,,54,"Roose E., Kabore V., Guenat C.","Zai practice: A west African traditional rehabilitation system for semiarid degraded lands, a case study in Burkina Faso",Roose et al. 1999,1999,Arid Soil Research and Rehabilitation,Burkina Faso,,Taonsongo,12°48’,2°15’,515,Unimodal,On-farm,Inceptisol,Cambisol,1992,n,0,Azadirachta indica,Tree,Zai pit + Neem leaves (3 t.ha-1 fresh) vs. Zai only,1.5,,Sorghum, IRAT 204,Grain,0.4,0.2,+,97.5,0.68,,,,,,,,,,,,,,,,,,,,,,,,,,,0.00077,0.00039,0.68,,,,,,,,,,,,,,,,,,,,,,,,,,,,,,,,,,,,,,,,,,,,,,,,,,,,,,,,,,,
27,RW Buried,,54,"Roose E., Kabore V., Guenat C.","Zai practice: A west African traditional rehabilitation system for semiarid degraded lands, a case study in Burkina Faso",Roose et al. 1999,1999,Arid Soil Research and Rehabilitation,Burkina Faso,,Taonsongo,12°48’,2°15’,515,Unimodal,On-farm,Inceptisol,Cambisol,1992,n,0,Azadirachta indica,Tree,Zai pit + Neem leaves (3 t.ha-1 fresh) vs. Zai only,1.5,,Sorghum, IRAT 204,Biomass,1.99,1.4,+,42.55,0.35,,,,,,,,,,,,,,,,,,,,,,,,,,,0.00386,0.00271,0.35,,,,,,,,,,,,,,,,,,,,,,,,,,,,,,,,,,,,,,,,,,,,,,,,,,,,,,,,,,,
27,RW Buried,,54,"Roose E., Kabore V., Guenat C.","Zai practice: A west African traditional rehabilitation system for semiarid degraded lands, a case study in Burkina Faso",Roose et al. 1999,1999,Arid Soil Research and Rehabilitation,Burkina Faso,,Pouyango,12°49’,2°8’,670,Unimodal,On-farm,Alfisol,"Lixisol, Luvisol",1993,n+1,1,Azadirachta indica,Tree,Zai pit + Neem leaves (3 t.ha-1 fresh) vs. Zai only,1.5,,Sorghum, IRAT 204,Grain,0.08,0.03,++,186.21,1.05,,,,,,,,,,,,,,,,,,,,,,,,,,,0.00012,0.00004,1.05,,,,,,,,,,,,,,,,,,,,,,,,,,,,,,,,,,,,,,,,,,,,,,,,,,,,,,,,,,,
27,RW Buried,,54,"Roose E., Kabore V., Guenat C.","Zai practice: A west African traditional rehabilitation system for semiarid degraded lands, a case study in Burkina Faso",Roose et al. 1999,1999,Arid Soil Research and Rehabilitation,Burkina Faso,,Pouyango,12°49’,2°8’,670,Unimodal,On-farm,Alfisol,"Lixisol, Luvisol",1993,n+1,1,Azadirachta indica,Tree,Zai pit + Neem leaves (3 t.ha-1 fresh) vs. Zai only,1.5,,Sorghum, IRAT 204,Biomass,1,0.38,++,166.67,0.98,,,,,,,,,,,,,,,,,,,,,,,,,,,0.00149,0.00056,0.98,,,,,,,,,,,,,,,,,,,,,,,,,,,,,,,,,,,,,,,,,,,,,,,,,,,,,,,,,,,
27,RW Buried,,54,"Roose E., Kabore V., Guenat C.","Zai practice: A west African traditional rehabilitation system for semiarid degraded lands, a case study in Burkina Faso",Roose et al. 1999,1999,Arid Soil Research and Rehabilitation,Burkina Faso,,Taonsongo,12°48’,2°15’,515,Unimodal,On-farm,Inceptisol,Cambisol,1993,n+1,1,Azadirachta indica,Tree,Zai pit + Neem leaves (3 t.ha-1 fresh) vs. Zai only,1.5,,Sorghum, IRAT 204,Grain,0.02,0.01,+,84.62,0.61,,,,,,,,,,,,,,,,,,,,,,,,,,,0.00005,0.00003,0.61,,,,,,,,,,,,,,,,,,,,,,,,,,,,,,,,,,,,,,,,,,,,,,,,,,,,,,,,,,,
27,RW Buried,,54,"Roose E., Kabore V., Guenat C.","Zai practice: A west African traditional rehabilitation system for semiarid degraded lands, a case study in Burkina Faso",Roose et al. 1999,1999,Arid Soil Research and Rehabilitation,Burkina Faso,,Taonsongo,12°48’,2°15’,515,Unimodal,On-farm,Inceptisol,Cambisol,1993,n+1,1,Azadirachta indica,Tree,Zai pit + Neem leaves (3 t.ha-1 fresh) vs. Zai only,1.5,,Sorghum, IRAT 204,Biomass,0.88,0.29,++,199.66,1.1,,,,,,,,,,,,,,,,,,,,,,,,,,,0.0017,0.00057,1.1,,,,,,,,,,,,,,,,,,,,,,,,,,,,,,,,,,,,,,,,,,,,,,,,,,,,,,,,,,,
28,RW Buried,,,S.A.N. Samba,Effet de la litière de Cordyla pinnata sur les cultures : approche expérimentale en agroforesterie,Samba 2001,2001,Annals of Forest Science,Senegal,Darou Keur Balla,,14°,16°,750,Unimodal,On-station,Tropical Ferruginous,Lixisol,1999,n,0,Cordyla pinnata,Tree,Crushed biomass incorporated (50t.ha-1),50,,Millet,,Grain,0.31,0.18,+,74.73,0.56,+++,2.25,,0.67,,335.82,,,,,,,,,,,,,,,,,,,,,0.00041,0.00023,0.56,,,,,,,,,,,,++,180,,50,,260,,,0,3.36,,4.2,,-20,,,,,,,,,,,,,,,,,8,8.1,,12.3,12.3,0,,,,,,,,,,,,
28,RW Buried,,,S.A.N. Samba,Effet de la litière de Cordyla pinnata sur les cultures : approche expérimentale en agroforesterie,Samba 2001,2001,Annals of Forest Science,Senegal,Darou Keur Balla,,14°,16°,750,Unimodal,On-station,Tropical Ferruginous,Lixisol,1999,n,0,Cordyla pinnata,Tree,Crushed biomass incorporated (100t.ha-1),100,,Millet,,Grain,0.42,0.18,++,136.3,0.86,+++,4.22,,0.67,,629.85,,,,,,,,,,,,,,,,,,,,,0.00055,0.00023,0.86,,,,,,,,,,,,++,370,,50,,640,,,0,2.73,,4.2,,-35,,,,,,,,,,,,,,,,,8,8.1,,11.3,12.3,-8.130081301,,,,,,,,,,,,
28,RW Buried,,,S.A.N. Samba,Effet de la litière de Cordyla pinnata sur les cultures : approche expérimentale en agroforesterie,Samba 2001,2001,Annals of Forest Science,Senegal,Darou Keur Balla,,14°,16°,750,Unimodal,On-station,Tropical Ferruginous,Lixisol,1999,n,0,Cordyla pinnata,Tree,Crushed biomass incorporated (200t.ha-1),200,,Millet,,Grain,0.25,0.18,+,39.86,0.34,+++,8.15,,0.67,,1216.42,,,,,,,,,,,,,,,,,,,,,0.00033,0.00023,0.34,,,,,,,,,,,,++,720,,50,,1340,,,0,2.52,,4.2,,-40,,,,,,,,,,,,,,,,,8,8.1,,11.4,12.3,-7.317073171,,,,,,,,,,,,
28,RW Buried,,,S.A.N. Samba,Effet de la litière de Cordyla pinnata sur les cultures : approche expérimentale en agroforesterie,Samba 2001,2001,Annals of Forest Science,Senegal,Darou Keur Balla,,14°,16°,750,Unimodal,On-station,Tropical Ferruginous,Lixisol,1999,n,0,Cordyla pinnata,Tree,Crushed biomass incorporated (50t.ha-1),50,,Millet,,Biomass,0.15,0.06,++,152.14,0.92,,,,,,,,,,,,,,,,,,,,,,,,,,,0.0002,0.00008,0.92,,,,,,,,,,,,,,,,,,,,,,,,,,,,,,,,,,,,,,,,,,,,,,,,,,,,,,,,,,,
28,RW Buried,,,S.A.N. Samba,Effet de la litière de Cordyla pinnata sur les cultures : approche expérimentale en agroforesterie,Samba 2001,2001,Annals of Forest Science,Senegal,Darou Keur Balla,,14°,16°,750,Unimodal,On-station,Tropical Ferruginous,Lixisol,1999,n,0,Cordyla pinnata,Tree,Crushed biomass incorporated (50t.ha-1),50,,Peanut,,Underground biomass,4.26,5.26,0,-19,-0.21,,,,,,,,,,,,,,,,,,,,,,,,,,,0.00568,0.00702,-0.21,,,,,,,,,,,,,,,,,,,,,,,,,,,,,,,,,,,,,,,,,,,,,,,,,,,,,,,,,,,
28,RW Buried,,,S.A.N. Samba,Effet de la litière de Cordyla pinnata sur les cultures : approche expérimentale en agroforesterie,Samba 2001,2001,Annals of Forest Science,Senegal,Darou Keur Balla,,14°,16°,750,Unimodal,On-station,Tropical Ferruginous,Lixisol,1999,n,0,Cordyla pinnata,Tree,Crushed biomass incorporated (100t.ha-1),100,,Peanut,,Underground biomass,4.43,5.26,0,-15.91,-0.17,,,,,,,,,,,,,,,,,,,,,,,,,,,0.0059,0.00702,-0.17,,,,,,,,,,,,,,,,,,,,,,,,,,,,,,,,,,,,,,,,,,,,,,,,,,,,,,,,,,,
28,RW Buried,,,S.A.N. Samba,Effet de la litière de Cordyla pinnata sur les cultures : approche expérimentale en agroforesterie,Samba 2001,2001,Annals of Forest Science,Senegal,Darou Keur Balla,,14°,16°,750,Unimodal,On-station,Tropical Ferruginous,Lixisol,1999,n,0,Cordyla pinnata,Tree,Crushed biomass incorporated (200t.ha-1),200,,Peanut,,Underground biomass,3.61,5.26,0,-31.35,-0.38,,,,,,,,,,,,,,,,,,,,,,,,,,,0.00482,0.00702,-0.38,,,,,,,,,,,,,,,,,,,,,,,,,,,,,,,,,,,,,,,,,,,,,,,,,,,,,,,,,,,
28,RW Buried,,,S.A.N. Samba,Effet de la litière de Cordyla pinnata sur les cultures : approche expérimentale en agroforesterie,Samba 2001,2001,Annals of Forest Science,Senegal,Darou Keur Balla,,14°,16°,750,Unimodal,On-station,Tropical Ferruginous,Lixisol,1999,n,0,Cordyla pinnata,Tree,Crushed biomass incorporated (100t.ha-1),100,,Millet,,Biomass,0.15,0.06,++,148.71,0.91,,,,,,,,,,,,,,,,,,,,,,,,,,,0.00019,0.00008,0.91,,,,,,,,,,,,,,,,,,,,,,,,,,,,,,,,,,,,,,,,,,,,,,,,,,,,,,,,,,,
28,RW Buried,,,S.A.N. Samba,Effet de la litière de Cordyla pinnata sur les cultures : approche expérimentale en agroforesterie,Samba 2001,2001,Annals of Forest Science,Senegal,Darou Keur Balla,,14°,16°,750,Unimodal,On-station,Tropical Ferruginous,Lixisol,1999,n,0,Cordyla pinnata,Tree,Crushed biomass incorporated (200t.ha-1),200,,Millet,,Biomass,0.09,0.06,+,53.52,0.43,,,,,,,,,,,,,,,,,,,,,,,,,,,0.00012,0.00008,0.43,,,,,,,,,,,,,,,,,,,,,,,,,,,,,,,,,,,,,,,,,,,,,,,,,,,,,,,,,,,
29,RW Buried,,,"Soumare, M.D., Mnkeni, P.N.S., Khouma, M. ","Effects of Casuarina equisetifolia Composted Litter and Ramial-Wood Chips on Tomato Growth and Soil Properties in Niayes, Senegal",Soumare et al. 2002,2002,Biological Agriculture and Horticulture,Senegal,Niayes,Developing Center for Horticulture (CDH Farm),12°30’ (E),17°30’ (W),700,Unimodal,On-station,Dystric Regosol (sandy),Regosol,1999,n,0,Casuarina equisetifolia,Tree,Ramial Chipped Wood 10 t.ha-1 (incorporated),10,,Tomato,,Fruit,19,19.8,0,-4.04,-0.04,,,,,,,,,,,,,,,,,,,,,,,,,,,0.02714,0.02829,-0.04,,,,,,,,,,,,0,120,,150,,-20,,,0,6.21,,8.8,,-29.43181818,,,,,,,,1100,,80,,1275,,,,,,,,,,,,,,,,,,,,,,
29,RW Buried,,,"Soumare, M.D., Mnkeni, P.N.S., Khouma, M. ","Effects of Casuarina equisetifolia Composted Litter and Ramial-Wood Chips on Tomato Growth and Soil Properties in Niayes, Senegal",Soumare et al. 2002,2002,Biological Agriculture and Horticulture,Senegal,Niayes,Developing Center for Horticulture (CDH Farm),12°30’ (E),17°30’ (W),700,Unimodal,On-station,Dystric Regosol (sandy),Regosol,1999,n,0,Casuarina equisetifolia,Tree,Ramial Chipped Wood 20 t.ha-1 (incorporated),20,,Tomato,,Fruit,19.5,19.8,0,-1.52,-0.02,,,,,,,,,,,,,,,,,,,,,,,,,,,0.02786,0.02829,-0.02,,,,,,,,,,,,0,150,,150,,0,,,0,5.95,,8.8,,-32.38636364,,,,,,,,1180,,80,,1375,,,,,,,,,,,,,,,,,,,,,,
29,RW Buried,,,"Soumare, M.D., Mnkeni, P.N.S., Khouma, M. ","Effects of Casuarina equisetifolia Composted Litter and Ramial-Wood Chips on Tomato Growth and Soil Properties in Niayes, Senegal",Soumare et al. 2002,2002,Biological Agriculture and Horticulture,Senegal,Niayes,Developing Center for Horticulture (CDH Farm),12°30’ (E),17°30’ (W),700,Unimodal,On-station,Dystric Regosol (sandy),Regosol,1999,n,0,Casuarina equisetifolia,Tree,Ramial Chipped Wood 40 t.ha-1 (incorporated),40,,Tomato,,Fruit,17.7,19.8,0,-10.61,-0.11,,,,,,,,,,,,,,,,,,,,,,,,,,,0.02529,0.02829,-0.11,,,,,,,,,,,,0,130,,150,,-13,,,0,6.25,,8.8,,-28.97727273,,,,,,,,1170,,80,,1362.5,,,,,,,,,,,,,,,,,,,,,,
29,RW Buried,,,"Soumare, M.D., Mnkeni, P.N.S., Khouma, M. ","Effects of Casuarina equisetifolia Composted Litter and Ramial-Wood Chips on Tomato Growth and Soil Properties in Niayes, Senegal",Soumare et al. 2002,2002,Biological Agriculture and Horticulture,Senegal,Niayes,Developing Center for Horticulture (CDH Farm),12°30’ (E),17°30’ (W),700,Unimodal,On-station,Dystric Regosol (sandy),Regosol,2000,n+1,1,Casuarina equisetifolia,Tree,Ramial Chipped Wood 10 t.ha-1 (incorporated),10,,Tomato,,Fruit,24.1,16.5,+,46.06,0.38,,,,,,,0,2.8,,1.93,,45.1,,,,,,,,,,,,,,,0.03443,0.02357,0.38,,,,,,,,,,,,0,330,,300,,10,,,0,7.22,,9.37,,-22.94557097,,,,,,,,1930,,100,,1830,,5.8,5.2,111.5384615,,,,,,,,,,,,,,,,,,
29,RW Buried,,,"Soumare, M.D., Mnkeni, P.N.S., Khouma, M. ","Effects of Casuarina equisetifolia Composted Litter and Ramial-Wood Chips on Tomato Growth and Soil Properties in Niayes, Senegal",Soumare et al. 2002,2002,Biological Agriculture and Horticulture,Senegal,Niayes,Developing Center for Horticulture (CDH Farm),12°30’ (E),17°30’ (W),700,Unimodal,On-station,Dystric Regosol (sandy),Regosol,2000,n+1,1,Casuarina equisetifolia,Tree,Ramial Chipped Wood 20 t.ha-1 (incorporated),20,,Tomato,,Fruit,25.9,16.5,+,56.97,0.45,,,,,,,0,2.68,,1.93,,38.9,,,,,,,,,,,,,,,0.037,0.02357,0.45,,,,,,,,,,,,0,330,,300,,10,,,0,5.45,,9.37,,-41.83564568,,,,,,,,1960,,100,,1860,,6.1,5.2,117.3076923,,,,,,,,,,,,,,,,,,
29,RW Buried,,,"Soumare, M.D., Mnkeni, P.N.S., Khouma, M. ","Effects of Casuarina equisetifolia Composted Litter and Ramial-Wood Chips on Tomato Growth and Soil Properties in Niayes, Senegal",Soumare et al. 2002,2002,Biological Agriculture and Horticulture,Senegal,Niayes,Developing Center for Horticulture (CDH Farm),12°30’ (E),17°30’ (W),700,Unimodal,On-station,Dystric Regosol (sandy),Regosol,2000,n+1,1,Casuarina equisetifolia,Tree,Ramial Chipped Wood 40 t.ha-1 (incorporated),40,,Tomato,,Fruit,22.9,16.5,+,38.79,0.33,,,,,,,0,2.75,,1.93,,42.5,,,,,,,,,,,,,,,0.03271,0.02357,0.33,,,,,,,,,,,,0,390,,300,,30,,,0,6.94,,9.37,,-25.93383138,,,,,,,,1350,,100,,1250,,5.8,5.2,111.5384615,,,,,,,,,,,,,,,,,,
30,RW Mulch,,,"Arnaud Somé, Edmond Hien, Fernand Sankara",Influence des apports de Bois Raméaux Fragmentés (BRF) de Piliostigma reticulatum combinés à différentes sources d’azote sur la productivité des sols soudano-sahéliens: Cas de Gampéla,Somé 2013,2013,MSc Thesis,Burkina Faso,Plateau Central,Gampéla,"12°24'35""","01°21'05""",748,Unimodal,On-station,Acrisol,Acrisol,2013,n,0,Piliostigma reticulatum,Shrub,Chipped leaves and branches (6.t/ha fresh matter),3,,Sorghum,,Grain,0.52,0.61,0,-15.36,-0.17,,,,,,,,,,,,,,,,,,,,,,,,,,,0.00069,0.00082,-0.17,,,,,,,,,,,,,,,,,,,,,,,,,,,,,,,,,,,,,,,,,,,,,,,,,,,,,,,,,,,
30,RW Mulch,,,"Arnaud Somé, Edmond Hien, Fernand Sankara",Influence des apports de Bois Raméaux Fragmentés (BRF) de Piliostigma reticulatum combinés à différentes sources d’azote sur la productivité des sols soudano-sahéliens: Cas de Gampéla,Somé 2013,2013,MSc Thesis,Burkina Faso,Plateau Central,Gampéla,"12°24'35""","01°21'05""",748,Unimodal,On-station,Acrisol,Acrisol,2013,n,0,Piliostigma reticulatum,Shrub,Chipped leaves and branches (6.t/ha fresh matter) + N,3,,Sorghum,,Grain,0.46,0.61,0,-24.35,-0.28,,,,,,,,,,,,,,,,,,,,,,,,,,,0.00062,0.00082,-0.28,,,,,,,,,,,,,,,,,,,,,,,,,,,,,,,,,,,,,,,,,,,,,,,,,,,,,,,,,,,
30,RW Mulch,,,"Arnaud Somé, Edmond Hien, Fernand Sankara",Influence des apports de Bois Raméaux Fragmentés (BRF) de Piliostigma reticulatum combinés à différentes sources d’azote sur la productivité des sols soudano-sahéliens: Cas de Gampéla,Somé 2013,2013,MSc Thesis,Burkina Faso,Plateau Central,Gampéla,"12°24'35""","01°21'05""",748,Unimodal,On-station,Acrisol,Acrisol,2013,n,0,Piliostigma reticulatum,Shrub,Chipped leaves and branches (6.t/ha fresh matter) + manure,3,,Sorghum,,Grain,0.95,0.61,+,55.23,0.44,,,,,,,,,,,,,,,,,,,,,,,,,,,0.00127,0.00082,0.44,,,,,,,,,,,,,,,,,,,,,,,,,,,,,,,,,,,,,,,,,,,,,,,,,,,,,,,,,,,
30,RW Mulch,,,"Arnaud Somé, Edmond Hien, Fernand Sankara",Influence des apports de Bois Raméaux Fragmentés (BRF) de Piliostigma reticulatum combinés à différentes sources d’azote sur la productivité des sols soudano-sahéliens: Cas de Gampéla,Somé 2013,2013,MSc Thesis,Burkina Faso,Plateau Central,Gampéla,"12°24'35""","01°21'05""",748,Unimodal,On-station,Acrisol,Acrisol,2013,n,0,Piliostigma reticulatum,Shrub,Chipped leaves and branches (6.t/ha fresh matter),3,,Sorghum,,Straw,1.96,2.7,0,-27.67,-0.32,,,,,,,,,,,,,,,,,,,,,,,,,,,0.00261,0.00361,-0.32,,,,,,,,,,,,,,,,,,,,,,,,,,,,,,,,,,,,,,,,,,,,,,,,,,,,,,,,,,,
30,RW Mulch,,,"Arnaud Somé, Edmond Hien, Fernand Sankara",Influence des apports de Bois Raméaux Fragmentés (BRF) de Piliostigma reticulatum combinés à différentes sources d’azote sur la productivité des sols soudano-sahéliens: Cas de Gampéla,Somé 2013,2013,MSc Thesis,Burkina Faso,Plateau Central,Gampéla,"12°24'35""","01°21'05""",748,Unimodal,On-station,Acrisol,Acrisol,2013,n,0,Piliostigma reticulatum,Shrub,Chipped leaves and branches (6.t/ha fresh matter) + N,3,,Sorghum,,Straw,1.68,2.7,0,-37.74,-0.47,,,,,,,,,,,,,,,,,,,,,,,,,,,0.00225,0.00361,-0.47,,,,,,,,,,,,,,,,,,,,,,,,,,,,,,,,,,,,,,,,,,,,,,,,,,,,,,,,,,,
30,RW Mulch,,,"Arnaud Somé, Edmond Hien, Fernand Sankara",Influence des apports de Bois Raméaux Fragmentés (BRF) de Piliostigma reticulatum combinés à différentes sources d’azote sur la productivité des sols soudano-sahéliens: Cas de Gampéla,Somé 2013,2013,MSc Thesis,Burkina Faso,Plateau Central,Gampéla,"12°24'35""","01°21'05""",748,Unimodal,On-station,Acrisol,Acrisol,2013,n,0,Piliostigma reticulatum,Shrub,Chipped leaves and branches (6.t/ha fresh matter) + manure,3,,Sorghum,,Straw,2.1,2.7,0,-22.35,-0.25,,,,,,,,,,,,,,,,,,,,,,,,,,,0.00281,0.00361,-0.25,,,,,,,,,,,,,,,,,,,,,,,,,,,,,,,,,,,,,,,,,,,,,,,,,,,,,,,,,,,
31,RW Mulch,,5,"Barthes B.G., Penche A., Hien E., Deleporte P., Clermont-Dauphin C., Cournac L., Manlay R.J.",Effect of ramial wood amendment on sorghum production and topsoil quality in a Sudano-Sahelian ecosystem (central Burkina Faso),Barthès et al 2014,2014,Agroforestry Systems,Burkina Faso,Plateau Central,Gampéla,"12°24'35""","01°21'05""",820,Unimodal,On-station,Acrisol,Acrisol,2007,n,0,Piliostigma reticulatum,Shrub,1.5 Mg DM leaf and stem biomass (mulch),1.5,,Sorghum,,Grain,0.88,0.74,+,18.92,0.17,+,3.41,0.19,3.3,0.22,3.33,,,,,,,,,,,,,,,,,,,,,0.00107,0.0009,0.17,,,,,,,,,,,,,,,,,,,,,,,,,,+,7.83,0.68,7.61,0.77,2.890932983,,,,,,,,,,,,,,,,,,,,,,,,,,,,
31,RW Mulch,,5,"Barthes B.G., Penche A., Hien E., Deleporte P., Clermont-Dauphin C., Cournac L., Manlay R.J.",Effect of ramial wood amendment on sorghum production and topsoil quality in a Sudano-Sahelian ecosystem (central Burkina Faso),Barthès et al 2014,2014,Agroforestry Systems,Burkina Faso,Plateau Central,Gampéla,"12°24'35""","01°21'05""",820,Unimodal,On-station,Acrisol,Acrisol,2007,n,0,Piliostigma reticulatum,Shrub,1.5 Mg DM leaf and stem biomass (mulch),1.5,,Sorghum,,Straw ,3.39,2.79,+,21.51,0.19,+,3.41,0.19,3.3,0.22,3.33,,,,,,,,,,,,,,,,,,,,,0.00413,0.0034,0.19,,,,,,,,,,,,,,,,,,,,,,,,,,+,7.83,0.68,7.61,0.77,2.890932983,,,,,,,,,,,,,,,,,,,,,,,,,,,,
31,RW Mulch,,5,"Barthes B.G., Penche A., Hien E., Deleporte P., Clermont-Dauphin C., Cournac L., Manlay R.J.",Effect of ramial wood amendment on sorghum production and topsoil quality in a Sudano-Sahelian ecosystem (central Burkina Faso),Barthès et al 2014,2014,Agroforestry Systems,Burkina Faso,Plateau Central,Gampéla,"12°24'35""","01°21'05""",820,Unimodal,On-station,Acrisol,Acrisol,2008,n+1,1,Piliostigma reticulatum,Shrub,1.5 Mg DM leaf and stem biomass (mulch),1.5,,Sorghum,,Grain,0.38,0.16,++,137.5,0.86,+,3.2,0.12,3.12,0.13,2.56,,,,,,,,,,,,,,,,,,,,,0.00046,0.0002,0.86,,,,,,,,,,,,0,233,10,220,7,6,,,,,,,,,+,14.75,1.26,11.41,1.24,29.27256792,,,,,,,,,,,,,-,14,14,-3.158358094,,,,,,,,,,,,
31,RW Mulch,,5,"Barthes B.G., Penche A., Hien E., Deleporte P., Clermont-Dauphin C., Cournac L., Manlay R.J.",Effect of ramial wood amendment on sorghum production and topsoil quality in a Sudano-Sahelian ecosystem (central Burkina Faso),Barthès et al 2014,2014,Agroforestry Systems,Burkina Faso,Plateau Central,Gampéla,"12°24'35""","01°21'05""",820,Unimodal,On-station,Acrisol,Acrisol,2008,n+1,1,Piliostigma reticulatum,Shrub,1.5 Mg DM leaf and stem biomass (mulch),1.5,,Sorghum,,Straw ,2.02,0.99,++,104.04,0.71,+,3.2,0.12,3.12,0.13,2.56,,,,,,,,,,,,,,,,,,,,,0.00246,0.00121,0.71,,,,,,,,,,,,0,233,10,220,7,6,,,,,,,,,+,14.75,1.26,11.41,1.24,29.27256792,,,,,,,,,,,,,-,14,14,-3.158358094,,,,,,,,,,,,
31,RW Mulch,,5,"Barthes B.G., Penche A., Hien E., Deleporte P., Clermont-Dauphin C., Cournac L., Manlay R.J.",Effect of ramial wood amendment on sorghum production and topsoil quality in a Sudano-Sahelian ecosystem (central Burkina Faso),Barthès et al 2014,2014,Agroforestry Systems,Burkina Faso,Plateau Central,Gampéla,"12°24'35""","01°21'05""",820,Unimodal,On-station,Acrisol,Acrisol,2009,n+2,2,Piliostigma reticulatum,Shrub,1.5 Mg DM leaf and stem biomass (mulch),1.5,,Sorghum,,Grain,0.36,0.28,+,28.57,0.25,0,3,0.2,3.05,0.21,-1.64,,,,,,,,,,,,,,,,,,,,,0.00044,0.00034,0.25,,,,,,,,,,,,0,245,19,248,28,-1,,,,,,,,,+,7,1.08,5.75,1.03,21.73913043,,,,,,,,,,,,,0,12,12,-0.43492807,,,,,,,,,,,,
31,RW Mulch,,5,"Barthes B.G., Penche A., Hien E., Deleporte P., Clermont-Dauphin C., Cournac L., Manlay R.J.",Effect of ramial wood amendment on sorghum production and topsoil quality in a Sudano-Sahelian ecosystem (central Burkina Faso),Barthès et al 2014,2014,Agroforestry Systems,Burkina Faso,Plateau Central,Gampéla,"12°24'35""","01°21'05""",820,Unimodal,On-station,Acrisol,Acrisol,2009,n+2,2,Piliostigma reticulatum,Shrub,1.5 Mg DM leaf and stem biomass (mulch),1.5,,Sorghum,,Straw ,0.78,0.68,+,14.71,0.14,0,3,0.2,3.05,0.21,-1.64,,,,,,,,,,,,,,,,,,,,,0.00095,0.00083,0.14,,,,,,,,,,,,0,245,19,248,28,-1,,,,,,,,,+,7,1.08,5.75,1.03,21.73913043,,,,,,,,,,,,,0,12,12,-0.43492807,,,,,,,,,,,,
32,RW Mulch,,40,"Bayala J., Mando A., Ouedraogo S.J., Teklehaimanot Z.",Managing Parkia biglobosa and Vitellaria paradoxa prunings for crop production and improved soil properties in the sub-Sudanian zone of Burkina Faso,Bayala et al. 2003,2003,Arid Land Research and Management,Burkina Faso,Plateau Central,Saponé,12°03',1°43',720,Unimodal,On-farm,Luvisol,Luvisol,1999,n,0,Parkia biglobosa,Tree,Neré leaf mulch 0.5 N recommendation (0.85 t.ha-1),0.85,,Millet,,Grain,0.63,0.76,0,-17.02,-0.19,+,5.69,0.69,4.64,0.85,22.63,0,0.98,0.12,0.8,0.15,22.5,,,,,,,,,,,,,,,0.00088,0.00106,-0.19,,,,,,,,,,,,0,330,40,280,40,18,,,0 (+),84,33,78,19,7.692307692,0 (-),7,1,10,1,-30,0 (-),295,47,357,76,-17.36694678,,,,,,,0,17,17,0,,,,,,,,,,,,
32,RW Mulch,,40,"Bayala J., Mando A., Ouedraogo S.J., Teklehaimanot Z.",Managing Parkia biglobosa and Vitellaria paradoxa prunings for crop production and improved soil properties in the sub-Sudanian zone of Burkina Faso,Bayala et al. 2003,2003,Arid Land Research and Management,Burkina Faso,Plateau Central,Saponé,12°03',1°43',720,Unimodal,On-farm,Luvisol,Luvisol,1999,n,0,Parkia biglobosa,Tree,Neré leaf mulch 1 N recommendation (3.4 t.ha-1),3.4,,Millet,,Grain,0.43,0.76,0,-43.1,-0.56,++,10.14,3.27,4.64,0.85,118.53,+,1.75,0.56,0.8,0.15,118.8,,,,,,,,,,,,,,,0.0006,0.00106,-0.56,,,,,,,,,,,,0,380,60,280,40,36,,,0 (-),74,26,78,19,-5.128205128,0 (+),12,3,10,1,20,0 (-),320,81,357,76,-10.36414566,,,,,,,+,29,17,70.58823529,,,,,,,,,,,,
32,RW Mulch,,40,"Bayala J., Mando A., Ouedraogo S.J., Teklehaimanot Z.",Managing Parkia biglobosa and Vitellaria paradoxa prunings for crop production and improved soil properties in the sub-Sudanian zone of Burkina Faso,Bayala et al. 2003,2003,Arid Land Research and Management,Burkina Faso,Plateau Central,Saponé,12°03',1°43',720,Unimodal,On-farm,Luvisol,Luvisol,1999,n,0,Vitellaria paradoxa,Tree,Karité leaf mulch 0.5 N recommendation (2.6 t.ha-1),2.6,,Millet,,Grain,0.6,0.38,+,57.14,0.45,+,6.27,0.77,5.89,1.36,6.45,0,1.08,0.13,1.02,0.23,5.9,,,,,,,,,,,,,,,0.00083,0.00053,0.45,,,,,,,,,,,,0,320,40,290,60,10,,,0 (+),133,12,112,15,18.75,0,9,0,9,2,0,0 (-),284,27,348,100,-18.3908046,,,,,,,0 (-),20,22,-9.090909091,,,,,,,,,,,,
32,RW Mulch,,40,"Bayala J., Mando A., Ouedraogo S.J., Teklehaimanot Z.",Managing Parkia biglobosa and Vitellaria paradoxa prunings for crop production and improved soil properties in the sub-Sudanian zone of Burkina Faso,Bayala et al. 2003,2003,Arid Land Research and Management,Burkina Faso,Plateau Central,Saponé,12°03',1°43',720,Unimodal,On-farm,Luvisol,Luvisol,1999,n,0,Vitellaria paradoxa,Tree,Karité leaf mulch 1 N recommendation (10.4 t.ha-1),10.4,,Millet,,Grain,0.83,0.38,++,119.06,0.78,+,6.98,0.47,5.89,1.36,18.51,0,1.2,0.08,1.02,0.23,17.6,,,,,,,,,,,,,,,0.00115,0.00053,0.78,,,,,,,,,,,,0,390,10,290,60,34,,,0 (+),150,1,112,15,33.92857143,0 (+),10,1,9,2,11.11111111,0 (-),343,70,348,100,-1.436781609,,,,,,,0 (-),18,22,-18.18181818,,,,,,,,,,,,
32,RW Mulch,,40,"Bayala J., Mando A., Ouedraogo S.J., Teklehaimanot Z.",Managing Parkia biglobosa and Vitellaria paradoxa prunings for crop production and improved soil properties in the sub-Sudanian zone of Burkina Faso,Bayala et al. 2003,2003,Arid Land Research and Management,Burkina Faso,Plateau Central,Saponé,12°03',1°43',720,Unimodal,On-farm,Luvisol,Luvisol,1999,n,0,Parkia biglobosa,Tree,Neré leaf mulch 0.5 N recommendation (0.85 t.ha-1),0.85,,Millet,,Straw,3.61,3.8,0,-4.9,-0.05,+,5.69,0.69,4.64,0.85,22.63,0,0.98,0.12,0.8,0.15,22.5,,,,,,,,,,,,,,,0.00502,0.00528,-0.05,,,,,,,,,,,,0,330,40,280,40,18,,,0 (+),84,33,78,19,7.692307692,0 (-),7,1,10,1,-30,0 (-),295,47,357,76,-17.36694678,,,,,,,0,17,17,0,,,,,,,,,,,,
32,RW Mulch,,40,"Bayala J., Mando A., Ouedraogo S.J., Teklehaimanot Z.",Managing Parkia biglobosa and Vitellaria paradoxa prunings for crop production and improved soil properties in the sub-Sudanian zone of Burkina Faso,Bayala et al. 2003,2003,Arid Land Research and Management,Burkina Faso,Plateau Central,Saponé,12°03',1°43',720,Unimodal,On-farm,Luvisol,Luvisol,1999,n,0,Parkia biglobosa,Tree,Neré leaf mulch 1 N recommendation (3.4 t.ha-1),3.4,,Millet,,Straw,2.54,3.8,0,-33.17,-0.4,++,10.14,3.27,4.64,0.85,118.53,+,1.75,0.56,0.8,0.15,118.8,,,,,,,,,,,,,,,0.00353,0.00528,-0.4,,,,,,,,,,,,0,380,60,280,40,36,,,0 (-),74,26,78,19,-5.128205128,0 (+),12,3,10,1,20,0 (-),320,81,357,76,-10.36414566,,,,,,,+,29,17,70.58823529,,,,,,,,,,,,
32,RW Mulch,,40,"Bayala J., Mando A., Ouedraogo S.J., Teklehaimanot Z.",Managing Parkia biglobosa and Vitellaria paradoxa prunings for crop production and improved soil properties in the sub-Sudanian zone of Burkina Faso,Bayala et al. 2003,2003,Arid Land Research and Management,Burkina Faso,Plateau Central,Saponé,12°03',1°43',720,Unimodal,On-farm,Luvisol,Luvisol,1999,n,0,Vitellaria paradoxa,Tree,Karité leaf mulch 0.5 N recommendation (2.6  t.ha-1),2.6,,Millet,,Straw,2.54,2.05,+,23.81,0.21,+,6.27,0.77,5.89,1.36,6.45,0,1.08,0.13,1.02,0.23,5.9,,,,,,,,,,,,,,,0.00353,0.00285,0.21,,,,,,,,,,,,0,320,40,290,60,10,,,0 (+),133,12,112,15,18.75,0,9,0,9,2,0,0 (-),284,27,348,100,-18.3908046,,,,,,,0 (-),20,22,-9.090909091,,,,,,,,,,,,
32,RW Mulch,,40,"Bayala J., Mando A., Ouedraogo S.J., Teklehaimanot Z.",Managing Parkia biglobosa and Vitellaria paradoxa prunings for crop production and improved soil properties in the sub-Sudanian zone of Burkina Faso,Bayala et al. 2003,2003,Arid Land Research and Management,Burkina Faso,Plateau Central,Saponé,12°03',1°43',720,Unimodal,On-farm,Luvisol,Luvisol,1999,n,0,Vitellaria paradoxa,Tree,Karité leaf mulch 1 N recommendation (10.4 t.ha-1),10.4,,Millet,,Straw,3.71,2.05,+,80.95,0.59,+,6.98,0.47,5.89,1.36,18.51,0,1.2,0.08,1.02,0.23,17.6,,,,,,,,,,,,,,,0.00515,0.00285,0.59,,,,,,,,,,,,0,390,10,290,60,34,,,0 (+),150,1,112,15,33.92857143,0 (+),10,1,9,2,11.11111111,0 (-),343,70,348,100,-1.436781609,,,,,,,0 (-),18,22,-18.18181818,,,,,,,,,,,,
32,RW Mulch,,40,"Bayala J., Mando A., Ouedraogo S.J., Teklehaimanot Z.",Managing Parkia biglobosa and Vitellaria paradoxa prunings for crop production and improved soil properties in the sub-Sudanian zone of Burkina Faso,Bayala et al. 2003,2003,Arid Land Research and Management,Burkina Faso,Plateau Central,Saponé,12°03',1°43',720,Unimodal,On-farm,Luvisol,Luvisol,2000,n+1,1,Parkia biglobosa,Tree,Neré leaf mulch 0.5 N recommendation (0.85 t.ha-1),0.85,,Millet,,Grain,0.17,0.18,0,-6.44,-0.07,+,5.69,0.69,4.64,0.85,22.63,0,0.98,0.12,0.8,0.15,22.5,,,,,,,,,,,,,,,0.00023,0.00025,-0.07,,,,,,,,,,,,0,330,40,280,40,18,,,0 (+),84,33,78,19,7.692307692,0 (-),7,1,10,1,-30,0 (-),295,47,357,76,-17.36694678,,,,,,,0,17,17,0,,,,,,,,,,,,
32,RW Mulch,,40,"Bayala J., Mando A., Ouedraogo S.J., Teklehaimanot Z.",Managing Parkia biglobosa and Vitellaria paradoxa prunings for crop production and improved soil properties in the sub-Sudanian zone of Burkina Faso,Bayala et al. 2003,2003,Arid Land Research and Management,Burkina Faso,Plateau Central,Saponé,12°03',1°43',720,Unimodal,On-farm,Luvisol,Luvisol,2000,n+1,1,Parkia biglobosa,Tree,Neré leaf mulch 1 N recommendation (3.4 t.ha-1),3.4,,Millet,,Grain,0.14,0.18,0,-23.39,-0.27,++,10.14,3.27,4.64,0.85,118.53,+,1.75,0.56,0.8,0.15,118.8,,,,,,,,,,,,,,,0.00019,0.00025,-0.27,,,,,,,,,,,,0,380,60,280,40,36,,,0 (-),74,26,78,19,-5.128205128,0 (+),12,3,10,1,20,0 (-),320,81,357,76,-10.36414566,,,,,,,+,29,17,70.58823529,,,,,,,,,,,,
32,RW Mulch,,40,"Bayala J., Mando A., Ouedraogo S.J., Teklehaimanot Z.",Managing Parkia biglobosa and Vitellaria paradoxa prunings for crop production and improved soil properties in the sub-Sudanian zone of Burkina Faso,Bayala et al. 2003,2003,Arid Land Research and Management,Burkina Faso,Plateau Central,Saponé,12°03',1°43',720,Unimodal,On-farm,Luvisol,Luvisol,2000,n+1,1,Vitellaria paradoxa,Tree,Karité leaf mulch 0.5 N recommendation (1.2t.ha-1),1.2,,Millet,,Grain,0.8,0.5,+,61.7,0.48,+,6.27,0.77,5.89,1.36,6.45,0,1.08,0.13,1.02,0.23,5.9,,,,,,,,,,,,,,,0.00111,0.00069,0.48,,,,,,,,,,,,0,320,40,290,60,10,,,0 (+),133,12,112,15,18.75,0,9,0,9,2,0,0 (-),284,27,348,100,-18.3908046,,,,,,,0 (-),20,22,-9.090909091,,,,,,,,,,,,
32,RW Mulch,,40,"Bayala J., Mando A., Ouedraogo S.J., Teklehaimanot Z.",Managing Parkia biglobosa and Vitellaria paradoxa prunings for crop production and improved soil properties in the sub-Sudanian zone of Burkina Faso,Bayala et al. 2003,2003,Arid Land Research and Management,Burkina Faso,Plateau Central,Saponé,12°03',1°43',720,Unimodal,On-farm,Luvisol,Luvisol,2000,n+1,1,Vitellaria paradoxa,Tree,Karité leaf mulch 1 N recommendation (4.8 t.ha-1),4.8,,Millet,,Grain,1.07,0.5,++,116.36,0.77,+,6.98,0.47,5.89,1.36,18.51,0,1.2,0.08,1.02,0.23,17.6,,,,,,,,,,,,,,,0.00149,0.00069,0.77,,,,,,,,,,,,0,390,10,290,60,34,,,0 (+),150,1,112,15,33.92857143,0 (+),10,1,9,2,11.11111111,0 (-),343,70,348,100,-1.436781609,,,,,,,0 (-),18,22,-18.18181818,,,,,,,,,,,,
32,RW Mulch,,40,"Bayala J., Mando A., Ouedraogo S.J., Teklehaimanot Z.",Managing Parkia biglobosa and Vitellaria paradoxa prunings for crop production and improved soil properties in the sub-Sudanian zone of Burkina Faso,Bayala et al. 2003,2003,Arid Land Research and Management,Burkina Faso,Plateau Central,Saponé,12°03',1°43',720,Unimodal,On-farm,Luvisol,Luvisol,2000,n+1,1,Parkia biglobosa,Tree,Neré leaf mulch 0.5 N recommendation (0.85 t.ha-1),0.85,,Millet,,Straw,0.54,0.59,0,-7.15,-0.07,+,5.69,0.69,4.64,0.85,22.63,0,0.98,0.12,0.8,0.15,22.5,,,,,,,,,,,,,,,0.00076,0.00081,-0.07,,,,,,,,,,,,0,330,40,280,40,18,,,0 (+),84,33,78,19,7.692307692,0 (-),7,1,10,1,-30,0 (-),295,47,357,76,-17.36694678,,,,,,,0,17,17,0,,,,,,,,,,,,
32,RW Mulch,,40,"Bayala J., Mando A., Ouedraogo S.J., Teklehaimanot Z.",Managing Parkia biglobosa and Vitellaria paradoxa prunings for crop production and improved soil properties in the sub-Sudanian zone of Burkina Faso,Bayala et al. 2003,2003,Arid Land Research and Management,Burkina Faso,Plateau Central,Saponé,12°03',1°43',720,Unimodal,On-farm,Luvisol,Luvisol,2000,n+1,1,Parkia biglobosa,Tree,Neré leaf mulch 1 N recommendation (3.4 t.ha-1),3.4,,Millet,,Straw,0.53,0.59,0,-9.2,-0.1,++,10.14,3.27,4.64,0.85,118.53,+,1.75,0.56,0.8,0.15,118.8,,,,,,,,,,,,,,,0.00074,0.00081,-0.1,,,,,,,,,,,,0,380,60,280,40,36,,,0 (-),74,26,78,19,-5.128205128,0 (+),12,3,10,1,20,0 (-),320,81,357,76,-10.36414566,,,,,,,+,29,17,70.58823529,,,,,,,,,,,,
32,RW Mulch,,40,"Bayala J., Mando A., Ouedraogo S.J., Teklehaimanot Z.",Managing Parkia biglobosa and Vitellaria paradoxa prunings for crop production and improved soil properties in the sub-Sudanian zone of Burkina Faso,Bayala et al. 2003,2003,Arid Land Research and Management,Burkina Faso,Plateau Central,Saponé,12°03',1°43',720,Unimodal,On-farm,Luvisol,Luvisol,2000,n+1,1,Vitellaria paradoxa,Tree,Karité leaf mulch 0.5 N recommendation (1.2 t.ha-1),1.2,,Millet,,Straw,3.2,3.2,+,0.16,0,+,6.27,0.77,5.89,1.36,6.45,0,1.08,0.13,1.02,0.23,5.9,,,,,,,,,,,,,,,0.00445,0.00444,0,,,,,,,,,,,,0,320,40,290,60,10,,,0 (+),133,12,112,15,18.75,0,9,0,9,2,0,0 (-),284,27,348,100,-18.3908046,,,,,,,0 (-),20,22,-9.090909091,,,,,,,,,,,,
32,RW Mulch,,40,"Bayala J., Mando A., Ouedraogo S.J., Teklehaimanot Z.",Managing Parkia biglobosa and Vitellaria paradoxa prunings for crop production and improved soil properties in the sub-Sudanian zone of Burkina Faso,Bayala et al. 2003,2003,Arid Land Research and Management,Burkina Faso,Plateau Central,Saponé,12°03',1°43',720,Unimodal,On-farm,Luvisol,Luvisol,2000,n+1,1,Vitellaria paradoxa,Tree,Karité leaf mulch 1 N recommendation (4.8 t.ha-1),4.8,,Millet,,Straw,3.56,3.2,+,11.21,0.11,+,6.98,0.47,5.89,1.36,18.51,0,1.2,0.08,1.02,0.23,17.6,,,,,,,,,,,,,,,0.00494,0.00444,0.11,,,,,,,,,,,,0,390,10,290,60,34,,,0 (+),150,1,112,15,33.92857143,0 (+),10,1,9,2,11.11111111,0 (-),343,70,348,100,-1.436781609,,,,,,,0 (-),18,22,-18.18181818,,,,,,,,,,,,
33,RW Mulch,,,"Binette Sanou, Edmond Hien, Fernand Sankara",Influence des apports de Bois Raméaux Fragmentés (BRF) de Piliostigma reticulatum combinés à différentes sources d’azote sur la productivité des sols soudano-sahéliens: Cas de Gampéla,Sanou 2014,2014,MSc Thesis,Burkina Faso,Plateau Central,Gampéla,"12°24'35""","01°21'05""",895,Unimodal,On-station,Acrisol,Acrisol,2014,n+1,1,Piliostigma reticulatum,Shrub,Chipped leaves and branches (6.t/ha fresh matter),3,,Sorghum,,Grain,0.32,0.37,0,-11.78,-0.13,,,,,,,,,,,,,,,,,,,,,,,,,,,0.00036,0.00041,-0.13,,,,,,,,,,,,,,,,,,,,,,,,,,,,,,,,,,,,,,,,,,,,,,,,,,,,,,,,,,,
33,RW Mulch,,,"Binette Sanou, Edmond Hien, Fernand Sankara",Influence des apports de Bois Raméaux Fragmentés (BRF) de Piliostigma reticulatum combinés à différentes sources d’azote sur la productivité des sols soudano-sahéliens: Cas de Gampéla,Sanou 2014,2014,MSc Thesis,Burkina Faso,Plateau Central,Gampéla,"12°24'35""","01°21'05""",895,Unimodal,On-station,Acrisol,Acrisol,2014,n+1,1,Piliostigma reticulatum,Shrub,Chipped leaves and branches (6.t/ha fresh matter) + N,3,,Sorghum,,Grain,0.38,0.37,+,4.11,0.04,,,,,,,,,,,,,,,,,,,,,,,,,,,0.00042,0.00041,0.04,,,,,,,,,,,,,,,,,,,,,,,,,,,,,,,,,,,,,,,,,,,,,,,,,,,,,,,,,,,
33,RW Mulch,,,"Binette Sanou, Edmond Hien, Fernand Sankara",Influence des apports de Bois Raméaux Fragmentés (BRF) de Piliostigma reticulatum combinés à différentes sources d’azote sur la productivité des sols soudano-sahéliens: Cas de Gampéla,Sanou 2014,2014,MSc Thesis,Burkina Faso,Plateau Central,Gampéla,"12°24'35""","01°21'05""",895,Unimodal,On-station,Acrisol,Acrisol,2014,n+1,1,Piliostigma reticulatum,Shrub,Chipped leaves and branches (6.t/ha fresh matter) + manure,3,,Sorghum,,Grain,1.33,0.37,+++,265.21,1.3,,,,,,,,,,,,,,,,,,,,,,,,,,,0.00149,0.00041,1.3,,,,,,,,,,,,,,,,,,,,,,,,,,,,,,,,,,,,,,,,,,,,,,,,,,,,,,,,,,,
33,RW Mulch,,,"Binette Sanou, Edmond Hien, Fernand Sankara",Influence des apports de Bois Raméaux Fragmentés (BRF) de Piliostigma reticulatum combinés à différentes sources d’azote sur la productivité des sols soudano-sahéliens: Cas de Gampéla,Sanou 2014,2014,MSc Thesis,Burkina Faso,Plateau Central,Gampéla,"12°24'35""","01°21'05""",895,Unimodal,On-station,Acrisol,Acrisol,2014,n+1,1,Piliostigma reticulatum,Shrub,Chipped leaves and branches (6.t/ha fresh matter),3,,Sorghum,,Straw,1.31,1.7,0,-23.1,-0.26,,,,,,,,,,,,,,,,,,,,,,,,,,,0.00146,0.0019,-0.26,,,,,,,,,,,,,,,,,,,,,,,,,,,,,,,,,,,,,,,,,,,,,,,,,,,,,,,,,,,
33,RW Mulch,,,"Binette Sanou, Edmond Hien, Fernand Sankara",Influence des apports de Bois Raméaux Fragmentés (BRF) de Piliostigma reticulatum combinés à différentes sources d’azote sur la productivité des sols soudano-sahéliens: Cas de Gampéla,Sanou 2014,2014,MSc Thesis,Burkina Faso,Plateau Central,Gampéla,"12°24'35""","01°21'05""",895,Unimodal,On-station,Acrisol,Acrisol,2014,n+1,1,Piliostigma reticulatum,Shrub,Chipped leaves and branches (6.t/ha fresh matter) + N,3,,Sorghum,,Straw,2.16,1.7,+,27.22,0.24,,,,,,,,,,,,,,,,,,,,,,,,,,,0.00242,0.0019,0.24,,,,,,,,,,,,,,,,,,,,,,,,,,,,,,,,,,,,,,,,,,,,,,,,,,,,,,,,,,,
33,RW Mulch,,,"Binette Sanou, Edmond Hien, Fernand Sankara",Influence des apports de Bois Raméaux Fragmentés (BRF) de Piliostigma reticulatum combinés à différentes sources d’azote sur la productivité des sols soudano-sahéliens: Cas de Gampéla,Sanou 2014,2014,MSc Thesis,Burkina Faso,Plateau Central,Gampéla,"12°24'35""","01°21'05""",895,Unimodal,On-station,Acrisol,Acrisol,2014,n+1,1,Piliostigma reticulatum,Shrub,Chipped leaves and branches (6.t/ha fresh matter) + manure,3,,Sorghum,,Straw,4.25,1.7,++,149.74,0.92,,,,,,,,,,,,,,,,,,,,,,,,,,,0.00475,0.0019,0.92,,,,,,,,,,,,,,,,,,,,,,,,,,,,,,,,,,,,,,,,,,,,,,,,,,,,,,,,,,,
34,RW Mulch,,30,"Chiroma A.M., Folorunso O.A., Alhassan A.B.","Soil water conservation, growth, yield and water use efficiency of sorghum as affected by land configuration and wood-shavings mulch in semi-arid Northeast Nigeria",Chiroma et al. 2006,2006,Experimental Agriculture,Nigeria,Noreast,Univ. of Maiduguri Research Station,11°54',13°05' (E),801,Unimodal,On-station,Arenosol,Arenosol,1999,n,0,wood waste,Tree,Flat bed + wood shaving mulch (5 t.ha-1),5,,Sorghum,,Grain,1.18,0.6,+,97.5,0.68,,,,,,,,,,,,,,,,,,,,,,,,1.48,0.75,197,0.00148,0.00075,0.68,,,,,,,,,,,,,,,,,,,,,,,,,,,,,,,,,,,,,,,,,,,,,,,,,,,,,,,,,,,
34,RW Mulch,,30,"Chiroma A.M., Folorunso O.A., Alhassan A.B.","Soil water conservation, growth, yield and water use efficiency of sorghum as affected by land configuration and wood-shavings mulch in semi-arid Northeast Nigeria",Chiroma et al. 2006,2006,Experimental Agriculture,Nigeria,Noreast,Univ. of Maiduguri Research Station,11°54',13°05' (E),801,Unimodal,On-station,Arenosol,Arenosol,1999,n,0,wood waste,Tree,Open ridge + wood shaving mulch (5 t.ha-1),5,,Sorghum,,Grain,1.02,0.76,+,33.91,0.29,,,,,,,,,,,,,,,,,,,,,,,,1.27,0.95,134,0.00127,0.00095,0.29,,,,,,,,,,,,,,,,,,,,,,,,,,,,,,,,,,,,,,,,,,,,,,,,,,,,,,,,,,,
34,RW Mulch,,30,"Chiroma A.M., Folorunso O.A., Alhassan A.B.","Soil water conservation, growth, yield and water use efficiency of sorghum as affected by land configuration and wood-shavings mulch in semi-arid Northeast Nigeria",Chiroma et al. 2006,2006,Experimental Agriculture,Nigeria,Noreast,Univ. of Maiduguri Research Station,11°54',13°05' (E),801,Unimodal,On-station,Arenosol,Arenosol,1999,n,0,wood waste,Tree,Tied ridge + wood shaving mulch (5 t.ha-1),5,,Sorghum,,Grain,1,1,+,0.3,0,,,,,,,,,,,,,,,,,,,,,,,,1.25,1.24,101,0.00125,0.00124,0,,,,,,,,,,,,,,,,,,,,,,,,,,,,,,,,,,,,,,,,,,,,,,,,,,,,,,,,,,,
34,RW Mulch,,30,"Chiroma A.M., Folorunso O.A., Alhassan A.B.","Soil water conservation, growth, yield and water use efficiency of sorghum as affected by land configuration and wood-shavings mulch in semi-arid Northeast Nigeria",Chiroma et al. 2006,2006,Experimental Agriculture,Nigeria,Noreast,Univ. of Maiduguri Research Station,11°54',13°05' (E),650,Unimodal,On-station,Arenosol,Arenosol,2000,n+1,1,wood waste,Tree,Flat bed + wood shaving mulch (10 t.ha-1),10,,Sorghum,,Grain,1.56,1.01,+,54.72,0.44,,,,,,,,,,,,,,,,,,,,,,,,2.4,1.55,155,0.0024,0.00155,0.44,,,,,,,,,,,,,,,,,,,,,,,,,,,,,,,,,,,,,,,,,,,,,,,,,,,,,,,,,,,
34,RW Mulch,,30,"Chiroma A.M., Folorunso O.A., Alhassan A.B.","Soil water conservation, growth, yield and water use efficiency of sorghum as affected by land configuration and wood-shavings mulch in semi-arid Northeast Nigeria",Chiroma et al. 2006,2006,Experimental Agriculture,Nigeria,Noreast,Univ. of Maiduguri Research Station,11°54',13°05' (E),650,Unimodal,On-station,Arenosol,Arenosol,2000,n+1,1,wood waste,Tree,Open ridge + wood shaving mulch (10 t.ha-1),10,,Sorghum,,Grain,1.34,0.92,+,45.43,0.37,,,,,,,,,,,,,,,,,,,,,,,,1.06,1.42,75,0.00206,0.00142,0.37,,,,,,,,,,,,,,,,,,,,,,,,,,,,,,,,,,,,,,,,,,,,,,,,,,,,,,,,,,,
34,RW Mulch,,30,"Chiroma A.M., Folorunso O.A., Alhassan A.B.","Soil water conservation, growth, yield and water use efficiency of sorghum as affected by land configuration and wood-shavings mulch in semi-arid Northeast Nigeria",Chiroma et al. 2006,2006,Experimental Agriculture,Nigeria,Noreast,Univ. of Maiduguri Research Station,11°54',13°05' (E),650,Unimodal,On-station,Arenosol,Arenosol,2000,n+1,1,wood waste,Tree,Tied ridge + wood shaving mulch (10 t.ha-1),10,,Sorghum,,Grain,1.45,0.98,+,47.76,0.39,,,,,,,,,,,,,,,,,,,,,,,,2.23,1.51,148,0.00223,0.00151,0.39,,,,,,,,,,,,,,,,,,,,,,,,,,,,,,,,,,,,,,,,,,,,,,,,,,,,,,,,,,,
34,RW Mulch,,30,"Chiroma A.M., Folorunso O.A., Alhassan A.B.","Soil water conservation, growth, yield and water use efficiency of sorghum as affected by land configuration and wood-shavings mulch in semi-arid Northeast Nigeria",Chiroma et al. 2006,2006,Experimental Agriculture,Nigeria,Noreast,Univ. of Maiduguri Research Station,11°54',13°05' (E),613,Unimodal,On-station,Arenosol,Arenosol,2001,n+2,2,wood waste,Tree,Flat bed + wood shaving mulch (10 t.ha-1),10,,Sorghum,,Grain,1.6,0.78,++,104.35,0.71,,,,,,,,,,,,,,,,,,,,,,,,2.61,1.28,204,0.00261,0.00128,0.71,,,,,,,,,,,,,,,,,,,,,,,,,,,,,,,,,,,,,,,,,,,,,,,,,,,,,,,,,,,
34,RW Mulch,,30,"Chiroma A.M., Folorunso O.A., Alhassan A.B.","Soil water conservation, growth, yield and water use efficiency of sorghum as affected by land configuration and wood-shavings mulch in semi-arid Northeast Nigeria",Chiroma et al. 2006,2006,Experimental Agriculture,Nigeria,Noreast,Univ. of Maiduguri Research Station,11°54',13°05' (E),613,Unimodal,On-station,Arenosol,Arenosol,2001,n+2,2,wood waste,Tree,Open ridge + wood shaving mulch (10 t.ha-1),10,,Sorghum,,Grain,1.38,1.19,+,16.61,0.15,,,,,,,,,,,,,,,,,,,,,,,,2.26,1.94,116,0.00226,0.00193,0.15,,,,,,,,,,,,,,,,,,,,,,,,,,,,,,,,,,,,,,,,,,,,,,,,,,,,,,,,,,,
34,RW Mulch,,30,"Chiroma A.M., Folorunso O.A., Alhassan A.B.","Soil water conservation, growth, yield and water use efficiency of sorghum as affected by land configuration and wood-shavings mulch in semi-arid Northeast Nigeria",Chiroma et al. 2006,2006,Experimental Agriculture,Nigeria,Noreast,Univ. of Maiduguri Research Station,11°54',13°05' (E),613,Unimodal,On-station,Arenosol,Arenosol,2001,n+2,2,wood waste,Tree,Tied ridge + wood shaving mulch (10 t.ha-1),10,,Sorghum,,Grain,1.46,1.21,+,20.13,0.18,,,,,,,,,,,,,,,,,,,,,,,,2.38,1.98,120,0.00238,0.00198,0.18,,,,,,,,,,,,,,,,,,,,,,,,,,,,,,,,,,,,,,,,,,,,,,,,,,,,,,,,,,,
34,RW Mulch,,30,"Chiroma A.M., Folorunso O.A., Alhassan A.B.","Soil water conservation, growth, yield and water use efficiency of sorghum as affected by land configuration and wood-shavings mulch in semi-arid Northeast Nigeria",Chiroma et al. 2006,2006,Experimental Agriculture,Nigeria,Noreast,Univ. of Maiduguri Research Station,11°54',13°05' (E),587,Unimodal,On-station,Arenosol,Arenosol,2002,n+3,3,wood waste,Tree,Flat bed + wood shaving mulch (10 t.ha-1),10,,Sorghum,,Grain,1.4,0.86,+,63.4,0.49,,,,,,,,,,,,,,,,,,,,,,,,2.39,1.46,164,0.00239,0.00146,0.49,,,,,,,,,,,,,,,,,,,,,,,,,,,,,,,,,,,,,,,,,,,,,,,,,,,,,,,,,,,
34,RW Mulch,,30,"Chiroma A.M., Folorunso O.A., Alhassan A.B.","Soil water conservation, growth, yield and water use efficiency of sorghum as affected by land configuration and wood-shavings mulch in semi-arid Northeast Nigeria",Chiroma et al. 2006,2006,Experimental Agriculture,Nigeria,Noreast,Univ. of Maiduguri Research Station,11°54',13°05' (E),587,Unimodal,On-station,Arenosol,Arenosol,2002,n+3,3,wood waste,Tree,Open ridge + wood shaving mulch (10 t.ha-1),10,,Sorghum,,Grain,1.13,0.9,+,25.44,0.23,,,,,,,,,,,,,,,,,,,,,,,,1.93,1.54,125,0.00193,0.00154,0.23,,,,,,,,,,,,,,,,,,,,,,,,,,,,,,,,,,,,,,,,,,,,,,,,,,,,,,,,,,,
34,RW Mulch,,30,"Chiroma A.M., Folorunso O.A., Alhassan A.B.","Soil water conservation, growth, yield and water use efficiency of sorghum as affected by land configuration and wood-shavings mulch in semi-arid Northeast Nigeria",Chiroma et al. 2006,2006,Experimental Agriculture,Nigeria,Noreast,Univ. of Maiduguri Research Station,11°54',13°05' (E),587,Unimodal,On-station,Arenosol,Arenosol,2002,n+3,3,wood waste,Tree,Tied ridge + wood shaving mulch (10 t.ha-1),10,,Sorghum,,Grain,1.06,0.88,+,20.25,0.18,,,,,,,,,,,,,,,,,,,,,,,,2.04,1.51,135,0.00181,0.00151,0.18,,,,,,,,,,,,,,,,,,,,,,,,,,,,,,,,,,,,,,,,,,,,,,,,,,,,,,,,,,,
35,RW Mulch,,,"Diedhiou-Sall, S, Dossa, E L, Diedhiou, I, Badiane, a N, Assigbetse, K B, Samba, S a N, Khouma, M, Sene, M, Dick, R P",Microbiology and Macrofaunal Activity in Soil beneath Shrub Canopies during Residue Decomposition in Agroecosystems of the Sahel,Diedhiou-Sall et al. 2013,2013,Soil Science Society of America,Senegal,Peanut basin,Keur Mata Arame,14°45’,16°51' ,450,Unimodal,On-station,Arenosol,Arenosol,2005,n,0,Guiera senegalensis,Shrub,"Under canopy LEAF decomposition, macrofaunal exclosure (control)",,,,,,NA,NA,NA,NA,NA,,,,,,,,,,,,,,,,,,,,,,,,,,,,,,,,,,,,,,,,,,,,,,,,,,,,,,,,,,,,,,,,,,,,,,,,,,,,,+,0.45,0.24,188,,,,,,,,
35,RW Mulch,,,"Diedhiou-Sall, S, Dossa, E L, Diedhiou, I, Badiane, a N, Assigbetse, K B, Samba, S a N, Khouma, M, Sene, M, Dick, R P",Microbiology and Macrofaunal Activity in Soil beneath Shrub Canopies during Residue Decomposition in Agroecosystems of the Sahel,Diedhiou-Sall et al. 2013,2013,Soil Science Society of America,Senegal,Peanut basin,Keur Mata Arame,14°45’,16°51' ,450,Unimodal,On-station,Arenosol,Arenosol,2005,n,0,Guiera senegalensis,Shrub,"Under canopy STEM decomposition, macrofaunal exclosure (control)",,,,,,NA,NA,NA,NA,NA,,,,,,,,,,,,,,,,,,,,,,,,,,,,,,,,,,,,,,,,,,,,,,,,,,,,,,,,,,,,,,,,,,,,,,,,,,,,,+,0.4,0.22,182,,,,,,,,
35,RW Mulch,,,"Diedhiou-Sall, S, Dossa, E L, Diedhiou, I, Badiane, a N, Assigbetse, K B, Samba, S a N, Khouma, M, Sene, M, Dick, R P",Microbiology and Macrofaunal Activity in Soil beneath Shrub Canopies during Residue Decomposition in Agroecosystems of the Sahel,Diedhiou-Sall et al. 2013,2013,Soil Science Society of America,Senegal,Peanut basin,Keur Mata Arame,14°45’,16°51' ,450,Unimodal,On-station,Arenosol,Arenosol,2005,n,0,Guiera senegalensis,Shrub,"Under canopy LEAF+STEM decomposition, macrofaunal exclosure (control)",,,,,,NA,NA,NA,NA,NA,,,,,,,,,,,,,,,,,,,,,,,,,,,,,,,,,,,,,,,,,,,,,,,,,,,,,,,,,,,,,,,,,,,,,,,,,,,,,++,0.46,0.23,200,,,,,,,,
35,RW Mulch,,,"Diedhiou-Sall, S, Dossa, E L, Diedhiou, I, Badiane, a N, Assigbetse, K B, Samba, S a N, Khouma, M, Sene, M, Dick, R P",Microbiology and Macrofaunal Activity in Soil beneath Shrub Canopies during Residue Decomposition in Agroecosystems of the Sahel,Diedhiou-Sall et al. 2013,2013,Soil Science Society of America,Senegal,Peanut basin,Keur Mata Arame,14°45’,16°51' ,450,Unimodal,On-station,Arenosol,Arenosol,2005,n,0,Guiera senegalensis,Shrub,Outside canopy LEAF decomposition with macrofaunal exclosure (control),,,,,,NA,NA,NA,NA,NA,,,,,,,,,,,,,,,,,,,,,,,,,,,,,,,,,,,,,,,,,,,,,,,,,,,,,,,,,,,,,,,,,,,,,,,,,,,,,+,0.31,0.17,182,,,,,,,,
35,RW Mulch,,,"Diedhiou-Sall, S, Dossa, E L, Diedhiou, I, Badiane, a N, Assigbetse, K B, Samba, S a N, Khouma, M, Sene, M, Dick, R P",Microbiology and Macrofaunal Activity in Soil beneath Shrub Canopies during Residue Decomposition in Agroecosystems of the Sahel,Diedhiou-Sall et al. 2013,2013,Soil Science Society of America,Senegal,Peanut basin,Keur Mata Arame,14°45’,16°51' ,450,Unimodal,On-station,Arenosol,Arenosol,2005,n,0,Guiera senegalensis,Shrub,Outside canopy LEAF decomposition with macrofaunal exclosure (control),,,,,,NA,NA,NA,NA,NA,,,,,,,,,,,,,,,,,,,,,,,,,,,,,,,,,,,,,,,,,,,,,,,,,,,,,,,,,,,,,,,,,,,,,,,,,,,,,++,0.35,0.14,250,,,,,,,,
35,RW Mulch,,,"Diedhiou-Sall, S, Dossa, E L, Diedhiou, I, Badiane, a N, Assigbetse, K B, Samba, S a N, Khouma, M, Sene, M, Dick, R P",Microbiology and Macrofaunal Activity in Soil beneath Shrub Canopies during Residue Decomposition in Agroecosystems of the Sahel,Diedhiou-Sall et al. 2013,2013,Soil Science Society of America,Senegal,Peanut basin,Keur Mata Arame,14°45’,16°51' ,450,Unimodal,On-station,Arenosol,Arenosol,2005,n,0,Guiera senegalensis,Shrub,Outside canopy LEAF decomposition with macrofaunal exclosure (control),,,,,,NA,NA,NA,NA,NA,,,,,,,,,,,,,,,,,,,,,,,,,,,,,,,,,,,,,,,,,,,,,,,,,,,,,,,,,,,,,,,,,,,,,,,,,,,,,+,0.32,0.16,200,,,,,,,,
35,RW Mulch,,,"Diedhiou-Sall, S, Dossa, E L, Diedhiou, I, Badiane, a N, Assigbetse, K B, Samba, S a N, Khouma, M, Sene, M, Dick, R P",Microbiology and Macrofaunal Activity in Soil beneath Shrub Canopies during Residue Decomposition in Agroecosystems of the Sahel,Diedhiou-Sall et al. 2013,2013,Soil Science Society of America,Senegal,Peanut basin,Nioro du Rip,13°45' ,15°47' ,750,Unimodal,On-station,Lixisol,Lixisol,2005,n,0,Piliostigma reticulatum,Shrub,"Under canopy LEAF decomposition, macrofaunal exclosure (control)",,,Millet,,,NA,NA,NA,NA,NA,,,,,,,,,,,,,,,,,,,,,,,,,,,,,,,,,,,,,,,,,,,,,,,,,,,,,,,,,,,,,,,,,,,,,,,,,,,,,+,0.48,0.28,171,,,,,,,,
35,RW Mulch,,,"Diedhiou-Sall, S, Dossa, E L, Diedhiou, I, Badiane, a N, Assigbetse, K B, Samba, S a N, Khouma, M, Sene, M, Dick, R P",Microbiology and Macrofaunal Activity in Soil beneath Shrub Canopies during Residue Decomposition in Agroecosystems of the Sahel,Diedhiou-Sall et al. 2013,2013,Soil Science Society of America,Senegal,Peanut basin,Nioro du Rip,13°45' ,15°47' ,750,Unimodal,On-station,Lixisol,Lixisol,2005,n,0,Piliostigma reticulatum,Shrub,"Under canopy STEM decomposition, macrofaunal exclosure (control)",,,Millet,,,NA,NA,NA,NA,NA,,,,,,,,,,,,,,,,,,,,,,,,,,,,,,,,,,,,,,,,,,,,,,,,,,,,,,,,,,,,,,,,,,,,,,,,,,,,,++,0.53,0.27,196,,,,,,,,
35,RW Mulch,,,"Diedhiou-Sall, S, Dossa, E L, Diedhiou, I, Badiane, a N, Assigbetse, K B, Samba, S a N, Khouma, M, Sene, M, Dick, R P",Microbiology and Macrofaunal Activity in Soil beneath Shrub Canopies during Residue Decomposition in Agroecosystems of the Sahel,Diedhiou-Sall et al. 2013,2013,Soil Science Society of America,Senegal,Peanut basin,Nioro du Rip,13°45' ,15°47' ,750,Unimodal,On-station,Lixisol,Lixisol,2005,n,0,Piliostigma reticulatum,Shrub,"Under canopy LEAF+STEM decomposition, macrofaunal exclosure (control)",,,Millet,,,NA,NA,NA,NA,NA,,,,,,,,,,,,,,,,,,,,,,,,,,,,,,,,,,,,,,,,,,,,,,,,,,,,,,,,,,,,,,,,,,,,,,,,,,,,,+,0.49,0.28,175,,,,,,,,
35,RW Mulch,,,"Diedhiou-Sall, S, Dossa, E L, Diedhiou, I, Badiane, a N, Assigbetse, K B, Samba, S a N, Khouma, M, Sene, M, Dick, R P",Microbiology and Macrofaunal Activity in Soil beneath Shrub Canopies during Residue Decomposition in Agroecosystems of the Sahel,Diedhiou-Sall et al. 2013,2013,Soil Science Society of America,Senegal,Peanut basin,Nioro du Rip,13°45' ,15°47' ,750,Unimodal,On-station,Lixisol,Lixisol,2005,n,0,Piliostigma reticulatum,Shrub,Outside canopy LEAF decomposition with macrofaunal exclosure (control),,,Millet,,,NA,NA,NA,NA,NA,,,,,,,,,,,,,,,,,,,,,,,,,,,,,,,,,,,,,,,,,,,,,,,,,,,,,,,,,,,,,,,,,,,,,,,,,,,,,+,0.25,0.19,132,,,,,,,,
35,RW Mulch,,,"Diedhiou-Sall, S, Dossa, E L, Diedhiou, I, Badiane, a N, Assigbetse, K B, Samba, S a N, Khouma, M, Sene, M, Dick, R P",Microbiology and Macrofaunal Activity in Soil beneath Shrub Canopies during Residue Decomposition in Agroecosystems of the Sahel,Diedhiou-Sall et al. 2013,2013,Soil Science Society of America,Senegal,Peanut basin,Nioro du Rip,13°45' ,15°47' ,750,Unimodal,On-station,Lixisol,Lixisol,2005,n,0,Piliostigma reticulatum,Shrub,Outside canopy LEAF decomposition with macrofaunal exclosure (control),,,Millet,,,NA,NA,NA,NA,NA,,,,,,,,,,,,,,,,,,,,,,,,,,,,,,,,,,,,,,,,,,,,,,,,,,,,,,,,,,,,,,,,,,,,,,,,,,,,,++,0.41,0.18,228,,,,,,,,
35,RW Mulch,,,"Diedhiou-Sall, S, Dossa, E L, Diedhiou, I, Badiane, a N, Assigbetse, K B, Samba, S a N, Khouma, M, Sene, M, Dick, R P",Microbiology and Macrofaunal Activity in Soil beneath Shrub Canopies during Residue Decomposition in Agroecosystems of the Sahel,Diedhiou-Sall et al. 2013,2013,Soil Science Society of America,Senegal,Peanut basin,Nioro du Rip,13°45' ,15°47' ,750,Unimodal,On-station,Lixisol,Lixisol,2005,n,0,Piliostigma reticulatum,Shrub,Outside canopy LEAF decomposition with macrofaunal exclosure (control),,,Millet,,,NA,NA,NA,NA,NA,,,,,,,,,,,,,,,,,,,,,,,,,,,,,,,,,,,,,,,,,,,,,,,,,,,,,,,,,,,,,,,,,,,,,,,,,,,,,+,0.37,0.21,176,,,,,,,,
36,RW Mulch,,,"Dossa, E.L., Khouma, M., Diedhiou, I., Sene, M., Kizito, F., Badiane, A.N., Samba, S.A.N., Dick, R.P.","Carbon, nitrogen and phosphorus mineralization potential of semiarid Sahelian soils amended with native shrub residues",Dossa et al. 2009,2009,Geoderma,Senegal,Peanut basin,Keur Mata Arame,14°45’,16°51' ,450,Unimodal,On-station,Arenosol,Arenosol,2003,n,0,Guiera senegalensis,Shrub,Under canopy (240 shrubs.ha-1) ,,,,,,NA,NA,NA,NA,NA,,,,,,,,,,,,,,,,,,,,,,,,,,,,,,,,,,,,,,,,,0,390,,240,,63,,,0,0.01,,0.05,,-80,,,,,,,,,,,,,,,,,,,,,,,,,,,,,,,,,,
36,RW Mulch,,,"Dossa, E.L., Khouma, M., Diedhiou, I., Sene, M., Kizito, F., Badiane, A.N., Samba, S.A.N., Dick, R.P.","Carbon, nitrogen and phosphorus mineralization potential of semiarid Sahelian soils amended with native shrub residues",Dossa et al. 2009,2009,Geoderma,Senegal,Peanut basin,Keur Mata Arame,14°45’,16°51' ,450,Unimodal,On-station,Arenosol,Arenosol,2003,n,0,Guiera senegalensis,Shrub,Under canopy (240 shrubs.ha-1) + leaf biomass,,,,,,NA,NA,NA,NA,NA,,,,,,,,,,,,,,,,,,,,,,,,,,,,,,,,,,,,,,,,,0,510,,430,,19,,,0,0.2,,0.17,,17.64705882,,,,,,,,,,,,,,,,,,,,,,,,,,,,,,,,,,
36,RW Mulch,,,"Dossa, E.L., Khouma, M., Diedhiou, I., Sene, M., Kizito, F., Badiane, A.N., Samba, S.A.N., Dick, R.P.","Carbon, nitrogen and phosphorus mineralization potential of semiarid Sahelian soils amended with native shrub residues",Dossa et al. 2009,2009,Geoderma,Senegal,Peanut basin,Keur Mata Arame,14°45’,16°51' ,450,Unimodal,On-station,Arenosol,Arenosol,2003,n,0,Guiera senegalensis,Shrub,Under canopy (240 shrubs.ha-1) + leaf + stem biomass,,,,,,NA,NA,NA,NA,NA,,,,,,,,,,,,,,,,,,,,,,,,,,,,,,,,,,,,,,,,,0,520,,380,,37,,,0,0.13,,0.14,,-7.142857143,,,,,,,,,,,,,,,,,,,,,,,,,,,,,,,,,,
36,RW Mulch,,,"Dossa, E.L., Khouma, M., Diedhiou, I., Sene, M., Kizito, F., Badiane, A.N., Samba, S.A.N., Dick, R.P.","Carbon, nitrogen and phosphorus mineralization potential of semiarid Sahelian soils amended with native shrub residues",Dossa et al. 2009,2009,Geoderma,Senegal,Peanut basin,Keur Mata Arame,14°45’,16°51' ,450,Unimodal,On-station,Arenosol,Arenosol,2003,n,0,Guiera senegalensis,Shrub,Under canopy (240 shrubs.ha-1) + manure,,,,,,NA,NA,NA,NA,NA,,,,,,,,,,,,,,,,,,,,,,,,,,,,,,,,,,,,,,,,,0,360,,220,,64,,,0,0.2,,0.12,,66.66666667,,,,,,,,,,,,,,,,,,,,,,,,,,,,,,,,,,
36,RW Mulch,,,"Dossa, E.L., Khouma, M., Diedhiou, I., Sene, M., Kizito, F., Badiane, A.N., Samba, S.A.N., Dick, R.P.","Carbon, nitrogen and phosphorus mineralization potential of semiarid Sahelian soils amended with native shrub residues",Dossa et al. 2009,2009,Geoderma,Senegal,Peanut basin,Nioro du Rip,13°45' ,15°47' ,750,Unimodal,On-station,Lixisol,Lixisol,2003,n,0,Piliostigma reticulatum,Shrub,Under canopy (185 shrubs.ha-1) ,,,,,,NA,NA,NA,NA,NA,,,,,,,,,,,,,,,,,,,,,,,,,,,,,,,,,,,,,,,,,0,490,,440,,11,,,+,0.05,,0.02,,150,,,,,,,,,,,,,,,,,,,,,,,,,,,,,,,,,,
36,RW Mulch,,,"Dossa, E.L., Khouma, M., Diedhiou, I., Sene, M., Kizito, F., Badiane, A.N., Samba, S.A.N., Dick, R.P.","Carbon, nitrogen and phosphorus mineralization potential of semiarid Sahelian soils amended with native shrub residues",Dossa et al. 2009,2009,Geoderma,Senegal,Peanut basin,Nioro du Rip,13°45' ,15°47' ,750,Unimodal,On-station,Lixisol,Lixisol,2003,n,0,Piliostigma reticulatum,Shrub,Under canopy (185 shrubs.ha-1) + leaf biomass,,,,,,NA,NA,NA,NA,NA,,,,,,,,,,,,,,,,,,,,,,,,,,,,,,,,,,,,,,,,,0,530,,510,,4,,,0,0.9,,0.7,,28.57142857,,,,,,,,,,,,,,,,,,,,,,,,,,,,,,,,,,
36,RW Mulch,,,"Dossa, E.L., Khouma, M., Diedhiou, I., Sene, M., Kizito, F., Badiane, A.N., Samba, S.A.N., Dick, R.P.","Carbon, nitrogen and phosphorus mineralization potential of semiarid Sahelian soils amended with native shrub residues",Dossa et al. 2009,2009,Geoderma,Senegal,Peanut basin,Nioro du Rip,13°45' ,15°47' ,750,Unimodal,On-station,Lixisol,Lixisol,2003,n,0,Piliostigma reticulatum,Shrub,Under canopy (185 shrubs.ha-1) + leaf + stem biomass,,,,,,NA,NA,NA,NA,NA,,,,,,,,,,,,,,,,,,,,,,,,,,,,,,,,,,,,,,,,,0,480,,500,,-4,,,0,0.58,,0.42,,38.0952381,,,,,,,,,,,,,,,,,,,,,,,,,,,,,,,,,,
36,RW Mulch,,,"Dossa, E.L., Khouma, M., Diedhiou, I., Sene, M., Kizito, F., Badiane, A.N., Samba, S.A.N., Dick, R.P.","Carbon, nitrogen and phosphorus mineralization potential of semiarid Sahelian soils amended with native shrub residues",Dossa et al. 2009,2009,Geoderma,Senegal,Peanut basin,Nioro du Rip,13°45' ,15°47' ,750,Unimodal,On-station,Lixisol,Lixisol,2003,n,0,Piliostigma reticulatum,Shrub,Under canopy (185 shrubs.ha-1) + manure ,,,,,,NA,NA,NA,NA,NA,,,,,,,,,,,,,,,,,,,,,,,,,,,,,,,,,,,,,,,,,0,550,,590,,-7,,,0,0.28,,0.2,,40,,,,,,,,,,,,,,,,,,,,,,,,,,,,,,,,,,
37,RW Mulch,,X,"Ibrahim, Abaidoo, Fatondji, Opoku",Integrated use of fertilizer micro-dosing and Acacia tumida mulching increases millet yield and water-use efficiency in Sahelian semi-arid environment,Ibrahim et al. 2015,2015,Nutrient Cycling in Agroecosystems,Niger,Sadoré,ICIRSAT Sahelian Research Center,13°15’,2°18’ (E),,Unimodal,On-station,Arenosol,Arenosol,2013,n,0,Acacia tumida,Tree,With / without woody mulch,,,Millet,,Grain,0.6,0.4,+,48.51,0.4,,,,,,,,,,,,,,,,,,,,,,,,,,,,,,,,,,,,,,,,,,,,,,,,,,,,,,,,,,,,,,,,,,,,,,,,,,,,,,,,,,,,,,,,
37,RW Mulch,,X,"Ibrahim, Abaidoo, Fatondji, Opoku",Integrated use of fertilizer micro-dosing and Acacia tumida mulching increases millet yield and water-use efficiency in Sahelian semi-arid environment,Ibrahim et al. 2015,2015,Nutrient Cycling in Agroecosystems,Niger,Sadoré,ICIRSAT Sahelian Research Center,13°15’,2°18’ (E),,Unimodal,On-station,Arenosol,Arenosol,2013,n,0,Acacia tumida,Tree,With / without woody mulch,,,Millet,,Straw,1.806,0.86,NA,NA,NA,,,,,,,,,,,,,,,,,,,,,,,,,,,,,,,,,,,,,,,,,,,,,,,,,,,,,,,,,,,,,,,,,,,,,,,,,,,,,,,,,,,,,,,,
37,RW Mulch,,X,"Ibrahim, Abaidoo, Fatondji, Opoku",Integrated use of fertilizer micro-dosing and Acacia tumida mulching increases millet yield and water-use efficiency in Sahelian semi-arid environment,Ibrahim et al. 2015,2015,Nutrient Cycling in Agroecosystems,Niger,Sadoré,ICIRSAT Sahelian Research Center,13°15’,2°18’ (E),,Unimodal,On-station,Arenosol,Arenosol,2014,n+1,1,Acacia tumida,Tree,With / without woody mulch,,,Millet,,Grain ,1.12,0.7,+,60.72,0.47,,,,,,,,,,,,,,,,,,,,,,,,,,,,,,,,,,,,,,,,,,,,,,,,,,,,,,,,,,,,,,,,,,,,,,,,,,,,,,,,,,,,,,,,
37,RW Mulch,,X,"Ibrahim, Abaidoo, Fatondji, Opoku",Integrated use of fertilizer micro-dosing and Acacia tumida mulching increases millet yield and water-use efficiency in Sahelian semi-arid environment,Ibrahim et al. 2015,2015,Nutrient Cycling in Agroecosystems,Niger,Sadoré,ICIRSAT Sahelian Research Center,13°15’,2°18’ (E),,Unimodal,On-station,Arenosol,Arenosol,2014,n+1,1,Acacia tumida,Tree,With / without woody mulch,,,Millet,,Straw,2.17,1.75,NA,NA,NA,,,,,,,,,,,,,,,,,,,,,,,,,,,,,,,,,,,,,,,,,,,,,,,,,,,,,,,,,,,,,,,,,,,,,,,,,,,,,,,,,,,,,,,,
38,RW Mulch,,51,"Mando A., Stroosnijder L.",The biological and physical role of mulch in the rehabilitation of crusted soil in the Sahel,Mando & Stroosnijder 1999,1999,Soil Use and Management,Burkina Faso,North,Bourzanga,13°26’15'',"1°37'30"" ",456,Unimodal,On-station,Lixisol,Lixisol,1993,n,0,Pterocarpus lucens,Shrub,Woody mulch (6 t.ha-1) with and without soil macrofauna (termites),6,,Natural vegetation,,Biomass,NA,NA,NA,NA,NA,,,,,,,,,,,,,,,,,,,,,,,,,,,,,,,,,,,,,,68,79,86.07594937,,,,,,,,,,,,,,,,,,,,,,,,,,,,,,,,,,,,,,,,,,,,,,14,5,180
38,RW Mulch,,51,"Mando A., Stroosnijder L.",The biological and physical role of mulch in the rehabilitation of crusted soil in the Sahel,Mando & Stroosnijder 1999,1999,Soil Use and Management,Burkina Faso,North,Bourzanga,13°26’15'',"1°37'30"" ",808,Unimodal,On-station,Lixisol,Lixisol,1994,n+1,1,Pterocarpus lucens,Shrub,Woody mulch (6 t.ha-1) with and without soil macrofauna (termites),6,,Natural vegetation,,Biomass,3.2,1.3,++,146.15,0.9,,,,,,,,,,,,,,,,,,,,,,,,,,,0.00396,0.00161,0.9,,,,,,,,,47,53,88.67924528,,,,,,,,,,,,,,,,,,,,,,,,,,,,,,,,,,,,,,,,,,,,,,150,56,167.8571429
38,RW Mulch,,51,"Mando A., Stroosnijder L.",The biological and physical role of mulch in the rehabilitation of crusted soil in the Sahel,Mando & Stroosnijder 1999,1999,Soil Use and Management,Burkina Faso,North,Bourzanga,13°26’15'',"1°37'30"" ",484,Unimodal,On-station,Lixisol,Lixisol,1995,n+2,2,Pterocarpus lucens,Shrub,Woody mulch (6 t.ha-1) with and without soil macrofauna (termites),3,,Natural vegetation,,Biomass,3.3,1.1,++,200,1.1,,,,,,,,,,,,,,,,,,,,,,,,,,,0.00682,0.00227,1.1,,,,,,,,,39,49,79.59183673,,,,,,,,,,,,,,,,,,,,,,,,,,,,,,,,,,,,,,,,,,,,,,96,32,200
39,RW Mulch,,,"Mando, A.; Brussaard, L.; Stroosnijder, L.",Rehabilitation of Vegetation on Crusted Soil in West Africa,Mando et al. 1999,1999,Restoration Ecology,Burkina Faso,North,Bourzanga,13°26’15'',"1°37'30"" ",456,Unimodal,On-station,Lixisol,Lixisol,1993,n,0,Pterocarpus lucens,Shrub,Straws (3 t.ha-1) + Termites,0,1.5,Natural vegetation,,Biomass,NA,NA,NA,NA,NA,,,,,,,,,,,,,,,,,,,,,,,,,,,,,,,,,,,,,,,,,,,,,,,,,,,,,,,,,,,,,,,,,,,,,,,,,,,,,,,,,,,,,,20.9,4.7,344.6808511
39,RW Mulch,,,"Mando, A.; Brussaard, L.; Stroosnijder, L.",Rehabilitation of Vegetation on Crusted Soil in West Africa,Mando et al. 1999,1999,Restoration Ecology,Burkina Faso,North,Bourzanga,13°26’15'',"1°37'30"" ",456,Unimodal,On-station,Lixisol,Lixisol,1993,n,0,Pterocarpus lucens,Shrub,Straws (3 t.ha-1) + Woody material (6 t.ha-1) + Termites ,3,1.5,Natural vegetation,,Biomass,NA,NA,NA,NA,NA,,,,,,,,,,,,,,,,,,,,,,,,,,,,,,,,,,,,,,,,,,,,,,,,,,,,,,,,,,,,,,,,,,,,,,,,,,,,,,,,,,,,,,11.2,8.6,30.23255814
39,RW Mulch,,,"Mando, A.; Brussaard, L.; Stroosnijder, L.",Rehabilitation of Vegetation on Crusted Soil in West Africa,Mando et al. 1999,1999,Restoration Ecology,Burkina Faso,North,Bourzanga,13°26’15'',"1°37'30"" ",456,Unimodal,On-station,Lixisol,Lixisol,1993,n,0,Pterocarpus lucens,Shrub,Woody material (6 t.ha-1) + Termites,3,1.5,Natural vegetation,,Biomass,NA,NA,NA,NA,NA,,,,,,,,,,,,,,,,,,,,,,,,,,,,,,,,,,,,,,,,,,,,,,,,,,,,,,,,,,,,,,,,,,,,,,,,,,,,,,,,,,,,,,11.2,1.9,489.4736842
39,RW Mulch,,,"Mando, A.; Brussaard, L.; Stroosnijder, L.",Rehabilitation of Vegetation on Crusted Soil in West Africa,Mando et al. 1999,1999,Restoration Ecology,Burkina Faso,North,Bourzanga,13°26’15'',"1°37'30"" ",808,Unimodal,On-station,Lixisol,Lixisol,1994,n+1,1,Pterocarpus lucens,Shrub,Straws (3 t.ha-1) + Woody material (6 t.ha-1) + Termites ,3,1.5,Natural vegetation,,Biomass,3.3,1.4,++,135.71,0.86,,,,,,,,,,,,,,,,,,,,,,,+,6.3,3.7,170,0.00408,0.00173,0.86,,,,,,,,,,,,,,,,,,,,,,,,,,,,,,,,,,,,,,,,,,,,,,,,,,,,,,,,,86.7,83.6,3.708133971
39,RW Mulch,,,"Mando, A.; Brussaard, L.; Stroosnijder, L.",Rehabilitation of Vegetation on Crusted Soil in West Africa,Mando et al. 1999,1999,Restoration Ecology,Burkina Faso,North,Bourzanga,13°26’15'',"1°37'30"" ",808,Unimodal,On-station,Lixisol,Lixisol,1994,n+1,1,Pterocarpus lucens,Shrub,Straws (3 t.ha-1) + Termites,0,1.5,Natural vegetation,,Biomass,3.7,1.4,++,164.29,0.97,,,,,,,,,,,,,,,,,,,,,,,+,7.3,3.7,197,0.00458,0.00173,0.97,,,,,,,,,,,,,,,,,,,,,,,,,,,,,,,,,,,,,,,,,,,,,,,,,,,,,,,,,222,69,221.7391304
39,RW Mulch,,,"Mando, A.; Brussaard, L.; Stroosnijder, L.",Rehabilitation of Vegetation on Crusted Soil in West Africa,Mando et al. 1999,1999,Restoration Ecology,Burkina Faso,North,Bourzanga,13°26’15'',"1°37'30"" ",484,Unimodal,On-station,Lixisol,Lixisol,1995,n+2,2,Pterocarpus lucens,Shrub,Straws (3 t.ha-1) + Termites,0,1.5,Natural vegetation,,Biomass,2.9,1.3,++,123.08,0.8,,,,,,,,,,,,,,,,,,,,,,,+,7.9,3.5,226,0.00599,0.00269,0.8,,,,,,,,,,,,,,,,,,,,,,,,,,,,,,,,,,,,,,,,,,,,,,,,,,,,,,,,,76.8,21.5,257.2093023
39,RW Mulch,,,"Mando, A.; Brussaard, L.; Stroosnijder, L.",Rehabilitation of Vegetation on Crusted Soil in West Africa,Mando et al. 1999,1999,Restoration Ecology,Burkina Faso,North,Bourzanga,13°26’15'',"1°37'30"" ",484,Unimodal,On-station,Lixisol,Lixisol,1995,n+2,2,Pterocarpus lucens,Shrub,Straws (3 t.ha-1) + Woody material (6 t.ha-1) + Termites ,3,1.5,Natural vegetation,,Biomass,3.9,1.1,+++,254.55,1.27,,,,,,,,,,,,,,,,,,,,,,,+,10.6,2.8,379,0.00806,0.00227,1.27,,,,,,,,,,,,,,,,,,,,,,,,,,,,,,,,,,,,,,,,,,,,,,,,,,,,,,,,,114.7,30.7,273.6156352
39,RW Mulch,,,"Mando, A.; Brussaard, L.; Stroosnijder, L.",Rehabilitation of Vegetation on Crusted Soil in West Africa,Mando et al. 1999,1999,Restoration Ecology,Burkina Faso,North,Bourzanga,13°26’15'',"1°37'30"" ",484,Unimodal,On-station,Lixisol,Lixisol,1995,n+2,2,Pterocarpus lucens,Shrub,Woody material (6 t.ha-1) + Termites,3,,Natural vegetation,,Biomass,3.1,0.5,+++,520,1.82,,,,,,,,,,,,,,,,,,,,,,,+,8.7,2.7,322,0.0064,0.00103,1.82,,,,,,,,,,,,,,,,,,,,,,,,,,,,,,,,,,,,,,,,,,,,,,,,,,,,,,,,,68.9,33.1,108.1570997
39,RW Mulch,,,"Mando, A.; Brussaard, L.; Stroosnijder, L.",Rehabilitation of Vegetation on Crusted Soil in West Africa,Mando et al. 1999,1999,Restoration Ecology,Burkina Faso,North,Bourzanga,13°26’15'',"1°37'30"" ",809,Unimodal,On-station,Lixisol,Lixisol,1994,n+1,1,Pterocarpus lucens,Shrub,Woody material (6 t.ha-1) + Termites,3,,Natural vegetation,,Biomass,2.4,1.2,+,100,0.69,,,,,,,,,,,,,,,,,,,,,,,+,5.8,4.7,123,0.00297,0.00148,0.69,,,,,,,,,,,,,,,,,,,,,,,,,,,,,,,,,,,,,,,,,,,,,,,,,,,,,,,,,124.2,35.5,249.8591549
40,RW Mulch,,,"Marcel Ouedraogo, Jean-Marie Douzet, Georges Félix",,Ouédraogo 2013,2013,MSc thesis,Burkina Faso,Bam,Yilou,13°00’20,1°32’77,615,Unimodal,On-farm,Lixisol,Lixisol,2013,n,0,Piliostigma reticulatum,Shrub,100% Standing shrub biomass as mulch (M1),1.069,,Sorghum,,Grain,0.77,0.46,+,66.91,0.51,,,,,,,,,,,,,,,,,,,,,,,,,,,0.00125,0.00075,0.51,,,,,,,,,,,,,,,,,,,,,,,,,,,,,,,,,,,,,,,,,,,,,,,,,,,,,,,,,,,
40,RW Mulch,,,"Marcel Ouedraogo, Jean-Marie Douzet, Georges Félix",,Ouédraogo 2013,2013,MSc thesis,Burkina Faso,Bam,Yilou,13°00’20,1°32’77,615,Unimodal,On-farm,Lixisol,Lixisol,2013,n,0,Piliostigma reticulatum,Shrub,200% Standing shrub biomass as mulch (M2),2.138,,Sorghum,,Grain,1.06,0.46,++,131.02,0.84,,,,,,,,,,,,,,,,,,,,,,,,,,,0.00173,0.00075,0.84,,,,,,,,,,,,,,,,,,,,,,,,,,,,,,,,,,,,,,,,,,,,,,,,,,,,,,,,,,,
40,RW Mulch,,,"Marcel Ouedraogo, Jean-Marie Douzet, Georges Félix",,Ouédraogo 2013,2013,MSc thesis,Burkina Faso,Bam,Yilou,13°00’20,1°32’77,615,Unimodal,On-farm,Lixisol,Lixisol,2013,n,0,Piliostigma reticulatum,Shrub,100% Standing shrub biomass as mulch (M1),1.069,,Cowpea,,Grain,0.21,0.17,+,26.95,0.24,,,,,,,,,,,,,,,,,,,,,,,,,,,0.00034,0.00027,0.24,,,,,,,,,,,,,,,,,,,,,,,,,,,,,,,,,,,,,,,,,,,,,,,,,,,,,,,,,,,
40,RW Mulch,,,"Marcel Ouedraogo, Jean-Marie Douzet, Georges Félix",,Ouédraogo 2013,2013,MSc thesis,Burkina Faso,Bam,Yilou,13°00’20,1°32’77,615,Unimodal,On-farm,Lixisol,Lixisol,2013,n,0,Piliostigma reticulatum,Shrub,200% Standing shrub biomass as mulch (M2),2.138,,Cowpea,,Grain,0.22,0.17,+,32.34,0.28,,,,,,,,,,,,,,,,,,,,,,,,,,,0.00036,0.00027,0.28,,,,,,,,,,,,,,,,,,,,,,,,,,,,,,,,,,,,,,,,,,,,,,,,,,,,,,,,,,,
40,RW Mulch,,,"Marcel Ouedraogo, Jean-Marie Douzet, Georges Félix",,Ouédraogo 2013,2013,MSc thesis,Burkina Faso,Bam,Yilou,13°00’20,1°32’77,615,Unimodal,On-farm,Lixisol,Lixisol,2013,n,0,Piliostigma reticulatum,Shrub,100% Standing shrub biomass as mulch (M1),1.069,,Sorghum,,Straw,1.37,1.03,+,33.15,0.29,,,,,,,,,,,,,,,,,,,,,,,,,,,0.00223,0.00168,0.29,,,,,,,,,,,,,,,,,,,,,,,,,,,,,,,,,,,,,,,,,,,,,,,,,,,,,,,,,,,
40,RW Mulch,,,"Marcel Ouedraogo, Jean-Marie Douzet, Georges Félix",,Ouédraogo 2013,2013,MSc thesis,Burkina Faso,Bam,Yilou,13°00’20,1°32’77,615,Unimodal,On-farm,Lixisol,Lixisol,2013,n,0,Piliostigma reticulatum,Shrub,200% Standing shrub biomass as mulch (M2),2.138,,Sorghum,,Straw,1.91,1.03,+,84.8,0.61,,,,,,,,,,,,,,,,,,,,,,,,,,,0.0031,0.00168,0.61,,,,,,,,,,,,,,,,,,,,,,,,,,,,,,,,,,,,,,,,,,,,,,,,,,,,,,,,,,,
41,RW Mulch,,,"Philippe Belliard, Georges Félix, Jean-Marie Douzet, Johannes Scholberg, Laurent Cournac, Pablo Tittonell",Mulching for soil restoration and productivity in agro-ecological production systems of Burkina Faso,Belliard 2014,2014,BSc thesis,Burkina Faso,Bam,Yilou,13°00’20,1°32’77,653,Unimodal,On-farm,Lixisol,Lixisol,2014,n+1,1,Piliostigma reticulatum,Shrub,100% Standing shrub biomass as mulch (M1),1.77,,Sorghum,,Grain,0.63,0.56,+,12.29,0.12,,,,,,,,,,,,,,,,,,,,,,,,,,,0.00096,0.00086,0.12,,,,,,,,,,,,,,,,,,,,,,,,,,,,,,,,,,,,,,,,,,,,,,,,,,,,,,,,,,,
41,RW Mulch,,,"Philippe Belliard, Georges Félix, Jean-Marie Douzet, Johannes Scholberg, Laurent Cournac, Pablo Tittonell",Mulching for soil restoration and productivity in agro-ecological production systems of Burkina Faso,Belliard 2014,2014,BSc thesis,Burkina Faso,Bam,Yilou,13°00’20,1°32’77,653,Unimodal,On-farm,Lixisol,Lixisol,2014,n+1,1,Piliostigma reticulatum,Shrub,200% Standing shrub biomass as mulch (M2),3.54,,Sorghum,,Grain,0.84,0.56,+,49.53,0.4,,,,,,,,,,,,,,,,,,,,,,,,,,,0.00128,0.00086,0.4,,,,,,,,,,,,,,,,,,,,,,,,,,,,,,,,,,,,,,,,,,,,,,,,,,,,,,,,,,,
41,RW Mulch,,,"Philippe Belliard, Georges Félix, Jean-Marie Douzet, Johannes Scholberg, Laurent Cournac, Pablo Tittonell",Mulching for soil restoration and productivity in agro-ecological production systems of Burkina Faso,Belliard 2014,2014,BSc thesis,Burkina Faso,Bam,Yilou,13°00’20,1°32’77,653,Unimodal,On-farm,Lixisol,Lixisol,2014,n+1,1,Piliostigma reticulatum,Shrub,100% Standing shrub biomass as mulch (M1),1.77,,Cowpea,,Grain,0.46,0.47,0,-1.72,-0.02,,,,,,,,,,,,,,,,,,,,,,,,,,,0.0007,0.00071,-0.02,,,,,,,,,,,,,,,,,,,,,,,,,,,,,,,,,,,,,,,,,,,,,,,,,,,,,,,,,,,
41,RW Mulch,,,"Philippe Belliard, Georges Félix, Jean-Marie Douzet, Johannes Scholberg, Laurent Cournac, Pablo Tittonell",Mulching for soil restoration and productivity in agro-ecological production systems of Burkina Faso,Belliard 2014,2014,BSc thesis,Burkina Faso,Bam,Yilou,13°00’20,1°32’77,653,Unimodal,On-farm,Lixisol,Lixisol,2014,n+1,1,Piliostigma reticulatum,Shrub,200% Standing shrub biomass as mulch (M2),3.54,,Cowpea,,Grain,0.65,0.47,+,39.27,0.33,,,,,,,,,,,,,,,,,,,,,,,,,,,0.00099,0.00071,0.33,,,,,,,,,,,,,,,,,,,,,,,,,,,,,,,,,,,,,,,,,,,,,,,,,,,,,,,,,,,
41,RW Mulch,,,"Philippe Belliard, Georges Félix, Jean-Marie Douzet, Johannes Scholberg, Laurent Cournac, Pablo Tittonell",Mulching for soil restoration and productivity in agro-ecological production systems of Burkina Faso,Belliard 2014,2014,BSc thesis,Burkina Faso,Bam,Yilou,13°00’20,1°32’77,653,Unimodal,On-farm,Lixisol,Lixisol,2014,n+1,1,Piliostigma reticulatum,Shrub,100% Standing shrub biomass as mulch (M1),1.77,,Sorghum,,Straw,1.34,1.2,+,11.59,0.11,,,,,,,,,,,,,,,,,,,,,,,,,,,0.00205,0.00184,0.11,,,,,,,,,,,,,,,,,,,,,,,,,,,,,,,,,,,,,,,,,,,,,,,,,,,,,,,,,,,
41,RW Mulch,,,"Philippe Belliard, Georges Félix, Jean-Marie Douzet, Johannes Scholberg, Laurent Cournac, Pablo Tittonell",Mulching for soil restoration and productivity in agro-ecological production systems of Burkina Faso,Belliard 2014,2014,BSc thesis,Burkina Faso,Bam,Yilou,13°00’20,1°32’77,653,Unimodal,On-farm,Lixisol,Lixisol,2014,n+1,1,Piliostigma reticulatum,Shrub,200% Standing shrub biomass as mulch (M2),3.54,,Sorghum,,Straw,1.52,1.2,+,26.36,0.23,,,,,,,,,,,,,,,,,,,,,,,,,,,0.00232,0.00184,0.23,,,,,,,,,,,,,,,,,,,,,,,,,,,,,,,,,,,,,,,,,,,,,,,,,,,,,,,,,,,
42,RW Mulch,,67,"Tilander Y., Bonzi M.","Water and nutrient conservation through the use of agroforestry mulches, and sorghum yield response",Tilander & Bonzi 1997,1997,Plant and Soil,Burkina Faso,Koudougou,Saria,12°16’,2°09’,843,Unimodal,On-station,Alfisol,"Lixisol, Luvisol",1992,n,0,Azadirachta indica,Tree,5t.ha-1 of neem leaves,5,,Sorghum,,Grain,1.15,0.65,+,76.92,0.57,,,,,,,,,,,,,,,,,,,,,,,,,,,0.00136,0.00077,0.57,,,,,,,,,,,,,,,,,,,,,,,,,,,,,,,,,,,,,,,,,,,,,,,,,,,,,,,,,,,
42,RW Mulch,,67,"Tilander Y., Bonzi M.","Water and nutrient conservation through the use of agroforestry mulches, and sorghum yield response",Tilander & Bonzi 1997,1997,Plant and Soil,Burkina Faso,Koudougou,Saria,12°16’,2°09’,843,Unimodal,On-station,Alfisol,"Lixisol, Luvisol",1992,n,0,Acacia holocericea,Tree,5t.ha-1 of acacia leaves,5,,Sorghum,,Grain,0.85,0.65,+,30.77,0.27,,,,,,,,,,,,,,,,,,,,,,,,,,,0.00101,0.00077,0.27,,,,,,,,,,,,,,,,,,,,,,,,,,,,,,,,,,,,,,,,,,,,,,,,,,,,,,,,,,,
42,RW Mulch,,67,"Tilander Y., Bonzi M.","Water and nutrient conservation through the use of agroforestry mulches, and sorghum yield response",Tilander & Bonzi 1997,1997,Plant and Soil,Burkina Faso,Koudougou,Saria,12°16’,2°09’,894,Unimodal,On-station,Alfisol,"Lixisol, Luvisol",1993,n+1,1,Azadirachta indica,Tree,5t.ha-1 of neem leaves,5,,Sorghum,,Grain,1.9,1.25,+,52,0.42,,,,,,,,,,,,,,,,,,,,,,,,,,,0.00213,0.0014,0.42,,,,,,,,,,,,,,,,,,,,,,,,,,,,,,,,,,,,,,,,,,,,,,,,,,,,,,,,,,,
42,RW Mulch,,67,"Tilander Y., Bonzi M.","Water and nutrient conservation through the use of agroforestry mulches, and sorghum yield response",Tilander & Bonzi 1997,1997,Plant and Soil,Burkina Faso,Koudougou,Saria,12°16’,2°09’,894,Unimodal,On-station,Alfisol,"Lixisol, Luvisol",1993,n+1,1,Acacia holocericea,Tree,5t.ha-1 of acacia leaves,5,,Sorghum,,Grain,1.4,1.25,+,12,0.11,,,,,,,,,,,,,,,,,,,,,,,,,,,0.00157,0.0014,0.11,,,,,,,,,,,,,,,,,,,,,,,,,,,,,,,,,,,,,,,,,,,,,,,,,,,,,,,,,,,
43,RW Mulch,,52,Wezel & Bocker,Mulching with branches of an indigenous shrub (Guiera senegalensis) and yield of millet in semi-arid Niger,Wezel & Bocker 1999,1999,Soil & Tillage Research,Niger,Southwest,ICIRSAT Sahelian Research Center,13°15?,2°18? (E),486,Unimodal,On-station,(crusted land),Regosol,1995,n,0,Guiera senegalensis,Shrub,1 t.ha-1 shrub biomass as mulch,1,,Millet,,Grain,2.28,1.36,+,67.65,0.52,,,,,,,,,,,,,,,,,,,,,,,,,,,0.00469,0.0028,0.52,,,,,,,,,,,,,,,,,,,,,,,,,,,,,,,,,,,,,,,,,,,,,,,,,,,,,,,,,,,
43,RW Mulch,,52,Wezel & Bocker,Mulching with branches of an indigenous shrub (Guiera senegalensis) and yield of millet in semi-arid Niger,Wezel & Bocker 1999,1999,Soil & Tillage Research,Niger,Southwest,ICIRSAT Sahelian Research Center,13°15?,2°18? (E),486,Unimodal,On-station,(crusted land),Regosol,1995,n,0,Guiera senegalensis,Shrub,2 t.ha-1 shrub biomass as mulch,2,,Millet,,Grain,2.4,1.36,+,76.47,0.57,,,,,,,,,,,,,,,,,,,,,,,,,,,0.00494,0.0028,0.57,,,,,,,,,,,,,,,,,,,,,,,,,,,,,,,,,,,,,,,,,,,,,,,,,,,,,,,,,,,
43,RW Mulch,,52,Wezel & Bocker,Mulching with branches of an indigenous shrub (Guiera senegalensis) and yield of millet in semi-arid Niger,Wezel & Bocker 1999,1999,Soil & Tillage Research,Niger,Southwest,ICIRSAT Sahelian Research Center,13°15?,2°18? (E),544,Unimodal,On-station,(crusted land),Regosol,1996,n+1,1,Guiera senegalensis,Shrub,1 t.ha-1 shrub biomass as mulch,1,,Millet,,Grain,1.47,0.87,+,68.97,0.52,,,,,,,,,,,,,,,,,,,,,,,,,,,0.0027,0.0016,0.52,,,,,,,,,,,,,,,,,,,,,,,,,,,,,,,,,,,,,,,,,,,,,,,,,,,,,,,,,,,
43,RW Mulch,,52,Wezel & Bocker,Mulching with branches of an indigenous shrub (Guiera senegalensis) and yield of millet in semi-arid Niger,Wezel & Bocker 1999,1999,Soil & Tillage Research,Niger,Southwest,ICIRSAT Sahelian Research Center,13°15?,2°18? (E),544,Unimodal,On-station,(crusted land),Regosol,1996,n+1,1,Guiera senegalensis,Shrub,2 t.ha-1 shrub biomass as mulch,2,,Millet,,Grain,1.69,0.87,+,94.25,0.66,,,,,,,,,,,,,,,,,,,,,,,,,,,0.00311,0.0016,0.66,,,,,,,,,,,,,,,,,,,,,,,,,,,,,,,,,,,,,,,,,,,,,,,,,,,,,,,,,,,
44,RW Mulch,,,"Yélémou, Barthélémy; Yaméogo, Georges; Koala, Jonas; Bationo, B. André; Hien, Victor",Influence of the Leaf Biomass of Piliostigma reticulatum on Sorghum Production in North Sudanian Region of Burkina Faso,Yélémou et al. 2014,2014,Journal of Plant Studies,Burkina Faso,Koudougou,Saria,12°16’,2°09’,800,Unimodal,On-station,Alfisol,"Lixisol, Luvisol",2001-2003,n+3,3,Piliostigma reticulatum,Shrub,1.25 t.ha-1 Leaf biomass (T1),1.25,,Sorghum,,Grain,1.52,1.33,+,14.29,0.13,,,,,,,,,,,,,,,,,,,,,,,,,,,0.0019,0.00166,0.13,,,,,,,,,,,,,,,,,,,,,,,,,,,,,,,,,,,,,,,,,,,,,,,,,,,,,,,,,,,
44,RW Mulch,,,"Yélémou, Barthélémy; Yaméogo, Georges; Koala, Jonas; Bationo, B. André; Hien, Victor",Influence of the Leaf Biomass of Piliostigma reticulatum on Sorghum Production in North Sudanian Region of Burkina Faso,Yélémou et al. 2014,2014,Journal of Plant Studies,Burkina Faso,Koudougou,Saria,12°16’,2°09’,800,Unimodal,On-station,Alfisol,"Lixisol, Luvisol",2001-2003,n+3,3,Piliostigma reticulatum,Shrub,2.50 t.ha-1 Leaf biomass (T2),2.5,,Sorghum,,Grain,1.71,1.33,+,28.57,0.25,,,,,,,,,,,,,,,,,,,,,,,,,,,0.00214,0.00166,0.25,,,,,,,,,,,,,,,,,,,,,,,,,,,,,,,,,,,,,,,,,,,,,,,,,,,,,,,,,,,
44,RW Mulch,,,"Yélémou, Barthélémy; Yaméogo, Georges; Koala, Jonas; Bationo, B. André; Hien, Victor",Influence of the Leaf Biomass of Piliostigma reticulatum on Sorghum Production in North Sudanian Region of Burkina Faso,Yélémou et al. 2014,2014,Journal of Plant Studies,Burkina Faso,Koudougou,Saria,12°16’,2°09’,800,Unimodal,On-station,Alfisol,"Lixisol, Luvisol",2001-2003,n+3,3,Piliostigma reticulatum,Shrub,1.25 t.ha-1 Leaf biomass + 100 kg NPK + 50 kg Urea (T5),1.25,,Sorghum,,Grain,2.08,1.33,+,56.39,0.45,,,,,,,,,,,,,,,,,,,,,,,,,,,0.0026,0.00166,0.45,,,,,,,,,,,,,,,,,,,,,,,,,,,,,,,,,,,,,,,,,,,,,,,,,,,,,,,,,,,
44,RW Mulch,,,"Yélémou, Barthélémy; Yaméogo, Georges; Koala, Jonas; Bationo, B. André; Hien, Victor",Influence of the Leaf Biomass of Piliostigma reticulatum on Sorghum Production in North Sudanian Region of Burkina Faso,Yélémou et al. 2014,2014,Journal of Plant Studies,Burkina Faso,Koudougou,Saria,12°16’,2°09’,800,Unimodal,On-station,Alfisol,"Lixisol, Luvisol",2001-2003,n+3,3,Piliostigma reticulatum,Shrub,2.50 t.ha-1 Leaf biomass of P. reticulatum + 100 kg NPK + 50 kg Urea (T6),2.5,,Sorghum,,Grain,2.4,1.33,+,80.45,0.59,,,,,,,,,,,,,,,,,,,,,,,,,,,0.003,0.00166,0.59,,,,,,,,,,,,,,,,,,,,,,,,,,,,,,,,,,,,,,,,,,,,,,,,,,,,,,,,,,,
44,RW Mulch,,,"Yélémou, Barthélémy; Yaméogo, Georges; Koala, Jonas; Bationo, B. André; Hien, Victor",Influence of the Leaf Biomass of Piliostigma reticulatum on Sorghum Production in North Sudanian Region of Burkina Faso,Yélémou et al. 2014,2014,Journal of Plant Studies,Burkina Faso,Koudougou,Saria,12°16’,2°09’,800,Unimodal,On-station,Alfisol,"Lixisol, Luvisol",2001-2003,n+3,3,Piliostigma reticulatum,Shrub,1.25 t.ha-1 Leaf biomass + 200 kg Burkina Phosphate (T7),1.25,,Sorghum,,Grain,1.5,1.33,+,12.78,0.12,,,,,,,,,,,,,,,,,,,,,,,,,,,0.00188,0.00166,0.12,,,,,,,,,,,,,,,,,,,,,,,,,,,,,,,,,,,,,,,,,,,,,,,,,,,,,,,,,,,
44,RW Mulch,,,"Yélémou, Barthélémy; Yaméogo, Georges; Koala, Jonas; Bationo, B. André; Hien, Victor",Influence of the Leaf Biomass of Piliostigma reticulatum on Sorghum Production in North Sudanian Region of Burkina Faso,Yélémou et al. 2014,2014,Journal of Plant Studies,Burkina Faso,Koudougou,Saria,12°16’,2°09’,800,Unimodal,On-station,Alfisol,"Lixisol, Luvisol",2001-2003,n+3,3,Piliostigma reticulatum,Shrub,2.50 t.ha-1 Leaf biomass + 200 kg Burkina Phosphate (T8),2.5,,Sorghum,,Grain,1.94,1.33,+,45.86,0.38,,,,,,,,,,,,,,,,,,,,,,,,,,,0.00243,0.00166,0.38,,,,,,,,,,,,,,,,,,,,,,,,,,,,,,,,,,,,,,,,,,,,,,,,,,,,,,,,,,,
44,RW Mulch,,,"Yélémou, Barthélémy; Yaméogo, Georges; Koala, Jonas; Bationo, B. André; Hien, Victor",Influence of the Leaf Biomass of Piliostigma reticulatum on Sorghum Production in North Sudanian Region of Burkina Faso,Yélémou et al. 2014,2014,Journal of Plant Studies,Burkina Faso,Koudougou,Saria,12°16’,2°09’,800,Unimodal,On-station,Alfisol,"Lixisol, Luvisol",2001-2003,n+3,3,Piliostigma reticulatum,Shrub,1.25 t.ha-1 Leaf biomass (T1),1.25,,Sorghum,,Straw,3.47,3.18,+,9.12,0.09,,,,,,,,,,,,,,,,,,,,,,,,,,,0.00434,0.00398,0.09,,,,,,,,,,,,,,,,,,,,,,,,,,,,,,,,,,,,,,,,,,,,,,,,,,,,,,,,,,,
44,RW Mulch,,,"Yélémou, Barthélémy; Yaméogo, Georges; Koala, Jonas; Bationo, B. André; Hien, Victor",Influence of the Leaf Biomass of Piliostigma reticulatum on Sorghum Production in North Sudanian Region of Burkina Faso,Yélémou et al. 2014,2014,Journal of Plant Studies,Burkina Faso,Koudougou,Saria,12°16’,2°09’,800,Unimodal,On-station,Alfisol,"Lixisol, Luvisol",2001-2003,n+3,3,Piliostigma reticulatum,Shrub,2.50 t.ha-1 Leaf biomass (T2),2.5,,Sorghum,,Straw,3.78,3.18,+,18.87,0.17,,,,,,,,,,,,,,,,,,,,,,,,,,,0.00473,0.00398,0.17,,,,,,,,,,,,,,,,,,,,,,,,,,,,,,,,,,,,,,,,,,,,,,,,,,,,,,,,,,,
44,RW Mulch,,,"Yélémou, Barthélémy; Yaméogo, Georges; Koala, Jonas; Bationo, B. André; Hien, Victor",Influence of the Leaf Biomass of Piliostigma reticulatum on Sorghum Production in North Sudanian Region of Burkina Faso,Yélémou et al. 2014,2014,Journal of Plant Studies,Burkina Faso,Koudougou,Saria,12°16’,2°09’,800,Unimodal,On-station,Alfisol,"Lixisol, Luvisol",2001-2003,n+3,3,Piliostigma reticulatum,Shrub,1.25 t.ha-1 Leaf biomass + 100 kg NPK + 50 kg Urea (T5),1.25,,Sorghum,,Straw,4.4,3.18,+,38.36,0.32,,,,,,,,,,,,,,,,,,,,,,,,,,,0.0055,0.00398,0.32,,,,,,,,,,,,,,,,,,,,,,,,,,,,,,,,,,,,,,,,,,,,,,,,,,,,,,,,,,,
44,RW Mulch,,,"Yélémou, Barthélémy; Yaméogo, Georges; Koala, Jonas; Bationo, B. André; Hien, Victor",Influence of the Leaf Biomass of Piliostigma reticulatum on Sorghum Production in North Sudanian Region of Burkina Faso,Yélémou et al. 2014,2014,Journal of Plant Studies,Burkina Faso,Koudougou,Saria,12°16’,2°09’,800,Unimodal,On-station,Alfisol,"Lixisol, Luvisol",2001-2003,n+3,3,Piliostigma reticulatum,Shrub,2.50 t.ha-1 Leaf biomass of P. reticulatum + 100 kg NPK + 50 kg Urea (T6),2.5,,Sorghum,,Straw,4.88,3.18,+,53.46,0.43,,,,,,,,,,,,,,,,,,,,,,,,,,,0.0061,0.00398,0.43,,,,,,,,,,,,,,,,,,,,,,,,,,,,,,,,,,,,,,,,,,,,,,,,,,,,,,,,,,,
44,RW Mulch,,,"Yélémou, Barthélémy; Yaméogo, Georges; Koala, Jonas; Bationo, B. André; Hien, Victor",Influence of the Leaf Biomass of Piliostigma reticulatum on Sorghum Production in North Sudanian Region of Burkina Faso,Yélémou et al. 2014,2014,Journal of Plant Studies,Burkina Faso,Koudougou,Saria,12°16’,2°09’,800,Unimodal,On-station,Alfisol,"Lixisol, Luvisol",2001-2003,n+3,3,Piliostigma reticulatum,Shrub,1.25 t.ha-1 Leaf biomass + 200 kg Burkina Phosphate (T7),1.25,,Sorghum,,Straw,3.37,3.18,+,5.97,0.06,,,,,,,,,,,,,,,,,,,,,,,,,,,0.00421,0.00398,0.06,,,,,,,,,,,,,,,,,,,,,,,,,,,,,,,,,,,,,,,,,,,,,,,,,,,,,,,,,,,
44,RW Mulch,,,"Yélémou, Barthélémy; Yaméogo, Georges; Koala, Jonas; Bationo, B. André; Hien, Victor",Influence of the Leaf Biomass of Piliostigma reticulatum on Sorghum Production in North Sudanian Region of Burkina Faso,Yélémou et al. 2014,2014,Journal of Plant Studies,Burkina Faso,Koudougou,Saria,12°16’,2°09’,800,Unimodal,On-station,Alfisol,"Lixisol, Luvisol",2001-2003,n+3,3,Piliostigma reticulatum,Shrub,2.50 t.ha-1 Leaf biomass + 200 kg Burkina Phosphate (T8),2.5,,Sorghum,,Straw,4.33,3.18,+,36.16,0.31,,,,,,,,,,,,,,,,,,,,,,,,,,,0.00541,0.00398,0.31,,,,,,,,,,,,,,,,,,,,,,,,,,,,,,,,,,,,,,,,,,,,,,,,,,,,,,,,,,,
45,RW Mulch,56,,"Yossi  H.,  Karembé  M.,  Dembélé  F.  et Traoré  H.","Mise au point de technologies agroforestières appropriées, Rapport final. 8ème session du Comité de Programme de l'IER, Sotuba du 10 au 21 juin 2002, 161p.",Yossi et al. 2002,2002,Report,Mali,,Seno,,,379,Unimodal,On-farm,Alfisol,"Lixisol, Luvisol",,n,0,Prosopis africana,Tree,P. africana pruned+Incorp. Leaves,,,Millet,,Grain,1.87,0.52,+++,259.62,1.28,,,,,,,,,,,,,,,,,,,,,,,,,,,0.00493,0.00137,1.28,,,,,,,,,,,,,,,,,,,,,,,,,,,,,,,,,,,,,,,,,,,,,,,,,,,,,,,,,,,
45,RW Mulch,56,,"Yossi  H.,  Karembé  M.,  Dembélé  F.  et Traoré  H.","Mise au point de technologies agroforestières appropriées, Rapport final. 8ème session du Comité de Programme de l'IER, Sotuba du 10 au 21 juin 2002, 161p.",Yossi et al. 2002,2002,Report,Mali,,Seno,,,379,Unimodal,On-farm,Alfisol,"Lixisol, Luvisol",,n,0,Prosopis africana,Tree,P. africana pruned+Incorp. Leaves,,,Millet,,Biomass,18.75,5.37,+++,249.16,1.25,,,,,,,,,,,,,,,,,,,,,,,,,,,0.04947,0.01417,1.25,,,,,,,,,,,,,,,,,,,,,,,,,,,,,,,,,,,,,,,,,,,,,,,,,,,,,,,,,,,
46,RW Mulch,,X,"Ibrahim, Abaidoo, Fatondji, Opoku",Integrated use of fertilizer micro-dosing and Acacia tumida mulching increases millet yield and water-use efficiency in Sahelian semi-arid environment,Ibrahim et al. 2015,2015,Nutrient Cycling in Agroecosystems,Niger,Sadoré,ICIRSAT Sahelian Research Center,13°15’,2°18’ (E),551,Unimodal,On-station,Arenosol,Arenosol,2013,n,0,Acacia tumida,Tree,RW Mulch + 2 g DAP,,,Millet,,Grain,0.98,0.78,+,25.64,0.23,,,,,,,,,,,,,,,,,,,,,,,,,,,,,,,,,,,,,,,,,,,,,,,,,,,,,,,,,,,,,,,,,,,,,,,,,,,,,,,,,,,,,,,,
46,RW Mulch,,X,"Ibrahim, Abaidoo, Fatondji, Opoku",Integrated use of fertilizer micro-dosing and Acacia tumida mulching increases millet yield and water-use efficiency in Sahelian semi-arid environment,Ibrahim et al. 2015,2015,Nutrient Cycling in Agroecosystems,Niger,Sadoré,ICIRSAT Sahelian Research Center,13°15’,2°18’ (E),551,Unimodal,On-station,Arenosol,Arenosol,2013,n,0,Acacia tumida,Tree,RW Mulch +  6 g NPK,,,Millet,,Grain ,0.91,0.61,+,48.94,0.4,,,,,,,,,,,,,,,,,,,,,,,,,,,,,,,,,,,,,,,,,,,,,,,,,,,,,,,,,,,,,,,,,,,,,,,,,,,,,,,,,,,,,,,,
46,RW Mulch,,X,"Ibrahim, Abaidoo, Fatondji, Opoku",Integrated use of fertilizer micro-dosing and Acacia tumida mulching increases millet yield and water-use efficiency in Sahelian semi-arid environment,Ibrahim et al. 2015,2015,Nutrient Cycling in Agroecosystems,Niger,Sadoré,ICIRSAT Sahelian Research Center,13°15’,2°18’ (E),551,Unimodal,On-station,Arenosol,Arenosol,2014,n+1,1,Acacia tumida,Tree,RW Mulch + 2 g DAP,,,Millet,,Grain ,1.61,1.01,+,59.35,0.47,,,,,,,,,,,,,,,,,,,,,,,,,,,,,,,,,,,,,,,,,,,,,,,,,,,,,,,,,,,,,,,,,,,,,,,,,,,,,,,,,,,,,,,,
46,RW Mulch,,X,"Ibrahim, Abaidoo, Fatondji, Opoku",Integrated use of fertilizer micro-dosing and Acacia tumida mulching increases millet yield and water-use efficiency in Sahelian semi-arid environment,Ibrahim et al. 2015,2015,Nutrient Cycling in Agroecosystems,Niger,Sadoré,ICIRSAT Sahelian Research Center,13°15’,2°18’ (E),551,Unimodal,On-station,Arenosol,Arenosol,2014,n+1,1,Acacia tumida,Tree,RW Mulch +  6 g NPK,,,Millet,,Grain ,1.13,0.9,+,24.97,0.22,,,,,,,,,,,,,,,,,,,,,,,,,,,,,,,,,,,,,,,,,,,,,,,,,,,,,,,,,,,,,,,,,,,,,,,,,,,,,,,,,,,,,,,,
46,RW Mulch,,X,"Ibrahim, Abaidoo, Fatondji, Opoku",Integrated use of fertilizer micro-dosing and Acacia tumida mulching increases millet yield and water-use efficiency in Sahelian semi-arid environment,Ibrahim et al. 2015,2015,Nutrient Cycling in Agroecosystems,Niger,Sadoré,ICIRSAT Sahelian Research Center,13°15’,2°18’ (E),551,Unimodal,On-station,Arenosol,Arenosol,2013,n,0,Acacia tumida,Tree,RW Mulch + 2 g DAP,,,Millet,,Biomass,2.28,1.99,+,14.7,0.14,,,,,,,,,,,,,,,,,,,,,,,,,,,,,,,,,,,,,,,,,,,,,,,,,,,,,,,,,,,,,,,,,,,,,,,,,,,,,,,,,,,,,,,,
46,RW Mulch,,X,"Ibrahim, Abaidoo, Fatondji, Opoku",Integrated use of fertilizer micro-dosing and Acacia tumida mulching increases millet yield and water-use efficiency in Sahelian semi-arid environment,Ibrahim et al. 2015,2015,Nutrient Cycling in Agroecosystems,Niger,Sadoré,ICIRSAT Sahelian Research Center,13°15’,2°18’ (E),551,Unimodal,On-station,Arenosol,Arenosol,2013,n,0,Acacia tumida,Tree,RW Mulch +  6 g NPK,,,Millet,,Biomass,2.083,1.67,+,24.96,0.22,,,,,,,,,,,,,,,,,,,,,,,,,,,,,,,,,,,,,,,,,,,,,,,,,,,,,,,,,,,,,,,,,,,,,,,,,,,,,,,,,,,,,,,,
46,RW Mulch,,X,"Ibrahim, Abaidoo, Fatondji, Opoku",Integrated use of fertilizer micro-dosing and Acacia tumida mulching increases millet yield and water-use efficiency in Sahelian semi-arid environment,Ibrahim et al. 2015,2015,Nutrient Cycling in Agroecosystems,Niger,Sadoré,ICIRSAT Sahelian Research Center,13°15’,2°18’ (E),551,Unimodal,On-station,Arenosol,Arenosol,2014,n+1,1,Acacia tumida,Tree,RW Mulch + 2 g DAP,,,Millet,,Biomass,2.72,2.19,+,24.07,0.22,,,,,,,,,,,,,,,,,,,,,,,,,,,,,,,,,,,,,,,,,,,,,,,,,,,,,,,,,,,,,,,,,,,,,,,,,,,,,,,,,,,,,,,,
46,RW Mulch,,X,"Ibrahim, Abaidoo, Fatondji, Opoku",Integrated use of fertilizer micro-dosing and Acacia tumida mulching increases millet yield and water-use efficiency in Sahelian semi-arid environment,Ibrahim et al. 2015,2015,Nutrient Cycling in Agroecosystems,Niger,Sadoré,ICIRSAT Sahelian Research Center,13°15’,2°18’ (E),551,Unimodal,On-station,Arenosol,Arenosol,2014,n+1,1,Acacia tumida,Tree,RW Mulch +  6 g NPK,,,Millet,,Biomass,2.22,2.03,+,9.57,0.09,,,,,,,,,,,,,,,,,,,,,,,,,,,,,,,,,,,,,,,,,,,,,,,,,,,,,,,,,,,,,,,,,,,,,,,,,,,,,,,,,,,,,,,,
