B.Code,B.Author.Last,B.Date,B.Journal,B.New,B.DOI,B.Url,B.Project,B.Link1,B.Link2,B.Link3,B.Link4,era_snapshots_all,era_snapshot_harmonized,B.Version
AC0002,Farsia Djidjonri,2021,AgriEngineering,,10.3390/agriengineering3020025,,ERA 2023,,,,,ie,ie,V2.0.7
AC0003,Worou,2019,Regional Environmental Change,,10.1007/s10113-019-01511-w,,ERA 2023,,,,,ie,ie,V2.0.7
AC0007,Ndakidemi,2007,Australian Journal of Experimental Agriculture,,10.1071/EA05274,,ERA 2023,,,,,ie,ie,V2.0.8
AC0009,Saidou,2018,Nutrient Cycling in Agroecosystems,,10.1007/s10705-017-9902-6,,ERA 2023,,,,,ie,ie,V2.0.8
AC0010,Chabi-Olaye,2005,Bulletin of Entomological Research,,10.1079/BER2005373,,ERA 2023,,,,,ie,ie,V2.0.9
AC0012,Ramkat,2008,Annals of Applied Biology,,10.1111/j.1744-7348.2008.00268.x,,ERA 2023,,,,,ie,ie,V2.0.9
AC0013,Garba,2018,Nutrient Cycling in Agroecosystems,,10.1007/s10705-018-9921-y,,ERA 2023,,,,,ie,ie,V2.0.9
AC0015,Kidane,2019,Agronomy Journal,,10.2134/agronj2018.05.0331,,ERA 2023,,,,,ie,ie,V2.0.10
AC0017,Nyirenda,2021,Heliyon,,10.1016/j.heliyon.2021.e06636,,ERA 2023,,,,,ie,ie,V2.0.10
AC0018,Mng'omba,2020,Agroforestry Systems,,10.1007/s10457-019-00405-4,,ERA 2023,10. 1007/s10457-016-9924-0,,,,ie,ie,V2.0.12
AC0019,Etafa,2022,"Trees, Forests and People",,10.1016/j.tfp.2022.100245,,ERA 2023,,,,,ie,ie,V2.0.12
AC0021,Rivers,2016,Applied Soil Ecology,,10.1016/j.apsoil.2015.12.004,,ERA 2023,,,,,ie,ie,V2.0.12
AC0022,Makino,2019,Revista de Agricultura Neotropical,,,https://periodicosonline.uems.br/index.php/agrineo/article/view/3624,ERA 2023,,,,,ie,ie,V2.0.12
AC0023,Perdoná,2016,Agronomy Journal,,10.2134/agronj2016.01.0024,,ERA 2023,,,,,ie,ie,V2.0.12
AC0024,Fuentes,2009,European Journal of Agronomy,,10.1016/j.eja.2008.10.005,,ERA 2023,,,,,ie,ie,V2.0.12
AC0025,Fonteyne,2019,Agronomy,,10.3390/agronomy9120845,,ERA 2023,,,,,ie,ie,V2.0.12
AC0026,de Oliveira,2016,Revista Árvore,,10.1590/0100-67622016000400011,,ERA 2023,,,,,ie,ie,V2.0.12
AC0027,Lopez-Vazquez,2019,Agronomy,,10.3390/agronomy9040189,,ERA 2023,,,,,ie,ie,V2.0.12
AC0028,Zaro,2020,Agroforestry Systems,,10.1007/s10457-019-00450-z,,ERA 2023,,,,,ie,ie,V2.0.12
AC0029,Maltas,2009,Agronomy Journal,,10.2134/agronj2009.0055,,ERA 2023,,,,,ie,ie,V2.0.12
AC0030.1,Ndoli,2019,Experimental Agriculture,,10.1017/S0014479718000297,,ERA 2023,,,,,ie,ie,V2.0.14
AC0030.2,Ndoli,2019,Experimental Agriculture,,10.1017/S0014479718000297,,ERA 2023,,,,,ie,ie,V2.0.14
AC0031,Dimande,2023,Agronomy,,10.3390/agronomy13051367,,ERA 2023,,,,,ie,ie,V2.0.14
AC0032,Manzeke,2012,Plant and Soil,,10.1007/s11104-012-1332-2,,ERA 2023,,,,,ie,ie,V2.0.14
AC0033,Julius,2019,"Forests, Trees and Livelihoods",,10.1080/14728028.2019.1685410,,ERA 2023,,,,,ie,ie,V2.0.14
AC0034,Fatumah,2021,Heliyon,,10.1016/j.heliyon.2021.e06308,,ERA 2023,,,,,ie,ie,V2.0.14
AC0035,Ochire-Boadu,2020,Cogent Food & Agriculture,,10.1080/23311932.2020.1785778,,ERA 2023,,,,,ie,ie,V2.0.14
AC0036,Yusuf,2020,African Journal of Agricultural Research,,,https://academicjournals.org/journal/AJAR/article-full-text-pdf/C4E1BC834565.pdf,ERA 2023,,,,,ie,ie,V2.0.14
AC0037,Perdona,2020,Agronomy Journal,,10.1002/agj2.20016,,ERA 2023,10.2134/agronj2016.01.0024,,,,ie,ie,V2.0.16
AC0038,Agyin-Birikorang,2022,Journal of Plant Nutrition,,10.1080/01904167.2022.2064300,,ERA 2023,,,,,ie,ie,V2.0.16
AC0039,de Souza,2012,Agroforestry Systems,,10.1007/s10457-011-9452-x,,ERA 2023,,,,,ie,ie,V2.0.17
AC0040,Guto,2012,Agronomy Journal,,10.2134/agronj2010.0359,,ERA 2023,,,,,ie,ie,V2.0.17
AC0041,Harawa,2006,Nutrient Cycling in Agroecosystems,,10.1007/s10705-006-9033-y,,ERA 2023,,,,,ie,ie,V2.0.17
AC0043,Bitew,2021,Plos One,,10.1371/journal.pone.0257203,,ERA 2023,,,,,ie,ie,V2.0.18
AC0044,Siziba,2019,African Journal of Agricultural and Resource Economics,,,https://ageconsearch.umn.edu/record/301030/,ERA 2023,,,,,ie,ie,V2.0.18
AC0045,Wale,2006,Journal of Applied Entomology,,10.1111/j.1439-0418.2006.01053.x,,ERA 2023,,,,,ie,ie,V2.0.18
AC0046,Ulzen,2020,Archives of Agronomy and Soil Science,,10.1080/03650340.2019.1669786,,ERA 2023,,,,,ie,ie,V2.0.18
AC0047.1,Thierfelder,2022,Renewable Agriculture and Food Systems,,10.1017/S1742170521000442,,ERA 2023,,,,,ie,ie,V2.0.18
AC0048,Fenta,2022,Geoderma,,10.1016/j.geoderma.2021.115523,,ERA 2023,10.3390/ land8110159.,,,,ie,ie,V2.0.18
AC0050,Marfo-Ahenkora,2023,International Journal of Agronomy,,10.1155/2023/1882121,,ERA 2023,,,,,ie,ie,V2.0.18
AC0051,Otieno,2022,Sustainability,,10.3390/su14116519,,ERA 2023,,,,,ie,ie,V2.0.18
AC0052,Agboka,2013,Crop Protection,,10.1016/j.cropro.2012.08.016,,ERA 2023,,,,,ie,ie,V2.0.18
AC0053,Agboyi,2021,Insects,,10.3390/insects12080665,,ERA 2023,,,,,ie,ie,V2.0.18
AC0054,Kintche,2015,Field Crops Research,,10.1016/j.fcr.2015.04.019,,ERA 2023,,,,,ie,ie,V2.0.18
AC0055,Ijoyah,2012,African Journal of Agricultural Research,,10.5897/AJAR10.1135,,ERA 2023,,,,,ie,ie,V2.0.18
AC0058,Eijgu,2021,Heliyon,,10.1016/j.heliyon.2021.e06074,,ERA 2023,,,,,ie,ie,V2.0.18
AC0060,Simwaka,2020,Soil Research,,10.1071/SR20007,,ERA 2023,,,,,ie,ie,V2.0.19
AC0061,Adjei-Nsiah,2021,South African Journal of Plant and Soil,,10.1080/02571862.2021.1959660,,ERA 2023,,,,,ie,ie,V2.0.19
AC0063,Munera-Echeverri,2022,Plant and Soil,,10.1007/s11104-022-05325-4,,ERA 2023,,,,,ie,ie,V2.0.19
AC0064,Adeoluwa,2022,Agronomy,,10.3390/agronomy12051118,,ERA 2023,,,,,ie,ie,V2.0.20
AC0065,Victoria,2019,Communications in Soil Science and Plant Analysis,,10.1080/00103624.2019.1648663,,ERA 2023,,,,,ie,ie,V2.0.20
AC0067,Assefa,2020,Agronomy,,10.3390/agronomy11010017,,ERA 2023,,,,,ie,ie,V2.0.20
AC0068,Montt,2020,Journal of Agricultural Economics,,10.1111/1477-9552.12353,,ERA 2023,,,,,ie,ie,V2.0.20
AC0070,Mhlanga,2021,Renewable Agriculture and Food Systems,,10.1017/S1742170521000028,,ERA 2023,,,,,ie,ie,V2.0.20
AC0072,Adu-Gyamfi,2019,Agronomy Journal,,10.2134/agronj2019.04.0292,,ERA 2023,,,,,ie,ie,V2.0.20
AC0073,Adegaye,2019,Scientific African,,10.1016/j.sciaf.2019.e00129,,ERA 2023,,,,,ie,ie,V2.0.20
AC0075,Omulo,2022,Soil and Tillage Research,,10.1007/s10457-017-0150-1,,ERA 2023,,,,,ie,ie,V2.0.20
AC0077.1,Baijukya,2005,Nutrient Cycling in Agroecosystems,,10.1007/s10705-005-7262-0,,ERA 2023,,,,,ie,ie,V2.0.21
AC0077.2,Baijukya,2005,Nutrient Cycling in Agroecosystems,,10.1007/s10705-005-7262-0,,ERA 2023,,,,,ie,ie,V2.0.21
AC0077.3,Baijukya,2005,Nutrient Cycling in Agroecosystems,,10.1007/s10705-005-7262-0,,ERA 2023,,,,,ie,ie,V2.0.21
AC0079,Kimaru-Muchai,2021,Heliyon,,10.1016/j.heliyon.2021.e08005,,ERA 2023,,,,,ie,ie,V2.0.21
AC0080,Lark,2020,Experimental Agriculture,,10.1017/S0014479720000125,,ERA 2023,,,,,ie,ie,V2.0.21
AC0081,Mosongo,2022,Atmosphere,,10.3390/atmos13030463,,ERA 2023,,,,,ie,ie,V2.0.21
AC0082,Govaerts,2007,Soil and Tillage Research,,10.1016/j.still.2006.07.013,,ERA 2023,,,,,ie,ie,V2.0.21
AC0083,John,2021,Agriculture Ecosystems & Environment,,10.1016/j.agee.2021.107585,,ERA 2023,10.2135/cropsci2018.09.0532,,,,ie,ie,V2.0.21
AC0088,Rocha,2016,Pesquisa Agropecuaria Brasileira,,10.1590/S0100-204X2016000900046,,ERA 2023,,,,,ie,ie,V2.0.21
AC0089,Vyamana,2021,"Trees, Forests and People",,10.1016/j.tfp.2021.100164,,ERA 2023,,,,,ie,ie,V2.0.21
AC0090,Rusinamhodzi,2020,Field Crops Research,,10.1016/j.fcr.2020.107738,,ERA 2023,,,,,ie,ie,V2.0.21
AC0091,Alguacil,2010,Journal of the Science of Food and Agriculture,,10.1002/jsfa.4180,,ERA 2023,,,,,ie,ie,V2.0.21
AC0092,Costa,2017,Horticultura Brasileira,,10.1590/S0102-053620170112,,ERA 2023,,,,,ie,ie,V2.0.21
AC0093,Botha,2012,Irrigation and Drainage,,10.1002/ird.1681,,ERA 2023,,,,,ie,ie,V2.0.21
AC0094,Bruelle,2015,Experimental Agriculture,,10.1017/S0014479714000155,,ERA 2023,,,,,ie,ie,V2.0.21
AC0096,Michalovicz,2014,Revista Brasileira de Ciência do Solo,,10.1590/S0100-06832014000500015,,ERA 2023,,,,,ie,ie,V2.0.21
AC0097,Shave,2012,International Journal of Agriculture and Biology,,,https://web.s.ebscohost.com/ehost/detail/detail?vid=0&sid=199c5fb6-222b-4eeb-a306-9ce9a21235ae%40redis&bdata=Jmxhbmc9ZXMmc2l0ZT1laG9zdC1saXZlJnNjb3BlPXNpdGU%3d#AN=77651307&db=fsr,ERA 2023,,,,,ie,ie,V2.0.21
AC0098,Sithole,2019,Soil and Tillage Research,,10.1016/j.still.2019.104317,,ERA 2023,,,,,ie,ie,V2.0.21
AC0099,Mashavakure,2019,Applied Soil Ecology,,10.1016/j.apsoil.2018.12.001,,ERA 2023,,,,,ie,ie,V2.0.21
AC0101,Bouazzama,2012,Crop Protection,,,https://hal.science/hal-00766298/,ERA 2023,,,,,ie,ie,V2.0.21
AC0102,Agyin-Birikorang,2022,Journal of Plant Nutrition,,10.1080/01904167.2022.2046083,,ERA 2023,,,,,ie,ie,V2.0.21
AC0103,Bautista-Cruz,2014,Revista de la Facultad de Ciencias Agrarias,,,http://www.scielo.org.ar/img/revistas/refca/v46n1/html/v46n1a13.htm,ERA 2023,,,,,ie,ie,V2.0.21
AC0105,Sauvadet,2019,Science of the Total Environment,,10.1016/j.scitotenv.2018.08.291,,ERA 2023,,,,,ie,ie,V2.0.21
AC0106,Castro,2016,Journal of Soil Science and Plant Nutrition,,,https://www.scielo.cl/scielo.php?script=sci_arttext&pid=S0718-95162016000200008&tlng=en,ERA 2023,,,,,ie,ie,V2.0.21
AC0107,Ramborun,2021,Journal of Agriculture and Food Research,,10.1016/j.jafr.2020.100096,,ERA 2023,,,,,ie,ie,V2.0.21
AC0109,Limon-Ortega,2012,Agronomy Journal,,10.2134/agronj2012.0053,,ERA 2023,,,,,ie,ie,V2.0.21
AC0110,Munroe,2015,Applied and Environmental Soil Science,,10.1016/j.apsoil.2015.04.003,,ERA 2023,,,,,ie,ie,V2.0.21
AC0111,Rosolem,2017,Soil Research,,10.1071/SR17214,,ERA 2023,,,,,ie,ie,V2.0.21
AC0112,Olaoye,2009,Journal of Food Agriculture & Environment,,,https://cgspace.cgiar.org/handle/10568/91517,ERA 2023,,,,,ie,ie,V2.0.21
AC0113,Noponen,2013,Agricultural Systems,,10.1016/j.agsy.2013.03.006,,ERA 2023,10.1016/j.agee.2012.01.019,,,,ie,ie,V2.0.21
AC0114,Mhlanga,2021,Geoderma,,10.1016/j.geoderma.2021.115107,,ERA 2023,10.1017/S002185961900073X,10.1017/S001447971000030X,10.1016/j.still.2009.07.007,10.1016/j.fcr.2012.08.017.,ie,ie,V2.0.21
AC0115,Pedrosa,2020,Plant and Soil,,10.1007/s11104-019-04124-8,,ERA 2023,,,,,ie,ie,V2.0.21
AC0116,Limon-Ortega,2008,European Journal of Agronomy,,10.1016/j.eja.2008.01.008,,ERA 2023,,,,,ie,ie,V2.0.21
AC0117,Gerhards,2021,Agronomy,,10.3390/agronomy11061161,,ERA 2023,,,,,ie,ie,V2.0.21
AC0119,de Lima,2019,Revista Caatinga,,10.1590/1983-21252019v32n113rc,,ERA 2023,,,,,ie,ie,V2.0.21
AC0120,da Silva,2021,Journal of Soil Science and Plant Nutrition,,10.1007/s42729-021-00423-1,,ERA 2023,,,,,ie,ie,V2.0.21
AC0124,Musinguzi,2016,Experimental Agriculture,,10.1017/S0014479715000307,,ERA 2023,,,,,ie,ie,V2.0.21
AC0128,Zancanaro de Oliveira,2019,Agronomy Journal,,10.2134/agronj2018.11.0710,,ERA 2023,,,,,ie,ie,V2.0.21
AC0131,Grahmann,2018,Journal of Plant Nutrition and Soil Science,,10.1002/jpln.201800011,,ERA 2023,,,,,ie,ie,V2.0.21
AC0132,Vieira,2008,Australian Journal of Soil Research,,10.1071/SR07088,,ERA 2023,10.1016/j.still.2006.10.003,,,,ie,ie,V2.0.21
AC0135,Ruiz-Gonzalez,2015,Agrociencia,,,https://www.agrociencia-colpos.org/index.php/agrociencia/article/view/1164/1164,ERA 2023,,,,,ie,ie,V2.0.21
AC0136,Sosa-Rodrigues,2018,Agronomia Mesoamericana,,10.15517/ma.v29i1.27127,,ERA 2023,,,,,ie,ie,V2.0.21
AC0137,Torres Garcia,2019,Bioagro,,,https://www.cabdirect.org/cabdirect/abstract/20203438591,ERA 2023,,,,,ie,ie,V2.0.21
AC0138,Borbon-Gracia,2020,Revista Fitotecnia Mexicana,,10.35196/rfm.2020.4.371,,ERA 2023,,,,,ie,ie,V2.0.21
AC0139,Marchezan,2020,Journal of Soil Science and Plant Nutrition,,10.1007/s42729-020-00185-2,,ERA 2023,https://doi.org/10.1590/ S0100-832014000200019,https:// doi.org/10.1590/1678-4499.006,https://doi.org/ 10.1016/j.ecoenv.2018.01.046,,ie,ie,V2.0.21
AC0140,Blanco-Sepulveda,2021,Geoderma,,10.1016/j.geoderma.2021.115336,,ERA 2023,,,,,ie,ie,V2.0.21
AC0141,Silva-Galicia,2022,Renewable Agriculture and Food Systems,,10.1017/S1742170522000369,,ERA 2023,,,,,ie,ie,V2.0.21
AC0143,Jeezer,2018,Agricultural Systems,,10.1016/j.agsy.2018.01.014,,ERA 2023,,,,,ie,ie,V2.0.21
AC0144,Barazetti,2019,Applied Soil Ecology,,10.1016/j.apsoil.2019.05.015,,ERA 2023,,,,,ie,ie,V2.0.21
AC0145,Ribeiro,2018,Revista Brasileira De Ciencias Agrarias-Agraria,,10.5039/agraria.v13i3a5550,,ERA 2023,,,,,ie,ie,V2.0.22
AC0146,Tovihoudji,2019,Frontiers in Environmental Science,,10.3389/fenvs.2019.00013,,ERA 2023,10.1016/j.fcr.2017.08.003,,,,ie,ie,V2.0.22
AC0148,Silva,2010,Planta Daninha,,10.1590/S0100-83582010000300010,,ERA 2023,,,,,ie,ie,V2.0.22
AC0150,Restelatto,2014,Grass and Forage Science,,10.1111/gfs.12076,,ERA 2023,,,,,ie,ie,V2.0.23
AC0151,Verhulst,2011,Field Crops Research,,10.1016/j.fcr.2011.07.002,,ERA 2023,10.1016/j.geodrs.2021.e00430,,,,ie,ie,V2.0.23
AC0152,Mavunganidze,2020,Weed research,,10.1111/wre.12437,,ERA 2023,,,,,ie,ie,V2.0.23
AC0153,Lourenzi,2014,Revista Brasileira de Ciência do Solo,,10.1590/S0100-06832014000300027,,ERA 2023,10.1590/S0103-84782005000600011,10.1590/S0103-84782005000600012,,,ie,ie,V2.0.23
AC0154,Bacca,2020,Revista Brasileira de Ciência do Solo,,10.36783/18069657rbcs20190013,,ERA 2023,,,,,ie,ie,V2.0.23
AC0155,Balbinot,2020,Revista Brasileira de Ciência do Solo,,10.36783/18069657rbcs20200043,,ERA 2023,,,,,ie,ie,V2.0.23
AC0156,da Silva,2009,Scientia Agricola,,10.1590/S0103-90162009000400013,,ERA 2023,,,,,ie,ie,V2.0.23
AC0157,Lima,2018,Revista Brasileira de Engenharia Agricola e Ambiental,,10.1590/1807-1929/agriambi.v22n2p113-118,,ERA 2023,,,,,ie,ie,V2.0.23
AC0158,Munhoz de Almeida,2018,Bragantia,,10.1590/1678-4499.2017242,,ERA 2023,,,,,ie,ie,V2.0.23
AC0159,Honsdorf,2020,Field Crops Research,,10.1016/j.fcr.2019.107675,,ERA 2023,,,,,ie,ie,V2.0.23
AC0161,de Oliveira,2021,Revista Caatinga,,10.1590/1983-21252021v34n102rc,,ERA 2023,,,,,ie,ie,V2.0.23
AC0162,de Sousa Lima,2021,Agriculture,,10.3390/agriculture11040290,,ERA 2023,,,,,ie,ie,V2.0.23
AC0163,Nakao,2018,Revista Ciencia Agronomica,,10.5935/1806-6690.20180057,,ERA 2023,,,,,ie,ie,V2.0.23
AC0164,Hunegnaw,2021,Open Agriculture,,10.1515/opag-2021-0048,,ERA 2023,,,,,ie,ie,V2.0.23
AC0165,Frimpong,2021,Heliyon,,10.1016/j.heliyon.2021.e06267,,ERA 2023,,,,,ie,ie,V2.0.23
AC0167,Caires,2008,Soil Use and Management,,10.1111/j.1475-2743.2008.00166.x,,ERA 2023,,,,,ie,ie,V2.0.23
AC0168,Bado,2021,Agriculture Ecosystems & Environment,,10.1016/j.agee.2020.107175,,ERA 2023,,,,,ie,ie,V2.0.23
AC0169,Mutsamba,2020,Njas-Wageningen Journal of Life Sciences,,10.1016/j.njas.2019.100317,,ERA 2023,,,,,ie,ie,V2.0.23
AC0170,Kebenei,2021,Frontiers in Sustainable Food Systems,,10.3389/fsufs.2021.714212,,ERA 2023,,,,,ie,ie,V2.0.23
AC0171,Liu,2021,Field Crops Research,,10.1016/j.fcr.2020.108018,,ERA 2023,,,,,ie,ie,V2.0.23
AC0172,Rakotoarisoa,2020,Field Crops Research,,10.1016/j.fcr.2020.107806,,ERA 2023,,,,,ie,ie,V2.0.23
AC0173,Belay,2019,Water,,10.3390/w11102103,,ERA 2023,,,,,ie,ie,V2.0.23
AF0002,Lal,1998,Land Degradation & Development,,10.1002/(SICI)1099-145X(199805/06)9:3<259::AID-LDR290>3.0.CO;2-V,,ERA 2023,,,,,ie,ie,V2.0.24
AF0003,Theron,2023,South African Journal of Plant and Soil,,10.1080/02571862.2022.2160881,,ERA 2023,,,,,ie,ie,V2.0.24
AF0005,Sani Issa,2020,Eurasian Journal of Soil Science,,10.18393/ejss.642212,,ERA 2023,,,,,ie,ie,V2.0.24
AF0006,Akponikpe,2008,Experimental Agriculture,,10.1017/S001447970800673X,,ERA 2023,,,,,ie,ie,V2.0.24
AF0007.1,Rodriguez,1985,Soil and Tillage Research,,10.1016/0167-1987(85)90014-5,,ERA 2023,,,,,ie,ie,V2.0.24
AF0007.2,Rodriguez,1985,Soil and Tillage Research,,10.1016/0167-1987(85)90014-5,,ERA 2023,,,,,ie,ie,V2.0.27
AF0007.3,Rodriguez,1985,Soil and Tillage Research,,10.1016/0167-1987(85)90014-5,,ERA 2023,,,,,ie,ie,V2.0.27
AF0007.4,Rodriguez,1985,Soil and Tillage Research,,10.1016/0167-1987(85)90014-5,,ERA 2023,,,,,ie,ie,V2.0.27
AF0007.5,Rodriguez,1985,Soil and Tillage Research,,10.1016/0167-1987(85)90014-5,,ERA 2023,,,,,ie,ie,V2.0.27
AG0001,Coulibaly,2018,Heliyon,Yes,10.1016/j.heliyon.2018.,,ERA 2020,,,,,mh,mh,
AG0002,Ema,2018,"African Journal of Food, Agriculture, Nutrition and Development",Yes,10.18697/ajfand.83.17155,,ERA 2020,,,,,mh,mh,
AG0004,Olowoake,2018,International Journal of Recycling of Organic Waste in Agriculture,Yes,0.1007/s40093-017-0192-4,,ERA 2020,,,,,mh,mh,
AG0005,Endris,2015,Journal of Agronomy,Yes,10.3923/ja.2015.152.157,,ERA 2020,,,,,mh,mh,
AG0007,Dibal,2014,ARPN Journal of Engineering and Applied Sciences,Yes,,www.researchgate.net/publication/288615840_Variability_of_soil_erodibility_factor_with_some_soil_management_practices_in_a_semi-arid_agroecological_condition_Nigeria,ERA 2020,,,,,mh,mh,
AG0008,El-Gaid,2014,Asian Journal of Crop Science,No,10.3923/ajcs.2014.254.261,,ERA 2020,,,,,mh,mh,
AG0010,Ezeocha,2017,Open Agriculture,Yes,10.1515/opag-2017-0022,,ERA 2020,,,,,mh,mh,
AG0011,Fite,2014,Journal of Entomology,Yes,10.3923/je.2014.225.237,,ERA 2020,,,,,mh,mh,
AG0014,Gay-des-Combes,2017,Ecology and Evolution,Yes,10.1002/ece3.3104,,ERA 2020,,,,,mh,mh,
AG0015,Frimpong,2014,Sustainability (Switzerland),Yes,10.3390/su6020652,,ERA 2020,,,,,mh; sc,sc,
AG0018,Gusha,2015,Tropical and Subtropical Agroecosystems,No,,https://pdfs.semanticscholar.org/085f/cbe290d2edec655ea106f6ba39ef4e6a3673.pdf,ERA 2020,,,,,mh; sc,mh; sc,
AG0019,Hagag,2018,Bioscience Research,Yes,,https://www.researchgate.net/publication/332138711_Impact_of_organic_fertilizer_and_bio-stimulating_substances_in_maximizing_productivity_and_fruit_quality_of_cv_Cyprus_olive_trees,ERA 2020,,,,,mh,mh,
AG0022,Hong,2018,Sustainability,Yes,10.3390/su10051430,,ERA 2020,,,,,mh,mh,
AG0024,Moyin-Jesu,2015,International Journal of Recycling of Organic Waste in Agriculture,Yes,10.1007/s40093-015-0108-0,,ERA 2020,,,,,mh,mh,
AG0025,Isaacs,2016,Food Security,Yes,10.1007/s12571-016-0582-x,,ERA 2020,https://d.lib.msu.edu/etd/2950,,,,mh,mh,
AG0027,Masaka,2015,Agricultural Research,Yes,10.1007/s40003-014-0147-1,,ERA 2020,,,,,mh,mh,
AG0028,Ogendo,2018,"African Journal of Food, Agriculture, Nutrition and Development",Yes,10.18697/AJFAND.83.18015,,ERA 2020,,,,,mh,mh,
AG0030,Mukhongo,2017,Frontiers in Plant Science,Yes,10.3389/fpls.2017.00219,,ERA 2020,,,,,mh,mh,
AG0031,Manuwa,2015,Agricultural Engineering International: CIGR Journal,Yes,,www.researchgate.net/publication/282936486_Effect_of_liquid_poultry_manure_application_rate_and_injection_depth_on_growth_and_yield_of_maize_ZeamaysL_in_a_sandy_loam_soil/link/570e5aaf08aed4bec6fdd73c/download,ERA 2020,,,,,mh,mh,
AG0032,Uko,2018,Journal of Agronomy,Yes,10.3923/ja.2018.188.197,,ERA 2020,,,,,mh,mh,
AG0033,Kwaga,2014,"Research Journal of Pharmaceutical, Biological and Chemical Sciences",Yes,,"Research Journal of Pharmaceutical, Biological and Chemical Sciences",ERA 2020,,,,,mh,mh,
AG0034,Okoth,2014,Australian Journal of Crop Science,No,,http://www.cropj.com/omindi_8_8_2014_1140_1146.pdf,ERA 2020,,,,,mh,mh,
AG0035,Masaka,2016,International Journal of Recycling of Organic Waste in Agriculture,Yes,10.1007/s40093-016-0123-9,,ERA 2020,,,,,mh,mh,
AG0040,Obalum,2017,Food and Energy Security,Yes,10.1002/fes3.111,,ERA 2020,,,,,mh,mh,
AG0041,Nhamucho,2017,Journal of Entomology,Yes,10.3923/je.2017.136.147,,ERA 2020,,,,,mh,mh,
AG0042,Oloche,2018,Pakistan Journal of Nutrition ,Yes,10.3923/pjn.2018.374.378,,ERA 2020,,,,,mh; sc,mh; sc,
AG0043,Torgbo,2018,"Journal of Microbiology, Biotechnology and Food Sciences",Yes,10.15414/jmbfs.2018.7.6.555-561,,ERA 2020,,,,,mh,mh,
AG0044,Mupangwa,2016,Aims Agriculture and Food,No,10.3934/agrfood.2016.1.85,,ERA 2020,,,,,mh,mh,
AG0045,Rotich,2018,Journal of Rangeland Science,Yes,,326069581_Soil_organic_carbon_content_and_stocks_in_relation_to_grazing_management_in_semi,ERA 2020,,,,,mh,mh,
AG0048,Uwizeyimana,2018,International Soil and Water Conservation Research,No,10.1016/j.iswcr.2018.03.002,,ERA 2020,,,,,mh,mh,
AG0049,Mesfin,2018,Carbon Management,Yes,10.1080/17583004.2018.1443641,,ERA 2020,,,,,mh,mh,
AG0050,Dada,2015,Journal of Fisheries and Aquatic Science,No,10.3923/jfas.2015.569.574,,ERA 2020,,,,,mh; sc,mh; sc,
AG0051,Mutimura,2018,Animal Nutrition,No,10.1016/j.aninu.2018.01.006,,ERA 2020,,,,,mh; sc,mh; sc,
AG0052,Tachia,2016,AACL Bioflux,Yes,www.researchgate.net/publication/309072353_Replacing_maize_with_cassava_peels_in_diets_of_oreochromis_niloticus_Evaluation_of_feed_performance_and_meta-analysis,,ERA 2020,pdfs.semanticscholar.org/c0e8/3db1b37085873e9152cfc94c0e96efa7044b.pdf?_ga=2.87098072.1763324483.1592382801-2038663099.1585815171,,,,mh,mh,
AG0054,Rotich,2018,Journal of Rangeland Science,Yes,,www.sid.ir/en/journal/ViewPaper.aspx?id=595709,ERA 2020,,,,,mh,mh,
AG0057,Kega,2013,Journal of Entomology,Yes,10.3923/je.2013.103.109,,ERA 2020,,,,,mh,mh,
AG0059,Hassan,2018,Asian Journal of Agriculture and Biology,Yes,,www.researchgate.net/publication/326413813,ERA 2020,,,,,mh,mh,
AG0062,Idamokoro,2017,Sustainability (Switzerland),Yes,10.3390/su9061000,,ERA 2020,,,,,mh,mh,
AG0063,Esmail,2015,"Research Journal of Pharmaceutical, Biological and Chemical Sciences",Yes,,www.researchgate.net/publication/290518884_Influence_of_water_stress_on_yield_technological_and_rheological_characteristics_of_some_new_wheat_lines,ERA 2020,,,,,mh,mh,
AG0065,Vandamme,2016,Frontiers in Plant Science,Yes,10.3389/fpls.2016.01435,,ERA 2020,,,,,mh,mh,
AG0066,Tesfaye,2016,International Soil and Water Conservation Research,No,10.1016/j.iswcr.2016.01.003,,ERA 2020,,,,,mh,mh,
AG0067,Seydou,2016,Journal of Agronomy,Yes,10.3923/ja.2016.151.164,,ERA 2020,,,,,mh,mh,
AG0071,Mkonda,2018,Ecosystem Health and Sustainability,Yes,10.1080/20964129.2018.1463146,,ERA 2020,,,,,mh,mh,
AG0072,Mo,2017,Scientific Reports,Yes,10.1038/s41598-017-03372-x,,ERA 2020,,,,,mh,mh,
AG0073,Oiganji,2016,Agricultural Engineering International: CIGR Journal,Yes,,www.researchgate.net/publication/309073355_Calibrating_and_validating_AquaCrop_model_for_maize_crop_in_northern_zone_of_Nigeria,ERA 2020,,,,,mh,mh,
AG0074,Mtangadura,2017,Plos One,No,10.1371/journal.pone.0182840,,ERA 2020,,,,,mh,mh,
AG0075,Mohammed,2016,Carbon Balance and Management,Yes,10.1186/s13021-016-0045-x,,ERA 2020,,,,,mh,mh,
AG0077,Mubiru,2017,Sustainability,Yes,10.3390/su9071084,,ERA 2020,,,,,mh,mh,
AG0078,Sanou,2016,Agriculture and Food Security,Yes,10.1186/s40066-016-0067-3,,ERA 2020,,,,,mh,mh,
AG0079,Onwudike,2015,Asian Journal of Agricultural Research,Yes,10.3923/ajar.2015.276.292,,ERA 2020,,,,,mh,mh,
AG0080,Shunka,2017,Open Agriculture,Yes,10.1515/opag-2017-0019,,ERA 2020,,,,,mh,mh,
AG0082,Rahman,2018,Agronomy-Basel,No,10.3390/agronomy8070120,,ERA 2020,,,,,mh,mh,
AG0083,Ojo,2013,Pakistan Journal of Biological Sciences,No,10.3923/pjbs.2013.1605.1608,,ERA 2020,,,,,mh,mh,
AG0084,Naab,2017,Frontiers in Plant Science,Yes,10.3389/fpls.2017.00996,,ERA 2020,,,,,mh,mh,
AG0085,Nabulime,2015,Journal of Fisheries and Aquatic Science,No,10.3923/jfas.2015.45.53,,ERA 2020,,,,,mh,mh,
AG0086,Nyatuame,2013,International Journal of Soil Science,No,10.3923/ijss.2013.68.77,,ERA 2020,,,,,mh,mh,
AG0087,Salih,2016,Iranian Journal of Applied Animal Science,Yes,,ijas.iaurasht.ac.ir/article_526675_5a54a101dcda6f6b70eab2d3cf7f4c40.pdf,ERA 2020,,,,,mh; sc,mh; sc,
AG0088,Sultan,2018,Journal of Arid Land,Yes,10.1007/s40333-018-0097-8,,ERA 2020,,,,,mh,mh,
AG0089,Kyei-Boahen,2017,Frontiers in Plant Science,Yes,10.3389/fpls.2017.00646,,ERA 2020,,,,,mh,mh,
AG0090,Tumuhimbise,2014,Crop Journal,Yes,10.1016/j.cj.2014.04.008,,ERA 2020,,,,,mh,mh,
AG0091,Mballa,2017,Annual Research and Review in Biology,Yes,10.9734/ARRB/2017/32099,,ERA 2020,,,,,mh,mh,
AG0092,Nwofia,2018,Plant Breeding and Biotechnology,Yes,10.9787/PBB.2018.6.2.95,,ERA 2020,,,,,mh,mh,
AG0093,Oteng-Frimpong,2017,International Journal of Agronomy,Yes,10.1155/2017/7479309,,ERA 2020,,,,,mh,mh,
AG0094,Thierfelder,2015,Environments,Yes,10.3390/environments2030317,,ERA 2020,,,,,mh,mh,
AG0095,Kassu,2017,International Journal of Plant Production,No,10.22069/ijpp.2017.3547,,ERA 2020,,,,,mh,mh,
AG0096,Mutisya,2016,Agronomy,Yes,10.3390/agronomy6030042,,ERA 2020,,,,,mh,mh,
AG0097,Zonabend König,2017,Tropical Animal Health and Production,No,10.1007/s11250-016-1168-5,,ERA 2020,,,,,mh,mh,
AG0098,Kouadria,2017,Journal of Fundamental and Applied Sciences,Yes,10.4314/jfas.v9i3.15,,ERA 2020,,,,,mh,mh,
AG0099,Ezzo,2018,Bioscience Research,Yes,,www.isisn.org/BR15(4)2018/4203-4214-15(4)2018BR18-624.pdf,ERA 2020,,,,,mh,mh,
AG0101,Kiboi,2018,Geoderma Regional,Yes,10.1016/j.geodrs.2018.e00193,,ERA 2020,,,,,mh,mh,
AG0103,Thierfelder,2014,Food Security,Yes,10.1007/s12571-014-0404-y,,ERA 2020,10.1111/j.1475-2743.2012.00406.x.,,,,mh,mh,
AG0104,Mbah,2018,Journal of Agronomy,Yes,10.3923/ja.2018.123.135,,ERA 2020,,,,,mh,mh,
AG0106,Sennhenn,2017,Frontiers in Plant Science,Yes,10.3389/fpls.2017.00699,,ERA 2020,,,,,mh,mh,
AG0107,Pibars,2016,International Journal of ChemTech Research,Yes,,www.sphinxsai.com/2016/ch_vol9_no9/1/(10-19)V9N9CT.pdf,ERA 2020,,,,,mh,mh,
AG0108,Materu,2018,Water,Yes,10.3390/w10081018,,ERA 2020,,,,,mh,mh,
AG0109,Girma,2014,Journal of Agronomy,Yes,10.3923/ja.2014.29.34,,ERA 2020,,,,,mh,mh,
AG0110,Gebremariam,2018,Sustainable Water Resources Management,Yes,10.1007/s40899-018-0238-4,,ERA 2020,,,,,mh,mh,
AG0111,Mansour,2015,International Journal of GEOMATE,Yes,10.13140/RG.2.1.2753.3520,,ERA 2020,,,,,mh,mh,
AG0112,Mansour,2015,International Journal of ChemTech Research,Yes,,www.sphinxsai.com/2015/ch_vol8_no12/1/(142-150)V8N12CT.pdf,ERA 2020,,,,,mh,mh,
AG0113,Hailu,2018,International Journal of Agronomy,Yes,10.1155/2018/5084056,,ERA 2020,,,,,mh,mh,
AG0114,Mansour,2014,International Journal of GEOMATE,Yes,10.21660/2014.14.140531,,ERA 2020,,,,,mh,mh,
AG0115,Maie,2016,International Journal of PharmTech Research,Yes,,www.sphinxsai.com/2016/ph_vol9_no3/1/(86-102)V9N3PT.pdf,ERA 2020,,,,,mh,mh,
AG0116,Mengistie,2016,Agriculture-Basel,Yes,10.3390/agriculture6030027,,ERA 2020,,,,,mh,mh,
AG0117,Kwena,2017,"International Journal of Agricultural Resources, Governance and Ecology",Yes,10.1504/IJARGE.2018.093994,,ERA 2020,,,,,mh,mh,
AG0118,Djaman,2018,Water,Yes,10.3390/w10060711,,ERA 2020,,,,,mh,mh,
AG0120,Tsujimoto,2015,Plant Production Science,No,10.1626/pps.18.365,,ERA 2020,,,,,mh,mh,
AG0121,Solieman,2016,International Journal of ChemTech Research,Yes,,www.sphinxsai.com/2016/ch_vol9_no10/1/(20-30)V9N10CT.pdf,ERA 2020,,,,,mh,mh,
AG0123,Ng’ang’a,2016,Food Security,Yes,10.1007/s12571-016-0567-9,,ERA 2020,,,,,mh,mh,
AG0126,Nwite,2016,Annual Research and Review in Biology,Yes,10.9734/ARRB/2016/25739,,ERA 2020,,,,,mh,mh,
AG0132,Haring,2017,Scientific Reports,Yes,10.1038/s41598-017-10718-y,,ERA 2020,,,,,mh,mh,
AG0133,Sekyi-Annan,2018,Water (Switzerland),Yes,10.3390/w10050624,,ERA 2020,,,,,mh,mh,
AG0135,Dresen,2014,Land,Yes,10.3390/land3031137,,ERA 2020,,,,,mh,mh,
AG0136,Metwally,2017,Bioscience Research,Yes,,www.researchgate.net/publication/320410741_Growing_corn_and_soybean_in_solid_and_intercroppinig_systems_under_different_levels_of_irrigation_water,ERA 2020,,,,,mh,mh,
AG0137,Tsegay,2018,Momona Ethiopian Journal of Science,Yes,10.4314/mejs.v10i2.4,,ERA 2020,,,,,mh,mh,
AG0138,Makonese,2018,International Energy Journal,Yes,,www.rericjournal.ait.ac.th/index.php/reric/article/view/1717/677,ERA 2020,,,,,mh,mh,
AG0139,Omae,2015,Open Agriculture Journal,Yes,10.2174/1874331501509010021,,ERA 2020,,,,,mh,mh,
AG0141,Mezghani,2017,Acta Horticulturae,No,10.17660/ActaHortic.2017.1160.56,,ERA 2020,,,,,mh,mh,
AG0142,Muller,2016,Agricultural Water Management,No,10.1016/j.agwat.2016.06.019,,ERA 2020,,,,,mh,mh,
AG0143,Paul,2015,Agriculture Ecosystems & Environment,No,10.1016/j.agee.2015.04.001,,ERA 2020,,,,,mh,mh,
AG0144,Marwa,2017,Agricultural Engineering International: CIGR Journal,Yes,,cigrjournal.org/index.php/Ejounral/article/download/4440/2659,ERA 2020,,,,,mh,mh,
AG0145,Ramburan,2017,Field Crops Research,No,10.1016/j.fcr.2017.06.001,,ERA 2020,,,,,mh,mh,
AG0146,Niang,2018,Nutrient Cycling in Agroecosystems,No,10.1007/s10705-017-9898-y,,ERA 2020,,,,,mh,mh,
AG0148,Ngwira,2014,Soil & Tillage Research,Yes,10.1016/j.still.2014.05.003,,ERA 2020,,,,,mh,mh,
AN0002,Abdalla,2015,Agronomy,Yes,10.3390/agronomy5040476,,ERA 2020,,,,,mh,mh,
AN0004,Abbas,2018,Egyptian Journal of Agronomy,Yes,10.21608/agro.2018.2660.1091,,ERA 2020,,,,,mh,mh,
AN0005,Galil,2015,Advances in Environmental Biology,Yes,,https://www.researchgate.net/publication/332553583,ERA 2020,,,,,mh,mh,
AN0006,Agbede,2017,Journal of Horticultural Research,Yes,10.1515/johr-2017-0009,,ERA 2020,,,,,mh,mh,
AN0007,Adegun,2016,Asian Journal of Animal and Veterinary Advances,No,10.3923/ajava.2016.725.731,,ERA 2020,,,,,mh; sc,sc,
AN0010,Adnan,2016,Journal of Plant Nutrition,No,10.1080/01904167.2016.1263330,,ERA 2020,,,,,mh,mh,
AN0011,Agyare,2017,International Journal of Agronomy,Yes,10.1155/2017/9840130,,ERA 2020,,,,,mh,mh,
AN0012,Aboagye,2017,Chemical and Biological Technologies in Agriculture,Yes,10.1186/s40538-017-0091-y,,ERA 2020,,,,,mh,mh,
AN0014,Akplo,2017,Journal of Experimental Biology and Agricultural Sciences,Yes,10.18006/2017.5(4).515.524,,ERA 2020,,,,,mh,mh,
AN0015,Afe,2017,International Journal of Recycling of Organic Waste in Agriculture,Yes,10.1007/s40093-017-0166-6,,ERA 2020,,,,,mh,mh,
AN0017,Adjei-Nsiah,2018,Annals of Agricultural Sciences,Yes,10.1016/j.aoas.2018.05.001,,ERA 2020,,,,,mh,mh,
AN0018,Agegnehu,2014,Journal of Soil Science and Plant Nutrition,No,10.4067/S0718-95162014005000042 ,,ERA 2020,,,,,mh,mh,
AN0019,Ahmed,2014,Journal of Animal and Plant Sciences,No,,https://www.researchgate.net/publication/287529073,ERA 2020,,,,,mh,mh,
AN0020,Amobi,2018,Journal of Insects as Food and Feed,Yes,10.3920/JIFF2017.0078,,ERA 2020,,,,,mh; sc,mh; sc,
AN0021,Alabi,2013,Tropical Animal Health and Production,No,10.1007/s11250-013-0368-5,,ERA 2020,,,,,mh; sc,mh; sc,
AN0023,Agbede,2013,Archives of Agronomy and Soil Science,No,10.1080/03650340.2013.780127,,ERA 2020,,,,,mh,mh,
AN0026,Amalu,2011,"Journal of Tropical Agriculture, Food, Environment and Extension",Yes,10.4314/as.v10i3.1,,ERA 2020,,,,,mh,mh,
AN0027,Azzaz,2017,International Journal of Dairy Science,Yes,10.3923/ijds.2017.266.274,,ERA 2020,,,,,mh; sc,mh; sc,
AN0029,Babatunde,2018,Journal of Rangeland Science,Yes,,http://www.rangeland.ir/article_538257.html,ERA 2020,,,,,mh; sc,mh; sc,
AN0030,Bakhoum,2016,International Journal of ChemTech Research,Yes,,https://www.researchgate.net/publication/301678717,ERA 2020,,,,,mh,mh,
AN0031,Adimassu,2014,Land Degradation & Development,No,10.1002/ldr.2182,,ERA 2020,,,,,mh,mh,
AN0032,Assemien,2017,Scientific Reports,Yes,10.1038/s41598-017-10185-5,,ERA 2020,,,,,mh,mh,
AN0033,Berihun,2017,International Journal of Agronomy,Yes,10.1155/2017/6827323,,ERA 2020,,,,,mh,mh,
AN0034,Brah,2018,International Journal of Poultry Science,No,10.3923/ijps.2018.126.133,,ERA 2020,,,,,mh,mh,
AN0035,Baptista,2015,Plos One,No,10.1371/journal.pone.0134244,,ERA 2020,,,,,mh,mh,
AN0036,Biratu,2018,Agriculture,Yes,10.3390/agriculture8040045,,ERA 2020,,,,,mh,mh,
AN0037,Belete,2018,Agriculture and Food Security,Yes,10.1186/s40066-018-0242-9,,ERA 2020,,,,,mh,mh,
AN0038,Camara,2018,Weed Biology and Management,Yes,10.1111/wbm.12158,,ERA 2020,,,,,mh,mh,
AN0039,Gurama,2018,Agronomy Journal,No,,agronomyjournal.usamv.ro/index.php/scientific-papers/past-issues?id=790,ERA 2020,,,,,mh,mh,
AN0040,Biratu,2018,Heliyon,Yes,10.1016/j.heliyon.2018.e00759,,ERA 2020,,,,,mh,mh,
AN0041,Walker,2018,Journal of Stored Products Research,No,10.1016/j.jspr.2018.02.002,,ERA 2020,,,,,mh,mh,
AN0042,Zoundji,2015,Journal of Animal and Plant Sciences,No,,www.researchgate.net/publication/284886891,ERA 2020,,,,,mh,mh,
AN0043,Wallace,2018,Tropical Animal Health and Production,No,10.1007/s11250-018-1588-5,,ERA 2020,,,,,mh,mh,
AN0044,Ziane,2017,International Journal of Agriculture and Biology,No,10.17957/IJAB/15.0287,,ERA 2020,,,,,mh,mh,
AN0045,Zidane,2018,Animal Production,No,10.4025/actascianimsci.v40i1.39663,,ERA 2020,,,,,mh,mh,
AN0046,Shoko,2014,Pakistan Journal of Agricultural Sciences,No,,www.pakjas.com.pk,ERA 2020,,,,,mh,mh,
AN0047,Smith,2016,Agricultural Systems,No,10.1016/j.agsy.2016.03.008,,ERA 2020,,,,,mh,mh,
AN0050,Zerihun,2017,Agronomy-Basel,No,10.3390/agronomy7020042,,ERA 2020,,,,,mh,mh,
AN0051,Zemek,2018,Plant and Soil,No,10.1007/s11104-018-3602-0,,ERA 2020,,,,,mh,mh,
AN0052,Zake,2015,Journal of Plant Nutrition and Soil Science,No,10.1002/jpln.201400281,,ERA 2020,,,,,mh,mh,
AN0054,Sirikare,2015,Acta Agriculturae Scandinavica,Yes,10.1080/09064710.2015.1052547,,ERA 2020,,,,,mh,mh,
AN0056,Tekle,2018,Livestock Research for Rural Development,No,www.lrrd.org/lrrd30/3/dest30050.html,,ERA 2020,,,,,mh,mh,
AN0057,Tekle,2018,Livestock Research for Rural Development,No,,http://www.lrrd.org/lrrd30/8/desta30149.html,ERA 2020,,,,,mh; sc,mh; sc,
AN0058,Wanjohi,2018,Livestock Research for Rural Development,No,,www.lrrd.org/lrrd30/4/dunc30063.html,ERA 2020,,,,,mh; sc,mh; sc,
AN0060.1,Swanepoel,2018,Soil and Tillage Research,No,10.1016/j.still.2018.05.016,,ERA 2020,,,,,mh,mh,
AN0061,Suzuki,2014,Geoderma,No,10.1016/j.geoderma.2014.01.016,,ERA 2020,,,,,mh,mh,
AN0062,Trail,2016,Agronomy Journal,No,10.2134/agronj2015.0422,,ERA 2020,,,,,mh,mh,
AN0063,Traoré,2015,Biology and Fertility of Soils,No,10.1007/s00374-015-1061-9,,ERA 2020,,,,,mh,mh,
AN0065,Tarekegn,2014,Livestock Research for Rural Development,No,,www.researchgate.net/publication/286125672,ERA 2020,,,,,mh,mh,
AN0066,Thierfelder,2016,Agriculture Ecosystems & Environment,No,10.1016/j.agee.2016.02.009,,ERA 2020,,,,,mh,mh,
AN0067,Thierfelder,2015,Soil and Tillage Research,No,10.1016/j.still.2014.10.015,,ERA 2020,,,,,mh,mh,
AN0069,Trabelsi,2015,Chilean Journal of Agricultural Research,No,10.4067/S0718-58392015000100004,,ERA 2020,,,,,mh,mh,
AN0070,Tumwegamire,2016,Crop Science,No,10.2135/cropsci2015.10.0612,,ERA 2020,,,,,mh,mh,
AN0075,Tovihoudji,2017,Nutrient Cycling in Agroecosystems,No,10.1007/s10705-017-9872-8,,ERA 2020,,,,,mh,mh,
AN0076,Singh,2017,Pest Management Science,Yes,10.1002/ps.4636,,ERA 2020,,,,,mh,mh,
AN0078,Taye,2017,Land Degradation & Development,No,10.1002/ldr.2814,,ERA 2020,,,,,mh,mh,
AN0080,Soma,2018,Acta Agriculturae Scandinavica Section B-Soil and Plant Science,Yes,10.1080/09064710.2017.1414871,,ERA 2020,,,,,mh,mh,
AN0081,Takim,2014,Poljoprivreda,Yes,,www.researchgate.net/publication/263587202,ERA 2020,,,,,mh,mh,
AN0083,Sime,2015,Soil and Tillage Research,No,10.1016/j.still.2014.12.001,,ERA 2020,,,,,mh,mh,
AN0084,Snapp,2018,Agricultural Systems,No,10.1016/j.agsy.2018.01.012,,ERA 2020,,,,,mh,mh,
AN0085,Sime,2015,Experimental Agriculture,No,10.1017/S0014479715000125,,ERA 2020,,,,,mh,mh,
AN0086,Vandamme,2018,Field Crops Research,No,10.1016/j.fcr.2018.02.016,,ERA 2020,,,,,mh,mh,
AN0087,Vandamme,2014,Nutrient Cycling in Agroecosystems,No,10.1007/s10705-014-9605-1,,ERA 2020,,,,,mh,mh,
AN0090,Wiese,2016,South African Journal of Plant and Soil,No,10.1080/02571862.2015.1057772,,ERA 2020,,,,,mh,mh,
AN0091,Wolde-meskel,2018,Agriculture Ecosystems & Environment,No,10.1016/j.agee.2018.01.035,,ERA 2020,,,,,mh,mh,
AN0092,Savini,2016,Nutrient Cycling in Agroecosystems,No,10.1007/s10705-016-9760-7,,ERA 2020,,,,,mh,mh,
AN0093,Wildemeersch,2015,Land Degradation & Development,No,10.1002/ldr.2416,,ERA 2020,,,,,mh,mh,
AN0095,Yesuf,2014,Asian Journal of Crop Science,No,10.3923/ajcs.2014.273.280,,ERA 2020,,,,,mh,mh,
AN0097,Shaibu,2018,Crop Science,No,10.2135/cropsci2017.04.0255,,ERA 2020,,,,,mh,mh,
AN0098,Sul,2013,Soil Biology & Biochemistry,No,10.1016/j.soilbio.2013.05.007,,ERA 2020,10.1016/j.soilbio.2008.08.010,,,,mh,mh,
AN0101,Yactayo,2017,Open Agriculture,Yes,10.1515/opag-2017-0028,,ERA 2020,,,,,mh,mh,
AN0102,Shaibu,2015,Experimental Agriculture,No,10.1017/S0014479714000325,,ERA 2020,,,,,mh,mh,
AN0103,Sikaoui,2016,Annals of Arid Zones,Yes,,https://www.researchgate.net/publication/312605095,ERA 2020,,,,,mh,mh,
AN0105,Traoré,2018,Livestock Science,No,10.1016/j.livsci.2018.01.013,,ERA 2020,,,,,mh,mh,
AN0106,Tabor,2016,Scientia Horticulturae,No,10.1016/j.scienta.2016.05.011,,ERA 2020,,,,,mh,mh,
AN0108,Tsujimoto,2017,Field Crops Research,No,10.1016/j.fcr.2017.06.030,,ERA 2020,,,,,mh,mh,
AN0109,Tovihoudji,2017,Field Crops Research,No,10.1016/j.fcr.2017.08.003,,ERA 2020,,,,,mh,mh,
AN0110,Hassine,2017,Saudi Society for Geosciences,Yes,10.1007/s12517-017-3088-8,,ERA 2020,,,,,mh,mh,
AN0111,Cheong,2015,Sugar Tech,Yes,10.1007/s12355-015-0374-1,,ERA 2020,,,,,mh,mh,
AN0112,Stuerz,2014,Field Crops Research,No,10.1016/j.fcr.2014.04.004,,ERA 2020,,,,,mh,mh,
AN0115,Tesfahunegn,2015,Agricultural Water Management,No,10.1016/j.agwat.2014.10.004,,ERA 2020,,,,,mh,mh,
AN0116,Tsegay,2015,Agricultural Water Management,No,10.1016/j.agwat.2014.11.014,,ERA 2020,,,,,mh,mh,
AN0117,Tumuhimbise,2014,Field Crops Research,No,10.1016/j.fcr.2014.07.006,,ERA 2020,,,,,mh,mh,
AN0118,Vugt,2017,Experimental Agriculture,No,10.1017/S0014479716000430,,ERA 2020,,,,,mh,mh,
AN0120,Yemadje,2016,Journal of Arid Environments,No,10.1016/j.jaridenv.2015.10.017,,ERA 2020,,,,,mh,mh,
AN0121,Wang,2016,Field Crops Research,No,10.1016/j.fcr.2016.07.001,,ERA 2020,,,,,mh,mh,
AN0122,Ward,2017,Soil Biology & Biochemistry,No,10.1016/j.soilbio.2017.08.035,,ERA 2020,,,,,mh,mh,
AN0123,Ali,2016,Outlook on Agriculture,No,10.1177/0030727016665034,,ERA 2020,,,,,mh,mh,
AN0124,Abdelkhalek,2015,Annals of Agricultural Science,Yes,10.1016/j.aoas.2015.10.012,,ERA 2020,,,,,mh,mh,
AN0125,Abdelraouf,2016,International Journal of ChemTech Research,Yes,,https://www.researchgate.net/publication/308655933,ERA 2020,,,,,mh,mh,
AN0126,Adeboye,2015,Agriculture and Food Security,Yes,10.1186/s40066-015-0030-8,,ERA 2020,,,,,mh,mh,
AN0127,Abdelraouf,2016,International Journal of ChemTech Research,Yes,,https://www.researchgate.net/publication/310614170,ERA 2020,,,,,mh,mh,
AN0128,Ali,2017,Bioscience Journal,Yes,10.14393/BJ-v33n4a2017-33954,,ERA 2020,,,,,mh,mh,
AN0129,Sommer,2015,Nutrient Cycling in Agroecosystems,No,10.1007/s10705-015-9693-6,,ERA 2020,,,,,mh,mh,
AN0130,Wouterse,2017,Climatic Change,Yes,10.1007/s10584-017-2096-8,,ERA 2020,,,,,mh,mh,
AN0132,Thierfelder,2015,Experimental Agriculture,No,10.1017/S0014479715000265,,ERA 2020,,,,,mh,mh,
AN0133,Wathore,2017,Environmental Science & Technology,No,10.1021/acs.est.6b05557,,ERA 2020,,,,,mh,mh,
AN0134,El-Halim,2014,Archives of Agronomy and Soil Science,No,10.1080/03650340.2013.823478,,ERA 2020,,,,,mh,mh,
B01063,Mulaudzi,2022,Sustainability,,10.3390/su14095067,,ERA 2024 Livestock,,,,,cc,cc,V1.2.7
BO1002,Kholif,2022,Animal,,10.3390/ani12121589,,ERA 2024 Livestock,,,,,cc,cc,V1.2.7
BO1020,Aboamer,2023,Egyptian Journal of Nutrition and Feeds,,10.21608/ejnf.2023.297886,,ERA 2024 Livestock,,,,,cc,cc,V1.2.3
BO1027,Roba,2022,Heliyon,,10.1016/j.heliyon.2022.e11958,,ERA 2024 Livestock,,,,,cc,cc,V1.2.7
BO1040,Shaarawy,2018,Egyptian Journal of Nutrition and Feeds,,https://doi.org/10.21608/ejnf.2018.75519,,ERA 2024 Livestock,,,,,cc,cc,V1.2.7
BO1047,Begna,2023,Food Science & Nutrition,,10.1002/fsn3.3687,,ERA 2024 Livestock,,,,,cc,cc,V1.2.7
BO1055,Salum,2024,International Journal of Animal Science and Technology,,10.11648/j.ijast.20240802.12,,ERA 2024 Livestock,,,,,cc,cc,V1.2.7
BO1058,Aziz,2020,Journal of Animal and Poultry Production,,10.21608/jappmu.2020.112792,,ERA 2024 Livestock,,,,,cc,cc,V1.2.7
BO1059,Suliman,2024,Assiut Journal of Agricultural Sciences,,10.21608/ajas.2024.269374.1335,,ERA 2024 Livestock,,,,,cc,cc,V1.2.7
BO1062,Mulaudzi,2022,Poultry,,10.3390/poultry1020006,,ERA 2024 Livestock,,,,,cc,cc,V1.2.7
BO1066,Yagoubi,2021,Animal,,10.3390/ani11030655,,ERA 2024 Livestock,,,,,cc,cc,V1.2.7
BO1085,Hassan,2021,"Annals of Agricultural Science, Moshtohor",,,Sources,ERA 2024 Livestock,,,,,cc,cc,V1.2.7
BO1095,Elgaml,2020,Journal of Food and Animal Science,,10.21608/jfds.2020.130425,,ERA 2024 Livestock,,,,,cc,cc,V1.2.7
CJ0001,WADDINGTON,2007,Experimental Agriculture,,10.1017/S0014479707005303,,ERA 2023,,,,,ie,ie,V2.0.28
CJ0002,Kamara,2005,Experimental Agriculture,,10.1017/S0014479704002479,,ERA 2023,,,,,ie,ie,V2.0.27
CJ0003,Rapholo,2019,Experimental Agriculture,,10.1017/S0014479719000206,,ERA 2023,,,,,ie,ie,V2.0.7
CJ0004,Olorunnisomo,2009,Grass and Forage Science,,10.1111/j.1365-2494.2009.00706.x,,ERA 2023,,,,,ie,ie,V2.0.8
CJ0005,Orebo,2021,Heliyon,,10.2134/agronj2011.0181,,ERA 2023,,,,,ie,ie,V2.0.8
CJ0006,Kutamahufa,2022,"Acta Agriculturae Scandinavica, Section B — Soil & Plant Science",,10.1080/09064710.2021.1998593,,ERA 2023,,,,,ie,ie,V2.0.8
CJ0007,Tadesse,2020,Archives of Agronomy and Soil Science,,10.1080/03650340.2023.2175352,,ERA 2023,,,,,ie,ie,V2.0.9
CJ0008,Kaizzi,2012,Agronomy Journal,,10.2134/agronj2011.0181,,ERA 2023,,,,,ie,ie,V2.0.9
CJ0010,Musokwa,2021,Agronomy-Basel,,10.3390/agronomy11010005,,ERA 2023,,,,,ie,ie,V2.0.9
CJ0011,Yimer,2022,Agronomy Journal,,10.1002/agj2.21143,,ERA 2023,,,,,ie,ie,V2.0.21
CJ0013,Mutsamba,2020,Njas-Wageningen Journal of Life Sciences,,10.1016/j.njas.2019.100317,,ERA 2023,,,,,ie,ie,V2.0.11
CJ0014,Mutuku,2020,Field Crops Research,,10.1016/j.fcr.2020.107833,,ERA 2023,,,,,ie,ie,V2.0.12
CJ0015,Souza,2022,Journal of Agricultural Science,,10.1017/S0021859622000478,,ERA 2023,,,,,ie,ie,V2.0.13
CJ0016,Lopez-Hernandez,2019,Agrociencia,,,https://agrociencia-colpos.org/index.php/agrociencia/article/download/1845/1842,ERA 2023,,,,,ie,ie,V2.0.13
CJ0017,Carlos Suarez,2022,Agronomy-Basel,,10.3390/agronomy12051216,,ERA 2023,10.1016/j.scienta.2022.111108,,,,ie,ie,V2.0.13
CJ0018,Oliveira,2021,Crop and Pasture Science,,10.1071/CP20383,,ERA 2023,,,,,ie,ie,V2.0.14
CJ0019,De Assis,2014,Revista Brasileira de Engenharia Agricola e Ambiental,,10.1590/1807-1929/agriambi.v18n11p1116-1123,,ERA 2023,,,,,ie,ie,V2.0.14
CJ0020,Castro,2018,Sustainability,,10.3390/su10030578,,ERA 2023,,,,,ie,ie,V2.0.14
CJ0022,Soratto,2022,Food and Energy Security,,10.1002/fes3.365,,ERA 2023,10.2134/agronj14.024,10.1016/j.scienta.2015.01.007,,,ie,ie,V2.0.14
CJ0024,Pasley,2020,Nutrient Cycling in Agroecosystems,,10.1007/s10705-020-10049-x,,ERA 2023,10.1007/s10705-019-10016-1,,,,ie,ie,V2.0.14
CJ0025,Ewansiha,2008,Journal of Sustainable Agriculture,,10.1080/10440040802257181,,ERA 2023,,,,,ie,ie,V2.0.14
CJ0026,Mupangwa,2019,Renewable Agriculture and Food Systems,,10.1017/S1742170517000606,,ERA 2023,,,,,ie,ie,V2.0.16
CJ0027,Liben,2017,Agronomy Journal,,10.2134/agronj2017.02.0072,,ERA 2023,,,,,ie,ie,V2.0.14
CJ0029,Zizinga,2022,Water,,10.3390/w14010079,,ERA 2023,,,,,ie,ie,V2.0.17
CJ0030,Mugi-Ngenga,2022,Field Crops Research,,10.1016/j.fcr.2022.108656,,ERA 2023,,,,,ie,ie,V2.0.19
CJ0031,Ansu,2023,International Journal of Agronomy,,10.1155/2023/2437607,,ERA 2023,,,,,ie,ie,V2.0.19
CJ0032,Essel,2020,Journal of Soil Science and Plant Nutrition,,10.1007/s42729-020-00240-y,,ERA 2023,,,,,ie,ie,V2.0.19
CJ0033,Kaluba,2022,International Journal of Agronomy,,10.1155/2022/3649355,,ERA 2023,,,,,ie,ie,V2.0.19
CJ0034,Dela,2023,Open Life Sciences,,10.1515/biol-2022-0537,,ERA 2023,,,,,ie,ie,V2.0.19
CJ0039,Laub,2023,Field Crops Research,,10.1016/j.fcr.2022.108788,,ERA 2023,,,,,ie,ie,V2.0.19
CJ0040,Adjei-Nsiah,2022,Peerj,,10.7717/peerj.12671,,ERA 2023,,,,,ie,ie,V2.0.19
CJ0041,Chekanai,2018,Agriculture Ecosystems & Environment,,10.1016/j.agee.2018.08.010,,ERA 2023,,,,,ie,ie,V2.0.19
CJ0042,El-Mehy,2023,Frontiers in Sustainable Food Systems,,10.3389/fsufs.2023.1052392,,ERA 2023,,,,,ie,ie,V2.0.19
CJ0043,Salama,2021,Agronomy-Basel,,10.3390/agronomy11050863,,ERA 2023,,,,,ie,ie,V2.0.19
CJ0044,Haile,2023,Potato Research,,10.1007/s11540-023-09625-9,,ERA 2023,,,,,ie,ie,V2.0.19
CJ0047,Ndengu,2022,Experimental Agriculture,,10.1111/sum.12149,,ERA 2023,,,,,ie,ie,V2.0.20
CJ0050,Midega,2015,Field Crops Research,,10.1016/j.fcr.2015.05.022,,ERA 2023,,,,,ie,ie,V2.0.21
CJ0051,Fonteyne,2021,Frontiers in Sustainable Food Systems,,10.3389/fsufs.2021.734681,,ERA 2023,,,,,ie,ie,V2.0.21
CJ0052,Oikeh,2007,African Journal of Agricultural Research,,,https://www.researchgate.net/publication/228516261,ERA 2023,,,,,ie,ie,V2.0.21
CJ0053,Bayisa,2021,Air Soil and Water Research,,10.1017/S0014479709990457,,ERA 2023,,,,,ie,ie,V2.0.21
CJ0054,Mbanyele,2022,Agronomy-Basel,,10.3390/agriculture12050622,,ERA 2023,,,,,ie,ie,V2.0.21
CJ0056,Scopel,2005,Agronomy for Sustainable Development,,10.1051/agro:2005041,,ERA 2023,,,,,ie,ie,V2.0.21
CJ0057,Latati,2014,Plant and Soil,,10.1007/s11104-014-2214-6,,ERA 2023,,,,,ie,ie,V2.0.21
CJ0058,Munisse,2012,Experimental Agriculture,,10.1017/S0014479712000051,,ERA 2023,,,,,ie,ie,V2.0.21
CJ0059,Silva,2016,Ciencia E Investigacion Agraria,,10.4067/S0718-16202016000100015,,ERA 2023,,,,,ie,ie,V2.0.21
CJ0060,Nassary,2020,Journal of Agriculture and Food Research,,10.1016/j.jafr.2020.100040,,ERA 2023,,,,,ie,ie,V2.0.21
CJ0061,Yokoyama,2022,Acta Scientiarum-Agronomy,,10.1007/s10705-021-10157-2,,ERA 2023,,,,,ie,ie,V2.0.21
CJ0062,Cardinael,2022,Field Crops Research,,10.1016/j.fcr.2021.108335,,ERA 2023,,,,,ie,ie,V2.0.21
CJ0063,Alves,2020,Revista Caatinga,,10.1590/1983-21252020v33n307rc,,ERA 2023,,,,,ie,ie,V2.0.21
CJ0065,Balde,2020,Experimental Agriculture,,10.1017/S0014479720000150,,ERA 2023,,,,,ie,ie,V2.0.21
CJ0067,Mureithi,2005,Journal of Sustainable Agriculture,,10.1300/J064v25n04\_06,,ERA 2023,,,,,ie,ie,V2.0.21
CJ0068,Hirooka,2021,Agronomy-Basel,,10.3390/agronomy11091767,,ERA 2023,,,,,ie,ie,V2.0.21
CJ0071,Besen,2021,Communications in Soil Science and Plant Analysis,,10.1080/00103624.2021.1892724,,ERA 2023,,,,,ie,ie,V2.0.21
CJ0072,Crusciol,2012,Agronomy Journal,,10.2134/agronj2012.0002,,ERA 2023,,,,,ie,ie,V2.0.21
CJ0073,Verhulst,2011,Plant and Soil,,10.1007/s11104-010-0620-y,,ERA 2023,,,,,ie,ie,V2.0.21
CJ0074,Nassary,2020,Agronomy-Basel,,10.3390/agriculture10040117,,ERA 2023,,,,,ie,ie,V2.0.21
CJ0075,Mupangwa,2023,Agronomy-Basel,,10.3390/agronomy13010115,,ERA 2023,,,,,ie,ie,V2.0.21
CJ0076,Meya,2023,Agronomy,,10.3390/agronomy13051418,,ERA 2023,,,,,ie,ie,V2.0.21
CJ0078,Alemán,2001,Agronomy,,10.2134/agronj2001.933556x,,ERA 2023,,,,,ie,ie,V2.0.21
CJ0079,Skonieski,2019,Agronomy-Basel,,10.3390/agronomy9120812,,ERA 2023,,,,,ie,ie,V2.0.21
CJ0080,Zotarelli,2012,Field Crops Research,,10.1016/j.fcr.2011.12.013,,ERA 2023,,,,,ie,ie,V2.0.21
CJ0081,Asaye,2022,Land,,10.3390/land11060784,,ERA 2023,,,,,ie,ie,V2.0.21
CJ0082,Bashagaluke,2019,Soil Use and Management,,10.1007/s10705-019-09969-0,,ERA 2023,,,,,ie,ie,V2.0.21
CJ0084,Aleman,2016,Revista Caatinga,,10.1590/1983-21252016v29n207rc,,ERA 2023,,,,,ie,ie,V2.0.21
CJ0086,Panison,2019,Revista Brasileira De Ciencia Do Solo,,10.1590/18069657rbcs20170338,,ERA 2023,,,,,ie,ie,V2.0.21
CJ0087,Galindo,2017,Semina: Ciencias Agrarias,,10.5433/1679-0359.2017v38n4p1749,,ERA 2023,,,,,ie,ie,V2.0.21
CJ0088,Aleminew,2020,Cogent Food & Agriculture,,10.1080/23311932.2020.1728084,,ERA 2023,,,,,ie,ie,V2.0.21
CJ0089,Adu,2018,Annals of Agricultural Science,,10.1016/j.aoas.2018.10.001,,ERA 2023,,,,,ie,ie,V2.0.21
CJ0090,de Souza,2014,Revista Brasileira de Ciência do Solo,,10.1590/S0100-06832014000300024,,ERA 2023,,,,,ie,ie,V2.0.21
CJ0091,Munhoz de Almeida,2017,Pesquisa Agropecuaria Brasileira,,10.1590/S0100-204X2017000300004,,ERA 2023,,,,,ie,ie,V2.0.21
CJ0093,Gutema,2023,Agriculture Ecosystems & Environment,,10.1002/agg2.20360,,ERA 2023,,,,,ie,ie,V2.0.21
CJ0094,Flor Souza,2021,Acta Scientiarum-Agronomy,,10.4025/actasciagron.v43i1.52045,,ERA 2023,,,,,ie,ie,V2.0.21
CJ0095,Agyin-Birikorang,2020,Nutrient Cycling in Agroecosystems,,10.1007/s10705-019-10039-8,,ERA 2023,,,,,ie,ie,V2.0.21
CJ0096,Oladele,2019,International Journal of Recycling of Organic Waste in Agriculture,,10.1007/s40093-019-0251-0,,ERA 2023,,,,,ie,ie,V2.0.21
CJ0097,Soratto,2014,Agronomy Journal,,10.2134/agronj13.0439,,ERA 2023,,,,,ie,ie,V2.0.21
CJ0098,Caires,2015,European Journal of Agronomy,,10.1016/j.eja.2015.02.008,,ERA 2023,,,,,ie,ie,V2.0.21
CJ0099,Midega,2010,International Journal of Pest Management,,10.1080/09670870903248843,,ERA 2023,,,,,ie,ie,V2.0.23
CJ0100,Akponikpe,2008,Experimental Agriculture,,10.1017/S001447970800673X,,ERA 2023,,,,,ie,ie,V2.0.23
CJ0101,Longhini,2016,Revista Caatinga,,10.1590/1983-21252016v29n210rc,,ERA 2023,,,,,ie,ie,V2.0.23
CJ0102,Lima,2022,Symbiosis,,10.1007/s13199-022-00870-z,,ERA 2023,,,,,ie,ie,V2.0.23
CJ0103,Goncalves de Souza Lima,2019,Revista Caatinga,,10.1590/1983-21252019v32n117rc,,ERA 2023,,,,,ie,ie,V2.0.23
CJ0104,Hussein,2022,Egyptian Journal of Soil Science,,10.21608/EJSS.2019.6778.1566,,ERA 2023,,,,,ie,ie,V2.0.23
CJ0105,Keba,2022,Advances in Agriculture,,10.1155/2022/1608499,,ERA 2023,,,,,ie,ie,V2.0.23
CJ0106,Alvarez,2019,Revista Brasileira de Engenharia Agricola e Ambiental,,10.1590/1807-1929/agriambi.v23n11p840-846,,ERA 2023,,,,,ie,ie,V2.0.23
CJ0108,Temeche,2022,Advances in Agriculture,,10.1155/2022/6987871,,ERA 2023,,,,,ie,ie,V2.0.23
CJ0109,Coelho,2022,Revista Brasileira de Ciência do Solo,,10.36783/18069657rbcs20210087,,ERA 2023,,,,,ie,ie,V2.0.23
CJ0110,Geant,2020,Cogent Food & Agriculture,,10.1080/23311932.2020.1805226,,ERA 2023,,,,,ie,ie,V2.0.23
CJ0111,Meya,2020,Agronomy,,10.3390/agronomy10020289,,ERA 2023,10.3390/agronomy13051418,,,,ie,ie,V2.0.23
CJ0113,Giacomeli,2017,Revista Brasileira de Ciência do Solo,,10.1590/18069657rbcs20160237,,ERA 2023,,,,,ie,ie,V2.0.23
CJ0115,Tadesse,2018,International Journal of Recycling of Organic Waste in Agriculture,,10.1007/s40093-018-0198-6,,ERA 2023,,,,,ie,ie,V2.0.23
CJ0117,Rosa,2022,Microorganisms,,10.3390/microorganisms10010192,,ERA 2023,,,,,ie,ie,V2.0.23
CJ0118,Goncalves Da Silva,2010,Communications in Soil Science and Plant Analysis,,10.1080/00103624.2010.514371,,ERA 2023,,,,,ie,ie,V2.0.23
CJ0119,Caires,2017,Geoderma,,10.1016/j.geoderma.2017.08.032,,ERA 2023,,,,,ie,ie,V2.0.23
CJ0120,Fink,2020,Journal of Soil Science and Plant Nutrition,,10.1007/s42729-020-00232-y,,ERA 2023,,,,,ie,ie,V2.0.23
CJ0121,Adeyemo A.J.,2019,International Journal of Recycling of Organic Waste in Agriculture,,10.1007/s40093-019-0273-7,,ERA 2023,,,,,ie,ie,V2.0.23
CJ0122,Ogunboye O.I.,2020,Open Agriculture Journal,,10.2174/1874331502014010036,,ERA 2023,,,,,ie,ie,V2.0.23
CJ0123,Ajeigbe H.A.,2020,International Journal of Agronomy,,10.1155/2020/1802460,,ERA 2023,,,,,ie,ie,V2.0.23
CJ0124,Hoeschle-Zeledon,2021,Agronomy Journal,,10.1002/agj2.20536,,ERA 2023,,,,,ie,ie,V2.0.23
CJ0125,Abdoul-Karim,2022,Discover Sustainability,,10.1007/s43621-022-00099-2,,ERA 2023,,,,,ie,ie,V2.0.23
CJ0126,Njoroge R.,2018,Agronomy,,10.3390/agronomy8040049,,ERA 2023,,,,,ie,ie,V2.0.23
CJ0127,Shehu B.M.,2018,Agronomy,,10.3390/agronomy8020018,,ERA 2023,,,,,ie,ie,V2.0.23
CJ0128,Ayanfeoluwa O.E.,2021,Eurasian Journal of Soil Science,,10.14720/aas.2021.117.4.1887,,ERA 2023,,,,,ie,ie,V2.0.23
CJ0129,Hatungimana,2021,"African Journal of Food, Agriculture, Nutrition and Development",,10.18697/ajfand.98.19670,,ERA 2023,,,,,ie,ie,V2.0.23
CJ0130,Adimassu Z.,2019,Agricultural Systems,,10.1016/j.agsy.2018.10.007,,ERA 2023,,,,,ie,ie,V2.0.23
CJ0131,Onasanya,2021,Field Crops Research,,10.1016/j.fcr.2020.108038,,ERA 2023,,,,,ie,ie,V2.0.23
CJ0132,Bwana,2021,Science of the Total Environment,,10.1016/j.scitotenv.2021.147301,,ERA 2023,10.1007/978-3-030-37537-9_10,,,,ie,ie,V2.0.23
CJ0133,Alemayehu,2018,Cogent Food & Agriculture,,10.1080/23311932.2018.1439663,,ERA 2023,,,,,ie,ie,V2.0.23
CJ0134,Law-Ogbomo,2019,Acta Horticulturae,,10.17660/ActaHortic.2019.1251.3,,ERA 2023,,,,,ie,ie,V2.0.23
CJ0136,Afreh,2022,International Journal of Agronomy,,10.1155/2022/7186913,,ERA 2023,,,,,ie,ie,V2.0.23
CJ0137,MacCarthy D.S.,2020,Agronomy,,10.3390/agronomy10060904,,ERA 2023,,,,,ie,ie,V2.0.23
CJ0138,Tovihoudji,2022,Frontiers in Sustainable Food Systems,,10.3389/fsufs.2022.1036133,,ERA 2023,,,,,ie,ie,V2.0.23
CJ0139,Gezahegn,2019,Cogent Food & Agriculture,,10.1080/23311932.2019.1707038,,ERA 2023,,,,,ie,ie,V2.0.23
CJ0140,Cyamweshi A.R.,2022,Experimental Agriculture,,10.1017/S0014479722000096,,ERA 2023,,,,,ie,ie,V2.0.23
CJ0142,Aboyeji,2021,Scientific Reports,,10.1038/s41598-021-87663-4,,ERA 2023,,,,,ie,ie,V2.0.23
CJ0144,Aleminew A.,2020,Journal of Plant Nutrition,,10.1080/01904167.2020.1771574,,ERA 2023,,,,,ie,ie,V2.0.23
CJ0145,Abu Alama,2022,Yuzuncu Yil University Journal of Agricultural Sciences,,10.29133/yyutbd.1072637,,ERA 2023,,,,,ie,ie,V2.0.23
CJ0146,Katterer T.,2022,Agronomy for Sustainable Development,,Katterer T.,,ERA 2023,,,,,ie,ie,V2.0.23
CJ0148,Alemayehu,2020,Cogent Food & Agriculture,,10.1080/23311932.2020.1724385,,ERA 2023,10.1080/23311932.2018.1439663,,,,ie,ie,V2.0.23
CJ0149,Ajayi,2020,Journal of Agricultural Sciences (Belgrade),,10.2298/JAS2003213A,,ERA 2023,,,,,ie,ie,V2.0.23
CJ0150.1,Awio T.,2021,Field Crops Research,,10.1016/j.fcr.2021.108219,,ERA 2023,,,,,ie,ie,V2.0.24
CJ0151,Akpan J.F.,2020,Asian Journal of Plant Sciences,,10.3923/ajps.2020.166.176,,ERA 2023,,,,,ie,ie,V2.0.23
CJ0152,Alemayehu,2022,Journal of Plant Growth Regulation,,10.1007/s00344-022-10741-y,,ERA 2023,,,,,ie,ie,V2.0.23
CJ0153,Ganya,2018,International Journal of Agronomy,,10.1515/opag-2018-0034,,ERA 2023,,,,,ie,ie,V2.0.23
CJ0154,Kihara,2022,Experimental Agriculture,,10.1017/S0014479721000296,,ERA 2023,,,,,ie,ie,V2.0.23
CJ0155,Moussadek,2023,Ecological Engineering and Environmental Technology,,10.12912/27197050/155024,,ERA 2023,,,,,ie,ie,V2.0.23
CJ0156,Sorour,2020,Applied and Environmental Soil Science,,10.15666/aeer/1806_76737684,,ERA 2023,,,,,ie,ie,V2.0.23
CJ0157,Tekeste N.,2018,Open Agriculture,,10.2174/1874331501812010194,,ERA 2023,,,,,ie,ie,V2.0.23
CJ0158,Saudy,2018,Communications in Soil Science and Plant Analysis,,10.1080/00103624.2018.1510949,,ERA 2023,,,,,ie,ie,V2.0.23
CJ0159,Tchapga,2023,Open Agriculture,,10.1515/opag-2022-0142,,ERA 2023,https://ijlsar.org/index.php/ijlsar/article/view/143/70,,,,ie,ie,V2.0.23
CJ0160,Njoku,2020,Chiang Mai University Journal of Natural Sciences,,10.12982/CMUJNS.2020.0019,,ERA 2023,,,,,ie,ie,V2.0.23
CJ0162,Akinrinade,2023,International Journal of Recycling of Organic Waste in Agriculture,,10.30486/ijrowa.2021.1932327.1260,,ERA 2023,,,,,ie,ie,V2.0.23
CJ0163,Asiwe J.N.A.,2021,International Journal of Agriculture and Biology,,10.17957/IJAB/15.1633,,ERA 2023,,,,,ie,ie,V2.0.23
CJ0165,Bakry,2022,Asian Journal of Plant Sciences,,10.3923/ajps.2022.423.431,,ERA 2023,,,,,ie,ie,V2.0.23
CJ0167,Bilong,2022,Heliyon,,10.1016/j.heliyon.2022.e09570,,ERA 2023,,,,,ie,ie,V2.0.23
CJ0168,Daudu,2018,Agronomy Journal,,10.2134/agronj2017.08.0469,,ERA 2023,,,,,ie,ie,V2.0.23
CJ0169,Guindo,2022,Agronomy,,10.3390/agronomy12061480,,ERA 2023,,,,,ie,ie,V2.0.23
CJ0170,Boateng K.K.,2020,Sustainability,,10.3390/su122410239,,ERA 2023,,,,,ie,ie,V2.0.23
CJ0171,Iliasso,2022,Agronomy Journal,,10.1002/agj2.21129,,ERA 2023,,,,,ie,ie,V2.0.23
CJ0172,M.E.-S,2019,"Acta Scientiarum Polonorum, Hortorum Cultus",,10.24326/asphc.2019.1.6,,ERA 2023,,,,,ie,ie,V2.0.23
CJ0173,Nada,2022,Journal of Ecological Engineering,,10.12911/22998993/147252,,ERA 2023,,,,,ie,ie,V2.0.23
CJ0174,Hafez,2022,Open Agriculture,,10.2174/18743315-v16-e2204180,,ERA 2023,,,,,ie,ie,V2.0.23
CJ0175,Razafintsalama H.,2022,Sustainability (Switzerland),,10.3390/su14094907,,ERA 2023,,,,,ie,ie,V2.0.23
CJ0177,Keba,2022,Heliyon,,10.1016/j.heliyon.2022.e10433,,ERA 2023,,,,,ie,ie,V2.0.23
CJ0178,Kassa,2022,Proceedings of the National Academy of Sciences India Section B - Biological Sciences,,10.1007/s40011-022-01384-w,,ERA 2023,,,,,ie,ie,V2.0.23
CJ0179,Baraki,2019,International Journal of Agronomy,,10.1155/2019/7804621,,ERA 2023,,,,,ie,ie,V2.0.23
CJ0181,Essel,2021,Communications in Soil Science and Plant Analysis,,10.1080/00103624.2020.1862151,,ERA 2023,,,,,ie,ie,V2.0.23
CJ0182.1,Desta G.,2022,Experimental Agriculture,,10.1017/S0014479722000072,,ERA 2023,,,,,ie,ie,V2.0.24
CJ0182.2,Desta G.,2022,Experimental Agriculture,,10.1017/S0014479722000072,,ERA 2023,,,,,ie,ie,V2.0.24
CJ0183,Mijena,2022,Journal of Agriculture and Food Research,,10.1016/j.jafr.2022.100400,,ERA 2023,,,,,ie,ie,V2.0.24
CJ0184,Olaleye,2020,Agronomy,,10.3390/agronomy10030400,,ERA 2023,,,,,ie,ie,V2.0.24
CJ0185,Dembele,2021,Agronomy Journal,,10.1002/agj2.20850,,ERA 2023,,,,,ie,ie,V2.0.24
CJ0186,Belay,2022,Water (Switzerland),,10.3390/w14030476,,ERA 2023,,,,,ie,ie,V2.0.24
CJ0187,Fukuda,2021,Plos One,,10.1371/journal.pone.0250240,,ERA 2023,,,,,ie,ie,V2.0.24
CJ0188,Kwesiga,2019,Agronomy,,10.3390/agronomy9100632,,ERA 2023,,,,,ie,ie,V2.0.24
CJ0189,Ebanyat,2021,Frontiers in Sustainable Food Systems,,10.3389/fsufs.2021.674926,,ERA 2023,,,,,ie,ie,V2.0.24
CJ0190,Yimam A.Y.,2020,Water,,10.3390/W12040947,,ERA 2023,,,,,ie,ie,V2.0.24
CJ0191,Mihiretu,2022,Advances in Agriculture,,10.1155/2022/9031999,,ERA 2023,,,,,ie,ie,V2.0.24
CJ0192,Kassie M.,2019,Journal of Crop Science and Biotechnology,,10.1007/s12892-019-0080-0,,ERA 2023,,,,,ie,ie,V2.0.24
CJ0193,Mwinuka,2021,Scientia Horticulturae,,10.1016/j.scienta.2020.109756,,ERA 2023,,,,,ie,ie,V2.0.24
CJ0194,Gondwe,2019,Scientific Reports,,10.1038/s41598-019-52360-w,,ERA 2023,,,,,ie,ie,V2.0.24
CJ0195,Devkota M.,2022,Agricultural Systems,,10.1016/j.agsy.2022.103470,,ERA 2023,,,,,ie,ie,V2.0.24
CJ0196,Tarekegn,2022,AgroLife Scientific Journal,,10.17930/AGL2022229,,ERA 2023,,,,,ie,ie,V2.0.24
CJ0198,Belete,2019,Agriculture Ecosystems & Environment,,10.1016/j.agee.2019.04.014,,ERA 2023,,,,,ie,ie,V2.0.24
CJ0199,Kihara,2020,"African Journal of Food, Agriculture, Nutrition and Development",,10.18697/ajfand.95.17965,,ERA 2023,,,,,ie,ie,V2.0.24
CJ0200,Bouras,2022,Agronomy,,10.3390/agronomy12040791,,ERA 2023,,,,,ie,ie,V2.0.24
CJ0201,Gelu,2023,Communications in Soil Science and Plant Analysis,,10.1080/00103624.2022.2130938,,ERA 2023,,,,,ie,ie,V2.0.24
CJ0203,Kassaye,2020,International Journal of Agronomy,,10.1155/2020/8869098,,ERA 2023,,,,,ie,ie,V2.0.24
CJ0204,Adekiya A.O.,2018,Journal of Horticultural Research,,10.2478/johr-2018-0008,,ERA 2023,,,,,ie,ie,V2.0.24
CJ1012,Philippe,2023,International Journal of Veterinary Sciences and Animal Husbandry,,10.22271/veterinary.2023.v8.i3b.527,,ERA 2024 Livestock,,,,,cc,cc,V1.2.7
CJ1013,Kodbe,2023,Open Journal of Animal Sciences,,10.4314/sajas.v48i5.11,,ERA 2024 Livestock,,,,,cc,cc,V1.2.3
CJ1015,Younan,2018,Egyptian Journal of Nutrition and Feeds,,10.21608/ejnf.2018.75401,,ERA 2024 Livestock,,,,,cc,cc,V1.2.7
CJ1017,El-Deeb,2023,Global Veterinaria,,10.5829/idosi.gv.2023.01.11,,ERA 2024 Livestock,,,,,cc,cc,V1.2.7
CJ1018,Monegi,2023,Animals,,10.3390/ani13223509,,ERA 2024 Livestock,,,,,cc,cc,V1.2.7
DK0001,Carter,2018,Journal of Agriculture and Rural Development in the Tropics and Subtropics,No,10.17170/kobra-2018112824,,ERA 2020,,,,,mh; sc,sc,
DK0002,Chigoverah,2018,Journal of Economic Entomology,No,10.1093/jee/toy217,,ERA 2020,,,,,mh,mh,
DK0003,Chaplot,2015,Agriculture Ecosystems & Environment,No,10.1016/j.agee.2015.02.001,,ERA 2020,,,,,mh,mh,
DK0005,Chekanai,2018,Agriculture Ecosystems & Environment,No,doi.org/10.1016/j.agee.2018.08.010,,ERA 2020,,,,,mh,mh,
DK0006,Cheesman,2017,Journal of Agricultural Science,No,10.1017/S0021859616000095,,ERA 2020,,,,,mh,mh,
DK0007,Youssoufi,2013,Acta Horticulturae,No,10.17660/actahortic.2013.995.38,,ERA 2020,,,,,mh; sc,mh; sc,
DK0008,Dalton,2014,Agriculture Ecosystems & Environment,No,10.1016/j.agee.2013.11.015,,ERA 2020,,,,,mh,mh,
DK0009,Abdalla,2018,Journal of Agriculture and Rural Development in the Tropics and Subtropics,No,,https://nmbu.brage.unit.no/nmbu-xmlui/bitstream/handle/11250/2577490/Groundnuts%2BKordofan.pdf?sequence=2,ERA 2020,,,,,mh,mh,
DK0010,Abiven,2015,Plant soil,Yes,1007/s11104-015-2533-2,,ERA 2020,10.1002/jpln.201300590,,,,mh,mh,
DK0011,Adekiya,2017,Scientia Horticulturae,No,10.1016/j.scienta.2017.01.053,,ERA 2020,,,,,mh,mh,
DK0012,Agegnehu,2016,Science of the Total Environment,Yes,10.1016/j.scitotenv.2016.05.033,,ERA 2020,,,,,mh,mh,
DK0014,Agegnehu,2016,Soil and Tillage Research,No,10.1016/j.still.2016.02.003,,ERA 2020,10.1016/j.scitotenv.2016.05.033,,,,mh,mh,
DK0015,Ajeigbe,2018,International Journal of Agronomy,Yes,10.1155/2018/7676058,,ERA 2020,,,,,mh,mh,
DK0016,Alemayehu,2017,Journal of Agricultural Science,No,10.1017/S0021859617000193,,ERA 2020,,,,,mh,mh,
DK0017,Asimwe,2016,Journal of Plant Nutrition and Soil Science,No,,suaire.suanet.ac.tz:8080/xmlui/bitstream/handle/123456789/1779/Laswai%20G.%20H.%204.pdf?sequence=1&isAllowed=y,ERA 2020,,,,,mh,mh,
DK0018,Andriamananjara,2016,Field Crops Research,No,10.1016/j.fcr.2016.08.029,,ERA 2020,,,,,mh,mh,
DK0020,Asimwe,2015,Livestock Science,No,10.1016/j.livsci.2015.11.001,,ERA 2020,,,,,mh,mh,
DK0021,Fatondji,2018,Nutrient Cycling in Agroecosystems,No,10.1007/s10705-018-9910-1,,ERA 2020,,,,,mh,mh,
DK0022,Fungo,2017,Field Crops Research,No,10.1016/j.fcr.2017.05.013,,ERA 2020,10.1002/jpln.201300495.,,,,mh,mh,
DK0023,Garba,2018,Soil Fertility and Crop Nutrition,Yes,10.2134/agronj2017.09.0512,,ERA 2020,,,,,mh,mh,
DK0024,Fungo,2017,Soil and Tillage Research,No,10.1016/j.still.2016.08.012,,ERA 2020,,,,,mh,mh,
DK0025,Ibrahim,2015,Field Crops Research,No,10.1016/j.fcr.2015.04.022,,ERA 2020,,,,,mh,mh,
DK0026,Ibrahim,2018,Nutrient Cycling in Agroecosystems,No,10.1007/s10705-018-9928-4,,ERA 2020,,,,,mh,mh,
DK0028,Gitari,2018,Field Crops Research,No,10.1016/j.fcr.2018.03.019,,ERA 2020,,,,,mh,mh,
DK0030,Ahamefule,2014,Soil and Tillage Research,No,/10.1016/j.still.2013.09.012,,ERA 2020,,,,,mh,mh,
DK0031,Ndoli,2018,Field Crops Research,No,10.1016/j.fcr.2018.03.003,,ERA 2020,,,,,mh,mh,
DK0032,Kafesu,2018,Field Crops Research,No,10.1016/j.fcr.2018.01.014,,ERA 2020,,,,,mh,mh,
DK0034,Fajinmi,2018,Acta Horticulturae,No,10.17660/ActaHortic.2018.1225.65,,ERA 2020,,,,,mh,mh,
DK0036,Gérardeaux,2018,Field Crops Research,No,10.1016/j.fcr.2018.07.007,,ERA 2020,,,,,mh,mh,
DK0037,Asizua,2014,Livestock Science,No,10.1016/j.livsci.2014.09.010,,ERA 2020,,,,,mh; sc,mh; sc,
DK0038,Güere˜na,2016,Field Crops Research,No,10.1016/j.fcr.2015.12.017,,ERA 2020,10.1007/s10021-008-9154-z,,,,mh,mh,
DK0039,Hirut,2016,Journal of Phytopathology,Yes,10.1111/jph.12514,,ERA 2020,,,,,mh,mh,
DK0040,Ibrahim,2015,Journal of Agricultural Science,No,10.1017/S0021859614001075,,ERA 2020,,,,,mh,mh,
DK0041,Amouzou,2018,Journal of Plant Nutrition and Soil Science,No,10.1002/jpln.201700139,,ERA 2020,,,,,mh,mh,
DK0043,Anikwe,2016,Soil and Tillage Research,No,10.1016/j.still.2015.10.011,,ERA 2020,,,,,mh,mh,
DK0044,Araya,2015,Soil and Tillage Research,No,10.1016/j.still.2014.11.009,,ERA 2020,scholar.google.com/scholar_lookup?title=Conservation%20Agriculture-based%20Resource%20Saving%20Technology%20for%20Land%20Resilience%20in%20Northern%20Ethiopia.%20Ph.D.%20Thesis&author=T.%20Araya&publication_year=2012,onlinelibrary.wiley.com/doi/abs/10.1111/j.1475-2743.2011.00347.x,,,mh,mh,
DK0045,Grum,2017,Agricultural Water Management,No,10.1016/j.agwat.2017.08.009,,ERA 2020,,,,,mh,mh,
DK0046,Kaizzi,2018,Nutrient Cycling in Agroecosystems,No,10.1007/s10705-018-9915-9,,ERA 2020,,,,,mh,mh,
DK0047,Asizua,2017,Livestock Science,No,10.1016/j.livsci.2017.03.006,,ERA 2020,,,,,mh,mh,
DK0048,Ayadi,2016,Annals of Applied Biology,Yes,10.1111/aab.12262,,ERA 2020,,,,,mh,mh,
DK0050,Dossou-Yovo,2016,Soil and Tillage Research,No,10.1016/j.still.2015.10.001,,ERA 2020,,,,,mh,mh,
DK0051,Dossou-Yovo,2016,Soil and Tillage Research,No,10.1016/j.still.2016.05.019,,ERA 2020,,,,,mh,mh,
DK0052,Are,2018,Soil and Tillage Research,No,10.1016/j.still.2018.08.009,,ERA 2020,,,,,mh,mh,
DK0053,Asante,2016,Journal of Plant Nutrition and Soil Science,No,10.1002/jpln.201600209,,ERA 2020,,,,,mh,mh,
DK0054,Araya,2016,Soil and Tillage Research,No,10.1016/j.still.2016.05.011,,ERA 2020,,,,,mh,mh,
DK0055,Bedada,2014,Agriculture Ecosystems & Environment,No,10.1016/j.agee.2014.06.017,,ERA 2020,,,,,mh,mh,
DK0057,Berihun,2017,Journal of Plant Nutrition and Soil Science,No,10.1002/jpln.201600343,,ERA 2020,,,,,mh,mh,
DK0058,Beyene,2018,Euphytica,No,10.1007/s10681-018-2210-7,,ERA 2020,,,,,mh,mh,
DK0059,Bielder,2015,Field Crops Research,No,10.1016/j.fcr.2014.10.008,,ERA 2020,,,,,mh,mh,
DK0061,Dusserre,2017,Field Crops Research,No,10.1016/j.fcr.2017.01.024,,ERA 2020,,,,,mh,mh,
DK0063,Schut,2018,Field Crops Research,No,10.1016/j.fcr.2018.02.018,,ERA 2020,,,,,mh,mh,
DK0064,Falconnier,2016,Field Crops Research,No,10.1016/j.fcr.2015.12.015,,ERA 2020,,,,,mh,mh,
DK0065,Maboko,2017,Journal of Agricultural Science and Technology,Yes,,ir.jkuat.ac.ke/bitstream/handle/123456789/3575/JAST_Volume%2019_Issue%206_Pages%201345-1354.pdf?sequence=1&isAllowed=y,ERA 2020,,,,,mh,mh,
DK0066,Madamombe,2015,Scientia Horticulturae,No,10.1016/j.scienta.2015.08.009,,ERA 2020,,,,,mh,mh,
DK0067,Kiboi,2017,Soil and Tillage Research,No,10.1016/j.still.2017.04.001,,ERA 2020,,,,,mh,mh,
DK0069,Nzeyimana,2017,Catena,No,10.1016/j.catena.2016.08.034,,ERA 2020,,,,,mh,mh,
DK0070,Adebimpe,2017,Agricultural Engineering International: CIGR Journal,Yes,,cigrjournal.org/index.php/Ejounral/article/view/3926/2511,ERA 2020,,,,,mh,mh,
DK0071,Rurangwa,2017,Agriculture Ecosystems & Environment,No,10.1016/j.agee.2017.08.015,,ERA 2020,,,,,mh,mh,
DK0073,Kermah,2017,Field Crops Research,No,10.1016/j.fcr.2017.07.008,,ERA 2020,,,,,mh,mh,
DK0074,Kermah,2017,Agriculture Ecosystems & Environment,No,10.1016/j.agee.2017.08.028,,ERA 2020,,,,,mh,mh,
DK0075,Kihara,2013,Field Crops Research,No,10.1016/j.fcr.2013.05.025,,ERA 2020,,,,,mh,mh,
DK0076,Kihara,2016,Agriculture Ecosystems & Environment,No,10.1016/j.agee.2016.05.012,,ERA 2020,,,,,mh,mh,
DK0077,Menkir,2016,Euphytica,No,10.1007/s10681-016-1777-0,,ERA 2020,,,,,mh,mh,
DK0079,Ranaivoson,2018,Field Crops Research,No,10.1016/j.fcr.2017.11.027,,ERA 2020,,,,,mh,mh,
DK0080,Rakotoson,2017,Field Crops Research,No,10.1016/j.fcr.2017.07.023,,ERA 2020,,,,,mh,mh,
DK0081,Pincus,2016,Agriculture Ecosystems & Environment,No,10.1016/j.agee.2016.03.033,,ERA 2020,,,,,mh,mh,
DK0083,Kotze,2015,Acta Horticulturae,No,10.17660/ActaHortic.2015.1076.11,,ERA 2020,,,,,mh,mh,
DK0085,Ojiem,2014,Field Crops Research,No,10.1016/j.fcr.2014.08.004,,ERA 2020,,,,,mh,mh,
DK0087,Kanton,2017,International Journal of Agronomy,Yes,10.1155/2017/4270284,,ERA 2020,,,,,mh,mh,
DK0088,Jemberu,2018,Journal of Environmental Management,Yes,10.1016/j.jenvman.2017.11.044,,ERA 2020,,,,,mh,mh,
DK0090,Kijoji,2014,Field Crops Research,No,10.1016/j.fcr.2014.03.019,,ERA 2020,,,,,mh,mh,
DK0093,Law-Ogbomo,2018,Acta Horticulturae,No,10.17660/ActaHortic.2018.1225.19,,ERA 2020,,,,,mh,mh,
DK0095,Magaia,2017,Field Crops Research,No,10.1016/j.fcr.2016.12.025,,ERA 2020,,,,,mh,mh,
DK0096,Baudron,2014,Agriculture Ecosystems & Environment,No,10.1016/j.agee.2013.08.020,,ERA 2020,,,,,mh,mh,
DK0097,Baudron,2015,Agriculture Ecosystems & Environment,No,10.1016/j.agee.2015.04.003,,ERA 2020,,,,,mh,mh,
DK0098,Cyamweshi,2018,Nutrient Cycling in Agroecosystems,No,10.1007/s10705-018-9912-z,,ERA 2020,,,,,mh,mh,
DK0099,Mubayiwa,2018,Crop Protection,No,10.1016/j.cropro.2018.01.016,,ERA 2020,,,,,mh,mh,
DK0100,Munthali,2014,International Journal of Agronomy,Yes,10.1155/2014/902820,,ERA 2020,,,,,mh,mh,
DK0101,Maman,2018,Agronomy Journal,No,10.2134/agronj2017.06.0329,,ERA 2020,,,,,mh,mh,
DK0102,Manda,2017,Agriculture Ecosystems & Environment,No,10.1016/j.agee.2017.07.030,,ERA 2020,,,,,mh,mh,
DK0104,Mapanda,2013,Soil and Tillage Research,No,10.1016/j.still.2013.01.008,,ERA 2020,,,,,mh,mh,
DK0105,Martinsen,2014,Journal of Plant Nutrition and Soil Science,No,10.1002/jpln.201300590,,ERA 2020,,,,,mh,mh,
DK0107,Mashele,2016,South African Journal of Geology,Yes,10.2113/gssajg.119.1.25,,ERA 2020,,,,,mh,mh,
DK0108,Masikati,2014,Agricultural Systems,No,10.1016/j.agsy.2013.09.003,,ERA 2020,,,,,mh,mh,
DK0109,Masvaya,2017,Soil and Tillage Research,No,10.1016/j.still.2016.12.007,,ERA 2020,,,,,mh,mh,
DK0110,Masvaya,2017,Field Crops Research,No,10.1016/j.fcr.2017.04.016,,ERA 2020,,,,,mh,mh,
DK0112,Mathobo,2017,Agricultural Water Management,No,10.1016/j.agwat.2016.11.005,,ERA 2020,,,,,mh,mh,
DK0113,Melaku,2018,Catena,No,10.1016/j.catena.2018.05.035,,ERA 2020,,,,,mh,mh,
DK0114,Mbau,2014,Plant and Soil,No,10.1007/s11104-014-2305-4,,ERA 2020,,,,,mh,mh,
DK0115,Menssen,2017,Scientia Horticulturae,No,10.1016/j.scienta.2017.08.003,,ERA 2020,,,,,mh,mh,
DK0116,Mhlanga,2017,Journal of Agricultural Science,No,10.1017/s0021859616000927,,ERA 2020,,,,,mh,mh,
DK0117,Midega,2014,Field Crops Research,No,10.1016/j.fcr.2013.09.012,,ERA 2020,,,,,mh,mh,
DK0118,Mo,2018,Agricultural Water Management,No,10.1016/j.agwat.2018.05.002,,ERA 2020,,,,,mh,mh,
DK0119,Mohamed,2017,Agricultural Water Management,No,10.1016/j.agwat.2017.08.022,,ERA 2020,,,,,mh,mh,
DK0120,Munyahali,2017,Field Crops Research,No,10.1016/j.fcr.2017.09.018,,ERA 2020,,,,,mh,mh,
DK0121,Mthimkhulu,2016,Agriculture Ecosystems & Environment,No,10.1016/j.agee.2016.04.002,,ERA 2020,,,,,mh,mh,
DK0122,Mujuru,2015,Journal of Agricultural Science,No,10.1017/s0021859615000520,,ERA 2020,,,,,mh,mh,
DK0123,Abd El-Mageed,2016,Agricultural Water Management,No,10.1016/j.agwat.2016.04.025,,ERA 2020,,,,,mh,mh,
DK0124,Abd El-Wahed,2017,Scientia Horticulturae,No,10.1016/j.scienta.2017.07.007,,ERA 2020,,,,,mh,mh,
DK0125,Ambachew,2014,Agricultural Water Management,No,10.1016/j.agwat.2014.01.012,,ERA 2020,,,,,mh,mh,
DK0126,Chamekh,2016,Plant Science,No,10.1016/j.plantsci.2016.07.005,,ERA 2020,,,,,mh,mh,
DK0127,Chilundo,2016,Agricultural Water Management,No,10.1016/j.agwat.2016.02.004,,ERA 2020,,,,,mh,mh,
DK0128,Chilundo,2017,Field Crops Research,No,10.1016/j.fcr.2016.10.005,,ERA 2020,,,,,mh,mh,
DK0129,Ngetich,2014,Catena,No,10.1016/j.catena.2014.05.026,,ERA 2020,,,,,mh,mh,
DK0130,Munjonji,2018,Agronomy Journal,No,10.2134/agronj2017.01.0037,,ERA 2020,,,,,mh,mh,
DK0131,Nansamba,2016,Agronomy Journal,No,10.2134/agronj2015.0608,,ERA 2020,,,,,mh,mh,
DK0132,Ndlela,2017,Journal of Applied Entomology,Yes,10.1111/jen.12404,,ERA 2020,,,,,mh,mh,
DK0135,Neina,2016,Soil and Tillage Research,No,10.1016/j.still.2016.06.008,,ERA 2020,,,,,mh,mh,
DK0136,Negassa,2018,Agriculture Ecosystems & Environment,No,10.1016/j.agee.2017.09.023,,ERA 2020,,,,,mh,mh,
DK0137,Assefa,2016,Agricultural Water Management,No,10.1016/j.agwat.2016.10.012,,ERA 2020,,,,,mh,mh,
DK0138,Coromaldi,2015,Ecological Economics,Yes,10.1016/j.ecolecon.2015.09.004,,ERA 2020,,,,,mh,mh,
DK0139,Benabderrahim,2015,Plant Biosystems,Yes,10.1080/11263504.2013.850121,,ERA 2020,,,,,mh,mh,
DK0140,Abu,2013,Soil and Tillage Research,No,10.1016/j.still.2012.09.003,,ERA 2020,,,,,mh,mh,
DK0141,Amouzou,2018,Field Crops Research,No,10.1016/j.fcr.2017.12.017,,ERA 2020,,,,,mh,mh,
DK0142,Nezomba,2018,Field Crops Research,No,10.1016/j.fcr.2018.05.003,,ERA 2020,,,,,mh,mh,
DK0143,Niere,2014,Field Crops Research,No,10.1016/j.fcr.2013.11.014,,ERA 2020,,,,,mh,mh,
DK0144,Njoroge,2017,Field Crops Research,No,10.1016/j.fcr.2017.05.015,,ERA 2020,,,,,mh,mh,
DK0146,Saiz,2016,Geoderma,No,10.1016/j.geoderma.2016.03.022,,ERA 2020,,,,,mh,mh,
DK0147,Ortiz-Gonzalo,2018,Science of the Total Environment,Yes,10.1016/j.scitotenv.2017.12.247,,ERA 2020,,,,,mh,mh,
DK0148,Rusinamhodzi,2017,Field Crops Research,No,10.1016/j.fcr.2016.12.001,,ERA 2020,,,,,mh,mh,
DK0149,Seeruttun,2014,International Sugar Journal,No,,,ERA 2020,,,,,mh,mh,
DK0151,Melaku,2017,Journal of Soils and Sediments,Yes,10.1007/s11368-017-1901-3,,ERA 2020,,,,,mh,mh,
DM0004,Kipkoech,2008,Crop Protection,,10.1016/j.cropro.2008.04.005,,ERA 2023,,,,,ie,ie,V2.0.24
DM0025,Borbon-Gracia,2020,Revista Fitotecnia Mexicana,,,https://www.scielo.org.mx/pdf/rfm/v43n4/0187-7380-rfm-43-04-371.pdf,ERA 2023,,,,,ie,ie,V2.0.24
EM1004,El-Kholany,2018,Journal of Animal and Poultry Production,, 10.21608/jappmu.2018.38935,,ERA 2024 Livestock,,,,,cc,cc,V1.2.3
EM1005,Abdel-Rahman,2019,Journal of Animal Health and Production,,10.17582/journal.jahp/2019/7.4.131.141,,ERA 2024 Livestock,,,,,cc,cc,V1.2.7
EM1010,EL-Hedainy,2020,International Journal of Veterinary Science and Research,,,https://www.veteringroup.us/articles/IJVSR-6-172.php,ERA 2024 Livestock,,,,,cc,cc,V1.2.6
EM1017,Daghash,2024,Assiut Journal of Agricultural Sciences,, 10.21608/ajas.2024.266071.1331,,ERA 2024 Livestock,,,,,cc,cc,V1.2.3
EM1019,Miegoue,2023,Journal of Animal Husbandry and Dairy Science,,10.22259/2637-5354.0701001,,ERA 2024 Livestock,,,,,cc,cc,V1.2.6
EM1020,Adugna,2023,Veterinary Medicine and Science,,10.1002/vms3.1068,,ERA 2024 Livestock,,,,,cc,cc,V1.2.7
EM1023,Simone,2023,Turkish Journal of Agriculture-Food Science and Technology,,10.24925/turjaf.v11i6.1067-1073.5989,,ERA 2024 Livestock,,,,,cc,cc,V1.2.7
EM1032,Tsafiyo,2022,Open Journal of Animal Sciences,,10.4236/ojas.2022.121003,,ERA 2024 Livestock,,,,,cc,cc,V1.2.7
EM1036,Mekuria,2024,Cogent Food & Agriculture,,10.1080/23311932.2023.2295078,,ERA 2024 Livestock,,,,,cc,cc,V1.2.7
EM1037,Dea,2020,Advances in Life Science and Technology,,10.7176/ALST/81-01,,ERA 2024 Livestock,,,,,cc,cc,V1.2.7
EM1039,Shiferaw,2022,Translational Animal Science,,10.1093/tas/txac146,,ERA 2024 Livestock,,,,,cc,cc,V1.2.7
EM1044,Maklad,2018,Egyptian Journal of Nutrition and Feeds,,10.21608/ejnf.2018.75509,,ERA 2024 Livestock,,,,,cc,cc,V1.2.7
EM1048,Adugna,2024,Ethiopian Veterinanry Journal,,10.4314/evj.v27i1.6,,ERA 2024 Livestock,,,,,cc,cc,V1.2.7
EM1061,Dzepe,2023,The Journal of Basic and Applied Zoology,,10.1186/s41936-023-00339-5,,ERA 2024 Livestock,,,,,cc,cc,V1.2.7
EM1066,Mulaudzi,2022,Sustainability,,10.3390/ su14095067,,ERA 2024 Livestock,,,,,cc,cc,V1.2.7
EM1067,Helen,2020,Scientific Research Journal,,10.31364/SCIRJ/v8.i2.2020.P0220748,,ERA 2024 Livestock,,,,,cc,cc,V1.2.7
EM1072,Okuruwa,2019,European Journal of Nutrition & Food Safety,,10.9734/EJNFS/2019/v10i230102,,ERA 2024 Livestock,,,,,cc,cc,V1.2.7
EM1075,Ebeid,2019,Egyptian Journal of  Nutrition and Feeds,,10.21608/ejnf.2019.79402,,ERA 2024 Livestock,,,,,cc,cc,V1.2.7
EM1085,Tibaoui,2020,Spanish Journal of Agricultural Research,,10.5424/sjar/2020184-16873,,ERA 2024 Livestock,,,,,cc,cc,V1.2.7
EM1086,Niayale,2020,Ghana Journal of Agricultural Sciences,,10.4314/gjas.v55i2.9,,ERA 2024 Livestock,,,,,cc,cc,V1.2.7
EM1100,Ikyume,2018,Journal of Animal Husbandry and Dairy Science,,,https://www.researchgate.net/profile/Timothy-Ikyume/publication/323943197_Growth_Performance_Blood_Profile_and_Economics_of_Production_of_West_African_Dwarf_WAD_Goats_Fed_Fermented_Baobab_Adansonia_Digitata_Seed_Meal/links/5ab3b9250f7e9b4897c69b67/Growth-Performance-Blood-Profile-and-Economics-of-Production-of-West-African-Dwarf-WAD-Goats-Fed-Fermented-Baobab-Adansonia-Digitata-Seed-Meal.pdf,ERA 2024 Livestock,,,,,cc,cc,V1.2.7
EM1102,Abdullah,2019,Egyptian Journal of Nutrition and Feeds,,10.21608/ejnf.2019.102283,,ERA 2024 Livestock,,,,,cc,cc,V1.2.7
EM1104,Abd El-Mola,2019,Egyptian Journal of Animal Production,,10.21608/ejap.2019.93005,,ERA 2024 Livestock,,,,,cc,cc,V1.2.7
EO0001,Ayoola ,2014,Archives of Agronomy and Soil Science,No,10.1080/03650340.2013.775422,,ERA 2020,,,,,mh,mh,
EO0003,Kawaka,2018,Journal of Plant Nutrition,No,10.1080/01904167.2018.1458870,,ERA 2020,,,,,mh,mh,
EO0004,Seleiman,2018,Egyptian Journal of Agronomy,Yes,10.21608/agro.2018.2869.1093,,ERA 2020,,,,,mh,mh,
EO0006,Albert,2014,Pakistan Journal of Botany,Yes,,www.researchgate.net/publication/267037942_Changes_in_growth_and_yield_attributes_of_two_selected_maize_varieties_as_influenced_by_application_of_chemical_NPK_and_organic_bat's_manure_fertilizers_in_pala_Chad_grown_field,ERA 2020,,,,,mh,mh,
EO0008,Dunjana,2014,Soil Use and Management,No,10.1111/sum.12152,,ERA 2020,,,,,mh,mh,
EO0009,Shoko,2015,Legume Research,Yes,10.5958/0976-0571.2015.00071.5,,ERA 2020,,,,,mh,mh,
EO0010,Kamara,2014,Archives of Agronomy and Soil Science,No,10.1080/03650340.2013.783204,,ERA 2020,,,,,mh,mh,
EO0011,Babaji,2014,Agrivita,Yes,,https://www.researchgate.net/publication/276393544_Yield_and_yield_attributes_of_extra-early_maize_Zea_mays_l_as_affected_by_rates_of_NPK_fertilizer_succeeding_chilli_pepper_Capsicum_frutescens_supplied_with_different_rates_sheep_manure,ERA 2020,,,,,mh,mh,
EO0012,Nyamadzawo,2017,Mitigation and Adaptation Strategies for Global Change,Yes,10.1007/s11027-014-9560-9,,ERA 2020,,,,,mh,mh,
EO0014,Ewansiha ,2014,Archives of Agronomy and Soil Science,No,10.1080/03650340.2013.829565,,ERA 2020,,,,,mh,mh,
EO0015,Kanonge,2015,South African Journal of Plant and Soil,No,10.1080/02571862.2015.1053156,,ERA 2020,,,,,mh,mh,
EO0016,Grum,2016,Land Degradation & Development,No,10.1002/ldr.2603,,ERA 2020,,,,,mh,mh,
EO0017,Mwangi,2018,Livestock Research for Rural Development,No,,www.researchgate.net/publication/323704498_Effects_of_dietary_protein_levels_on_performance_of_African_catfish_Clarias_gariepinus_in_fertilized_and_unfertilized_earthen_ponds,ERA 2020,,,,,mh,mh,
EO0018,Mthimkhulu,2018,South African Journal of Plant and Soil,No,10.1080/02571862.2017.1411536,,ERA 2020,https://www.researchgate.net/publication/301316775_The_effect_of_72_years_of_sugarcane_residues_and_fertilizer_management_on_soil_physico-chemical_properties,,,,mh,mh,
EO0019,Salau,2014,Archives of Agronomy and Soil Science,No,10.1080/03650340.2014.939958,,ERA 2020,,,,,mh,mh,
EO0020,Mupangwa,2016,Renewable Agriculture and Food Systems,No,10.1017/s1742170516000041,,ERA 2020,,,,,mh,mh,
EO0021,Mupangwa,2018,South African Journal of Plant and Soil,No,10.1080/02571862.2018.1438673,,ERA 2020,,,,,mh,mh,
EO0022,Mashingaidze,2017,Soil Use and Management,No,10.1111/sum.12338,,ERA 2020,10.1016/j.fcr.2012.02.020,,,,mh,mh,
EO0023,Asaye,2016,Journal of Sustainable Forestry,No,10.1080/10549811.2016.1270835,,ERA 2020,,,,,mh,mh,
EO0024,Mthembu,2017,Agroecology and Sustainable Food Systems,No,10.1080/21683565.2017.1393649,,ERA 2020,,,,,mh,mh,
EO0025,Kedjebo,2015,Food Additives and Contaminants Part A-Chemistry Analysis Control Exposure & Risk Assessment,Yes,10.1080/19440049.2015.1112038,,ERA 2020,,,,,mh,mh,
EO0026,Nkakini,2013,"Agricultural Mechanization in Asia, Africa & Latin America",No,,https://www.researchgate.net/publication/262180940_Effects_of_Tillage_on_Soil_Moisture_Content_Okra_Abelmosehus_Esculentus_Emergence_and_Yields,ERA 2020,https://www.researchgate.net/publication/262296416_Investigation_of_Soil_Physical_Properties_and_Okra_Emergence_Rate_Potential_in_sandy_Loam_Soil_for_Three_Common_tillage_Practices,,,,mh,mh,
EO0027,Bamba,2018,Livestock Research for Rural Development,No,,www.researchgate.net/publication/287247528_Evaluation_of_production_efficiency_of_nile_tilapia_oreochromis_niloticus_l_fed_diets_containing_crop_residues_in_combination_with_cocoa_bean_shell_and_coconut_oil_cake_in_cote_d'ivoire,ERA 2020,,,,,mh; sc,mh; sc,
EO0029,Gichangi,2016,Tropical and Subtropical Agroecosystems,No,,https://www.researchgate.net/publication/310460036_EFFECTS_OF_BRACHIARIA_GRASSES_ON_SOIL_MICROBIAL_BIOMASS_CARBON_NITROGEN_AND_PHOSPHORUS_IN_SOILS_OF_THE_SEMI_ARID_TROPICS_OF_KENYA_EFECTO_DE_LOS_PASTOS_BRACHIARIA_SOBRE_EL_CARBONO_DE_LA_BIOMASA_MICROBI,ERA 2020,,,,,mh,mh,
EO0030,Busari,2014,Archives of Agronomy and Soil Science,No,10.1080/03650340.2014.924620,,ERA 2020,,,,,mh,mh,
EO0031,Chipomho,2018,Journal of Animal and Plant Sciences,No,,https://www.researchgate.net/publication/325533941_Organic_soil_amendments_Implications_on_fresh_tomato_Solanum_Lycopesicum_yield_weed_density_and_biomass,ERA 2020,,,,,mh,mh,
EO0032,Balehegn,2014,Tropical Animal Health and Production,No,0.1007/s11250-014-0582-9 ,,ERA 2020,,,,,mh; sc,mh; sc,
EO0033,Ibrahim,2016,Soil Science and Plant Nutrition,No,10.1080/00380768.2016.1194169,,ERA 2020,,,,,mh,mh,
EO0035,Mahmoud,2015,Archives of Agronomy and Soil Science,No,10.1080/03650340.2014.928409,,ERA 2020,,,,,mh,mh,
EO0036,Taabu,2016,Livestock Research for Rural Development,No,,http://www.lrrd.org/lrrd28/2/taab28018.htm,ERA 2020,,,,,mh,mh,
EO0041,Mekasha,2013,Livestock Research for Rural Development,No,,www.lrrd.org/lrrd25/6/meka25104.htm,ERA 2020,,,,,mh; sc,mh; sc,
EO0042,Oustani,2015,Emirates Journal of Food and Agriculture,Yes,10.9755/ejfa.v27il.17971,,ERA 2020,,,,,mh,mh,
EO0043,Sultan,2017,Physical Geography,No,10.1080/02723646.2017.1302869,,ERA 2020,,,,,mh,mh,
EO0046,Fasae,2016,Tropical and Subtropical Agroecosystems,No,,http://www.revista.ccba.uady.mx/ojs/index.php/TSA/article/view/2224,ERA 2020,,,,,mh; sc,mh; sc,
EO0047,Manhique,2017,Livestock Research for Rural Development,No,,www.researchgate.net/publication/316188390,ERA 2020,,,,,mh; sc,mh; sc,
EO0048,Senkondo,2014,Soil Use and Management,No,10.1111/sum.12154,,ERA 2020,,,,,mh,mh,
EO0049,El-Sadek,2015,Annals of Agricultural sciences,Yes,10.1016/j.aoas.2015.03.003,,ERA 2020,,,,,mh,mh,
EO0050,Raphael,2013,Livestock Research for Rural Development,No,,www.researchgate.net/publication/272563247,ERA 2020,,,,,mh,mh,
EO0051,Nuemsi,2018,Rice science,Yes,10.1016/j.rsci.2018.08.003,,ERA 2020,,,,,mh,mh,
EO0053,Gnahoua,2016,Agroecology and Sustainable Food Systems,No,10.1080/21683565.2016.1209610,,ERA 2020,,,,,mh,mh,
EO0054,Dube,2014,South African Journal of Plant and Soil,No,10.1080/02571862.2014.885597,,ERA 2020,,,,,mh,mh,
EO0055,Mosebi,2015,Livestock Research for Rural Development,No,,www.lrrd.org/lrrd27/10/mose27190.html,ERA 2020,,,,,mh,mh,
EO0057,Berhanu,2013,Kasetsart Journal - Natural Science,Yes,agris.fao.org/agris-search/search.do?recordID=TH2016003270,,ERA 2020,,,,,mh; sc,mh; sc,
EO0058,Kotze,2014,Communications in Soil Science and Plant Analysis,No,10.1080/00103624.2013.867060,,ERA 2020,,,,,mh,mh,
EO0059,Befekadu,2015,Livestock Research for Rural Development,No,,www.lrrd.org/lrrd27/6/befe27114.html,ERA 2020,,,,,mh,mh,
EO0060,Isitekhale,2014,Communications in Soil Science and Plant Analysis,No,10.1080/00103624.2013.813529,,ERA 2020,,,,,mh,mh,
EO0063,Swanepoel,2014,African Journal of Range & Forage Science,No,10.2989/10220119.2014.903999,,ERA 2020,,,,,mh,mh,
EO0064,Craven,2017,South African Journal of Plant and Soil,No,10.1080/02571862.2016.1213322,,ERA 2020,,,,,mh,mh,
EO0065,Merwad,2016,Communications in Soil Science and Plant Analysis,No,10.1080/00103624.2016.1166242,,ERA 2020,,,,,mh,mh,
EO0066,Gelaw,2013,Journal of the Science of Food and Agriculture,No,10.1002/ldr.2261,,ERA 2020,,,,,mh,mh,
EO0067,Gusha,2016,Livestock Research for Rural Development,No,,www.lrrd.org/lrrd28/11/gush28206.html,ERA 2020,,,,,mh; sc,mh; sc,
EO0068,Partey,2016,Archives of Agronomy and Soil Science,No,10.1080/03650340.2015.1040399,,ERA 2020,,,,,mh,mh,
EO0071,Ismail,2014,Archiv Fur Phytopathologie und Pflanzenschutz-Archives Of Phytopathology and Plant Protection,Yes,10.1080/03235408.2013.816081,,ERA 2020,,,,,mh,mh,
EO0072,Asuming-Brempong,2014,West African Journal of Applied Ecology,No,,www.ajol.info/index.php/wajae/article/view/107993,ERA 2020,,,,,mh,mh,
EO0073,Saleh,2016,Journal of Agricultural Extension,Yes,10.4314/jae.v20i1.1,,ERA 2020,,,,,mh,mh,
EO0074,Gelgelo,2017,Livestock Research for Rural Development,No,,www.lrrd.org/lrrd29/4/atta29077.html,ERA 2020,,,,,mh; sc,mh; sc,
EO0075,Boujenane,2015,Tropical Animal Health and Production,No,10.1007/s11250-015-0872-x,,ERA 2020,,,,,mh,mh,
EO0078,Hintsa,2015,Livestock Research for Rural Development,No,,www.lrrd.org/lrrd27/9/kida27180.html,ERA 2020,,,,,mh; sc,mh; sc,
EO0079,Rahetlah,2014,Livestock Research for Rural Development,No,,www.lrrd.org/lrrd26/1/rahe26003.htm,ERA 2020,,,,,mh,mh,
EO0080,Kajiage,2014,Livestock Research for Rural Development,No,,www.lrrd.org/lrrd26/12/kaij26220.html,ERA 2020,,,,,mh,mh,
EO0081,Omondi,2015,Legume Research,Yes,10.5958/0976-0571.2015.00131.9,,ERA 2020,,,,,mh,mh,
EO0082,Rigane,2015,Waste Management and Research,Yes,10.1177/0734242x14559594,,ERA 2020,,,,,mh,mh,
EO0083,Hyera,2018,Livestock Research for Rural Development,No,,www.lrrd.org/lrrd30/9/ehyer30159.html,ERA 2020,,,,,mh,mh,
EO0084,Garba,2016,Archives of Agronomy and Soil Science,No,10.1080/03650340.2015.1104414,,ERA 2020,,,,,mh,mh,
EO0085,Hyera,2018,Livestock Research for Rural Development,No,,www.lrrd.org/lrrd30/9/ehyer30156.html,ERA 2020,,,,,mh,mh,
EO0086,Nesseim,2017,Tropicultura,Yes,,www.researchgate.net/publication/320435263_Effects_of_defatting_combined_or_not_to_heating_of_Jatropha_curcas_kernel_meal_on_feed_intake_and_growth_performance_in_broiler_chickens_and_chicks_in_Senegal,ERA 2020,,,,,mh; sc,mh; sc,
EO0087,Elsobky,2016,Egyptian Journal of Agronomy,Yes,,www.researchgate.net/publication/323153143_The_Interaction_Effect_of_Biofertilization_and_Nitrogen_Fertilization_Level_on_Growth_and_Yield_Attributes_of_Rice,ERA 2020,,,,,mh,mh,
EO0090,Hadebe,2017,Water Sa,No,10.4314/wsa.v43i1.12,,ERA 2020,,,,,mh,mh,
EO0092,Namugga,2018,South African Journal of Plant and Soil,No,10.1080/02571862.2017.1370561,,ERA 2020,,,,,mh,mh,
EO0093,Sebetha,2016,Legume Research,Yes,10.18805/lr.v39i3.10753,,ERA 2020,,,,,mh,mh,
EO0094,Metwally,2018,Egyptian Journal of Agronomy,Yes,10.21608/agro.2018.2168.1087,,ERA 2020,,,,,mh,mh,
EO0095,Jaleta,2016,Agricultural Economics,No,10.1111/agec.12251,,ERA 2020,,,,,mh,mh,
EO0096,Selim,2018,Egyptian Journal of Agronomy,Yes,10.21608/agro.2018.6277.1134,,ERA 2020,,,,,mh,mh,
EO0099,Olosunde,2016,Journal of Food Processing and Preservation,Yes,10.1111/jfpp.12605,,ERA 2020,,,,,mh,mh,
EO0101,Ojo,2016,Egyptian Journal of Biological Pest Control,No,,www.researchgate.net/publication/316987933_Comparative_efficacy_of_three_botanicals_against_callosobruchus_maculatus_fabricius_Coleoptera_Chrysomelidae_Bruchinae_in_stored_cowpea_seeds,ERA 2020,,,,,mh,mh,
EO0102,Bertine,2013,Livestock Research for Rural Development,No,,www.lrrd.org/lrrd25/8/noum25145.htm,ERA 2020,,,,,mh; sc,mh; sc,
EO0103,Félix,2018,Land Degradation & Development,No,10.1002/ldr.3033,,ERA 2020,,,,,mh,mh,
EO0106,Harou,2017,Journal of African Economies,Yes,10.1093/jae/ejx002,,ERA 2020,,,,,mh,mh,
EO0107,El-Metwally,2015,Agriculture,Yes,10.1515/agri-2015-0007,,ERA 2020,,,,,mh,mh,
EO0108,Ndhleve,2017,Water Sa,No,10.4314/wsa.v43i2.06,,ERA 2020,,,,,mh,mh,
EO0110,El-Sadek,2016,Egyptian Journal of Agronomy,Yes,,www.researchgate.net/publication/310036988_Simulation_of_Wheat_Yield_Using_the_RZWQM_as_Affected_by_Supplemental_Irrigation_in_the_North_Western_Coast_of_Egypt,ERA 2020,,,,,mh,mh,
EO0111,Snoeck,2013,Industrial Crops and Products,No,10.1016/j.indcrop.2012.07.053,,ERA 2020,,,,,mh,mh,
EO0114,Gerrano,2015,South African Journal of Plant and Soil,No,10.1080/02571862.2015.1014435,,ERA 2020,,,,,mh,mh,
EO0115,Sekiya,2015,Rice Science,Yes,10.1016/j.rsci.2015.05.008,,ERA 2020,,,,,mh,mh,
EO0121,Romdhane,2016,Italian Journal of Agrometeorology-Rivista Italiana di Agrometeorologia,Yes,10.19199/2016.3.2038-5625.043,,ERA 2020,,,,,mh,mh,
EO0122,Said,2016,Egyptian Journal of Agronomy,Yes,,www.semanticscholar.org/paper/T-Effect-of-Sowing-Methods-and-Microelements-Foliar-Said-Ameen/a846ddc5a7ded1ce00ae0604fb226cd591e6a1ba,ERA 2020,,,,,mh,mh,
EO0123,Qabil,2017,Egyptian Journal of Agronomy,Yes,10.21608/agro.2017.1388.1069,,ERA 2020,,,,,mh,mh,
EO0125,Syomiti,2015,Livestock Research for Rural Development,No,,www.lrrd.org/lrrd27/3/syom27050.html,ERA 2020,,,,,mh,mh,
EO0127,El-baroudy,2014,Soil Use and Management,No,10.1111/sum.12084,,ERA 2020,,,,,mh,mh,
EO0129,Makombe,2017,Water Sa,No,10.4314/wsa.v43i1.08,,ERA 2020,,,,,mh,mh,
EO0130,Bohner,2014,Ecological Applications,No,10.1890/13-0377.1,,ERA 2020,,,,,mh,mh,
EO0131,Mavimbela,2015,Arid Land Research and Management,No,10.1080/15324982.2014.944245,,ERA 2020,,www.arc.agric.za/arc-gci/Fact%20Sheets%20Library/Maize%20Production.pdf,,,mh,mh,
EO0135,Mudongo,2016,Rangelands,Yes,10.1016/j.rala.2016.07.001,,ERA 2020,,,,,mh,mh,
EO0136,Apraku,2013,Plant Breeding Reviews,Yes,10.1002/9781118497869.ch3,,ERA 2020,,,,,mh,mh,
EO0140,Mamuye,2018,Sustainable Environment Research,Yes,10.1016/j.serj.2017.09.003,,ERA 2020,,,,,mh,mh,
EO0141,Okoko,2017,Sustainable Energy Technologies and Assessments,No,10.1016/j.seta.2017.02.017,,ERA 2020,,,,,mh,mh,
EO0142,Benka,2018,Energy for Sustainable Development,No,10.1016/j.esd.2018.06.009,,ERA 2020,,,,,mh,mh,
EO0144,Ghrab,2017,Acta Horticulturae,No,10.17660/ActaHortic.2017.1150.45,,ERA 2020,,,,,mh,mh,
EO0145,Okeyo,2014,Agricultural Water Management,No,10.1016/j.agwat.2014.01.014,,ERA 2020,,,,,mh,mh,
EO0146,Opala,2015,Journal of Agriculture and Rural Development in the Tropics and Subtropics,No,www.researchgate.net/publication/277012331_Effects_of_Tithonia_diversifolia_farmyard_manure_and_urea_and_phosphate_fertiliser_application_methods_on_maize_yields_in_Western_Kenya,,ERA 2020,,,,,mh,mh,
EO0147,Haileselassie,2016,Agricultural Water Management,No,10.1016/j.agwat.2016.09.002,,ERA 2020,,,,,mh,mh,
EO0150,Nkolisa,2018,Scientia Horticulturae,No,10.1016/j.agwat.2014.04.010,,ERA 2020,,,,,mh,mh,
HK0002,Bagayoko,2011,African Journal of Agricultural Research,,10.5897/AJAR10.711,,ERA 2023,,,,,ie,ie,V2.0.24
HK0005,Abasiekong,1991,Archiv Fur Tierernahrung-Archives of Animal Nutrition,No,10.1080/17450399109428459,,Livestock Update 2022,,,,,sc,sc,
HK0006,Abegunde,2010,Journal of Animal Physiology and Animal Nutrition,No,10.1111/j.1439-0396.2010.01040.x,,Livestock Update 2022,,,,,sc,sc,
HK0007,Abiola,2004,Bioresource Technology,No,10.1016/j.biortech.2004.02.001,,Livestock Update 2022,https://www.ajol.info/index.php/tjas/article/view/49587,,,,sc,sc,
HK0008,Adejumo,1991,Small Ruminant Research,No,10.1016/0921-4488(91)90032-l,,Livestock Update 2022,,,,,sc,sc,
HK0014,Aderolu,2009,African Journal of Aquatic Science,No,10.2989/ajas.2009.34.2.3.890,,Livestock Update 2022,,,,,sc,sc,
HK0017,Adewolu,2010,Israeli Journal of Aquaculture-Bamidgeh,No,,https://www.researchgate.net/profile/Morenike-Adewolu/publication/234888799_Evaluation_of_an_Animal_Protein_Mixture_as_a_Replacement_for_Fishmeal_in_Practical_Diets_for_Fingerlings_of_Clarias_Gariepinus_Burchell_1822/links/02bfe5102b73c8e85d000000/Evaluation-of-an-Animal-Protein-Mixture-as-a-Replacement-for-Fishmeal-in-Practical-Diets-for-Fingerlings-of-Clarias-Gariepinus-Burchell-1822.pdf,Livestock Update 2022,,,,,sc,sc,
HK0026,Ajayi,2008,Animal Science,No,10.1111/j.1740-0929.2008.00579.x,,Livestock Update 2022,,,,,sc,sc,
HK0028,Akinola,2013,Tropical Animal Health and Production,No,10.1007/s11250-012-0273-3,,Livestock Update 2022,,,,,sc,sc,
HK0029,Akinsoyinu,1992,Bioresource Technology,No,10.1016/0960-8524(92)90200-h,,Livestock Update 2022,,,,,sc,sc,
HK0033,Anigbogu,2003,Asian-Australasian Journal of Animal Sciences,No,10.5713/ajas.2003.384,,Livestock Update 2022,,,,,sc,sc,
HK0037,Annongu,2000,European Poultry Science,No,,https://www.european-poultry-science.com/artikel.dll/2000-65-28-32_gq4tmmbqge4q.pdf?UID=FC4CCB24FF9D15F766F56FA6AB11C0D3EAC2CAEA,Livestock Update 2022,,,,,sc,sc,
HK0044.1,Balogun,1990,Animal Feed Science and Technology,No,10.1016/0377-8401(90)90015-z,,Livestock Update 2022,,,,,sc,sc,
HK0044.2,Balogun,1990,Animal Feed Science and Technology,No,10.1016/0377-8401(90)90015-z,,Livestock Update 2022,,,,,sc,sc,
HK0045,Bello,2012,International Journal of Morphology,No,,https://www.scielo.cl/scielo.php?pid=S0717-95022012000100045&script=sci_arttext&tlng=en,Livestock Update 2022,,,,,sc,sc,
HK0066.1,Odunsi,2005,Tropical Animal Health and Production,No,10.1023/b:;trop.0000048455.96694.85,,Livestock Update 2022,,,,,sc,sc,
HK0066.2,Odunsi,2005,Tropical Animal Health and Production,No,10.1023/b:;trop.0000048455.96694.85,,Livestock Update 2022,,,,,sc,sc,
HK0067,Odunsi,1995,Journal of Applied Animal Research,No,10.1080/09712119.1995.9706063,,Livestock Update 2022,,,,,sc,sc,
HK0082,Okeudo,1993,Tropical Animal Health and Production,No,10.1007/bf02250877,,Livestock Update 2022,,,,,sc,sc,
HK0086,Olafadehan,2009,Tropical Animal Health and Production,No,10.1007/s11250-009-9312-0,,Livestock Update 2022,,,,,sc,sc,
HK0098,Omoregie,2001,Aquaculture Research,No,10.1046/j.1365-2109.2001.00575.x,,Livestock Update 2022,,,,,sc,sc,
HK0099,Omoregie,1993,Israeli Journal of Aquaculture-Bamidgeh,No,,http://www.researchgate.net/publication/237100000,Livestock Update 2022,,,,,sc,sc,
HK0102.1,Onwudike,1986,Animal Feed Science and Technology,No,10.1016/0377-8401(86)90110-0,,Livestock Update 2022,,,,,sc,sc,
HK0102.2,Onwudike,1986,Animal Feed Science and Technology,No,10.1016/0377-8401(86)90110-0,,Livestock Update 2022,,,,,sc,sc,
HK0106,Osuji,1984,Soil and Tillage Research,,10.1016/0167-1987(84)90033-3,,ERA 2023,,,,,ie,ie,V2.0.24
HK0107,Otaru,2011,Small Ruminant Research,No,10.1016/j.smallrumres.2010.11.004,,Livestock Update 2022,,,,,sc,sc,
HK0108,Otukoya,2008,Journal of Food Agriculture & Environment,No,,https://pubag.nal.usda.gov/catalog/732199,Livestock Update 2022,,,,,sc,sc,
HK0118,Sogbesan,2008,Turkish Journal of Fisheries and Aquatic Sciences,No,,https://www.researchgate.net/publication/242599458_Nutritional_Evaluation_of_Termite_Macrotermes_subhyalinus_Meal_as_Animal_Protein_Supplements_in_the_Diets_of_Heterobranchus_longifilis_Valenciennes_1840_Fingerlings,Livestock Update 2022,,,,,sc,sc,
HK0129,Yaakugh,1994,Journal of the Science of Food and Agriculture,No,10.1002/jsfa.2740660407,,Livestock Update 2022,,,,,sc,sc,
HK0138,Alhassan,1991,Animal Feed Science and Technology,No,10.1016/0377-8401(91)90067-3,,Livestock Update 2022,,,,,sc,sc,
HK0143,Adeloye,1995,Bioresource Technology,No,10.1016/0960-8524(94)00145-q,,Livestock Update 2022,,,,,sc,sc,
HK0154,Balogun,1995,Tropical Grasslands,No,,https://www.tropicalgrasslands.info/public/journals/4/Historic/Tropical%20Grasslands%20Journal%20archive/PDFs/Vol_29_1995/Vol_29_03_95_pp150_154.pdf,Livestock Update 2022,,,,,sc,sc,
HK0157,Diels,2004,Soil Biology & Biochemistry,,10.1016/j.soilbio.2004.04.031,,ERA 2023,https://www.cabidigitallibrary.org/doi/full/10.5555/19941904569,10.1007/s11104-005-0194-2,,,ie,ie,V2.0.28
HK0158,Etela,2007,Renewable Agriculture and Food Sytems,Yes,10.1017/S1742170507001779,,Livestock Update 2022,,,,,sc,sc,
HK0160,Fagbenro,1991,Bioresource Technology,No,10.1016/0960-8524(91)90183-k,,Livestock Update 2022,,,,,sc,sc,
HK0166,Dabiri,1995,Plant and Soil,,,https://link.springer.com/article/10.1007/BF00010278,ERA 2023,,,,,ie,ie,V2.0.24
HK0171,Malau-Aduli,2004,Reproduction Nutrition Development,No,10.1051/rnd:2004022,,Livestock Update 2022,,,,,sc,sc,
HK0177,Nworgu,2007,African Journal of Biotechnology,No,https://www.ajol.info/index.php/ajb/article/view/56125/44573,,Livestock Update 2022,,,,,sc,sc,
HK0182,Oni,2010,Livestock Science,No,10.1016/j.livsci.2009.12.007,,Livestock Update 2022,,,,,sc,sc,
HK0202.1,Chirwa,2003,Agroforestry Systems,,10.1023/B:;AGFO.0000005227.69260.f9,,ERA 2023,,,,,ie,ie,V2.0.24
HK0210,Mataka,2007,Aquaculture Research,No,10.1111/j.1365-2109.2007.01754.x,,Livestock Update 2022,,,,,sc,sc,
HK0213.2,Ngwira,2013,Agroecology and Sustainable Food Systems,No,10.1080/21683565.2013.763889,,ERA 2020,,,,,mh,mh,
HK0225,Ngwira,2012,Nutrient Cycling in Agroecosystems,,10.1007/s10705-012-9492-2,,ERA 2023,,,,,ie,ie,V2.0.24
HK0227,Balasubramanian,1991,Biological Agriculture & Horticulture,,10.1080/01448765.1991.9754573,,ERA 2023,,,,,ie,ie,V2.0.24
HK0228,Nyina-wamwiza,2007,Aquaculture Research,No,10.1111/j.1365-2109.2007.01658.x,,Livestock Update 2022,,,,,sc,sc,
HK0240,Ajayi,2009,Agrekon,,10.1080/03031853.2009.9523827,,ERA 2023,,,,,ie,ie,V2.0.24
HK0242,Dalland,1993,Agroforestry Systems,,10.1007/bf00705224,,ERA 2023,10.1007/BF00054149,,,,ie,ie,V2.0.24
HK0250,Smith,1991,Tropical Animal Health and Production,No,10.1007/bf02361192,,Livestock Update 2022,,,,,sc,sc,
HK0255.2,Thierfelder,2013,International Journal of Agricultural Sustainability,,10.1080/14735903.2012.703894,,ERA 2023,,,,,ie,ie,V2.0.24
HK0258.1,Mathews,1992,Agroforestry Systems,,10.1007/bf00054150,,ERA 2023,,,,,ie,ie,V2.0.24
HK0258.2,Mathews,1992,Agroforestry Systems,,10.1007/bf00054150,,ERA 2023,,,,,ie,ie,V2.0.24
HK0258.3,Mathews,1992,Agroforestry Systems,,10.1007/bf00054150,,ERA 2023,,,,,ie,ie,V2.0.24
HK0260,Undi,2001,Small Ruminant Research,No,10.1016/s0921-4488(01)00175-4,,Livestock Update 2022,,,,,sc,sc,
HK0261,Sileshi,2012,Agronomy Journal,,10.2134/agronj2012.0063,,ERA 2023,,,,,ie,ie,V2.0.24
HK0263,Barnes,1991,Journal of the Grassland Society of Southern Africa,No,10.1080/02566702.1991.9648285,,Livestock Update 2022,,,,,sc,sc,
HK0268,Chivenge,2007,Soil and Tillage Research,,10.1016/j.still.2006.08.006,,ERA 2023,,,,,ie,ie,V2.0.24
HK0269,Dunjana,2012,Soil Use and Management,,10.1111/j.1475-2743.2012.00394.x,,ERA 2023,,,,,ie,ie,V2.0.24
HK0284,Mushandu,2005,Animal Feed Science and Technology,No,10.1016/j.anifeedsci.2005.02.033,,Livestock Update 2022,,,,,sc,sc,
HK0287,Ngongoni,2007,Tropical Animal Health and Production,No,10.1007/s11250-007-9018-0,,Livestock Update 2022,,,,,sc,sc,
HK0288,Ngongoni,2008,Tropical Grasslands,No,,https://www.tropicalgrasslands.info/public/journals/4/Historic/Tropical%20Grasslands%20Journal%20archive/PDFs/Vol_42_2008/Vol42_03_2008_pp188_192.pdf,Livestock Update 2022,,,,,sc,sc,
HK0313,Thierfelder,2012,Soil Use and Management,,10.1111/j.1475-2743.2012.00406.x,,ERA 2023,,,,,ie,ie,V2.0.24
HK0319,Mnisi,2017,South African Journal of Animal Science,No,10.4314/sajas.v47i5.9,,Livestock Update 2022,,,,,sc,sc,
HK0324,Khanyile,2017,Animal Production Science,No,10.1071/AN15182,,Livestock Update 2022,,,,,sc,sc,
HK0326,Ncobela,2018,Tropical Animal Health and Production,No,10.1007/s11250-017-1410-9,,Livestock Update 2022,,,,,sc,sc,
HK0327.1,Muller,2014,South African Journal of Animal Science,No,10.4314/sajas.v44i3.9,,Livestock Update 2022,,,,,sc,sc,
HK0327.2,Muller,2014,South African Journal of Animal Science,No,10.4314/sajas.v44i3.9,,Livestock Update 2022,,,,,sc,sc,
HK0327.3,Muller,2014,South African Journal of Animal Science,No,10.4314/sajas.v44i3.9,,Livestock Update 2022,,,,,sc,sc,
HK0328,Khanyile,2014,Livestock Science,No,10.1016/j.livsci.2014.04.016,,Livestock Update 2022,,,,,sc,sc,
HK0329,Nkosi,2016,South African Journal of Animal Science,No,10.4314/sajas.v46i1.5,,Livestock Update 2022,,,,,sc,sc,
HK0330,Ndou,2015,Livestock Science,No,10.1016/j.livsci.2015.10.003,,Livestock Update 2022,,,,,sc,sc,
HK0331,Hlophe,2014,African Journal of Aquatic Science,No,10.2989/16085914.2014.958049,,Livestock Update 2022,,,,,sc,sc,
HK0333,Nkukwana,2014,Food Chemistry,No,10.1016/j.foodchem.2013.07.059,,Livestock Update 2022,,,,,sc,sc,
HK0338,Kimaro,2016,Nutrient Cycling in Agroecosystems,No,10.1007/s10705-015-9711-8,,ERA 2020,,,,,mh,mh,
HK0342,Nalubwama,2016,Tropical Animal Health and Production,No,10.1007/s11250-016-1123-5,,Livestock Update 2022,,,,,sc,sc,
HK0346,Nampanzira,2017,Small Ruminant Research,No,10.1016/j.smallrumres.2017.06.014,,Livestock Update 2022,,,,,sc,sc,
HK0350,Madzimure,2014,Tropical Animal Health and Production,No,10.1007/s11250-014-0578-5,,Livestock Update 2022,,,,,sc,sc,
JO0001,Berdjour,2020,Weed Biology and Management,,10.1111/wbm.12198,,ERA 2023,,,,,ie,ie,V2.0.23
JO0002,Wakwoya,2022,Journal of Animal and Food Research,,10.1016/j.jafr.2022.100301,,ERA 2023,,,,,ie,ie,V2.0.8
JO0003,Azeez,2009,Pedosphere,,,https://www.sciencedirect.com/science/article/pii/S1002016009601600,ERA 2023,,,,,ie,ie,V2.0.7
JO0004,Uwah,2011,Journal of Animal and Plant Sciences,,,https://www.researchgate.net/publication/267975587_Effectiveness_of_organic_mulch_on_the_productivity_of_maize_zea_mays_l_and_weed_growth,ERA 2023,,,,,ie,ie,V2.0.7
JO0005,Nkhata,2021,Frontiers in Sustainable Food Systems,,10.3389/fsufs.2021.741177,,ERA 2023,,,,,ie,ie,V2.0.8
JO0007,Kiboi,2021,Heliyon,,10.1016/j.heliyon.2021.e07156,,ERA 2023,,,,,ie,ie,V2.0.8
JO0008,Andriamparany,2020,Experimental Agriculture,,10.1017/S001447972000040X,,ERA 2023,,,,,ie,ie,V2.0.22
JO0009,Olowaoke,2018,International Journal of Recycling of Organic Waste in Agriculture,,10.1007/s40093-017-0192-4,,ERA 2023,,,,,ie,ie,V2.0.8
JO0010,Nyirenda,2019,Heliyon,,10.1016/j.heliyon.2019.e02632,,ERA 2023,,,,,ie,ie,V2.0.8
JO0011,Agegnehu,2006,European Journal of Agronomy,,10.1016/j.eja.2006.05.002,,ERA 2023,,,,,ie,ie,V2.0.22
JO0013,Etafa,2023,Agroforestry Systems,,10.1007/s10457-023-00807-5,,ERA 2023,,,,,ie,ie,V2.0.9
JO0014,Baker,2021,Sustainability,,10.3390/ su132112328,,ERA 2023,https://www.mdpi.com/2073-4395/11/5/877#,,,,ie,ie,V2.0.9
JO0015.1,Galani,2022,Frontiers in Nutrition,,10.3389/fnut.2021.804663,,ERA 2023,,,,,ie,ie,V2.0.12
JO0015.2,Galani,2022,Frontiers in Nutrition,,10.3389/fnut.2021.804663,,ERA 2023,,,,,ie,ie,V2.0.12
JO0016.1,Cardoso,2007,Experimental Agriculture,,10.1017/S0014479707005029,,ERA 2023,,,,,ie,ie,V2.0.13
JO0016.2,Cardoso,2007,Experimental Agriculture,,10.1017/S0014479707005029,,ERA 2023,,,,,ie,ie,V2.0.13
JO0017,Pierre,2022,Sustainability,,10.3390/ su141912385,,ERA 2023,,,,,ie,ie,V2.0.13
JO0020,Moreira,2018,Agricultural and Forest Meteorology,,10.1016/j.agrformet.2018.03.026,,ERA 2023,,,,,ie,ie,V2.0.14
JO0021,Perdona,2015,Agronomy Journal,,10.2134/agronj14.0246,,ERA 2023,,,,,ie,ie,V2.0.14
JO0022,Tomazella,2018,Sociobiology,,10.13102/sociobiology.v65i2.1397,,ERA 2023,,,,,ie,ie,V2.0.14
JO0023,Flores-Sanchez,2013,Agroecology and Sustainable Food Systems,,10.1080/21683565.2013.763888,,ERA 2023,,,,,ie,ie,V2.0.14
JO0024,TerAvest,2019,Agricultural Systems,,10.1016/j.agsy.2019.01.004,,ERA 2023,,,,,ie,ie,V2.0.16
JO0025,Zizinga,2022,Frontiers in Sustainable Food Systems,,10.3389/fsufs.2022.889830,,ERA 2023,,,,,ie,ie,V2.0.17
JO0026,Rodenburg,2020,Agronomy for Sustainable Development,,10.1007/s13593-020-0612-0,,ERA 2023,,,,,ie,ie,V2.0.18
JO0027,Dilla,2019,Agroforestry Systems,,10.1007/s10457-018-0304-9,,ERA 2023,,,,,ie,ie,V2.0.19
JO0028,Chichongue,2022,Agronomy-Basel,,10.3390/agronomy12071534,,ERA 2023,,,,,ie,ie,V2.0.19
JO0030,Sprunger,2019,Nutrient Cycling in Agroecosystems,,10.1007/s10705-019-10005-4,,ERA 2023,,,,,ie,ie,V2.0.18
JO0032,Agyin-Birikorang,2020,Journal of Plant Nutrition,,10.1080/01904167.2019.1702207,,ERA 2023,,,,,ie,ie,V2.0.19
JO0033,Mairura,2023,Sustainable Production and Consumption,,10.1016/j.spc.2023.01.010,,ERA 2023,,,,,ie,ie,V2.0.19
JO0034,Kiwia,2022,Experimental Agriculture,,10.1017/S001447972200014X,,ERA 2023,,,,,ie,ie,V2.0.19
JO0035,Muoni,2019,Journal of Agricultural Science,,10.1017/S002185961900073X,,ERA 2023,,,,,ie,ie,V2.0.19
JO0037,Worku,2014,Experimental Agriculture,,10.1017/S0014479713000434,,ERA 2023,,,,,ie,ie,V2.0.19
JO0038,Shumba,2023,Agriculture Ecosystems & Environment,,10.1016/j.agee.2022.108207,,ERA 2023,,,,,ie,ie,V2.0.19
JO0040,Agyin-Birikorang,2022,Journal of Plant Nutrition,,10.1080/01904167.2022.2027984,,ERA 2023,,,,,ie,ie,V2.0.20
JO0041,Mapanda,2012,Nutrient Cycling in Agroecosystems,,10.1007/s10705-012-9528-7,,ERA 2023,,,,,ie,ie,V2.0.20
JO0042,Namatsheva,2021,Field Crops Research,,10.1016/j.fcr.2020.108052,,ERA 2023,,,,,ie,ie,V2.0.20
JO0043,Tsujimoto,2017,Plant Production Science,,10.1080/1343943X.2016.1240013,,ERA 2023,,,,,ie,ie,V2.0.20
JO0044,Atungwu,2012,Biological Agriculture & Horticulture,,10.1080/01448765.2012.681348,,ERA 2023,,,,,ie,ie,V2.0.20
JO0047,de Barros,2007,Field Crops Research,,10.1016/j.fcr.2006.09.005,,ERA 2023,,,,,ie,ie,V2.0.20
JO0048,Zhang,2021,Agricultural Water Management,,10.1016/j.agwat.2020.106647,,ERA 2023,,,,,ie,ie,V2.0.20
JO0049,Lopez-Ridaura,2021,Scientific Report,,10.1038/s41598-021-82784-2,,ERA 2023,,,,,ie,ie,V2.0.20
JO0050,Rocha,2019,Field Crops Research,,10.1016/j.fcr.2019.04.018,,ERA 2023,,,,,ie,ie,V2.0.20
JO0051,Parecido,2021,Journal of Soil Science and Plant Nutrition,,10.1007/s42729-021-00550-9,,ERA 2023,,,,,ie,ie,V2.0.20
JO0052,Beesigamukama,2020,Frontiers in Sustainable Food Systems,,10.3389/fpls.2020.574592,,ERA 2023,,,,,ie,ie,V2.0.21
JO0053,Zulu,2022,Agronomy-Basel,,10.3390/agronomy12030722,,ERA 2023,,,,,ie,ie,V2.0.21
JO0055,Opala,2010,Experimental Agriculture,,10.1017/S0014479709990457,,ERA 2023,,,,,ie,ie,V2.0.21
JO0059,Olanyan,2007,Journal of Plant Nutrition,,10.1080/01904160601171140,,ERA 2023,,,,,ie,ie,V2.0.21
JO0060,Kyamanywa,2008,Bulletin of Insectology,,,https://www.researchgate.net/publication/228760019,ERA 2023,,,,,ie,ie,V2.0.21
JO0061,Bruno,2011,Field Crops Research,,10.1016/j.fcr.2011.07.004,,ERA 2023,,,,,ie,ie,V2.0.21
JO0063,de Campos,2011,Revista Brasileira de Ciência do Solo,,10.1590/S0100-06832011000300017,,ERA 2023,,,,,ie,ie,V2.0.21
JO0064,Ronner,2021,Experimental Agriculture,,10.1017/S0014479720000411,,ERA 2023,,,,,ie,ie,V2.0.21
JO0065,Akinseye,2023,Heliyon,,10.1016/j.heliyon.2023.e14497,,ERA 2023,,,,,ie,ie,V2.0.21
JO0067,Natal da Silva,2018,Scientia Horticulturae,,10.1016/j.scienta.2018.03.024,,ERA 2023,,,,,ie,ie,V2.0.21
JO0068,Elena Arrieche-Luna,2010,Agrociencia,,,https://www.scielo.org.mx/scielo.php?script=sci_arttext&pid=S1405-31952010000300001,ERA 2023,,,,,ie,ie,V2.0.21
JO0070,Pontes,2017,Biotropica,,10.1111/btp.12436,,ERA 2023,,,,,ie,ie,V2.0.21
JO0073,Desbak,2012,Chilean Journal of Agricultural Research,,10.4067/S0718-58392012000100008,,ERA 2023,,,,,ie,ie,V2.0.21
JO0075,Follet,2005,Soil and Tillage Research,,10.1016/j.still.2005.02.013,,ERA 2023,,,,,ie,ie,V2.0.21
JO0076,Watanabe,2019,Journal of Crop Improvement,,10.1080/15427528.2019.1604456,,ERA 2023,,,,,ie,ie,V2.0.21
JO0077,Kaizzi,2012,Agronomy Journal,,10.2134/agronj2011.0182,,ERA 2023,,,,,ie,ie,V2.0.21
JO0078,Bitew,2020,Journal of Plant Nutrition,,10.1080/01904167.2019.1685102,,ERA 2023,,,,,ie,ie,V2.0.21
JO0079,Soares,2016,Revista Brasileira de Ciência do Solo,,10.1590/18069657rbcs20150235,,ERA 2023,,,,,ie,ie,V2.0.21
JO0080,Pierozan Junior,2020,Journal of Soil Science and Plant Nutrition,,10.1007/s42729-020-00322-x,,ERA 2023,,,,,ie,ie,V2.0.21
JO0081,Koech,2006,New Forests,,10.1007/s11056-005-8680-1,,ERA 2023,,,,,ie,ie,V2.0.21
JO0083,Mateus,2016,Agronomy Journal,,10.2134/agronj2015.0236,,ERA 2023,,,,,ie,ie,V2.0.22
JO0085,Spalaor,2018,Maydica,,,https://core.ac.uk/download/pdf/230660652.pdf,ERA 2023,,,,,ie,ie,V2.0.21
JO0086,Monteiro,2023,Revista Brasileira de Ciência do Solo,,10.36783/18069657rbcs20220135,,ERA 2023,,,,,ie,ie,V2.0.21
JO0088,Kugedera,2022,Journal of the Science of Food and Agriculture,,10.1002/jsfa.12011,,ERA 2023,,,,,ie,ie,V2.0.21
JO0089,Endris,2019,International Journal of Agronomy,,10.1155/2019/6167384,,ERA 2023,,,,,ie,ie,V2.0.21
JO0090,Kiwia,2019,Sustainability,,10.3390/su11102891,,ERA 2023,,,,,ie,ie,V2.0.21
JO0091,Ganzour,2020,Egyptian Journal of Biological Pest Control,,10.21608/ejss.2020.45922.1392,,ERA 2023,,,,,ie,ie,V2.0.21
JO0092,Mendonca Maia,2012,Revista Brasileira de Ciência do Solo,,10.1590/S0100-06832012000100019,,ERA 2023,,,,,ie,ie,V2.0.22
JO0093,Nziguheba,2005,Biology and Fertility of Soils,,10.1007/s00374-005-0832-0,,ERA 2023,,,,,ie,ie,V2.0.22
JO0094,Elka,2020,Applied and Environmental Soil Science,,10.1155/2020/8853552,,ERA 2023,,,,,ie,ie,V2.0.22
JO0095,Samago,2018,Symbiosis,,10.1007/s13199-017-0529-9,,ERA 2023,,,,,ie,ie,V2.0.22
JO0096,Santillano-Cazares,2018,Agronomy,,10.3390/agronomy8120304,,ERA 2023,,,,,ie,ie,V2.0.23
JO0097,Salem,2021,Egyptian Journal of Agronomy,,10.21608/agro.2021.95157.1280,,ERA 2023,,,,,ie,ie,V2.0.23
JO0099,Adams,2020,Geoderma,,10.1016/j.geoderma.2020.114207,,ERA 2023,10.1016/j.still.2005.06.003,,,,ie,ie,V2.0.23
JO0100,Chikoye,2005,Agronomy Journal,,10.2134/agronj2003.0279,,ERA 2023,,,,,ie,ie,V2.0.23
JO0101,Gebremedhin,2021,Cogent Food & Agriculture,,10.1080/23311932.2021.1921951,,ERA 2023,,,,,ie,ie,V2.0.23
JO0102,Tufa,2023,International Journal of Agronomy,,10.1155/2023/7123826,,ERA 2023,,,,,ie,ie,V2.0.23
JO0103,Bitew,2021,Renewable Agriculture and Food Systems,,10.1017/S1742170520000101,,ERA 2023,,,,,ie,ie,V2.0.23
JO0104,Hunegnaw,2022,International Journal of Agronomy,,10.1155/2022/8730191,,ERA 2023,,,,,ie,ie,V2.0.23
JO0105,Faye,2023,Sustainability,,10.3390/su15054093,,ERA 2023,,,,,ie,ie,V2.0.27
JO0106,Quilliam,2020,Journal of Insects as Food and Feed,,10.3920/JIFF2019.0049,,ERA 2023,,,,,ie,ie,V2.0.23
JO0107,Tsozue,2015,Solid Earth,,10.5194/se-6-1087-2015,,ERA 2023,,,,,ie,ie,V2.0.23
JO0108,Pierozan,2015,Plant and Soil,,10.1007/s11104-015-2468-7,,ERA 2023,,,,,ie,ie,V2.0.23
JO0109,Kenea,2021,European Journal of Agronomy,,10.1016/j.eja.2020.126228,,ERA 2023,,,,,ie,ie,V2.0.23
JO0110,Leite,2019,Agronomy,,10.3390/agronomy9100636,,ERA 2023,,,,,ie,ie,V2.0.23
JO0111,Alves,2021,Pedosphere,,10.1016/S1002-0160(21)60004-8,,ERA 2023,,,,,ie,ie,V2.0.23
JO0114,Chala,2022,Experimental Agriculture,,10.1017/S0014479722000114,,ERA 2023,,,,,ie,ie,V2.0.23
JO0115,Kitila,2022,Cogent Food & Agriculture,,10.1080/23311932.2022.2097606,,ERA 2023,,,,,ie,ie,V2.0.23
JO0116,Tutu,2022,South African Journal of Plant and Soil,,10.1080/02571862.2022.2062623,,ERA 2023,,,,,ie,ie,V2.0.23
JO0118,Olowokere,2021,Biological Agriculture & Horticulture,,10.1080/01448765.2021.1942207,,ERA 2023,,,,,ie,ie,V2.0.23
JO0119,Mekonnen,2019,Acta Agrobotanica,,10.5586/aa.1781,,ERA 2023,,,,,ie,ie,V2.0.23
JO0120,Mashavakure,2019,Agriculture Ecosystems & Environment,,10.1016/j.agee.2018.11.020,,ERA 2023,,,,,ie,ie,V2.0.23
JO0121,Awaad,2019,Eurasian Journal of Soil Science,,10.18393/ejss.566537,,ERA 2023,,,,,ie,ie,V2.0.23
JO0122,Gebremariam,2018,Vegetos,,10.5958/2229-4473.2018.00020.4,,ERA 2023,,,,,ie,ie,V2.0.23
JO0123,Berhe,2019,Cogent Food & Agriculture,,10.1080/23311932.2019.1600461,,ERA 2023,,,,,ie,ie,V2.0.23
JO0124,Swamila,2022,Sustainability,,10.3390/su14010053,,ERA 2023,,,,,ie,ie,V2.0.23
JO0125,Mekonnen M.,2023,Agroforestry Systems,,10.1007/s10457-021-00612-y,,ERA 2023,,,,,ie,ie,V2.0.23
JO0126,Daba,2018,Indian Journal of Agricultural Research,,10.18805/IJARe.A-285,,ERA 2023,,,,,ie,ie,V2.0.23
JO0127,Danquah,2023,Agroforestry Systems,,10.1007/s10457-022-00788-x,,ERA 2023,,,,,ie,ie,V2.0.23
JO0128,Munda,2019,South African Journal of Plant and Soil,,10.1080/02571862.2018.1548659,,ERA 2023,,,,,ie,ie,V2.0.23
JO0129,Gebru,2019,Experimental Agriculture,,10.1017/S001447971800039X,,ERA 2023,,,,,ie,ie,V2.0.23
JO0130,Dzomuku,2019,Tropicultura,,10.25518/2295-8010.253,,ERA 2023,,,,,ie,ie,V2.0.23
JO0131,Metwally,2019,Research on Crops,,10.31830/2348-7542.2019.134,,ERA 2023,,,,,ie,ie,V2.0.23
JO0132,Devkota,2021,Experimental Agriculture,,10.1017/S0014479721000107,,ERA 2023,,,,,ie,ie,V2.0.23
JO0133,Liben,2020,Agronomy Journal,,10.1002/agj2.20020,,ERA 2023,,,,,ie,ie,V2.0.23
JO0134,Maman,2019,Agronomy Journal,,10.2134/agronj2018.12.0756,,ERA 2023,,,,,ie,ie,V2.0.23
JO0135,Asefa,2019,Water Switzerland,,10.3390/w11030530,,ERA 2023,10.2489/JSWC.75.2.209,,,,ie,ie,V2.0.23
JO0136,Akoto,2020,Agroforestry Systems,,10.1007/s10457-020-00493-7,,ERA 2023,,,,,ie,ie,V2.0.23
JO0137,Gebretsadik,2018,Scientific Report,,10.1038/s41598-018-27762-x,,ERA 2023,,,,,ie,ie,V2.0.23
JO0138,Gelaye,2022,Scientific World Journal,,10.1155/2022/2108401,,ERA 2023,,,,,ie,ie,V2.0.23
JO0140,Asefa,2020,Journal of Soil and Water Conservation,,10.2489/JSWC.75.2.209,,ERA 2023,,,,,ie,ie,V2.0.23
JO0141,El Samnoudi,2019,Communications in Soil Science and Plant Analysis,,10.1080/00103624.2019.1671445,,ERA 2023,,,,,ie,ie,V2.0.23
JO0142,Enesi,2022,European Journal of Agronomy,,10.1016/j.eja.2021.126448,,ERA 2023,,,,,ie,ie,V2.0.23
JO0143,Ndayisaba,2021,Field Crops Research,,10.1016/j.fcr.2021.108067,,ERA 2023,,,,,ie,ie,V2.0.23
JO0144,Danquah,2022,Annals of Agricultural Science,,10.1016/j.aoas.2022.05.001,,ERA 2023,,,,,ie,ie,V2.0.23
JO0145,Kugedera,2023,Journal of Plant Nutrition,,10.1080/01904167.2022.2092512,,ERA 2023,,,,,ie,ie,V2.0.23
JO0147,Onyenali,2020,Organic Agriculture,,10.1007/s13165-019-00258-2,,ERA 2023,,,,,ie,ie,V2.0.23
JO0148,Ibrahim,2019,Communications in Soil Science and Plant Analysis,,10.1080/00103624.2019.1679162,,ERA 2023,,,,,ie,ie,V2.0.23
JO0149,Tadesse,2022,Advances in Agriculture,,10.1155/2022/4655590,,ERA 2023,,,,,ie,ie,V2.0.23
JO0150,Issaka,2019,Agronomy,,10.3390/agronomy9100641,,ERA 2023,,,,,ie,ie,V2.0.23
JO0151,Manzeke-Kangara,2021,Agronomy,,10.3390/agronomy11010124,,ERA 2023,,,,,ie,ie,V2.0.23
JO0152,Araya,2021,Land Degradation & Development,,10.1002/ldr.3816,,ERA 2023,,,,,ie,ie,V2.0.23
JO0153,Et Tayeb,2022,Ecological Engineering and Environmental Technology,,10.12912/27197050/145962,,ERA 2023,,,,,ie,ie,V2.0.23
JO0154,Ogwok,2019,Plos One,,10.1371/journal.pone.0201329,,ERA 2023,,,,,ie,ie,V2.0.23
JO0156,Bitew,2022,Crop Protection,,10.1016/j.cropro.2022.105930,,ERA 2023,,,,,ie,ie,V2.0.23
JO0158,Kurgat,2018,Agricultural Systems,,10.1016/j.agsy.2017.10.003,,ERA 2023,,,,,ie,ie,V2.0.23
JO0159,Parwada,2020,Cogent Food & Agriculture,,10.1080/23311932.2020.1792668,,ERA 2023,,,,,ie,ie,V2.0.23
JO0160,Fatumah,2020,Heliyon,,10.1016/j.heliyon.2020.e05616,,ERA 2023,,,,,ie,ie,V2.0.23
JO0162,Honfoga,2020,"African Journal of Food, Agriculture, Nutrition and Development",,10.18697/AJFAND.91.19380,,ERA 2023,,,,,ie,ie,V2.0.23
JO0164,Farag,2020,"Journal on Food, Agriculture and Society",,10.17170/kobra-202003241097,,ERA 2023,,,,,ie,ie,V2.0.23
JO0165,Yahbi,2022,"OCL - Oilseeds and fats, Crops and Lipids",,10.1051/ocl/2022001,,ERA 2023,,,,,ie,ie,V2.0.23
JO0166,Rakotoson,2021,Plant Production Science,,10.1080/1343943X.2020.1828947,,ERA 2023,,,,,ie,ie,V2.0.23
JO0168,Ngalamu,2020,Legume Research,,10.18805/LR-463,,ERA 2023,,,,,ie,ie,V2.0.23
JO0170,Ghazzawy,2022,Agriculture,,10.3390/agriculture12122018,,ERA 2023,,,,,ie,ie,V2.0.23
JO0172,El Mehy,2022,Saudi Journal of Biological Sciences,,10.1016/j.sjbs.2022.02.032,,ERA 2023,,,,,ie,ie,V2.0.23
JO0173,Olugbemi,2018,Journal of Agricultural Science,,10.4038/jas.v13i1.8296,,ERA 2023,,,,,ie,ie,V2.0.23
JO0174,Naeem,2022,Agronomy,,10.3390/agronomy12040942,,ERA 2023,,,,,ie,ie,V2.0.23
JO0175,Birhanu,2020,Cogent Food & Agriculture,,10.1080/23311932.2020.1762979,,ERA 2023,,,,,ie,ie,V2.0.23
JO0176,Tesfaye,2022,Advances in Agriculture,,10.1155/2022/7874717,,ERA 2023,,,,,ie,ie,V2.0.23
JO0177,Nyaga,2019,Agroforestry Systems,,10.1007/s10457-017-0169-3,,ERA 2023,,,,,ie,ie,V2.0.24
JO0178,Zongo,2022,Agriculture  and Food Security,,10.1186/s40066-021-00347-0,,ERA 2023,,,,,ie,ie,V2.0.24
JO0179,Haefele,2022,Field Crops Research,,10.1016/j.fcr.2021.108357,,ERA 2023,,,,,ie,ie,V2.0.24
JO0181,Saudy,2022,Journal of Crop Health,,10.1007/s10343-022-00736-w,,ERA 2023,,,,,ie,ie,V2.0.24
JO0184,Tignegre,2022,Agronomy,,10.3390/agronomy12123037,,ERA 2023,,,,,ie,ie,V2.0.24
JO0185,Huat,2018,Experimental Agriculture,,10.1017/S0014479717000230,,ERA 2023,,,,,ie,ie,V2.0.24
JO0186,Adeyemi,2022,Journal of Plant Nutrition,,10.1080/01904167.2021.1994593,,ERA 2023,,,,,ie,ie,V2.0.24
JO0187,Nwokoro,2021,Field Crops Research,,10.1016/j.fcr.2021.108283,,ERA 2023,,,,,ie,ie,V2.0.24
JO0188,Luo,2020,Science of the Total Environment,,10.1016/j.scitotenv.2020.139808,,ERA 2023,,,,,ie,ie,V2.0.24
JO0189,Coe,2016,Experimental Agriculture,,10.1017/S0014479716000181,,ERA 2023,,,,,ie,ie,V2.0.24
JO0190,Matsumoto,2022,Frontiers in Plant Science,,10.3389/fpls.2022.973388,,ERA 2023,,,,,ie,ie,V2.0.24
JO0191,Rashad,2020,Communications in Soil Science and Plant Analysis,,10.1080/00103624.2020.1784915,,ERA 2023,,,,,ie,ie,V2.0.24
JO0192,Tauro,2021,Heliyon,,10.1016/j.heliyon.2021.e08567,,ERA 2023,,,,,ie,ie,V2.0.27
JO0193,Dossa,2018,Agro- Ecosystems,,10.1007/978-3-319-58789-9_16,,ERA 2023,,,,,ie,ie,V2.0.24
JO0195,Senkoro,2018,Agronomy Journal,,10.2134/agronj2018.01.0019,,ERA 2023,,,,,ie,ie,V2.0.24
JO0197,Traore,2020,Agronomy,,10.3390/agronomy10050726,,ERA 2023,,,,,ie,ie,V2.0.24
JO0198,Pena Venegas,2021,Frontiers in Plant Science,,10.3389/fpls.2021.693037,,ERA 2023,,,,,ie,ie,V2.0.24
JO0199,Adu,2018,Heliyon,,10.1016/j.heliyon.2018.e00750,,ERA 2023,,,,,ie,ie,V2.0.24
JO0200,Welde,2019,Sustainable Water Resource Mnagement,,10.1007/s40899-018-0250-8,,ERA 2023,,,,,ie,ie,V2.0.24
JO0201,Hunegnaw,2022,Advances in Agriculture,,10.1155/2022/7373145,,ERA 2023,,,,,ie,ie,V2.0.24
JO0202,Chitanda,2022,Advances in Agriculture,,10.1155/2022/7393896,,ERA 2023,,,,,ie,ie,V2.0.24
JO0203,Niassy,2022,Sustainability,,10.3390/su14042162,,ERA 2023,,,,,ie,ie,V2.0.24
JO0204,Elvis,2020,"African Journal of Food, Agriculture, Nutrition and Development",,10.18697/ajfand.95.19040,,ERA 2023,,,,,ie,ie,V2.0.24
JO0210,Bucagu,2020,Food Security,,10.1007/s12571-020-01059-2,,ERA 2023,,,,,ie,ie,V2.0.24
JO0211,Ronner,2019,Agricultural Systems,,10.1016/j.agsy.2019.05.003,,ERA 2023,,,,,ie,ie,V2.0.27
JO0212,Mingotte,2021,Revista Caatinga,,10.1590/1983-21252021v34n112rc,,ERA 2023,,,,,ie,ie,V2.0.27
JO0213,Verhulst,2011,Plant Soil,,10.1007/s11104-011-0728-8,,ERA 2023,https://pdf.sciencedirectassets.com/271162/1-s2.0-S0378429005X02088/1-s2.0-S0378429004002680/main.pdf?X-Amz-Security-Token=IQoJb3JpZ2luX2VjEM3%2F%2F%2F%2F%2F%2F%2F%2F%2F%2FwEaCXVzLWVhc3QtMSJGMEQCH05%2Bu8y6%2F7hSDYWCzywmP78KBhZR2vZqqO9BEsCDKUUCIQCK23aPXwHQ8MrM3h4PWFfizYUeL5dM3dfTlLfw%2F5uHbyqzBQhGEAUaDDA1OTAwMzU0Njg2NSIMdOpauYE28ZvvpVlwKpAFA5TwTaLC%2ByTqIq81lJnFuD894q3UZQywiStN3K%2FRjVpDRLFnmlEnmM6XJQ%2FP9RARnZmtRIrfBiHkcJk5oG26NLCCRj3pBFxmjnv2X61AXQZVevcx2oiiRmBTlGRC8cmbGtrabpHlkvysrCpGAviQ3eVelExFNc2AomQ64yhf0GhbBU%2F9dTB5fXZgCiCIbFIhbK6CDOoyJ6w8EbEZ%2FgGPKsAUhH18jRMNj%2FPnV4J5xFR%2Ffxdizj0iri1SmNxjt5X763%2BZVqKuZxunDj3I6SN0u%2BO5Ix%2F1%2BD%2BXlMwL%2FHbg72eSkD9famIGkWcmV3Os1r9WuK4%2BBHdO5ILdYLfta0y7Htjf3HQ%2BL1XWv19radBX%2BEDwof%2FeCaB3VdgIy5xa%2FKG6VayFrJjPJxTfC%2FdDryqHE6PWiRmnH5lP3aissHxmCChyNuiQOpQ9SmUYDhb%2F6fB9CMlUT%2FJ12BYFiYT5eW9mc68kGuInuJAsAuprFCoarRUyIZ5LZyBKfBQqmX2f%2F99Eqi49LJ0YQi0UWVA1ihsYpnbPD5AyYF5fIGmExvI0aj1BxijC6iEAsFOsxSUZfT73Tzh8INEynSXM3sBb6piaTB2bFTs31AFlfCvHppQmFU8O6seMBt5UfiMCR20NtUZoaRr4eMAnXtuXLiM9b2aeO6aU9FntJFRqeveBq9%2BN%2Bl%2BmD2ndjkuH4HuDw5pd6pRvqTvSAIOIXkirQ9E3Jigolq3qVfvAp%2F3MArmTmdZgX0EzkLEIGdxYbrBVqff02KqC5a8TCotNm%2FkYmb7iSjQXWon%2FMJyav3nL2810aPcUm0WTJJrrBXQQmEhsPO9uRN1NNtczPr%2FkI9WF28mf9oJAp5y9aFObb3RUkCzfLRpxh%2BYwuLCysgY6sgEAOH8L1mkIZiGHvLvP5Tn8G3yw4zDeemUuY%2FTETunklGQlRVXxn3FYgjDJyjgb8IGQm53MFqgF8QIYb431fldjtjCyJ7nDNCr%2BZfzOrrbuGV6UuIH06Kjv7Lzi2YPB8FPkdxhyo1v9EdRzl7C8jghhgRJGxJRZ9jkpEZADg6AB8udQEascmwY8RnQ5qcCR0fNNpIj8tqbMIuXpK4WGktsaA%2BGA75usFB7j3vR1DsdHKSEp&X-Amz-Algorithm=AWS4-HMAC-SHA256&X-Amz-Date=20240521T132844Z&X-Amz-SignedHeaders=host&X-Amz-Expires=300&X-Amz-Credential=ASIAQ3PHCVTY7ZCHY6NO%2F20240521%2Fus-east-1%2Fs3%2Faws4_request&X-Amz-Signature=325843747f17adf05b5d203c8238804b33cab1b1288a1d1b7cede63305fc1520&hash=2e52d6ce7e7b461df8fe04b754539a450d6a4234a2541e23a7bcc70ecac7fdbc&host=68042c943591013ac2b2430a89b270f6af2c76d8dfd086a07176afe7c76c2c61&pii=S0378429004002680&tid=spdf-065c9049-a8f9-498c-80ef-17daaa925fea&sid=95ba41f91a8ab944ee6954b5a7694fc68cadgxrqa&type=client&tsoh=d3d3LnNjaWVuY2VkaXJlY3QuY29t&ua=0d0656565552035a5600&rr=8874e94d786565eb&cc=ke,,,,ie,ie,V2.0.27
JO0214,Cruz,2014,Revista Brasileira de Engenharia Agricola e Ambiental,,10.1590/S1415-43662014000600006,,ERA 2023,,,,,ie,ie,V2.0.27
JO0217,Pouya,2022,Agronomy,,10.3390/agronomy12040792,,ERA 2023,,,,,ie,ie,V2.0.28
JO1004,Nyambali,2022,Agriculture,,10.3390/  agriculture12071023,,ERA 2024 Livestock,,,,,cc,cc,V1.2.7
JO1010,Kuwi,2024,Indian Journal of Animal Science,,10.56093/ijans.v94i7.146750,,ERA 2024 Livestock,,,,,cc,cc,V1.2.7
JO1011,Mataveia,2019,Black Sea Journal of Agriculture,,,https://dergipark.org.tr/en/download/article-file/657153,ERA 2024 Livestock,,,,,cc,cc,V1.2.5
JO1014,Ebeid,2022,Journal of Animal Health and Production,,10.17582/journal.jahp/2022/10.4.466.474,,ERA 2024 Livestock,,,,,cc,cc,V1.2.3
JO1018,Shoyombo,2021,Journal of Animal Science and Veterinary Medicine,,10.31248/JASVM2021.301,,ERA 2024 Livestock,,,,,cc,cc,V1.2.3
JO1034,"Ikyume,",2018,Journal of Animal Husbandry and Dairy Science,,10.22259/2637-5354.0201004,,ERA 2024 Livestock,,,,,cc,cc,V1.2.3
JO1046,Chalchissa,2018,Journal of Biology Agriculture and Healthcare in the system,,,https://www.iiste.org/Journals/index.php/JBAH/article/view/43059,ERA 2024 Livestock,,,,,cc,cc,V1.2.7
JO1048,Muhammad,2021,Agricultural Science Digest,,10.18805/ag.D-295,,ERA 2024 Livestock,,,,,cc,cc,V1.2.7
JO1061,Okpara,2021,Journal of Sustainable Veterinary & Allied Sciences,,10.54328/covm.josvas.2022.058,,ERA 2024 Livestock,,,,,cc,cc,V1.2.7
JO1065,Chalchissa,2018,"Journal of Biology, Agriculture and Healthcare",,,https://www.google.com/url?sa=t&source=web&rct=j&opi=89978449&url=https://www.iiste.org/Journals/index.php/JBAH/article/download/43060/44354&ved=2ahUKEwij9qONn42KAxUVwAIHHVJlANEQFnoECBwQAQ&usg=AOvVaw2-HtTmiXyQ6V4G3NDBo87E,ERA 2024 Livestock,,,,,cc,cc,V1.2.7
JO1068,Ugwuoke,2020,Agricultural Science Digest,,10.18805/ag.D-189,,ERA 2024 Livestock,,,,,cc,cc,V1.2.7
JO1072,Waitituh,2020,Journal of Economic Impact,,10.52223/jei0202201,,ERA 2024 Livestock,,,,,cc,cc,V1.2.7
JO1075,Modisaojang-Mojanaga,2019,Applied Ecology and Environmental Research,,10.15666/aeer/1704_81398150,,ERA 2024 Livestock,,,,,cc,cc,V1.2.7
JO1078,Jimoh,2024,Journal of Animal Science and Technology,,10.5187/jast.2022.e123,,ERA 2024 Livestock,,,,,cc,cc,V1.2.7
JO1082,Hadhoud,2020,Sciendo,,10.2478/aoas-2020-0114,,ERA 2024 Livestock,,,,,cc,cc,V1.2.7
JS0006.1,Akonde,1996,Agroforestry Systems,,10.1007/bf00129628,,ERA 2023,,,,,ie,ie,V2.0.24
JS0011,Fandohan,2005,African Journal of Biotechnology,No,,www.ajol.info/index.php/ajb/article/view/137899,ERA 2020,,,,,mh,mh,
JS0025,Bado,2010,Communications in Soil Science and Plant Analysis,,10.1080/00103621003646055,,ERA 2023,,,,,ie,ie,V2.0.24
JS0035,Bostick,2007,Soil and Tillage Research,,10.1016/j.still.2006.03.020,,ERA 2023,,,,,ie,ie,V2.0.24
JS0039,Mando,2005,Soil Use and Management,,10.1079/SUM2005339,,ERA 2023,,,,,ie,ie,V2.0.24
JS0040.1,Mando,2005,Soil Use and Management,,10.1079/sum2005287,,ERA 2023,,,,,ie,ie,V2.0.24
JS0040.2,Mando,2005,Soil Use and Management,,10.1016/j.still.2004.03.002,,ERA 2023,,,,,ie,ie,V2.0.24
JS0046,Ouedraogo-Kone,2009,Tropical Animal Health and Production,No,10.1007/s11250-009-9307-x,,Livestock Update 2022,,,,,sc,sc,
JS0047,Pousga,2007,African Journal of Agricultural Research,No,,https://www.researchgate.net/profile/Jan-Lindberg/publication/237403845_Effect_of_supplements_based_on_fishmeal_or_cottonseed_cake_and_management_system_on_the_performance_and_economic_efficiency_of_exotic_hens_in_Burkina_Faso/links/02e7e5278bcbca1a61000000/Effect-of-supplements-based-on-fishmeal-or-cottonseed-cake-and-management-system-on-the-performance-and-economic-efficiency-of-exotic-hens-in-Burkina-Faso.pdf,Livestock Update 2022,,,,,sc,sc,
JS0048,Sanon,2008,Livestock Science,No,10.1016/j.livsci.2007.12.011,,Livestock Update 2022,,,,,sc,sc,
JS0052,Tilander,1995,Agroforestry Systems,,10.1007/bf00705220,,ERA 2023,,,,,ie,ie,V2.0.24
JS0054,Villenave,2010,Biology and Fertility of Soils,,10.1007/s00374-010-0471-y,,ERA 2023,,,,,ie,ie,V2.0.24
JS0060,Akinbamijo,2003,Livestock Production Science,No,10.1016/S0301-6226(02)00175-6,,Livestock Update 2022,,,,,sc,sc,
JS0063,Little,1991,Tropical Animal Health and Production,No,10.1007/bf02361198,,Livestock Update 2022,,,,,sc,sc,
JS0070,Ahenkorah,1987,Experimental Agriculture,,10.1017/s0014479700001101,,ERA 2023,,,,,ie,ie,V2.0.24
JS0071,Amoah,1995,Agroforestry Systems,,10.1007/bf00705215,,ERA 2023,,,,,ie,ie,V2.0.24
JS0072,Amoah,1997,Experimental Agriculture,,10.1017/s0014479797000215,,ERA 2023,,,,,ie,ie,V2.0.24
JS0076,Atuahene,2002,Journal of Animal and Feed Sciences,No,10.22358/jafs/67816/2002,,Livestock Update 2022,,,,,sc,sc,
JS0079.1,Donkoh,2001,Journal of Animal and Feed Sciences,No,10.22358/jafs/67953/2001,,Livestock Update 2022,10.1016/S0377-8401(99)00069-3,,,,sc,sc,
JS0079.2,Donkoh,2001,Journal of Animal and Feed Sciences,No,10.22358/jafs/67953/2001,,Livestock Update 2022,10.1016/S0377-8401(99)00069-3,,,,sc,sc,
JS0080,Donkoh,1999,Animal Feed Science and Technology,No,10.1016/s0377-8401(99)00069-3,,Livestock Update 2022,,,,,sc,sc,
JS0081,Donkoh,2010,African Journal of Agricultural Science,Yes,,https://academicjournals.org/journal/AJAR/article-full-text-pdf/CB04FA438461,Livestock Update 2022,,,,,sc,sc,
JS0093,Osei,1987,Poultry Science,No,10.3382/ps.0661870,,Livestock Update 2022,,,,,sc,sc,
JS0094.1,Rhule,1999,Tropical Animal Health and Production,No,10.1023/a:;1005181401254,,Livestock Update 2022,,,,,sc,sc,
JS0094.2,Rhule,1999,Tropical Animal Health and Production,No,10.1023/a:;1005181401254,,Livestock Update 2022,,,,,sc,sc,
JS0095,Torto,1997,Tropical Animal Health and Production,No,10.1007/bf02633020,,Livestock Update 2022,,,,,sc,sc,
JS0102,Bado,2010,Nutrient Cycling in Agroecosystems,,10.1007/s10705-010-9355-7,,ERA 2023,,,,,ie,ie,V2.0.24
JS0104,Bado,2010,Nutrient Cycling in Agroecosystems,,10.1007/s10705-010-9355-7,,ERA 2023,,,,,ie,ie,V2.0.24
JS0112,Essa,2011,Aquaculture,No,10.1016/j.aquaculture.2011.08.015,,Livestock Update 2022,,,,,sc,sc,
JS0115,Shetaewi,2001,Tropical Animal Health and Production,No,10.1023/a:;1010337628292,,Livestock Update 2022,,,,,sc,sc,
JS0118,Abd El-Rahman,2011,African Journal of Biotechnology,No,10.5897/AJB11.1595,,Livestock Update 2022,,,,,sc,sc,
JS0119,El-Rahman,2012,Life Science Journal,No,,http://www.lifesciencesite.com/lsj/life0904/334_11751life0904_2250_2255.pdf,Livestock Update 2022,,,,,sc,sc,
JS0123,Abdel-Shafy,2011,Tropical Animal Health and Production,No,10.1007/s11250-010-9696-x,,Livestock Update 2022,,,,,sc,sc,
JS0124,Abdel-Tawwab,2009,Aquaculture Research,No,10.1111/j.1365-2109.2009.02195.x,,Livestock Update 2022,,,,,sc,sc,
JS0125,Abdel-Warith,2001,Aquaculture Research,No,10.1046/j.1355-557x.2001.00053.x,,Livestock Update 2022,,,,,sc,sc,
JS0134,El-Saidy,2011,Aquaculture Nutrition,No,10.1111/j.1365-2095.2010.00810.x,,Livestock Update 2022,,,,,sc,sc,
JS0135,El-Saidy,2011,Aquaculture Research,No,10.1111/j.1365-2109.2010.02629.x,,Livestock Update 2022,,,,,sc,sc,
JS0137,El-Sayed,2003,Aquaculture,No,10.1016/s0044-8486(02)00252-1,,Livestock Update 2022,,,,,sc,sc,
JS0139,Omar,1996,Journal of Animal Physiology and Animal Nutrition,No,10.1111/j.1439-0396.1996.tb00682.x,,Livestock Update 2022,,,,,sc,sc,
JS0140,Omer,2010,Tropical Animal Health and Production,No,10.1007/s11250-010-9548-8,,Livestock Update 2022,,,,,sc,sc,
JS0147,Ahmed,2000,Journal of Animal and Feed Sciences,No,10.22358/jafs/68032/2000,,Livestock Update 2022,,,,,sc,sc,
JS0167,Talib,2008,Journal of Animal and Veterinary Advances,No,,https://medwelljournals.com/abstract/?doi=javaa.2008.1467.1473,Livestock Update 2022,,,,,sc,sc,
JS0172,Goromela,1997,Livestock Production Science,No,10.1016/s0301-6226(96)01399-1,,Livestock Update 2022,,,,,sc,sc,
JS0176,Kakengi,2001,Agroforestry Systems,No,10.1023/a:;1010642531865,,Livestock Update 2022,,,,,sc,sc,
JS0177,Karachi,1998,Agroforestry Systems,No,10.1023/a:;1005859617603,,Livestock Update 2022,,,,,sc,sc,
JS0192,Mtenga,1990,Small Ruminant Research,No,10.1016/0921-4488(90)90026-3,,Livestock Update 2022,,,,,sc,sc,
JS0193,Mushi,2009,Livestock Science,No,10.1016/j.livsci.2009.01.012,,Livestock Update 2022,,,,,sc,sc,
JS0196,Ndemanisho,2006,Agroforestry Systems,No,10.1007/s10457-005-2648-1,,Livestock Update 2022,,,,,sc,sc,
JS0197,Ndemanisho,1998,Animal Feed Science and Technology,No,10.1016/s0377-8401(98)00139-4,,Livestock Update 2022,,,,,sc,sc,
JS0199,Okorio,1994,Forest Ecology and Management,,10.1016/0378-1127(94)90292-5,,ERA 2023,,,,,ie,ie,V2.0.24
JS0201.1,Plaizier,1999,Asian-Australasian Journal of Animal Sciences,No,10.5713/ajas.1999.735,,Livestock Update 2022,,,,,sc,sc,
JS0201.2,Plaizier,1999,Asian-Australasian Journal of Animal Sciences,No,10.5713/ajas.1999.735,,Livestock Update 2022,,,,,sc,sc,
JS0204,Reyes,2009,Agroforestry Systems,,10.1007/s10457-009-9210-5,,ERA 2023,,,,,ie,ie,V2.0.24
JS0205,Rubanza,2005,Agroforestry Systems,No,10.1007/s10457-005-0503-z,,Livestock Update 2022,,,,,sc,sc,
JS0206,Rubanza,2007,Small Ruminant Research,No,10.1016/j.smallrumres.2006.02.008,,Livestock Update 2022,,,,,sc,sc,
JS0207,Safari,2011,Tropical Animal Health and Production,No,10.1007/s11250-010-9658-3,,Livestock Update 2022,,,,,sc,sc,
JS0208,Safari,2011,Livestock Science,No,10.1016/j.livsci.2010.07.003,,Livestock Update 2022,,,,,sc,sc,
JS0209,Sarwatt,1990,Animal Feed Science and Technology,No,10.1016/0377-8401(90)90067-i,,Livestock Update 2022,,,,,sc,sc,
JS0210.1,Sarwatt,1992,Small Ruminant Research,No,10.1016/0921-4488(92)90063-a,,Livestock Update 2022,,,,,sc,sc,
JS0210.2,Sarwatt,1992,Small Ruminant Research,No,10.1016/0921-4488(92)90063-a,,Livestock Update 2022,,,,,sc,sc,
JS0211,Sarwatt,2002,Agroforestry Systems,No,,https://link.springer.com/content/pdf/10.1023/A:1021396629613.pdf?pdf=button%20sticky,Livestock Update 2022,,,,,sc,sc,
JS0213.1,Shayo,1997,Tropical Grasslands,No,,https://www.researchgate.net/publication/286951563_Comparison_of_water_melon_Citrullus_vulgaris-seed_meal_Acacia_tortilis_pods_and_sunflower-seed_cake_supplements_in_central_Tanzania_2_Effect_on_hay_intake_and_milk_yield_and_composition_of_Mpwapwa_cow,Livestock Update 2022,https://www.researchgate.net/publication/289793899_Comparison_of_water_melon_Citrullus_vulgaris-seed_meal_Acacia_tortilis_pods_and_sunflower-seed_cake_supplements_in_central_Tanzania_1_Nutritive_value_and_influence_on_the_rumen_environment,,,,sc,sc,
JS0214,Shem,2003,Agroforestry Systems,No,10.1023/a:;1025454425048,,Livestock Update 2022,,,,,sc,sc,
JS0215.1,Shem,2003,Animal Feed Science and Technology,No,10.1016/S0377-8401(03)00167-6,,Livestock Update 2022,,,,,sc,sc,
JS0215.2,Shem,2003,Animal Feed Science and Technology,No,10.1016/S0377-8401(03)00167-6,,Livestock Update 2022,,,,,sc,sc,
JS0218.1,Stephens,1991,Experimental Agriculture,,10.1017/s0014479700018822,,ERA 2023,,,,,ie,ie,V2.0.24
JS0218.2,Stephens,1991,Experimental Agriculture,,10.1017/s0014479700018822,,ERA 2023,,,,,ie,ie,V2.0.24
JS0226,Aganga,2000,Asian-Australasian Journal of Animal Sciences,No,10.5713/ajas.2000.1127,,Livestock Update 2022,,,,,sc,sc,
JS0230,Aganga,1999,Tropical Animal Health and Production,No,10.1023/a:;1005203806867,,Livestock Update 2022,,,,,sc,sc,
JS0231,Madibela,2002,South African Journal of Animal Science,No, 10.4314/sajas.v32i1.3786,,Livestock Update 2022,,,,,sc,sc,
JS0232,Rennie,1977,Tropical Animal Health and Production,No,10.1007/bf02297380,,Livestock Update 2022,,,,,sc,sc,
JS0234,Akyeampong,1996,Agroforestry Systems,,10.1007/bf00122885,,ERA 2023,,,,,ie,ie,V2.0.24
JS0243,Alemu,2010,Tropical Animal Health and Production,No,10.1007/s11250-009-9466-9,,Livestock Update 2022,,,,,sc,sc,
JS0245,Amede,2011,Experimental Agriculture,No,10.1017/s0014479710000803,,ERA 2020,,,,,mh,mh,
JS0249,Asmare,2010,Tropical Animal Health and Production,No,10.1007/s11250-010-9591-5,,Livestock Update 2022,,,,,sc,sc,
JS0260,Belay,1998,South African Journal of Plant and Soil,,10.1080/02571862.1998.10635130,,ERA 2023,,,,,ie,ie,V2.0.24
JS0261,Betsha,2009,Tropical Animal Health and Production,No,10.1007/s11250-008-9281-8,,Livestock Update 2022,,,,,sc,sc,
JS0262,Bishaw,2008,Tropical Animal Health and Production,No,10.1007/s11250-008-9138-1,,Livestock Update 2022,,,,,sc,sc,
JS0263,Bonsi,1994,Animal Science,No,10.1017/S0003356100007728,,Livestock Update 2022,,,,,sc,sc,
JS0265,Bonsi,1995,Agroforestry Systems,No,10.1007/bf00712077,,Livestock Update 2022,,,,,sc,sc,
JS0269.1,Coppock,1992,Journal of Range Management,No,10.2307/4002969,,Livestock Update 2022,,,,,sc,sc,
JS0269.2,Coppock,1992,Journal of Range Management,No,10.2307/4002969,,Livestock Update 2022,,,,,sc,sc,
JS0270,Coppock,1999,Journal of Range Management Archives,Yes,10.2307/4003682,,Livestock Update 2022,,,,,sc,sc,
JS0271,Dana,2000,Livestock Production Science,No,10.1016/S0301-6226(00)00154-8,,Livestock Update 2022,,,,,sc,sc,
JS0272,Degu,2009,Animal Feed Science and Technology,No,10.1016/j.anifeedsci.2008.03.014,,Livestock Update 2022,,,,,sc,sc,
JS0273,Dessie,2010,Tropical Animal Health and Production,No,10.1007/s11250-009-9496-3,,Livestock Update 2022,,,,,sc,sc,
JS0274.1,Erkossa,2005,Soil Use and Management,,10.1079/sum2005319,,ERA 2023,,,,,ie,ie,V2.0.24
JS0274.2,Erkossa,2006,Soil Use and Management,,10.1016/j.still.2005.01.009,,ERA 2023,,,,,ie,ie,V2.0.24
JS0276,Gebregiorgis,2012,Tropical Animal Health and Production,No,10.1007/s11250-011-9927-9,,Livestock Update 2022,,,,,sc,sc,
JS0278,Gebrekidan,2003,Journal of Agriculture and Rural Development in the Tropics and Subtropics,,,https://www.jarts.info/index.php/jarts/article/view/21/18,ERA 2023,,,,,ie,ie,V2.0.24
JS0279,Gebrekidan,1999,Nutrient Cycling in Agroecosystems,,,https://link.springer.com/article/10.1023/A:1009721411173,ERA 2023,,,,,ie,ie,V2.0.24
JS0281,Getachew,1994,Animal Feed Science and Technology,No,10.1016/0377-8401(94)90068-x,,Livestock Update 2022,,,,,sc,sc,
JS0283,Girma,1995,Communications in Soil Science and Plant Analysis,,10.1080/00103629509369391,,ERA 2023,,,,,ie,ie,V2.0.24
JS0285,Hagos,2009,Tropical Animal Health and Production,No,10.1007/s11250-008-9230-6,,Livestock Update 2022,,,,,sc,sc,
JS0289.1,Kaitho,1998,Livestock Production Science,No,10.1016/s0301-6226(97)00152-8,,Livestock Update 2022,,,,,sc,sc,
JS0289.2,Kaitho,1998,Livestock Production Science,No,10.1016/s0301-6226(97)00152-8,,Livestock Update 2022,,,,,sc,sc,
JS0290,Kaitho,1998,Agroforestry Systems,No,10.1023/a:;1005952801489,,Livestock Update 2022,,,,,sc,sc,
JS0291,Kaitho,1998,Animal Feed Science and Technology,No,10.1016/s0377-8401(97)00159-4,,Livestock Update 2022,,,,,sc,sc,
JS0292,Abatan,2015,Tropical Animal Health and Production,No,10.1007/s11250-014-0695-1,,Livestock Update 2022,,,,,sc,sc,
JS0293,Diba,2015,Tropical Animal Health and Production,No,10.1007/s11250-014-0725-z,,Livestock Update 2022,,,,,sc,sc,
JS0295,Abdel-Tawwab,2015,Aquaculture,No,10.1016/j.aquaculture.2015.06.010,,Livestock Update 2022,,,,,sc,sc,
JS0296,Abdel-Warith,2014,Indian Journal of Fisheries,No,,https://faculty.ksu.edu.sa/sites/default/files/indian_journal_of_fisheries_0.pdf,Livestock Update 2022,,,,,sc,sc,
JS0299,Donaldson,2015,Journal of Animal Physiology and Animal Nutrition,No,10.1111/jpn.12250,,Livestock Update 2022,,,,,sc,sc,
JS0301,Mekuriaw,2018,Agriculture and Food Security,Yes,10.1186/s40066-018-0182-4,,Livestock Update 2022,,,,,sc,sc,
JS0305,Abo-Zeid,2017,Animal Feed Science and Technology,No,10.1016/j.anifeedsci.2017.09.011,,Livestock Update 2022,,,,,sc,sc,
JS0306,Acheampong-Boateng,2017,Tropical Animal Health and Production,No,10.1007/s11250-017-1250-7,,Livestock Update 2022,,,,,sc,sc,
JS0307,Adams,2016,Nutrient Cycling in Agroecosystems,,10.1007/s10705-016-9786-x,,ERA 2023,,,,,ie,ie,V2.0.24
JS0309,Adomako,2014,British Poultry Science,No,10.1080/00071668.2014.960805,,Livestock Update 2022,,,,,sc,sc,
JS0311,Agbor,2013,Tropical Animal Health and Production,No,10.1007/s11250-012-0327-6,,Livestock Update 2022,,,,,sc,sc,
JS0314,Ahmed,2015,Small Ruminant Research,No,10.1016/j.smallrumres.2015.05.004,,Livestock Update 2022,,,,,sc,sc,
JS0316,Bekele,2013,Tropical Animal Health and Production,No,10.1007/s11250-013-0413-4,,Livestock Update 2022,,,,,sc,sc,
JS0319,Bright,2017,Agriculture Ecosystems & Environment,,10.1016/j.agee.2017.03.007,,ERA 2023,10.1016/j.jaridenv.2016.01.010,10.1016/j.jaridenv.2012.03.010,10.1016/j.agwat.2007.02.015,10.1016/j. jaridenv.2006.02.021,ie,ie,V2.0.24
JS0324.1,Bwire,2004,Livestock Production Science,No,10.1016/j.livprodsci.2003.07.010,,Livestock Update 2022,,,,,sc,sc,
JS0324.2,Bwire,2004,Livestock Production Science,No,10.1016/j.livprodsci.2003.07.010,,Livestock Update 2022,,,,,sc,sc,
JS0326,Pelster,2016,Journal of Environmental Quality,No,10.2134/jeq2016.02.0050,,Livestock Update 2022,10.1071/AN15569,,,,sc,sc,
JS0334.1,Suzuki,2016,Agronomy Journal,,10.2134/agronj2015.0375,,ERA 2023,,,,,ie,ie,V2.0.24
JS0340,Oke,2017,Journal of Animal Physiology and Animal Nutrition,No,10.1111/jpn.12597,,Livestock Update 2022,,,,,sc,sc,
JS0341,Oke,2015,Journal of Animal Physiology and Animal Nutrition,No,10.1111/jpn.12353,,Livestock Update 2022,,,,,sc,sc,
JS0342,Okoro,2017,Chilean Journal of Agricultural Research,No,10.4067/S0718-58392017000400365,,Livestock Update 2022,,,,,sc,sc,
JS0343,Olafadehan,2013,Animal Feed Science and Technology,No,10.1016/j.anifeedsci.2013.05.014,,Livestock Update 2022,,,,,sc,sc,
JS0344,Olafadehan,2014,Tropical Animal Health and Production,No,10.1007/s11250-014-0590-9,,Livestock Update 2022,,,,,sc,sc,
JS0345,Selemani,2016,Tropical Animal Health and Production,No,10.1007/s11250-015-0935-z,,Livestock Update 2022,,,,,sc,sc,
JS0349,Smeti,2015,Tropical Animal Health and Production,No,10.1007/s11250-014-0721-3,,Livestock Update 2022,,,,,sc,sc,
JS0350,Smeti,2015,Animal Science Journal,No,10.1111/asj.12352,,Livestock Update 2022,,,,,sc,sc,
JS0369,Diakhate,2016,Journal of Arid Environments,,10.1016/j.jaridenv.2016.01.010,,ERA 2023,10.1016/j.jaridenv.2016.01.010,10.1016/j.jaridenv.2012.03.010,10.1016/j.agwat.2007.02.015,10.1016/j. jaridenv.2006.02.021,ie,ie,V2.0.24
JS0370,El-Sheekh,2014,Turkish Journal of Fisheries and Aquatic Sciences,No,10.4194/1303-2712-v14_2_18,,Livestock Update 2022,,,,,sc,sc,
JS0371,Nesseim,2015,Tropical Animal Health and Production,No,10.1007/s11250-015-0897-1,,Livestock Update 2022,,,,,sc,sc,
JS0374,Habtemicael,2014,African Journal of Ecology,No,10.1111/aje.12185,,Livestock Update 2022,,,,,sc,sc,
JS0389,Rebafka,1994,Field Crops Research,,10.1016/0378-4290(94)90060-4,,ERA 2023,,,,,ie,ie,V2.0.24
JS0393,de Waal,1981,South African Journal of Animal Science,No,,https://www.ajol.info/index.php/sajas/article/view/139681/129383,Livestock Update 2022,,,,,sc,sc,
JS0411,Snoeck,2012,Industrial Crops and Products,,10.1016/j.indcrop.2012.07.053,,ERA 2023,,,,,ie,ie,V2.0.24
JS0419,Ben Salem,2004,Small Ruminant Research,No,10.1016/S0921-4488(03)00186-X,,Livestock Update 2022,,,,,sc,sc,
JS0421,Brand,1997,Small Ruminant Research,No,10.1016/s0921-4488(96)00998-4,,Livestock Update 2022,,,,,sc,sc,
JS0423,Nwanna,2009,Scienceasia,No,10.2306/scienceasia1513-1874.2009.35.227,,Livestock Update 2022,,,,,sc,sc,
JS0424,Kato,2013,Livestock Research for Rural Development,No,,https://www.researchgate.net/profile/Fred-Kabi/publication/237085419_Effect_of_supplementary_protein_source_on_the_performance_of_indigenous_meat_goats_fed_Guinea_grass_hay/links/00b7d51f3934756a06000000/Effect-of-supplementary-protein-source-on-the-performance-of-indigenous-meat-goats-fed-Guinea-grass-hay.pdf,Livestock Update 2022,,,,,sc,sc,
JS0433,Kang,1999,Nutrient Cycling in Agroecosystems,,10.1023/a:;1009757830508,,ERA 2023,,,,,ie,ie,V2.0.24
LM0006,Hauser,2000,Agroforestry Systems,,10.1023/a:;1006351025490,,ERA 2023,,,,,ie,ie,V2.0.24
LM0016,Fombad,2004,Tropical Animal Health and Production,No,10.1023/b:;trop.0000016828.48326.59,,Livestock Update 2022,,,,,sc,sc,
LM0018,Ngwa,2002,Tropical Animal Health and Production,No,10.1023/a:1013789929102,,Livestock Update 2022,,,,,sc,sc,
LM0019,Njoya,1997,Tropical Animal Health and Production,No,10.1007/bf02632304,,Livestock Update 2022,,,,,sc,sc,
LM0020,Njoya,2005,Small Ruminant Research,No,10.1016/S0921-4488(03)00010-5,,Livestock Update 2022,,,,,sc,sc,
LM0024.1,Pamo,2006,Small Ruminant Research,No,10.1016/j.smallrumres.2005.05.023,,Livestock Update 2022,,,,,sc,sc,
LM0024.2,Pamo,2006,Small Ruminant Research,No,10.1016/j.smallrumres.2005.02.011,,Livestock Update 2022,,,,,sc,sc,
LM0047,Ikurior,1988,Journal of the Science of Food and Agriculture,No,10.1002/jsfa.2740440102,,Livestock Update 2022,,,,,sc,sc,
LM0048,Ikurior,1993,Journal of the Science of Food and Agriculture,No,10.1002/jsfa.2740610304,,Livestock Update 2022,,,,,sc,sc,
LM0061,Kang,1985,Plant and Soil,,10.1007/bf02139631,,ERA 2023,,,,,ie,ie,V2.0.24
LM0074,Lal,1986,Soil and Tillage Research,,10.1016/0167-1987(86)90333-8,,ERA 2023,https://pdf.sciencedirectassets.com/271196/1-s2.0-S0167198700X01298/1-s2.0-0167198785900145/main.pdf?X-Amz-Security-Token=IQoJb3JpZ2luX2VjEH8aCXVzLWVhc3QtMSJHMEUCIQCVzXhEMvakKjqrCrinRY1UJdBMh8%2B%2Bj7dMS4dCNCFlxgIgTAoSIKrgIhEeEwNbui3b5oUNfjVtZCSHkt5gSETwlD0qvAUIt%2F%2F%2F%2F%2F%2F%2F%2F%2F%2F%2FARAFGgwwNTkwMDM1NDY4NjUiDIPAHHR8nq%2F83YJ5QCqQBV%2B%2F8Ld9ItSRZLpF7JXFbSd60GkOfDtlJ276tZwQKQ9TIjO6nSLl6gS4vCw00CxhY%2FQ2qhRyD6rIva7ubSQVvijfbk1T6PGHFKzhp0%2FwxJjIUq3uRr8u6MWok%2BJJ2TV%2BdYJWSF%2FO7kmyc9KAL4V6XX6QiY48MvF5rEkSncEYBdIrq4CxB5ZSuF%2F79N9wAjEKV%2F7oW1Fswy%2B76%2BMBVd8ALtPh%2BWzj48ErY5duAIzTsO1ZVLRXfkZUFKQEmPqO1OBxELqdeWyi%2FszJOz%2BtpIn9loZAlBYVhWNIOGl5YIjrqLBb8yGC9UnKMIKZOmvCk1%2FCiJM558HwhJqvH0p27jGPUepKhkF2kPtQUm5VD8bF3g0KkCUEbA7gNPs3dqbvXI9zDDEupEMUxlIsiWD0bmdCo9IptI3F%2F4F1Fb18TSgpCuSEn%2F8PHc4%2Fd27PsspVE09TyEbv9AICl0KckRnRZQN9m6zAJLtDa%2Ba0LBjjX7LJKgM0DpYyYHB5l8VbJUODeVI7LM%2F8S9hA6FxBxtOWz%2Bxt8qpqqGRvQt6EJl1cEy%2F0T4CHZulB74ayUXRCa2xJZmLXL6LsL6Yh%2BwRMU5myWjKlOheORfKJbVKJMSKzawmJ3KuecZNrbrJtBASmlzn0ScBZDSNlYV5y%2F0CexJ%2BCcWiaNAjPpBA0c%2BiWTCclLcS5fwgXJlnRDUVp66T271pWaxqX3gXsgArBPDpMrQnKjXkMrhRz6xI1FdcCZI33J%2FU9u9xwEtjhyrBDZgtsnqpNLT40pYRpWDsWYdT0vyHIS5DvCVWLcPDbW1v%2Fv%2Frf39uvNoIAcr6NBzAAHDWxLSUiT0CUU%2F5Wyw3MQFPw%2Bwm1C%2BOzXYLQ99X2QawKJGZJquJWkDcwMOSr%2BLAGOrEBI2uwiDIRF7pGSgUD7HER29vytz3pL%2BmYDT83QAW5PojKzdwOIPFukZaWgKPykdP6MYSMwYbZbcgdjxp70y3tdJ7foUCFNWoXRzmZGfVBDDTfwMmDcNhPpbkVDJlfKKIhKN%2B%2BVieAn7cblDZbQfP%2FMtnmuFmDeoEcVAn%2BXbgkkBDEgGzL9JwVrNIDCKXIlbRfQ4LODkvaGjax0iNScqCv2bDGoTj4xmHZJJJigCmdy%2F%2Bd&X-Amz-Algorithm=AWS4-HMAC-SHA256&X-Amz-Date=20240416T063539Z&X-Amz-SignedHeaders=host&X-Amz-Expires=300&X-Amz-Credential=ASIAQ3PHCVTYZBYBVF7D%2F20240416%2Fus-east-1%2Fs3%2Faws4_request&X-Amz-Signature=20c2f5b485667adbd536503cefa2cf2abba1b9424fa630b9ff110e443af1b8fa&hash=036e62bae0ba292414403b7257746aff547c6a150805525f1071c2627421e288&host=68042c943591013ac2b2430a89b270f6af2c76d8dfd086a07176afe7c76c2c61&pii=0167198785900145&tid=spdf-cefcf8da-252a-4626-94a5-6f71147fdddd&sid=9469f10a7230844c381b40f66833bb4d3553gxrqa&type=client&tsoh=d3d3LnNjaWVuY2VkaXJlY3QuY29t&ua=0d0758515a5c535f5f08&rr=8752280fce2b5bc5&cc=ke,,,,ie,ie,V2.0.24
LM0078.1,Lal,1997,Soil and Tillage Research,,10.1016/s0167-1987(97)00006-8,,ERA 2023,,,,,ie,ie,V2.0.24
LM0078.2,Lal,1997,Soil and Tillage Research,,10.1016/s0167-1987(97)00007-x,,ERA 2023,,,,,ie,ie,V2.0.24
LM0081,Lal,1982,Soil and Tillage Research,,10.1016/0167-1987(82)90031-9,,ERA 2023,,,,,ie,ie,V2.0.24
LM0082,Maurya,1986,Soil and Tillage Research,,10.1016/0167-1987(86)90331-4,,ERA 2023,,,,,ie,ie,V2.0.24
LM0085,Mbagwu,1991,Turrialba,Yes,10.1002/jsfa.2740570405,,ERA 2020,,,,,mh,mh,
LM0100,Njidda,2010,Pakistan Veterinary Journal,No,,http://www.pvj.com.pk/pdf-files/30_1/7-12.pdf?q=the-science-of-alli,Livestock Update 2022,,,,,sc,sc,
LM0101,Mubi,2008,Asian Journal of Animal and Veterinary Advances,No, 10.3923/ajava.2008.183.186,,Livestock Update 2022,,,,,sc,sc,
LM0102,Malau-Aduli,2003,Livestock Production Science,No,10.1016/s0301-6226(03)00037-x,,ERA 2020,,,,,mh,mh,
LM0103,London,1997,Animal Feed Science and Technology,No,10.1016/s0377-8401(96)01138-8,,Livestock Update 2022,,,,,sc,sc,
LM0104,Kibon,1993,Tropical Animal Health and Production,No,10.1007/bf02236887,,Livestock Update 2022,,,,,sc,sc,
LM0108,Lal,1998,Land Degradation & Development,,10.1002/(SICI)1099-145X(199805/06)9:3<259::AID-LDR290>3.0.CO;2-V,,ERA 2023,,,,,ie,ie,V2.0.24
LM0113.1,Brand,2001,New Zealand Journal of Agricultural Research,No,10.1080/00288233.2001.9513459,,Livestock Update 2022,,,,,sc,sc,
LM0113.2,Brand,2001,New Zealand Journal of Agricultural Research,No,10.1080/00288233.2001.9513459,,Livestock Update 2022,,,,,sc,sc,
LM0114,Brand,1991,South African Journal of Animal Science-Suid-Afrikaanse Tydskrif Vir Veekunde,No,,https://www.ajol.info/index.php/sajas/article/view/138698,Livestock Update 2022,,,,,sc,sc,
LM0115,Chipa,2010,South African Journal of Animal Science,No,,https://www.ajol.info/index.php/sajas/article/view/95816,Livestock Update 2022,,,,,sc,sc,
LM0116,Cronje,1990,South African Journal of Animal Science,No,,https://www.ajol.info/index.php/sajas/article/view/138885/128556,Livestock Update 2022,,,,,sc,sc,
LM0117.1,Figueiredo,1994,Journal of the Science of Food and Agriculture,No,10.1002/jsfa.2740660205,,Livestock Update 2022,,,,,sc,sc,
LM0117.2,Figueiredo,1994,Journal of the Science of Food and Agriculture,No,10.1002/jsfa.2740660205,,Livestock Update 2022,,,,,sc,sc,
LM0117.3,Figueiredo,1994,Journal of the Science of Food and Agriculture,No,10.1002/jsfa.2740660205,,Livestock Update 2022,,,,,sc,sc,
LM0120,Hlophe,2011,Asian Journal of Animal and Veterinary Advances,No,10.3923/ajava.2011.1001.1009,,Livestock Update 2022,,,,,sc,sc,
LM0121,Hlophe,2011,Asian Journal of Animal and Veterinary Advances,No,10.3923/ajava.2011.1076.1083,,Livestock Update 2022,,,,,sc,sc,
LM0122,Hoffman,1997,Water Sa,No,,https://www.wrc.org.za/wp-content/uploads/mdocs/WaterSA_1997_02_1009.PDF,Livestock Update 2022,,,,,sc,sc,
LM0123,Lehmann,2006,South African Journal of Animal Science,No,,https://www.researchgate.net/publication/277851773_Substituting_maize_grain_with_barley_grain_in_concentrates_fed_to_Jersey_cows_grazing_kikuyu-ryegrass_pasture,Livestock Update 2022,,,,,sc,sc,
LM0124,Malleson,2008,South African Journal of Animal Science,No,,http://www.scielo.org.za/scielo.php?script=sci_arttext&pid=S0375-15892008000400006,Livestock Update 2022,,,,,sc,sc,
LM0125,Malleson,2009,Tropical Grasslands,No,,https://repository.up.ac.za/handle/2263/14350,Livestock Update 2022,,,,,sc,sc,
LM0126,Mapiye,2009,Livestock Science,No,10.1016/j.livsci.2009.07.001,,Livestock Update 2022,,,,,sc,sc,
LM0127,Meeske,2006,South African Journal of Animal Science,No,10.4314/sajas.v36i2.3992,,Livestock Update 2022,,,,,sc,sc,
LM0128,Mohlapo,2009,Tropical Animal Health and Production,No,10.1007/s11250-009-9351-6,,Livestock Update 2022,,,,,sc,sc,
LM0129,Pieterse,2000,South African Journal of Animal Science,No,10.4314/sajas.v30i1.3878,,Livestock Update 2022,,,,,sc,sc,
LM0136.1,Pieterse,2000,South African Journal of Animal Science,No,10.4314/sajas.v30i1.3877,,Livestock Update 2022,,,,,sc,sc,
LM0136.2,Pieterse,2000,South African Journal of Animal Science,No,10.4314/sajas.v30i1.3877,,Livestock Update 2022,,,,,sc,sc,
LM0138,Abiola,2012,Archivos de Zootecnia,No,,https://dialnet.unirioja.es/servlet/articulo?codigo=5115003,Livestock Update 2022,,,,,sc,sc,
LM0139,Einkamerer,2009,South African Journal of Animal Science,No,10.4314/sajas.v39i1.61178,,Livestock Update 2022,,,,,sc,sc,
LM0148,Fourie,2007,South African Journal of Enology and Viticulture,,10.21548/28-1-1461,,ERA 2023,,,,,ie,ie,V2.0.27
LM0150,Abdulrazak,1996,Animal Science,No,10.1017/S1357729800015265,,Livestock Update 2022,,,,,sc,sc,
LM0151.1,Abdulrazak,1997,Livestock Production Science,No,10.1016/s0301-6226(97)00018-3,,Livestock Update 2022,,,,,sc,sc,
LM0151.2,Abdulrazak,1997,Livestock Production Science,No,10.1016/s0301-6226(97)00018-3,,Livestock Update 2022,,,,,sc,sc,
LM0163,Kahindi,2007,Small Ruminant Research,No,10.1016/j.smallrumres.2005.12.008,,Livestock Update 2022,,,,,sc,sc,
LM0164,Kariuki,1999,Livestock Production Science,No,10.1016/s0301-6226(99)00035-4,,Livestock Update 2022,,,,,sc,sc,
LM0165,Kimetu,2008,Ecosystems,,10.1007/s10021-008-9154-z,,ERA 2023,,,,,ie,ie,V2.0.24
LM0168,Jama,1991,Agroforestry Systems,,10.1007/bf00115735,,ERA 2023,,,,,ie,ie,V2.0.24
LM0171,Jama,1991,Agroforestry Systems,,10.1007/bf00129615,,ERA 2023,,,,,ie,ie,V2.0.24
LM0186,Kapkiyai,1999,Soil Biology & Biochemistry,,10.1016/s0038-0717(99)00088-7,,ERA 2023,,,,,ie,ie,V2.0.24
LM0187,Khan,2008,Crop Protection,,10.1016/j.cropro.2008.01.005,,ERA 2023,,,,,ie,ie,V2.0.24
LM0227.1,Muia,2000,Livestock Production Science,No,10.1016/s0301-6226(00)00192-5,,Livestock Update 2022,,,,,sc,sc,
LM0227.2,Muia,2000,Livestock Production Science,No,10.1016/s0301-6226(00)00192-5,,Livestock Update 2022,,,,,sc,sc,
LM0228.1,Muinga,1993,Tropical Animal Health and Production,No,10.1007/bf02236519,,Livestock Update 2022,,,,,sc,sc,
LM0228.2,Muinga,1993,Tropical Animal Health and Production,No,10.1007/bf02236519,,Livestock Update 2022,,,,,sc,sc,
LM0229,Muinga,1995,Animal Science,No,10.1017/S1357729800008080,,Livestock Update 2022,,,,,sc,sc,
LM0238,Nyambati,2003,Livestock Production Science,No,10.1016/S0301-6226(03)00094-0,,Livestock Update 2022,,,,,sc,sc,
LM0248,Ondiek,1999,Livestock Production Science,No,10.1016/s0301-6226(99)00004-4,,Livestock Update 2022,,,,,sc,sc,
LM0260,Paterson,1999,Tropical Animal Health and Production,No,10.1023/a:;1005119808090,,Livestock Update 2022,,,,,sc,sc,
LM0261,Paterson,2000,Tropical Animal Health and Production,No,10.1023/a:;1005293019581,,Livestock Update 2022,,,,,sc,sc,
LM0264,Rao,2000,Agriculture Ecosystems & Environment,,10.1016/s0167-8809(99)00125-5,,ERA 2023,,,,,ie,ie,V2.0.24
LM0265,Recke,1997,Experimental Agriculture,,10.1017/s0014479797000203,,ERA 2023,,,,,ie,ie,V2.0.24
LM0266,Sawe,1998,Small Ruminant Research,No,10.1016/s0921-4488(97)00059-x,,Livestock Update 2022,,,,,sc,sc,
LM0276,Jackson,2000,Forest Ecology and Management,,10.1016/s0378-1127(99)00096-1,,ERA 2023,,,,,ie,ie,V2.0.24
LM0277.1,Nambi,1992,Animal Feed Science and Technology,No,10.1016/0377-8401(92)90123-n,,Livestock Update 2022,,,,,sc,sc,
LM0278,Mathuva,1998,Field Crops Research,,10.1016/s0378-4290(97)00067-1,,ERA 2023,,,,,ie,ie,V2.0.24
LM0279,Jackson,2000,Forest Ecology and Management,,10.1016/s0378-1127(99)00096-1,,ERA 2023,,,,,ie,ie,V2.0.24
LM0280,Ondiek,2000,Asian-Australasian Journal of Animal Sciences,No,10.5713/ajas.2000.1249,,Livestock Update 2022,,,,,sc,sc,
LM0289,Sanon,2013,Tropical Animal Health and Production,No,10.1007/s11250-012-0275-1,,Livestock Update 2022,,,,,sc,sc,
LM0294,Ojong,2017,Italian Journal of Animal Science,No,10.1080/1828051X.2017.1326855,,Livestock Update 2022,,,,,sc,sc,
LM0295,Yasin,2014,Tropical Animal Health and Production,No,10.1007/s11250-014-0615-4,,Livestock Update 2022,,,,,sc,sc,
LM0297,Tesfay,2012,Tropical Animal Health and Production,No,10.1007/s11250-012-0227-9,,Livestock Update 2022,,,,,sc,sc,
LM0298,Tefera,2015,Tropical Animal Health and Production,No,10.1007/s11250-015-0901-9,,Livestock Update 2022,,,,,sc,sc,
LM0299,Tsegay,2013,Small Ruminant Research,No,10.1016/j.smallrumres.2013.07.003,,Livestock Update 2022,,,,,sc,sc,
LM0310,Sharawy,2016,Animal Feed Science and Technology,No,10.1016/j.anifeedsci.2015.12.009,,Livestock Update 2022,,,,,sc,sc,
LM0311,Soltan,2017,Animal Feed Science and Technology,No,10.1016/j.anifeedsci.2017.11.021,,Livestock Update 2022,,,,,sc,sc,
LM0312,Suloma,2013,Aquaculture International,No,10.1007/s10499-012-9559-8,,Livestock Update 2022,,,,,sc,sc,
LM0315,Olude,2016,Animal Nutrition,No,10.1016/j.aninu.2016.09.001,,Livestock Update 2022,,,,,sc,sc,
LM0318,Oshunsanya,2013,Agroecology and Sustainable Food Systems,,10.1080/21683565.2012.762439,,ERA 2023,10.1016/j.still.2007.02.008,,,,ie,ie,V2.0.27
LM0320,Ugwuowo,2017,Journal of Animal and Plant Sciences,No,,http://www.thejaps.org.pk/docs/v-27-03/02.pdf,Livestock Update 2022,,,,,sc,sc,
LM0321,Vanlauwe,2005,Plant and Soil,,10.1007/s11104-005-0194-2,,ERA 2023,https://www.cabidigitallibrary.org/doi/full/10.5555/19941904569,10.1016/j.soilbio.2004.04.031,,,ie,ie,V2.0.28
LM0322,Yusuf,2018,South African Journal of Animal Science,No,10.4314/sajas.v48i1.10,,Livestock Update 2022,,,,,sc,sc,
LM0329,Mpanza,2015,Tropical Animal Health and Production,No,10.1007/s11250-015-0876-6,,Livestock Update 2022,,,,,sc,sc,
LM0334,Samkelisiwe,2014,Turkish Journal of Fisheries and Aquatic Sciences,No,10.4194/1303-2712-v14_3_22,,Livestock Update 2022,,,,,sc,sc,
LM0335,Sebola,2015,Livestock Science,No,10.1016/j.livsci.2015.04.019,,Livestock Update 2022,,,,,sc,sc,
LM0336,Sekali,2016,Tropical Animal Health and Production,No,10.1007/s11250-016-1058-x,,Livestock Update 2022,,,,,sc,sc,
LM0339,van de Vyer,2013,South African Journal of Animal Science,No,10.4314/sajas.v43i5.21,,Livestock Update 2022,,,,,sc,sc,
LM0347,Masaka,2015,Tropical Animal Health and Production,No,10.1007/s11250-015-0827-2,,Livestock Update 2022,,,,,sc,sc,
LM0349,Gusha,2015,Small Ruminant Research,No,10.1016/j.smallrumres.2015.02.018,,Livestock Update 2022,,,,,sc,sc,
LM0351,Gusha,2015,Animal Feed Science and Technology,No,10.1016/j.anifeedsci.2015.04.017,,Livestock Update 2022,,,,,sc,sc,
LM0354,Solomon,2017,Journal of Nutrition and Metabolism,No,10.1155/2017/8936060,,Livestock Update 2022,,,,,sc,sc,
NJ0001,Abass,2018,Journal of Stored Products Research,No,10.1016/j.jspr.2018.03.002,,ERA 2020,,,,,mh,mh,
NJ0002,Abdallah,2018,International Journal of Pest Management,No,10.1080/09670874.2017.1335913,,ERA 2020,,,,,mh,mh,
NJ0003,Abdel-Tawwab,2018,Fish & Shellfish Immunology,No,10.1016/j.fsi.2018.04.057,,ERA 2020,,,,,mh; sc,mh; sc,
NJ0004,Abdou,2016,Nutrient Cycling in Agroecosystems,No,10.1007/s10705-016-9779-9,,ERA 2020,,,,,mh,mh,
NJ0006,Abekiya,2018,Agriculture Conspectus Scientificus,Yes,,https://www.scopus.com/inward/record.uri?eid=2-s2.0-85062683122&partnerID=40&md5=183ae92c8e125106f52edc59b08766da,ERA 2020,,,,,mh,mh,
NJ0007,Abubaker ,2014,Pakistan Journal of Agricultural Sciences,No,,https://www.researchgate.net/publication/279320109_Impact_of_different_water_harvesting_techniques_on_soil_moisture_content_and_yield_components_of_sorghum,ERA 2020,,,,,mh,mh,
NJ0008,Asmare,2016,Tropical Animal Health and Production,No,10.1007/s11250-016-1031-8,,ERA 2020,,,,,mh; sc,mh; sc,
NJ0009,Guenha,2014,Journal of Stored Products Research,No,10.1016/j.jspr.2014.06.007,,ERA 2020,,,,,mh,mh,
NJ0010,Adekiya,2015,Experimental Agriculture,No,10.1017/S0014479715000253,,ERA 2020,,,,,mh,mh,
NJ0011,Adekunle,2015,Journal of Horticultural Science & Biotechnology,No,10.1080/14620316.2015.11513148,,ERA 2020,,,,,mh,mh,
NJ0012,Ali,2017,Communications in Soil Science and Plant Analysis,No,10.1080/00103624.2017.1395443,,ERA 2020,,,,,mh,mh,
NJ0013,Ayeb,2016,Animal Production Science,No,10.1071/AN14879,,ERA 2020,,,,,mh; sc,mh; sc,
NJ0014,Ali,2017,Acta Agriculturae Scandinavica Section B-Soil and Plant Science,Yes,10.1080/09064710.2016.1255349,,ERA 2020,,,,,mh,mh,
NJ0015,Deng,2017,Agroforestry Systems,No,10.1007/s10457-016-9914-2,,ERA 2020,,,,,mh,mh,
NJ0016,Gusha ,2017,Animal Production Science,No,10.1071/AN15900,,ERA 2020,,,,,mh; sc,mh; sc,
NJ0017,Birhane,2018,Agroforestry Systems,No,10.1007/s10457-016-0027-8,,ERA 2020,,,,,mh,mh,
NJ0018,Baoua,2016,Journal of Stored Products Research,No,10.1016/j.jspr.2016.04.006,,ERA 2020,,,,,mh,mh,
NJ0019,Baoua,2014,Journal of Stored Products Research,No,10.1016/j.jspr.2014.03.001,,ERA 2020,,,,,mh,mh,
NJ0020,Abd El-Kader,2018,Egyptian Journal of Soil Science,Yes,10.21608/ejss.2018.5616,,ERA 2020,,,,,mh,mh,
NJ0021,Brand,2015,British Poultry Science,No,10.1080/00071668.2015.1020048,,ERA 2020,,,,,mh,mh,
NJ0022,Barthes,2015,Agroforestry Systems,No,10.1007/s10457-014-9743-0,,ERA 2020,,,,,mh,mh,
NJ0023,Baoua,2012,Journal of Stored Products Research,No,10.1016/j.jspr.2012.12.004,,ERA 2020,,,,,mh,mh,
NJ0024,Chigoverah,2016,Journal of Stored Products Research,No,10.1016/j.jspr.2016.08.004,,ERA 2020,,,,,mh,mh,
NJ0025,Gusha,2015,Journal of Animal Physiology and Animal Nutrition,No,10.1111/jpn.12303,,ERA 2020,,,,,mh; sc,mh; sc,
NJ0026,Danso,2018,European Journal of Agronomy,No,10.1016/j.eja.2018.08.001,,ERA 2020,,,,,mh,mh,
NJ0027,Disetlhe,2018,Poultry Science,No,10.3382/ps/pey047,,ERA 2020,,,,,mh; sc,mh; sc,
NJ0028,Dunjana,2015,Agronomy Journal,No,10.2134/agronj15.0051,,ERA 2020, 10.1111/sum.12152, 10.1111/j.1475-2743.2012.00394.x,,,mh,mh,
NJ0029,Agegnehu,2013,Tropical Agriculture,No,,www.researchgate.net/publication/260980852_Soil_test_Phosphorus_calibration_for_malting_barley_Hordeum_vulgare_L_production_on_Nitisols_of_Ethiopian_highlands/link/54c89f5c0cf289f0ced08386/download,ERA 2020,,,,,mh,mh,
NJ0030,Herrmann,2013,Pedobiologia,Yes,10.1016/j.pedobi.2013.12.004,,ERA 2020,,,,,mh,mh,
NJ0031,Diakhate,2013,European Journal of Soil Biology,Yes,10.1016/j.ejsobi.2013.04.003,,ERA 2020,,,,,mh,mh,
NJ0032,Hintsa,2017,Tropical Animal Health and Production,No,10.1007/s11250-018-1577-8,,ERA 2020,,,,,mh; sc,mh; sc,
NJ0033,Bandaogo,2015,Nutrient Cycling in Agroecosystems,No,10.1007/s10705-014-9653-6,,ERA 2020,,,,,mh,mh,
NJ0034,Gichangi,2017,Tropical and Subtropical Agroecosystems,No,,https://www.scopus.com/inward/record.uri?eid=2-s2.0-85019651157&partnerID=40&md5=e03692c3a35b629ee721dbcf48cb8bee,ERA 2020,,,,,mh,mh,
NJ0036,El-Tarabany,2018,Tropical Animal Health and Production,No,10.1007/s11250-017-1506-2,,ERA 2020,,,,,mh,mh,
NJ0037,Fahim ,2016,Agroforestry Systems,No,10.1007/s10457-016-0048-3,,ERA 2020,,,,,mh,mh,
NJ0038,Mlambo ,2017,Crop Protection,No,10.1016/j.cropro.2017.04.001,,ERA 2020,,,,,mh,mh,
NJ0039,Mlambo,2018,Journal of Stored Products Research,No,10.1016/j.jspr.2018.01.009,,ERA 2020,,,,,mh,mh,
NJ0041,Okeyo,2016,Soil Research,Yes,10.1071/sr15074,,ERA 2020,,,,,mh,mh,
NJ0042,Orji,2018,Indian Journal of Agriculture Research,Yes,10.18805/IJARe.A-345,,ERA 2020,,,,,mh,mh,
NJ0043,Oroka,2016,International Letters of Natural Sciences,Yes,10.18052/www.scipress.com/ILNS.51.36,,ERA 2020,,,,,mh,mh,
NJ0044,Negewo,2018,Tropical Animal Health and Production,No,10.1007/s11250-018-1544-4,,ERA 2020,,,,,mh; sc,mh; sc,
NJ0047,Jiwuba,2018,Tropical Animal Health and Production,No,10.1007/s11250-018-1559-x,,ERA 2020,,,,,mh; sc,mh; sc,
NJ0048,Naab,2015,Nutrient Cycling in Agroecosystems,No,10.1007/s10705-015-9675-8,,ERA 2020,,,,,mh,mh,
NJ0049,Kouakou,2013,Meat Science,No,10.1016/j.meatsci.2012.11.036,,ERA 2020,,,,,mh,mh,
NJ0050,Abdulai,2014,Land Economics,Yes,10.3368/le.90.1.26,,ERA 2020,,,,,mh,mh,
NJ0051,Rurinda ,2014,European Journal of Agronomy,No,10.1016/j.eja.2013.12.009,,ERA 2020,10.1016/j.fcr.2013.08.012,,,,mh,mh,
NJ0052,Kanengoni,2014,Journal of Animal Science,Yes,10.2527/jas.2014-8067,,ERA 2020,,,,,mh; sc,mh; sc,
NJ0053,Ewansiha,2014,Journal of Tropical Agriculture,Yes,,http://jtropag.kau.in/index.php/ojs2/article/viewFile/314/315,ERA 2020,,,,,mh,mh,
NJ0054,Lusiba,2017,Archives of Agronomy and Soil Science,No,10.1080/03650340.2016.1218477,,ERA 2020,,,,,mh,mh,
NJ0056,Mekuriaw,2018,Tropical Animal Health and Production,No,10.1007/s11250-018-1519-5,,ERA 2020,,,,,mh,mh,
NJ0057,Mahinda,2018,Soil Science and Plant Nutrition,No,10.1080/00380768.2018.1525573,,ERA 2020,,,,,mh,mh,
NJ0058,Magaia,2016,Acta Agriculturae Scandinavica Section B-Soil and Plant Science,Yes,10.1080/09064710.2015.1090624,,ERA 2020,,,,,mh,mh,
NJ0059,MacCarthy,2015,Nutrient Cycling in Agroecosystems,No,10.1007/s10705-015-9701-x,,ERA 2020,,,,,mh,mh,
NJ0060,Mashavakure,2018,Journal of Nematology,Yes,10.21307/jofnem-2018-033,,ERA 2020,,,,,mh,mh,
NJ0061,Ikazaki,2018,Soil Science and Plant Nutrition,No,10.1080/00380768.2017.1422393,,ERA 2020,,,,,mh,mh,
NJ0062,Igwe,2013,Archives of Agronomy and Soil Science,No,10.1080/03650340.2012.684877,,ERA 2020,,,,,mh,mh,
NJ0063,Ibrahim,2016,Experimental Agriculture,No,10.1017/s0014479715000241,,ERA 2020,,,,,mh,mh,
NJ0064,Kabululu,2017,Indian Journal of Agricultural Research,Yes,10.18805/ijare.v51i03.7912,,ERA 2020,,,,,mh,mh,
NJ0066,Mhlanga,2016,Njas-Wageningen Journal of Life Sciences,No,10.1016/j.njas.2016.05.001,,ERA 2020,,,,,mh,mh,
NJ0067,Mhlanga,2015,Crop Science,No,10.2135/cropsci2014.11.0796,,ERA 2020,,,,,mh,mh,
NJ0069,Khalil ,2015,Experimental and Applied Acarology,Yes,10.1007/s10493-015-9979-z,,ERA 2020,,,,,mh,mh,
NJ0070,Ewansiha,2014,Tropical Agriculture,No,,http://biblio1.iita.org/handle/20.500.12478/1032,ERA 2020,,,,,mh,mh,
NJ0071,Ewansiha,2015,Tropical Agriculture,No,,https://www.scopus.com/inward/record.uri?eid=2-s2.0-84934291397&partnerID=40&md5=1b569a40d80f02bf0318833c97e3dd35,ERA 2020,,,,,mh,mh,
NJ0072,Amer,2018,Egyptian Journal of Soil Science,Yes,10.21608/ejss.2018.2356.1148,,ERA 2020,,,,,mh,mh,
NJ0073,Ayed,2017,Agrociencia,Yes,,www.redalyc.org/pdf/302/30249773003.pdf,ERA 2020,,,,,mh,mh,
NJ0074,Debenport,2015,Applied and Environmental Microbiology,Yes,10.1128/AEM.04122-14,,ERA 2020,,,,,mh,mh,
NJ0075,Sahile,2018,Archiv Fur Phytopathologie und Pflanzenschutz-Archives Of Phytopathology and Plant Protection,Yes,10.1080/03235408.2018.1482648,,ERA 2020,,,,,mh,mh,
NJ0076,Bamutaze,2017,Journal of Soil and Water Conservation,No,10.2489/jswc.72.5.480,,ERA 2020,,,,,mh,mh,
NJ0077,Bezu,2014,World Development,Yes,10.1016/j.worlddev.2014.01.023,,ERA 2020,,,,,mh,mh,
NJ0079,Nakamura,2016,Nutrient Cycling in Agroecosystems,No,10.1007/s10705-016-9788-8,,ERA 2020,,,,,mh,mh,
NJ0082,Ndungu-Magiroi,2015,Nutrient Cycling in Agroecosystems,No,10.1007/s10705-014-9661-6,,ERA 2020,,,,,mh,mh,
NJ0083,Gemenet,2014,Crop Science,No,10.2135/cropsci2014.04.0277,,ERA 2020,,,,,mh,mh,
NJ0084,Busari,2017,Soil Research,Yes,10.1071/sr16162,,ERA 2020,,,,,mh,mh,
NJ0085,Getachew,2013,Agriculturae Conspectus Scientificus,Yes,,https://hrcak.srce.hr/index.php?show=clanak&id_clanak_jezik=157592,ERA 2020,,,,,mh,mh,
NJ0087,Kanampiu,2018,Weed Science,Yes,10.1017/wsc.2018.4,,ERA 2020,,,,,mh,mh,
NJ0089,Loke,2018,Soil Research,Yes,10.1071/SR18050,,ERA 2020,,,,,mh,mh,
NJ0090,Khonje,2015,World Development,Yes,10.1016/j.worlddev.2014.09.008,,ERA 2020,,,,,mh,mh,
NJ0092,Nishigaki,2017,Soil Science and Plant Nutrition,No,10.1080/00380768.2017.1332454,,ERA 2020,,,,,mh,mh,
NJ0093,Okebalama,2016,Soil Science Society of America Journal,No,10.2136/sssaj2016.03.0065,,ERA 2020,,,,,mh,mh,
NJ0094,Partey,2018,Agroforestry Systems,No,10.1007/s10457-016-0035-8,,ERA 2020,,,,,mh,mh,
NJ0095,Kamanga,2018,Experimental Agriculture,No,10.1017/S0014479713000513,,ERA 2020,,,,,mh,mh,
NJ0096,Nyagumbo,2016,Nutrient Cycling in Agroecosystems,No,10.1007/s10705-015-9733-2,,ERA 2020,,,,,mh,mh,
NJ0097,Rattunde,2013,Crop Science,No,10.2135/cropsci2013.03.0182,,ERA 2020,,,,,mh,mh,
NJ0098,Kassie,2018,Journal of Agricultural Economics,Yes,10.1111/1477-9552.12221,,ERA 2020,,,,,mh,mh,
NJ0099,Lamers,2015,Nutrient Cycling in Agroecosystems,No,10.1007/s10705-015-9673-x,,ERA 2020,,,,,mh,mh,
NJ0100,Katsura,2016,European Journal of Agronomy,No,10.1016/j.eja.2015.11.014,,ERA 2020,,,,,mh,mh,
NJ0101,Ratnadass,2017,Crop Protection,No,10.1016/j.cropro.2017.06.023,,ERA 2020,,,,,mh,mh,
NJ0102,Lamers,2015,Nutrient Cycling in Agroecosystems,No,10.1007/s10705-015-9671-z,,ERA 2020,10.1007/s10705-015-9673-x,,,,mh,mh,
NJ0103,Ngwira,2014,Experimental Agriculture,No,10.1017/s001447971400009x,,ERA 2020,,,,,mh,mh,
NJ0104,Laurie,2015,Crop Science,No,10.2135/cropsci2014.09.0664,,ERA 2020,,,,,mh,mh,
NJ0105,Hirich,2013,Desalination and Water Treatment,Yes,10.1080/19443994.2013.777944,,ERA 2020,,,,,mh,mh,
NJ0106,Ali,2015,Journal of the Science of Food and Agriculture,No,10.1002/jsfa.7047,,ERA 2020,,,,,mh,mh,
NJ0107,EL Halim,2013,Chilean Journal of Agricultural Research,No,10.4067/S0718-58392013000200014,,ERA 2020,,,,,mh,mh,
NJ0108,Abdelraouf,2018,Irrigation and Drainage,No,10.1002/ird.2271,,ERA 2020,,,,,mh,mh,
NJ0109,Micheni,2016,Experimental Agriculture,No,10.1017/s0014479714000556,,ERA 2020,,,,,mh,mh,
NJ0110,Hirich,2014,Desalination and Water Treatment,Yes,10.1080/19443994.2013.804452,,ERA 2020,,,,,mh,mh,
NJ0111,Nagaz,2016,Irrigation and Drainage,No,10.1002/ird.1987,,ERA 2020,,,,,mh,mh,
NJ0112,Kaoutar,2017,Irrigation and Drainage,No,10.1002/ird.2116,,ERA 2020,,,,,mh,mh,
NJ0113,Opala,2013,Archives of Agronomy and Soil Science,No,10.1080/03650340.2011.627681,,ERA 2020,,,,,mh,mh,
NJ0114,Abdelraouf,2018,Irrigation and Drainage,No,10.1002/ird.2249,,ERA 2020,,,,,mh,mh,
NJ0116,Abdou,2018,Irrigation and Drainage,No,10.1002/ird.2258,,ERA 2020,,,,,mh,mh,
NJ0117,Araya,2016,Experimental Agriculture,No,10.1017/s001447971400060x,,ERA 2020,biblio.ugent.be/publication/1966268/file/6763297,,,,mh,mh,
NJ0118,Arslan,2015,Journal of Agricultural Economics,Yes,10.1111/1477-9552.12107,,ERA 2020,,,,,mh,mh,
NJ0119,Dlamini,2017,Soil Research,Yes,10.1071/sr16098,,ERA 2020,,,,,mh,mh,
NJ0120,Gnahoua,2017,Experimental Agriculture,No,10.1017/s0014479716000041,,ERA 2020,,,,,mh,mh,
NJ0122,Noulèkoun,2017,Annals of Forest Science,Yes,10.1007/s13595-017-0676-4,,ERA 2020,,,,,mh,mh,
NJ0123,Graef,2018,Communications in Soil Science and Plant Analysis,No,10.1080/00103624.2018.1547392,,ERA 2020,,,,,mh,mh,
NJ0124,Mabhaudhi,2015,Experimental Agriculture,No,10.1017/s0014479714000416,,ERA 2020,,,,,mh,mh,
NJ0126,De la Cruz-Barron,2017,Microbial Ecology,Yes,10.1007/s00248-016-0807-8,,ERA 2020,,,,,mh,mh,
NJ0129,Maman,2018,Soil Science Society of America Journal,No,10.2136/sssaj2018.02.0066,,ERA 2020,,,,,mh,mh,
NJ0130,Leparmarai,2018,Rangeland Ecology & Management,Yes,10.1016/j.rama.2018.04.007,,ERA 2020,,,,,mh,mh,
NJ0131,Madamombe,2018,Experimental Agriculture,No,10.1017/s0014479717000163,,ERA 2020,,,,,mh,mh,
NJ0133,Mesfin,2018,Environmental Earth Sciences,Yes,10.1007/s12665-018-7528-x,,ERA 2020,,,,,mh,mh,
NJ0134,Adesina,2018,Agricultural Engineering International: CIGR Journal,Yes,,https://cigrjournal.org/index.php/Ejounral/article/viewFile/4726/2875,ERA 2020,,,,,mh,mh,
NJ0136,Muema,2016,Soil Biology & Biochemistry,No,10.1016/j.soilbio.2016.06.027,,ERA 2020,,,,,mh,mh,
NJ0137,Nakano,2018,Agricultural Economics,No,10.1111/agec.12408,,ERA 2020,,,,,mh,mh,
NJ0138,Mezgebe,2018,Tropical Animal Health and Production,No,10.1007/s11250-018-1560-4,,ERA 2020,,,,,mh,mh,
NJ0140,Murungweni,2016,Nutrient Cycling in Agroecosystems,No,10.1007/s10705-015-9695-4,,ERA 2020,,,,,mh,mh,
NJ0141,Nyamadzawo,2014,Nutrient Cycling in Agroecosystems,No,10.1007/s10705-014-9634-9,,ERA 2020,,,,,mh,mh,
NJ0142,Mavimbela,2018,New Zealand Journal of Forestry Science,Yes,10.1186/s40490-018-0110-1,,ERA 2020,,,,,mh,mh,
NJ0144,Sadik,2018,Egyptian Journal of Soil Science,Yes,10.21608/ejss.2017.1609.1123,,ERA 2020,,,,,mh,mh,
NJ0145,Bensch,2013,Land Economics,Yes,10.3368/le.89.4.676,,ERA 2020,,,,,mh,mh,
NJ0146,Gebreegziabher,2018,Resource and Energy Economics,Yes,10.1016/j.reseneeco.2018.01.006,,ERA 2020,,,,,mh,mh,
NJ0147,Kadyampakeni,2015,Irrigation and Drainage,No,10.1002/ird.1886,,ERA 2020,,,,,mh,mh,
NJ0148,Chimonyo,2016,Agricultural Water Management,No,10.1016/j.agwat.2015.11.014,,ERA 2020,,,,,mh,mh,
NJ0149,Hirich,2014,Journal of Agronomy and Crop Science,No,10.1111/jac.12073,,ERA 2020,,,,,mh,mh,
NJ0150,Kifle,2016,Agricultural Water Management,No,10.1016/j.agwat.2016.01.003,,ERA 2020,,,,,mh,mh,
NJ0151,Muluneh,2017,Journal of Agricultural Science,No,10.1017/S0021859616000897,,ERA 2020,,,,,mh,mh,
NJ0152,Olivier,2015,Field Crops Research,No,10.1016/j.fcr.2015.02.010,,ERA 2020,,,,,mh,mh,
NJ0153,Okonya,2014,International Journal of Agronomy,Yes,10.1155/2014/515629,,ERA 2020,,,,,mh,mh,
NJ0154,Ochieng,2017,Science of the Total Environment,Yes,10.1016/j.scitotenv.2016.10.233,,ERA 2020,,,,,mh,mh,
NJ0155,Obia,2017,Soil and Tillage Research,No,10.1016/j.still.2017.03.009,,ERA 2020,,,,,mh,mh,
NJ0157,Nyamangara,2014,Agriculture Ecosystems & Environment,No,10.1016/j.agee.2013.10.005,,ERA 2020,,,,,mh,mh,
NJ0160,Rusinamhodzi,2015,Field Crops Research,No,10.1016/j.fcr.2014.10.006,,ERA 2020,,,,,mh,mh,
NJ0161,Senkoro,2017,Nutrient Cycling in Agroecosystems,No,10.1007/s10705-017-9889-z,,ERA 2020,,,,,mh,mh,
NJ0162,Ronner,2016,Field Crops Research,No,10.1016/j.fcr.2015.10.023,,ERA 2020,,,,,mh,mh,
NJ0163,Nyawade,2018,Soil and Tillage Research,No,10.1016/j.still.2018.06.008,,ERA 2020,,,,,mh,mh,
NJ0164,Eilenberg,2018,Atmospheric Environment,Yes,10.1016/j.atmosenv.2018.06.041,,ERA 2020,,,,,mh,mh,
NJ0167,Abuarab,2013,American Society of Agricultural and Biological Engineers,Yes,,https://www.researchgate.net/profile/Mohamed-Abuarab-2/publication/259188152_EFFECTS_OF_REGULATED_DEFICIT_IRRIGATION_AND_PHOSPHORUS_FERTILIZERS_ON_YIELD_WATER_USE_EFFICIENCY_AND_TOTAL_SOLUBLE_SOLIDS_OF_TOMATO/links/0deec52a478145494a000000/EFFECTS-OF-REGULATED-DEFICIT-IRRIGATION-AND-PHOSPHORUS-FERTILIZERS-ON-YIELD-WATER-USE-EFFICIENCY-AND-TOTAL-SOLUBLE-SOLIDS-OF-TOMATO.pdf,ERA 2020,,,,,mh,mh,
NM0001,Alele,2023,Agonomy,,10.3390/ agronomy13030655,,ERA 2023,,,,,ie,ie,V2.0.6
NM0002,Tofa,2022,Heliyon,,10.1016/j.heliyon.2022.e11587,,ERA 2023,,,,,ie,ie,V2.0.7
NM0004,Nassary,2019,European Journal of Agronomy,,10.1016/j.eja.2019.125964,,ERA 2023,,,,,ie,ie,V2.0.7
NM0005,Alemu,2022,Heliyon,,10.1016/j.heliyon.2021.e08657,,ERA 2023,,,,,ie,ie,V2.0.9
NM0006,Mtyobile,2019,International Journal of Agriculture and Biology,,10.17957/IJAB/15.0000,,ERA 2023,,,,,ie,ie,V2.0.11
NM0008,ROMERO-PEREZGROVAS,2013,Pedosphere,,10.1016/S1002-0160(14)60034-5,,ERA 2023,,,,,ie,ie,V2.0.13
NM0009,Grageda-Cabrera,2010,Nutrient Cycling in Agroecosystems,,10.1007/s10705-010-9382-4,,ERA 2023,,,,,ie,ie,V2.0.13
NM0012,Verhulst,2011,Field Crops Research,,10.1016/j.fcr.2010.08.012,,ERA 2023,10.1016/S0378-4290(02)00157-0,10.1016/S0378-4290(02)00158-2,,,ie,ie,V2.0.14
NM0013,Gwenambira-Mwika,2021,Field Crops Research,,10.1016/j.fcr.2021.108225,,ERA 2023,,,,,ie,ie,V2.0.13
NM0014,Musokwa,2021,Agroforestry Systems,,10.1007/s10457-021-00598-7,,ERA 2023,,,,,ie,ie,V2.0.14
NM0015,Ferreira,2022,Pesquisa Agropecuária Tropical,,10.1590/1983-40632022v5271219,,ERA 2023,,,,,ie,ie,V2.0.14
NM0018,Zizinga,2022,Agricultural Systems,,10.1016/j.agsy.2022.103407,,ERA 2023,,,,,ie,ie,V2.0.19
NM0019,Ebel,2019,CIENCIA ergo-sum,,10.30878/ces.v27n3a8,,ERA 2023,,,,,ie,ie,V2.0.19
NM0024,The,2006,Plant and Soil,,10.1007/s11104-006-0029-9,,ERA 2023,,,,,ie,ie,V2.0.21
NM0028,Oseni,2010,International Journal of Agriculture and Biology,,,https://www.researchgate.net/publication/279189769,ERA 2023,,,,,ie,ie,V2.0.21
NM0030,Songa,2007,Journal of Applied Entomology,,10.1111/j.1439-0418.2006.01116.x,,ERA 2023,,,,,ie,ie,V2.0.21
NM0031,Emmanuel,2019,Soil Environment,,10.25252/SE/19/51389,,ERA 2023,,,,,ie,ie,V2.0.20
NM0032,Saidia,2019,Agricultural Water Management,,10.1016/j.agwat.2019.105712,,ERA 2023,,,,,ie,ie,V2.0.21
NM0033,Astier,2006,Soil and Tillage Research,,10.1016/j.still.2005.05.003,,ERA 2023,,,,,ie,ie,V2.0.21
NM0034,Oliveira,2018,Horticultura Brasileira,,10.1590/S0102-053620180317,,ERA 2023,,,,,ie,ie,V2.0.21
NM0035,Martins,2017,Agriculture Ecosystems & Environment,,10.1016/j.agee.2017.06.021,,ERA 2023,,,,,ie,ie,V2.0.21
NM0036,Tovihoudji,2019,Field Crops Research,,10.1016/j.fcr.2018.10.018,,ERA 2023,,,,,ie,ie,V2.0.21
NM0037,Mingotte,2021,Revista Caatinga,,10.1590/1983-21252021v34n112rc,,ERA 2023,,,,,ie,ie,V2.0.21
NM0038,Okonofua,2008,Legume Research,,,https://www.researchgate.net/publication/289481261_The_effects_of_application_of_cajanns_cajan_biomass_to_the_soil_on_the_yield_of_dioscorea_rotundata_intercropped_with_maize_Zea_mays,ERA 2023,,,,,ie,ie,V2.0.21
NM0039,Akande,2006,African Journal of Biotechnology,,10.5897/AJB08.446,,ERA 2023,,,,,ie,ie,V2.0.21
NM0040,Zerssa,2023,Communications in Soil Science and Plant Analysis,,10.1080/00103624.2023.2211107,,ERA 2023,,,,,ie,ie,V2.0.21
NM0041,Michalovicz,2018,Archives of Agronomy and Soil Science,,10.1080/03650340.2018.1505041,,ERA 2023,,,,,ie,ie,V2.0.21
NM0043,Zavaschi,2014,Revista Brasileira de Ciência do Solo,,10.1590/S0100-06832014000400016,,ERA 2023,,,,,ie,ie,V2.0.21
NM0045,Zanatta,2019,Scientia Agricola,,10.1590/1678-992X-2017-0322,,ERA 2023,,,,,ie,ie,V2.0.21
NM0046,Mumbach,2019,Soil Fertility & Crop Nutrition,,10.1002/agj2.20238,,ERA 2023,,,,,ie,ie,V2.0.21
NM0047,Avilla,2020,Revista Brasileira de Engenharia Agrícola e Ambiental,,10.1590/1807-1929/agriambi.v24n9p590-595,,ERA 2023,,,,,ie,ie,V2.0.21
NM0048,Gomes Stoffel,2020,Ciência Rural,,10.1590/0103-8478cr20200109,,ERA 2023,,,,,ie,ie,V2.0.21
NM0052,de Moura,2009,Scientia Agricola ,,,https://www.scielo.br/j/sa/a/bvfhyczrtjMzyynF5Msqv5P/?lang=en&format=pdf,ERA 2023,,,,,ie,ie,V2.0.19
NM0053,Mokgolo,2019,South African Journal of Science,,10.17159/ sajs.2019/6410,,ERA 2023,,,,,ie,ie,V2.0.21
NM0056,Ambrosio,2017,Ciência e Agrotecnologia,,10.1590/1413-70542017416009017,,ERA 2023,,,,,ie,ie,V2.0.21
NM0057,Caires,2011,Soil Use and Management,,10.1111/j.1475-2743.2010.00310.x,,ERA 2023,,,,,ie,ie,V2.0.21
NM0059,Caires,2006,Soil and Tillage Research,,10.1016/j.still.2005.06.006,,ERA 2023,,,,,ie,ie,V2.0.21
NM0060,Vargas,2015,Agronomy Journal,,10.2134/agronj14.0121,,ERA 2023,,,,,ie,ie,V2.0.21
NM0061,Batista,2019,"Acta Agriculturae Scandinavica, Section B — Soil & Plant Science",,10.1080/09064710.2019.1617345,,ERA 2023,,,,,ie,ie,V2.0.21
NM0062,Costa-Coelho,2016,Tropical Plant Pathology,,10.1007/s40858-016-0105-5,,ERA 2023,,,,,ie,ie,V2.0.21
NM0066,Primo,2018,Anais da Academia Brasileira de Ciências,,10.1590/0001-3765201820150841,,ERA 2023,,,,,ie,ie,V2.0.21
NM0067,Lima Azevedo,2015,Revista Ciencia Agronomica,,10.5935/1806-6690.20150055,,ERA 2023,,,,,ie,ie,V2.0.21
NM0069,Reta Sanchez,2010,Spanish Journal of Agricultural Research,,10.5424/sjar/2010083-1269,,ERA 2023,,,,,ie,ie,V2.0.21
NM0070,Loha,2023,Applied and Environmental Soil Science,,10.1155/2023/5996945,,ERA 2023,,,,,ie,ie,V2.0.21
NM0071,Torres,2021,Revista Caatinga,,10.1590/1983-21252021v34n225rc,,ERA 2023,,,,,ie,ie,V2.0.21
NM0072,Kraisig,2021,Revista Brasileira de Engenharia Agricola e Ambiental,,10.1590/1807-1929/agriambi.v25n4p235-242,,ERA 2023,,,,,ie,ie,V2.0.21
NM0073,Udom,2022,Soil and Tillage Research,,10.1016/j.still.2021.105267,,ERA 2023,,,,,ie,ie,V2.0.21
NM0074,Odhiambo,2010,African Journal of Agricultural Research,,,https://www.researchgate.net/publication/233935106_Effect_of_green_manure_legume_-_maize_rotation_on_maize_yield_and_weed_infestation_levels,ERA 2023,,,,,ie,ie,V2.0.21
NM0076,Meirelles,2021,The Journal of Agricultural Science,,10.1017/S0021859621000940,,ERA 2023,,,,,ie,ie,V2.0.21
NM0077,Nyawade,2019,Geoderma,,10.1016/j.geodrs.2019.e00225,,ERA 2023,,,,,ie,ie,V2.0.21
NM0078,Jibril,2022,Applied and Environmental Soil Science,,10.1155/2022/7397872,,ERA 2023,,,,,ie,ie,V2.0.24
NM0079,Calegari,2008,Agronomy Journal,,10.2134/agronj2007.0121,,ERA 2023,,,,,ie,ie,V2.0.24
NM0080,Zingore,2007,Field Crops Research,,10.1016/j.fcr.2006.12.006,,ERA 2023,,,,,ie,ie,V2.0.24
NM0080.1,Zingore,2007,Field Crops Research,,10.1016/j.fcr.2006.12.006,,ERA 2023,,,,,ie,ie,V2.0.24
NM0081,Ndungú,2021,Heliyon,,10.1016/j.heliyon.2021.e07881,,ERA 2023,,,,,ie,ie,V2.0.24
NM0083,Oliveira,2022,Tropical Grasslands-Forrajes Tropicales,,10.17138/TGFT(10)280-287,,ERA 2023,,,,,ie,ie,V2.0.24
NM0084,Adjogboto,2019,Acta Horticulturae,,10.17660/ActaHortic.2019.1238.2,,ERA 2023,,,,,ie,ie,V2.0.24
NM0085,Bawa,2021,Advances in Agriculture,,10.1155/2021/1765251,,ERA 2023,,,,,ie,ie,V2.0.24
NM0086,Ganya,2018,International Journal of Agronomy,,10.1155/2018/2351204,,ERA 2023,,,,,ie,ie,V2.0.24
NM0088,Isah,2020,"Journal of Human, Earth, and Future",,10. 28991/HEF-2020-01-04-04,,ERA 2023,,,,,ie,ie,V2.0.24
NM0089,Kassie,2019,Journal of Crop Science and Biotechnology,,10.1007/s12892-019-0004-0,,ERA 2023,,,,,ie,ie,V2.0.24
NM0090,Olowoake,2018,International Journal of Recycling of Organic Waste in Agriculture,,10.1007/s40093-017-0192-4,,ERA 2023,,,,,ie,ie,V2.0.24
NM0091,Onkoba,2021,International Journal of Agronomy,,10.1155/2021/9978974,,ERA 2023,,,,,ie,ie,V2.0.24
NM0092,Longwe,2023,"Resources, Environment and Sustainability",,10.1016/j.resenv.2023.100116,,ERA 2023,,,,,ie,ie,V2.0.24
NM0094,Guji,2019,Agriculture and Food Security,,10.1186/s40066-018-0245-6,,ERA 2023,,,,,ie,ie,V2.0.24
NM0096,Nkongho,2022,Plos One,,10.1371/journal.pone.0278771,,ERA 2023,,,,,ie,ie,V2.0.24
NM0098,Savala,2020,Universal Journal of Agricultural Research,,10.13189/ujar.2020.080204,,ERA 2023,,,,,ie,ie,V2.0.24
NM0099,Isah,2020,"Journal of Human, Earth, and Future",,10. 28991/HEF-2020-01-04-04,,ERA 2023,,,,,ie,ie,V2.0.24
NM0100,Mugo,2021,Agronomy Journal,,10.1002/agj2.20827,,ERA 2023,,,,,ie,ie,V2.0.24
NM0101,Ripoche,2021,Agriculture Ecosystems & Environment,,10.1016/j.agee.2021.107576,,ERA 2023,,,,,ie,ie,V2.0.24
NM0103,Agyin-Birikorang,2019,Journal of Plant Nutrition,,10.1080/01904167.2019.1702209,,ERA 2023,,,,,ie,ie,V2.0.24
NM0104,Eshete,2022,Sustainable Water Resources Management,,10.1007/s40899-022-00771-5,,ERA 2023,,,,,ie,ie,V2.0.24
NM0105,Ouedraogo,2022,Field Crops Research,,10.1016/j.fcr.2022.108709,,ERA 2023,,,,,ie,ie,V2.0.24
NM0109,Asirifi,2021,Journal of Environmental Quality,,10.1002/jeq2.20260,,ERA 2023,10.1038/s41598-017-10718-y,10.1007/ s10705-018-9926-6,,,ie,ie,V2.0.24
NM0110,Maina,2020,Journal of Ecological Engineering,,10.12911/22998993/116348,,ERA 2023,,,,,ie,ie,V2.0.24
NM0112,Atakora,2019,Scientific African,,10.1016/j.sciaf.2019.e00141,,ERA 2023,,,,,ie,ie,V2.0.24
NM0113,Olakojo,2019,Acta Agriculturae Slovenica,,10.14720/aas.2019.114.1.6,,ERA 2023,,,,,ie,ie,V2.0.24
NM0114,Baraki,2020,Heliyon,,10.1016/j.heliyon.2020.e05295,,ERA 2023,,,,,ie,ie,V2.0.24
NM0115,Katuuramu,2020,Scientific Reports,,10.1038/s41598-020-60087-2,,ERA 2023,,,,,ie,ie,V2.0.24
NM0116,Tippe,2020,Field Crops Research,,10.1016/j.fcr.2020.107845,,ERA 2023,,,,,ie,ie,V2.0.24
NM0117,Asitoakor,2022,Agricultural Systems,,10.1016/j.agsy.2022.103476,,ERA 2023,,,,,ie,ie,V2.0.24
NM0119,El-Bially,2022,Journal of Crop Health,,10.1007/s10343-022-00635-0,,ERA 2023,,,,,ie,ie,V2.0.24
NM0120,Mahmoud,2011,Acta Horticulturae,,10.17660/ActaHortic.2018.1216.4,,ERA 2023,,,,,ie,ie,V2.0.24
NM0122,Hellal,2019,Aims Agriculture and Food,,10.3934/agrfood.2019.3.518,,ERA 2023,,,,,ie,ie,V2.0.24
NM0123,Bado,2022,Agriculture Ecosystems & Environment,,10.1016/j.agee.2022.107992,,ERA 2023,,,,,ie,ie,V2.0.24
NM0124,Silungwe,2019,Agronomy,,10.3390/agronomy9070400,,ERA 2023,,,,,ie,ie,V2.0.24
NM0125,Elshamly,2023,Journal of Crop Health,,10.1007/s10343-023-00836-1,,ERA 2023,,,,,ie,ie,V2.0.24
NM0126,Wilson,2021,Frontiers in Agronomy,,10.3389/fagro.2021.653044,,ERA 2023,,,,,ie,ie,V2.0.24
NM0127,Liben,2018,Field Crops Research,,10.1016/j.fcr.2018.09.001,,ERA 2023,,,,,ie,ie,V2.0.24
NM0130,Kwesiga,2020,Agronomy,,10.3390/agronomy10081135,,ERA 2023,,,,,ie,ie,V2.0.24
NM0132,Senousy,2019,International Journal of Research in Pharmaceutical Sciences,,10.26452/ijrps.v10i3.1359,,ERA 2023,,,,,ie,ie,V2.0.24
NM0138,Golla,2020,Cogent Food & Agriculture,,10.1080/23311932.2020.1771114,,ERA 2023,,,,,ie,ie,V2.0.24
NN0003,Shahandeh,2004,Biology and Fertility of Soils,,10.1007/s00374-003-0718-y,,ERA 2023,,,,,ie,ie,V2.0.24
NN0007,Chriyaa,1997,Animal Feed Science and Technology,No,10.1016/s0377-8401(96)01132-7,,Livestock Update 2022,,,,,sc,sc,
NN0022,Ayantunde,2007,Tropical Animal Health and Production,No,DOI 10.1007/s11250-007-9009-1,,Livestock Update 2022,,,,,sc,sc,
NN0023,Baiduforson,1992,Fertilizer Research,,10.1007/bf01050874,,ERA 2023,,,,,ie,ie,V2.0.24
NN0026,Bationo,2000,Joiurnal of Agricultural Science,,10.1017/s0021859699007650,,ERA 2023,,,,,ie,ie,V2.0.24
NN0034,Djibrillou,1998,Livestock Production Science,No,10.1016/s0301-6226(98)00130-4,,Livestock Update 2022,,,,,sc,sc,
NN0040,Geiger,1992,Soil Science Society of America Journal,,10.2136/sssaj1992.03615995005600010027x,,ERA 2023,,,,,ie,ie,V2.0.24
NN0041,Gerard,2001,Plant and Soil,,10.1023/a:;1004876032203,,ERA 2023,,,,,ie,ie,V2.0.24
NN0049,Michels,2006,Experimental Agriculture,,10.1017/s0014479705002899,,ERA 2023,,,,,ie,ie,V2.0.24
NN0061,Sangare,2003,Tropical Animal Health and Production,No,10.1023/a:;1025875714804,,Livestock Update 2022,,,,,sc,sc,
NN0067,Yamoah,2002,Field Crops Research,,10.1016/S0378-4290(02)00008-4,,ERA 2023,,,,,ie,ie,V2.0.24
NN0070,Nakamura,2011,Nutrient Cycling in Agroecosystems,,10.1007/s10705-010-9402-4,,ERA 2023,10.1017/S0014479700002106,,,,ie,ie,V2.0.24
NN0080,Salem,2005,Small Ruminant Research,No,10.1016/j.smallrumres.2005.05.010,,Livestock Update 2022,NN0080,Salem,2005,Small Ruminant Research,sc,sc,
NN0081,Salem,2008,Animal Feed Science and Technology,No,10.1016/j.anifeedsci.2007.09.019,,Livestock Update 2022,,,,,sc,sc,
NN0083,Abidi,2009,Small Ruminant Research,No,10.1016/j.smallrumres.2009.09.004,,Livestock Update 2022,,,,,sc,sc,
NN0085,Azaza,2006,Journal of Applied Ichthyology,No,10.1111/j.1439-0426.2007.01017.x,,Livestock Update 2022,,,,,sc,sc,
NN0090,Ghrab,2013,Biological Agriculture & Horticulture,,10.1080/01448765.2013.750077,,ERA 2023,,,,,ie,ie,V2.0.24
NN0092.2,Mahouachi,2011,Scientific World Journal,No,10.1100/2012/321567,,Livestock Update 2022,,,,,sc,sc,
NN0098,Saidi,2010,Aquaculture Research,No,10.1111/j.1365-2109.2010.02594.x,,Livestock Update 2022,,,,,sc,sc,
NN0101,Gasmi-Boubaker,2006,Animal Feed Science and Technology,No,10.1016/j.anifeedsci.2005.05.024,,Livestock Update 2022,,,,,sc,sc,
NN0106,Eniolorunda,2011,African Journal of Biotechnology,No,10.5897/AJB10.1539,,Livestock Update 2022,,,,,sc,sc,
NN0107.1,Etela,2008,Tropical Animal Health and Production,No,10.1007/s11250-007-9070-9,,Livestock Update 2022,,,,,sc,sc,
NN0107.2,Etela,2008,Tropical Animal Health and Production,No,10.1007/s11250-007-9070-9,,Livestock Update 2022,,,,,sc,sc,
NN0108,Ezieshi,2008,African Journal of Biotechnology,No,10.5897/AJB07.600,,Livestock Update 2022,,,,,sc,sc,
NN0109.1,Fagbenro,1995,Aquaculture Nutrition,No,10.1111/j.1365-2095.1995.tb00047.x,,Livestock Update 2022,,,,,sc,sc,
NN0109.2,Fagbenro,1995,Aquaculture Nutrition,No,10.1111/j.1365-2095.1995.tb00047.x,,Livestock Update 2022,,,,,sc,sc,
NN0110.1,Fagbenro,1999,Aquaculture Research,No,10.1046/j.1365-2109.1999.00321.x,,Livestock Update 2022,,,,,sc,sc,
NN0110.2,Fagbenro,1999,Aquaculture,No,10.1016/s0044-8486(98)00409-8,,Livestock Update 2022,,,,,sc,sc,
NN0112,Fagbenro,2004,Aquaculture Research,No,10.1111/j.1365-2109.2004.01070.x,,Livestock Update 2022,,,,,sc,sc,
NN0113,Fagbenro,1991,Bioresource Technology,No,10.1016/0960-8524(91)90192-m,,Livestock Update 2022,,,,,sc,sc,
NN0114,Fagbenro,2010,African Journal of Agricultural Research,No,https://doi.org/10.5897/AJAR.9000509,,Livestock Update 2022,,,,,sc,sc,
NN0115,Fagbenro,2001,Journal of Applied Ichthyology,No,10.1046/j.1439-0426.2001.00252.x,,Livestock Update 2022,,,,,sc,sc,
NN0117,Falaye,2011,Israeli Journal of Aquaculture-Bamidgeh,No,,https://evols.library.manoa.hawaii.edu/handle/10524/36301,Livestock Update 2022,,,,,sc,sc,
NN0118,Fasakin,1999,Aquaculture Research,No,10.1046/j.1365-2109.1999.00318.x,,Livestock Update 2022,,,,,sc,sc,
NN0119.1,Fasuyi,2007,"Journal of Food, Agriculture & Environment",Yes,,https://agris.fao.org/agris-search/search.do?recordID=US201300869656,Livestock Update 2022,,,,,sc,sc,
NN0128.2,Hulugalle,1990,Experimental Agriculture,,10.1017/s001447970001824x,,ERA 2023,,,,,ie,ie,V2.0.24
NN0132,Ike,1986,Soil and Tillage Research,,10.1016/0167-1987(86)90460-5,,ERA 2023,,,,,ie,ie,V2.0.24
NN0135,Adesehinwa,2011,African Journal of Biotechnology,No,10.5897/AJB10.967,,Livestock Update 2022,,,,,sc,sc,
NN0137.1,El-Deek,2002,Archiv fur Geflugelkunde,No,,https://www.researchgate.net/publication/288781735_Use_of_dried_Giant_Snail_meal_Theba_pisana_in_broiler_diets,Livestock Update 2022,,,,,sc,sc,
NN0137.2,El-Deek,2002,Archiv fur Geflugelkunde,No,,https://www.researchgate.net/publication/288781735_Use_of_dried_Giant_Snail_meal_Theba_pisana_in_broiler_diets,Livestock Update 2022,,,,,sc,sc,
NN0137.3,El-Deek,2002,Archiv fur Geflugelkunde,No,,https://www.researchgate.net/publication/288781735_Use_of_dried_Giant_Snail_meal_Theba_pisana_in_broiler_diets,Livestock Update 2022,,,,,sc,sc,
NN0137.4,El-Deek,2002,Archiv fur Geflugelkunde,No,,https://www.researchgate.net/publication/288781735_Use_of_dried_Giant_Snail_meal_Theba_pisana_in_broiler_diets,Livestock Update 2022,,,,,sc,sc,
NN0155,Brand,1995,Animal Feed Science and Technology,No,10.1016/0377-8401(94)00748-x,,Livestock Update 2022,,,,,sc,sc,
NN0156,Brand,1997,South African Journal of Animal Science,No,10.4314/sajas.v17i2.44353,,Livestock Update 2022,,,,,sc,sc,
NN0159.2,Fourie,2011,South African Journal of Enology and Viticulture,,10.21548/32-1-1367,,ERA 2023,,,,,ie,ie,V2.0.24
NN0159.3,Fourie,2011,South African Journal of Enology and Viticulture,,10.21548/32-1-1367,,ERA 2023,,,,,ie,ie,V2.0.24
NN0164,Graham,2005,Biology and Fertility of Soils,,10.1007/s00374-005-0830-2,,ERA 2023,10.1046/j.1365-2389.2002.00472.x,,,,ie,ie,V2.0.24
NN0165,Greyling,2004,Small Ruminant Research,No,10.1016/j.smallrumres.2003.11.014,,Livestock Update 2022,,,,,sc,sc,
NN0179,Ngwa,2002,Livestock Production Science,No,10.1016/s0301-6226(02)00035-0,,Livestock Update 2022,,,,,sc,sc,
NN0180.1,Nkosi,2010,South African Journal of Animal Science,No,10.4314/sajas.v40i2.57283,,Livestock Update 2022,,,,,sc,sc,
NN0180.2,Nkosi,2010,Journal of Animal and Veterinary Advances,No,10.4314/sajas.v40i2.57283,,Livestock Update 2022,,,,,sc,sc,
NN0182,Odhiambo,2011,African Journal of Agricultural Research,No,10.5897/AJAR10.599,,ERA 2020,,,,,mh,mh,
NN0184.1,Fourier,2007,South African Journal of Enology and Viticulture,,10.21548/28-2-1463,,ERA 2023,,,,,ie,ie,V2.0.27
NN0189,Koralagama,2008,Animal,No,10.1017/s1751731108001912,,Livestock Update 2022,,,,,sc,sc,
NN0191.2,Larbi,1993,Agroforestry Systems,No,10.1007/bf00705245,,Livestock Update 2022,,,,,sc,sc,
NN0196,Melaku,2004,Livestock Production Science,No,10.1016/j.livprodsci.2004.01.003,,Livestock Update 2022,,,,,sc,sc,
NN0197,Melaku,2003,Animal Feed Science and Technology,No,10.1016/j.anifeedsci.2003.11.003,,Livestock Update 2022,,,,,sc,sc,
NN0198,Melesse,2013,Livestock Science,No,10.1016/j.livsci.2013.08.012,,Livestock Update 2022,,,,,sc,sc,
NN0200,Nega,2009,Tropical Animal Health and Production,No,10.1007/s11250-008-9215-5,,Livestock Update 2022,,,,,sc,sc,
NN0201,Nsahlai,1996,Animal Feed Science Technology,Yes,10.1016/0377-8401(95)00941-8,,Livestock Update 2022,,,,,sc,sc,
NN0202,Bonsi,1996,Animal Feed Science and Technology,No,10.1016/s0377-8401(96)01048-6,,Livestock Update 2022,,,,,sc,sc,
NN0203,Nurfeta,2010,Tropical Animal Health and Production,No,10.1007/s11250-009-9491-8,,Livestock Update 2022,,,,,sc,sc,
NN0204,Nurfeta,2009,Livestock Science,No,10.1016/j.livsci.2008.08.005,,Livestock Update 2022,,,,,sc,sc,
NN0205,Nurfeta,2014,Tropical Animal Health and Production,No,DOI 10.1007/s11250-013-0527-8,,Livestock Update 2022,,,,,sc,sc,
NN0207.1,Osafo,1997,Animal Science,No,10.1017/S1357729800016295,,Livestock Update 2022,,,,,sc,sc,
NN0207.2,Osafo,1997,Animal Science,No,10.1017/S1357729800016295,,Livestock Update 2022,,,,,sc,sc,
NN0211,Solomon,2008,Livestock Science,No,10.1016/j.livsci.2008.03.011,,Livestock Update 2022,,,,,sc,sc,
NN0212,Tafa,2010,Tropical Animal Health and Production,No,10.1007/s11250-009-9475-8,,Livestock Update 2022,,,,,sc,sc,
NN0214,Tanner,1990,Animal Production,No,10.1017/S0003356100005225,,ERA 2020,,,,,mh; sc,mh; sc,
NN0216,Tegegne,1994,Journal of Agricultural Science,No,10.1017/S0021859600068544,,Livestock Update 2022,,,,,sc,sc,
NN0217,Tegegne,2007,Small Ruminant Research,No,10.1016/j.smallrumres.2006.10.004,,Livestock Update 2022,,,,,sc,sc,
NN0223,Tilahun,2014,Tropical Animal Health and Production,No,10.1007/s11250-013-0532-y,,Livestock Update 2022,,,,,sc,sc,
NN0224,Tolera,2000,Animal Feed Science and Technology,No,10.1016/s0377-8401(00)00135-8,,Livestock Update 2022,,,,,sc,sc,
NN0227,Umunna,1997,Journal of Applied Animal Research,No,10.1080/09712119.1997.9706177,,Livestock Update 2022,,,,,sc,sc,
NN0229,Wallie,2012,Small Ruminant Research,No,10.1016/j.smallrumres.2011.07.014,,Livestock Update 2022,,,,,sc,sc,
NN0230,Wiegand,1994,Tropical Agriculture,No,https://cgspace.cgiar.org/handle/10568/29698,,Livestock Update 2022,,,,,sc,sc,
NN0232,Workayehu,2011,"Crop Economics, Production & Management",,10.2134/agronj2010.0493,,ERA 2023,,,,,ie,ie,V2.0.24
NN0233,Yayneshet,2008,Livestock Science,No,10.1016/j.livsci.2008.02.007,,Livestock Update 2022,,,,,sc,sc,
NN0234,Yeheyis,2012,Tropical Animal Health and Production,No,10.1007/s11250-011-0066-0,,Livestock Update 2022,,,,,sc,sc,
NN0240,Gebrekidan,1999,Nutrient Cycling in Agroecosystems,,,https://link.springer.com/article/10.1023/A:1009721411173,ERA 2023,,,,,ie,ie,V2.0.24
NN0241,Akinnifesi,2006,Experimental Agriculture,,10.1017/s0014479706003814,,ERA 2023,10.2134/agronj2012.0063,10.1007/s11104-007-9247-z,10.1016/j.agee.2006.03.012,,ie,ie,V2.0.24
NN0242,Kang’ombe,2006,Aquaculture Research,No,10.1111/j.1365-2109.2006.01569.x,,Livestock Update 2022,,,,,sc,sc,
NN0244.1,Chikafumbwa,1996,Aquaculture,No,10.1016/s0044-8486(96)01341-5,,Livestock Update 2022,,,,,sc,sc,
NN0244.2,Chikafumbwa,1996,Aquaculture,No,10.1016/s0044-8486(96)01341-5,,Livestock Update 2022,,,,,sc,sc,
NN0247,Akinnifesi,2007,Agronomy Journal,,10.1007/s11104-007-9247-z,,ERA 2023,,,,,ie,ie,V2.0.24
NN0248,Banda,1994,Agroforestry Systems,,10.1007/bf00704831,,ERA 2023,,,,,ie,ie,V2.0.24
NN0251,Wambui,2006,Asian-Australasian Journal of Animal Sciences,No,10.5713/ajas.2006.992,,Livestock Update 2022,,,,,sc,sc,
NN0255,Kariuki,1999,South African Journal of Animal Science,No,,https://cgspace.cgiar.org/handle/10568/29641,Livestock Update 2022,,,,,sc,sc,
NN0261,Ayuke,2011,Agriculture Ecosystems & Environment,,10.1016/j.agee.2010.11.021,,ERA 2023,,,,,ie,ie,V2.0.24
NN0272.1,Katongole,2009,Tropical Animal Health and Production,No,10.1007/s11250-009-9357-0,,Livestock Update 2022,,,,,sc,sc,
NN0272.1.2,Katongole,2009,Tropical Animal Health and Production,No,10.1007/s11250-009-9357-0,,Livestock Update 2022,,,,,sc,sc,
NN0272.2,Katongole,2009,Tropical Animal Health and Production,No,10.1007/s11250-008-9193-7,,Livestock Update 2022,,,,,sc,sc,
NN0276.2,Lapenga,2009,Journal of Animal and Veterinary Advances,No,,https://www.researchgate.net/publication/289580691_Growth_Performance_and_Feed_Utilization_by_Intact_Male_Mubende_Goats_Fed_Various_Supplements_with_Elephant_Grass_Pennisetum_purpureum_as_Basal_Diet_in_Uganda,Livestock Update 2022,,,,,sc,sc,
NN0278,McIntyre,2000,Agronomy Journal,,10.2134/agronj2000.9261081x,,ERA 2023,,,,,ie,ie,V2.0.24
NN0279,Mpairwe,1998,Agroforestry Systems,No,10.1023/A:1006097902270,,Livestock Update 2022,,,,,sc,sc,
NN0280.1,Mpairwe,2003,Livestock Production Science,No,10.1016/s0301-6226(02)00176-8,,Livestock Update 2022,,,,,sc,sc,
NN0280.2,Mpairwe,2003,Livestock Production Science,No,10.1016/s0301-6226(02)00178-1,,Livestock Update 2022,,,,,sc,sc,
NN0282,Mwesigwa,2013,Tropical Animal Health and Production,No,10.1007/s11250-012-0237-7,,Livestock Update 2022,,,,,sc,sc,
NN0293,Zake,2010,Journal of Sustainable Agriculture,No,10.1080/10440046.2010.493368,,Livestock Update 2022,,,,,sc,sc,
NN0296,Gwenzi,2009,Nutrient Cycling in Agroecosystems,,10.1007/s10705-008-9211-1,,ERA 2023,,,,,ie,ie,V2.0.24
NN0310,Okorio,1994,Agroforestry Systems,,10.1007/bf00711210,,ERA 2023,,,,,ie,ie,V2.0.24
NN0315,Chakoma,2016,African Journal of Range & Forage Science,No,10.2989/10220119.2016.1207706,,Livestock Update 2022,,,,,sc,sc,
NN0316,Cherif,2018,Small Ruminant Research,No,10.1016/j.smallrumres.2017.11.008,,Livestock Update 2022,,,,,sc,sc,
NN0320,Evans,2014,Water Science and Technology,No,10.2166/wst.2014.012,,Livestock Update 2022,,,,,sc,sc,
NN0321,Chisoro,2018,South African Journal of Animal Science,No,10.4314/sajas.v48i2.9,,Livestock Update 2022,,,,,sc,sc,
NN0322,Chukwukaelo,2018,Tropical Animal Health and Production,No,10.1007/s11250-017-1457-7,,Livestock Update 2022,,,,,sc,sc,
NN0325,Dada,2017,Journal of Applied Animal Research,No,10.1080/09712119.2016.1233108,,Livestock Update 2022,,,,,sc,sc,
NN0326,Dada,2015,Journal of Fisheries,No,10.17017/jfish.v3i1.2015.58,,Livestock Update 2022,,,,,sc,sc,
NN0329,Ermias,2013,Small Ruminant Research,No,10.1016/j.smallrumres.2013.05.010,,Livestock Update 2022,,,,,sc,sc,
NN0331,Fakayode,2010,Fisheries Society of Nigeria,Yes,,http://hdl.handle.net/1834/38233,Livestock Update 2022,,,,,sc,sc,
NN0334,Getachew,2015,Livestock Science,No,10.1016/j.livsci.2015.03.021,,Livestock Update 2022,,,,,sc,sc,
NN0339.1,Goosen,2014,Aquaculture,No,10.1016/j.aquaculture.2014.03.040,,Livestock Update 2022,,,,,sc,sc,
NN0339.2,Goosen,2014,Aquaculture,No,10.1016/j.aquaculture.2014.03.018,,Livestock Update 2022,,,,,sc,sc,
NN0341,Goosen,2014,Aquaculture International,No,10.1007/s10499-014-9873-4,,Livestock Update 2022,,,,,sc,sc,
NN0342,Goosen,2014,Animal Feed Science and Technology,No,10.1016/j.anifeedsci.2013.10.019,,Livestock Update 2022,,,,,sc,sc,
NN0345,Yisehak,2014,Tropical Animal Health and Production,No,10.1007/s11250-014-0605-6,,Livestock Update 2022,,,,,sc,sc,
NN0347,Midega,2013,Crop Protection,,10.1016/j.cropro.2012.10.018,,ERA 2023,,,,,ie,ie,V2.0.24
NN0356,Kibwana,2013,Pakistan Veterinary Journal,No,,https://orbi.uliege.be/bitstream/2268/165673/1/Katungu_PVJ.pdf,Livestock Update 2022,,,,,sc,sc,
NN0357,Kambashi,2016,Tropical Animal Health and Production,No,10.1007/s11250-016-1070-1,,Livestock Update 2022,,,,,sc,sc,
NN0358,Hassaan,2017,Aquaculture Nutrition,No,10.1111/anu.12424,,Livestock Update 2022,,,,,sc,sc,
NN0361,Kholif,2016,Animal Feed Science and Technology,No,10.1016/j.anifeedsci.2016.04.012,,Livestock Update 2022,,,,,sc,sc,
NN0362,Kholif,2015,Small Ruminant Research,No,10.1016/j.smallrumres.2015.05.007,,Livestock Update 2022,,,,,sc,sc,
NN0365,Hashem,2017,Annals of Animal Science,No,10.1515/aoas-2016-0030,,Livestock Update 2022,,,,,sc,sc,
NN0366,Kholif,2016,Journal of Agricultural and Food Chemistry,No,10.1021/acs.jafc.6b02625,,Livestock Update 2022,,,,,sc,sc,
NN0367,Mahmoud,2017,Aquaculture,No,10.1016/j.aquaculture.2017.03.043,,Livestock Update 2022,,,,,sc,sc,
NN0369,Hassaan,2015,Animal Feed Science and Technology,No,10.1016/j.anifeedsci.2015.01.007,,Livestock Update 2022,,,,,sc,sc,
NN0370,Khattab,2013,Livestock Science,No,10.1016/j.livsci.2013.05.024,,Livestock Update 2022,,,,,sc,sc,
NN0371,Nasr,2017,Reproduction in Domestic Animals,No,10.1111/rda.12881,,Livestock Update 2022,,,,,sc,sc,
NN0372,Hailemariam,2016,Tropical Animal Health and Production,No,10.1007/s11250-015-0953-x,,Livestock Update 2022,,,,,sc,sc,
NN0375,Megersa,2013,Tropical Animal Health and Production,No,10.1007/s11250-012-0264-4,,Livestock Update 2022,,,,,sc,sc,
NN0376,Haftay,2013,Rangeland Journal,No,10.1071/RJ12054,,Livestock Update 2022,,,,,sc,sc,
NN0377,Nurfeta,2014,Tropical Animal Health and Production,No,10.1007/s11250-014-0583-8,,Livestock Update 2022,,,,,sc,sc,
NN0383,Ngugi,2015,Fish & Shellfish Immunology,No,10.1016/j.fsi.2015.03.025,,Livestock Update 2022,,,,,sc,sc,
NN0384,Ngugi,2017,Aquaculture Research,No,10.1111/are.13062,,Livestock Update 2022,,,,,sc,sc,
NN0394,Isah,2015,Tropical Animal Health and Production,No,10.1007/s11250-015-0823-6,,Livestock Update 2022,,,,,sc,sc,
NN0396,Kwari,2012,International Journal of Poultry Science,No,10.3923/ijps.2012.333.337,,Livestock Update 2022,,,,,sc,sc,
NN0399,Mutimura,2016,Tropical Animal Health and Production,No,10.1007/s11250-016-1019-4,,Livestock Update 2022,,,,,sc,sc,
NN0400,Mukasafari,2018,Tropical Animal Health and Production,No,10.1007/s11250-017-1446-x,,Livestock Update 2022,,,,,sc,sc,
NN0411,Bekele,2022,Water Conservation Science and Engineering,,10.1016/j.fcr.2019.107628,,ERA 2023,,,,,ie,ie,V2.0.8
NN0412,Bekele,2021,Water Conservation Science and Engineering,,10.1007/s41101-021-00109-w,,ERA 2023,,,,,ie,ie,V2.0.27
NN0415,Aluoch,2022,Field Crops Research,,10.1016/j.fcr.2021.108420,,ERA 2023,,,,,ie,ie,V2.0.8
NN0416,Ayipio,2018,International Journal of Agronomy,,10.1155/2018/9821825,,ERA 2023,,,,,ie,ie,V2.0.9
NN0417,Baggs,2006,Soil and Tillage Research,,10.1016/j.still.2005.08.006,,ERA 2023,,,,,ie,ie,V2.0.9
NN0419,Jena,2019,Journal of Cleaner Production,,10.1016/j.jclepro.2019.01.278,,ERA 2023,,,,,ie,ie,V2.0.9
NN0420,Rahman,2021,Agronomy Journal,,10.1002/agj2.20536,,ERA 2023,,,,,ie,ie,V2.0.9
NN0421,Lengwati,2020,Frontiers in Sustainable Food Systems,,10.3389/fsufs.2020.00094,,ERA 2023,,,,,ie,ie,V2.0.9
NN0422,Demissie,2019,Crop Protection,,10.1016/j.cropro.2019.01.029,,ERA 2023,,,,,ie,ie,V2.0.9
NN0424,Wale,2007,Agricultural and Forest Entomology,,10.1111/j.1461-9563.2007.00324.x,,ERA 2023,,,,,ie,ie,V2.0.9
NN0425,Borghi,2012,Crop and Pasture Science,,10.1071/CP12344,,ERA 2023,,,,,ie,ie,V2.0.13
NN0426,Soler,2007,Journal of Agronomy and Crop Science,,10.1111/j.1439-037X.2007.00265.x,,ERA 2023,,,,,ie,ie,V2.0.13
NN0427,Balde,2011,Field Crops Research,,10.1016/j.fcr.2011.06.017,,ERA 2023,,,,,ie,ie,V2.0.28
NN0429,Barth,2020,Brazilian Archives of Biology and Technology,,10.1590/1678-4324-solo-2020190537,,ERA 2023,,,,,ie,ie,V2.0.13
NN0431,Parecido,2021,Agronomy Journal,,10.1002/agj2.20712,,ERA 2023,,,,,ie,ie,V2.0.13
NN0436,Jantalia,2008,Nutrient Cycling in Agroecosystems,,10.1007/s10705-008-9178-y,,ERA 2023,10.1016/j.still.2003.08.007,,,,ie,ie,V2.0.14
NN0437,Sgarbossa,2020,Journal of Agronomy and Crop Science,,10.1111/jac.12450,,ERA 2023,,,,,ie,ie,V2.0.14
NN0438,Ndeleko-Barasa,2021,Heliyon,,10.1016/j.heliyon.2021.e08332,,ERA 2023,,,,,ie,ie,V2.0.16
NN0439,Badu,2019,Journal of Plant Nutrition,,10.1080/01904167.2019.1659347,,ERA 2023,,,,,ie,ie,V2.0.18
NN0440,Phares,2022,Journal of Agriculture and Food Research,,10.1016/j.jafr.2022.100434,,ERA 2023,10.1016/j.heliyon.2021.e06267,,,,ie,ie,V2.0.18
NN0444,Ogundijo,2017,Communications in Soil Science and Plant Analysis,,10.1080/00103624.2017.1311909,,ERA 2023,,,,,ie,ie,V2.0.20
NN0445,Parwada,2021,Frontiers in Sustainable Food Systems,,10.3389/fsufs.2021.778144,,ERA 2023,,,,,ie,ie,V2.0.20
NN0446,Kassa,2023,Applied and Environmental Soil Science,,10.1155/2023/9102273,,ERA 2023,,,,,ie,ie,V2.0.20
NN0447,Sida,2020,Plant and Soil,,10.1007/s11104-019-04271-y,,ERA 2023,,,,,ie,ie,V2.0.20
NN0448,Zerssa,2021,Agronomy,,10.3390/agronomy11112097,,ERA 2023,,,,,ie,ie,V2.0.20
NN0450,Pereira,2010,Bulletin of Entomological Research,,10.1017/S0007485310000039,,ERA 2023,,,,,ie,ie,V2.0.21
NN0451,Bossa,2005,Nutrient Cycling in Agroecosystems,,10.1007/s10705-005-7128-5,,ERA 2023,,,,,ie,ie,V2.0.21
NN0452,Eze,2020,Soil and Tillage Research,,10.1016/j.still.2020.104639,,ERA 2023,10.1016/j.fcr.2012.11.010,10.5897/AJAR2016.11092,10.1016/j.agee.2018.07.009,,ie,ie,V2.0.20
NN0453,Abbas,2021,Agriculture,,10.3390/agriculture11040285,,ERA 2023,,,,,ie,ie,V2.0.21
NN0454,Swai,2023,Archives of Agronomy and Soil Science,,10.1080/03650340.2023.2175352,,ERA 2023,,,,,ie,ie,V2.0.21
NN0455,Kätterer,2019,Field Crops Research,,10.1016/j.fcr.2019.02.015,,ERA 2023,,,,,ie,ie,V2.0.21
NN0457,Nwoko,2010,Australian Journal of Crop Science,,,https://www.researchgate.net/publication/242536407_Evaluation_of_Palm_oil_mill_effluent_to_maize_Zea_mays_L_crop_Yields_tissue_nutrient_content_and_residual_soil_chemical_properties,ERA 2023,,,,,ie,ie,V2.0.21
NN0458,Akinnuoye-Adelabu,2019,South African Journal of Plant and Soil,,10.1080/02571862.2018.1525772,,ERA 2023,,,,,ie,ie,V2.0.21
NN0459,Chinasho,2023,Journal of Agriculture and Food Research,,10.1016/j.jafr.2023.100551,,ERA 2023,,,,,ie,ie,V2.0.21
NN0460,Zulu,2022,Agronomy-Basel,,10.3390/agronomy12061411,,ERA 2023,,,,,ie,ie,V2.0.21
NN0461,Melaku,2021,Tropical Agriculture,,,https://journals.sta.uwi.edu/ojs/index.php/ta/article/view/8074,ERA 2023,,,,,ie,ie,V2.0.21
NN0462,Bashagaluke,2020,Agronomy Journal,,10.1002/agj2.20259,,ERA 2023,,,,,ie,ie,V2.0.21
NN0464,Pinard,2014,Agroforestry Systems,,10.1007/s10457-014-9712-7,,ERA 2023,,,,,ie,ie,V2.0.21
NN0465,Garcia,2018,Archives of Agronomy and Soil Science,,10.1080/03650340.2018.1469746,,ERA 2023,,,,,ie,ie,V2.0.21
NN0466,Eifediyi,2022,International Journal of Recycling of Organic Waste in Agriculture,,10.30486/IJROWA.2021.1933189.1274,,ERA 2023,,,,,ie,ie,V2.0.21
NN0467,Asei,2022,Frontiers in Sustainable Food Systems,,10.3389/fsufs.2022.796878,,ERA 2023,,,,,ie,ie,V2.0.21
NN0468,Kermiah,2018,Experimental Agriculture,,10.1017/S0014479718000273,,ERA 2023,,,,,ie,ie,V2.0.21
NN0469,Temesgen,2012,Physics and Chemistry of the Earth,,10.1016/j.pce.2011.07.046,,ERA 2023,,,,,ie,ie,V2.0.21
NN0470,Moreira,2015,Communications in Soil Science and Plant Analysis,,10.1080/00103624.2015.1033542,,ERA 2023,,,,,ie,ie,V2.0.23
NN0471,Geleta,2022,Applied and Environmental Soil Science,,10.1155/2022/3208922,,ERA 2023,,,,,ie,ie,V2.0.23
NN0474,Bekele,2022,Experimental Agriculture,,10.1017/S0014479722000035,,ERA 2023,,,,,ie,ie,V2.0.23
NN0475,Filhoi,2016,Horticultura Brasileira,,10.1590/S0102-05362016003014,,ERA 2023,,,,,ie,ie,V2.0.24
NN0476,Caires,2008,European Journal of Agronomy,,10.1016/j.eja.2007.05.002,,ERA 2023,,,,,ie,ie,V2.0.24
NN0477,Molla,2021,Heliyon,,10.1016/j.heliyon.2021.e06703,,ERA 2023,,,,,ie,ie,V2.0.24
NN0478,Abbas,2022,Caspian Journal of Environmental Sciences,,10.22124/cjes.2022.5759,,ERA 2023,,,,,ie,ie,V2.0.24
NN0481,Sime,2018,Food and Energy Security,,10.1002/fes3.190,,ERA 2023,,,,,ie,ie,V2.0.24
NN0483,Kiobia,2022,Journal of Agriculture and Rural Development in the Tropics and Subtropics,,10.17170/kobra-20190613557,,ERA 2023,,,,,ie,ie,V2.0.24
NN0484,Likpètè,2019,Acta Horticulturae,,10.17660/ActaHortic.2019.1238.6,,ERA 2023,,,,,ie,ie,V2.0.24
NN0485.1,Manzeke,2020,Agronomy Journal,,10.1002/agj2.20175,,ERA 2023,,,,,ie,ie,V2.0.24
NN0485.2,Manzeke,2020,Agronomy Journal,,10.1002/agj2.20175,,ERA 2023,,,,,ie,ie,V2.0.24
NN0486,Andrianary,2021,Field Crops Research,,10.1016/j.fcr.2021.108256,,ERA 2023,,,,,ie,ie,V2.0.24
NN0489,Chilagane,2020,Agricultural Research,,10.1007/s40003-020-00454-7,,ERA 2023,,,,,ie,ie,V2.0.24
NN0490,Abbas,2022,Caspian Journal of Environmental Sciences,,10.22124/cjes.2022.5759,,ERA 2023,,,,,ie,ie,V2.0.24
NN0491,Birhanu,2020,Renewable Agriculture and Food Systems,,10.1017/S1742170519000450,,ERA 2023,,,,,ie,ie,V2.0.24
NN0492,Kassa,2020,Cogent Food & Agriculture,,10.1080/23311932.2020.1801216,,ERA 2023,,,,,ie,ie,V2.0.24
NN0493,Kusi,2019,Annals of Agricultural Science,,10.1016/j.aoas.2019.03.001,,ERA 2023,,,,,ie,ie,V2.0.24
NN0494,Anyaoha,2018,Plant Genetic Resources: Characterization and Utilization,,10.1017/S1479262118000060,,ERA 2023,,,,,ie,ie,V2.0.24
NN0495,Adeboye,2021,Information Processing in Agriculture,,10.1016/j.inpa.2020.10.002,,ERA 2023,,,,,ie,ie,V2.0.24
NN0496,Ulzen,2023,Plant Production Science,,10.1080/1343943X.2022.2156893,,ERA 2023,,,,,ie,ie,V2.0.24
NN0497,Belal,2019,Communications in Soil Science and Plant Analysis,,10.1080/00103624.2019.1648497,,ERA 2023,,,,,ie,ie,V2.0.24
NN0498,Amouzou,2018,Agricultural Systems,,10.1016/j.agsy.2018.06.005,,ERA 2023,,,,,ie,ie,V2.0.24
NN0499,Amare,2022,Experimental Agriculture,,10.1017/S0014479721000302,,ERA 2023,,,,,ie,ie,V2.0.24
NN0502,Wamatu,2019,Journal of Experimental Biology and Agricultural Sciences,,10.18006/2019.7(1).42.50,,ERA 2023,,,,,ie,ie,V2.0.24
NN0504,Senthilkumar,2021,Field Crops Research,,10.1016/j.fcr.2021.108201,,ERA 2023,,,,,ie,ie,V2.0.24
NN0505,Adjebeng-Danquah,2021,International Journal of Agronomy,,10.1155/2021/6615636,,ERA 2023,,,,,ie,ie,V2.0.24
NN0506,Naiem,2022,Saudi Journal of Biological Sciences,,10.1016/j.sjbs.2021.12.049,,ERA 2023,,,,,ie,ie,V2.0.24
NN0507,Muller,2020,Water Sa,,10.3390/w12102655,,ERA 2023,,,,,ie,ie,V2.0.24
NN0508,van Vugt,2018,Agriculture Ecosystems & Environment,,10.1016/j.agee.2017.05.008,,ERA 2023,,,,,ie,ie,V2.0.24
NN0509,Bagula,2022,Land,,10.3390/land11101833,,ERA 2023,,,,,ie,ie,V2.0.24
NN0510,Eddin,2023,Irrigation Science,,10.1007/s00271-022-00840-9,,ERA 2023,,,,,ie,ie,V2.0.24
NN0511,Hassan,2022,Journal of Integrative Agriculture,,10.1016/j.jia.2022.08.088,,ERA 2023,,,,,ie,ie,V2.0.24
NN0512,Shumba,2020,South African Journal of Plant and Soil,,10.1080/02571862.2019.1678686,,ERA 2023,,,,,ie,ie,V2.0.24
NN0514.1,Ouedraogo,2018,"Improving the Profitability, Sustainability and Efficiency of Nutrients Through Site Specific Fertilizer Recommendations in West Africa Agro-Ecosystems",,10.1007/978-3-319-58792-9_1,,ERA 2023,,,,,ie,ie,V2.0.24
NN0514.2,Ouedraogo,2018,"Improving the Profitability, Sustainability and Efficiency of Nutrients Through Site Specific Fertilizer Recommendations in West Africa Agro-Ecosystems",,10.1007/978-3-319-58792-9_1,,ERA 2023,,,,,ie,ie,V2.0.24
NN0516,Gracia-Romero,2020,Scientific Reports,,10.1038/s41598-020-73110-3,,ERA 2023,,,,,ie,ie,V2.0.24
NN0517,Berhanu,2021,Agricultural Systems,,10.1016/j.agsy.2020.102988,,ERA 2023,,,,,ie,ie,V2.0.24
NN0518,Bote,2018,European Journal of Agronomy,,10.1016/j.eja.2017.10.006,,ERA 2023,,,,,ie,ie,V2.0.24
NN0519,Abdul Rahman,2019,Agroecology and Sustainable Food Systems,,10.1080/21683565.2018.1516264,,ERA 2023,,,,,ie,ie,V2.0.24
NN0520,Amin,2018,Soil Environment,,10.25252/SE/18/51377,,ERA 2023,,,,,ie,ie,V2.0.24
NN0523,Desoky,2020,Spanish Journal of Agricultural Research,,10.5424/sjar/2020182-16122,,ERA 2023,,,,,ie,ie,V2.0.24
NN0524,Steward,2019,"Agriculture, Ecosystems and Environment",,10.1016/j.agee.2018.07.009,,ERA 2023,,,,,ie,ie,V2.0.24
NN0528,Gumbo,2021,Discover Sustainability,,10.1007/s43621-021-00032-z,,ERA 2023,,,,,ie,ie,V2.0.24
NN0536,Jaiswal,2023,Frontiers in Sustainable Food Systems,,10.3389/fsufs.2022.854856,,ERA 2023,,,,,ie,ie,V2.0.24
NN0538,Ratsiatosika,2021,Agriculture,,10.3390/agriculture11010060,,ERA 2023,,,,,ie,ie,V2.0.24
NN0539,Tessema,2018,Australian Journal of Agricultural and Resource Economics,,10.1111/1467-8489.12270,,ERA 2023,,,,,ie,ie,V2.0.24
NN0540,Breure,2023,Plant and Soil,,10.1007/s11104-023-05998-5,,ERA 2023,10.1007/s10705-019-10016-1,,,,ie,ie,V2.0.24
NN0542,Yamaoka,2021,Agronomy,,10.1002/ird.2499,,ERA 2023,,,,,ie,ie,V2.0.24
NN0543,Abate,2018,Agricultural Economics,,10.1111/agec.12425,,ERA 2023,,,,,ie,ie,V2.0.24
NN0545,Köberl,2020,Frontiers in Plant Science,,10.3389/fpls.2021.815377,,ERA 2023,,,,,ie,ie,V2.0.24
NN0546,Hamidou,2019,Plant Genetic Resources: Characterization and Utilization,,10.1017/S1479262118000382,,ERA 2023,,,,,ie,ie,V2.0.24
NN0547,Sultan,2018,Journal of Arid Land,,10.1007/s40333-018-0097-8,,ERA 2023,,,,,ie,ie,V2.0.24
NN0550,Traore,2021,Sustainability,,10.3390/su13147757,,ERA 2023,,,,,ie,ie,V2.0.24
NN0558,Thierfelder,2022,Agriculture Ecosystems & Environment,,10.1016/j.agee.2021.107812,,ERA 2023,,,,,ie,ie,V2.0.24
NN0559.1,Tetteh,2018,0,,10.1007/978-3-319-58792-9_10,https://link.springer.com/chapter/10.1007/978-3-319-58792-9_10,ERA 2023,,,,,ie,ie,V2.0.24
NN0559.2,Tetteh,2018,0,,10.1007/978-3-319-58792-9_10,https://link.springer.com/chapter/10.1007/978-3-319-58792-9_10,ERA 2023,,,,,ie,ie,V2.0.24
NN0559.3,Tetteh,2018,0,,10.1007/978-3-319-58792-9_10,https://link.springer.com/chapter/10.1007/978-3-319-58792-9_10,ERA 2023,,,,,ie,ie,V2.0.24
NN0559.4,Tetteh,2018,0,,10.1007/978-3-319-58792-9_10,https://link.springer.com/chapter/10.1007/978-3-319-58792-9_10,ERA 2023,,,,,ie,ie,V2.0.24
NN0560,Sileshi,2011,Agricultural Water Management,,10.1016/j.agwat.2011.04.002,,ERA 2023,,,,,ie,ie,V2.0.24
SA0001,Regmi,2002,Soil Science Society of America Journal,,10.2136/sssaj2002.8570,,ERA 2023,,,,,ie,ie,V2.0.24
SA0004,Kundu,2007,Biology and Fertility of Soils,,10.1007/s00374-006-0102-9,,ERA 2023,,,,,ie,ie,V2.0.24
SA0005,Bhandari,2002,Soil Science Society of America Journal,,10.2136/sssaj2002.1620a,,ERA 2023,,,,,ie,ie,V2.0.24
SA0006,Das,2017,Soil Research,,10.1071/SR16097,,ERA 2023,,,,,ie,ie,V2.0.24
SA0007,Akter,2019,Archives of Agriculture and Environmental Science,,10.26832/24566632.2019.0402019,,ERA 2023,,,,,ie,ie,V2.0.24
SA0008,Kharche,2012,Agropedology,,,https://www.researchgate.net/publication/301542342,ERA 2023,,,,,ie,ie,V2.0.24
SA0009,Gami,2001,Biology and Fertility of Soils,,10.1007/s003740100377,,ERA 2023,,,,,ie,ie,V2.0.24
SA0011,Alam,2014,The Scientific World Journal,,10.1155/2014/437283,,ERA 2023,,,,,ie,ie,V2.0.24
SA0012,Choudhary,2020,Agricultural Water Management,,10.1016/j.agwat.2020.106067,,ERA 2023,,,,,ie,ie,V2.0.24
SA0013,Choudhary,2018,Agriculture Ecosystems & Environment,,10.1016/j.agee.2018.01.029,,ERA 2023,,,,,ie,ie,V2.0.24
SA0014,Saleque,2004,Field Crops Research,,10.1016/S0378-4290(03)00119-9,,ERA 2023,,,,,ie,ie,V2.0.24
SA0016,Mazumdar,2014,International Journal of Agriculture and Food Science Technology,,,https://www.researchgate.net/publication/262767174_Effect_of_Long-Term_Application_of_Inorganic_Fertilizers_and_Organic_Manure_on_Yield_Potassium_Uptake_and_Distribution_of_Potassium_Fractions_in_the_New_Gangetic_Alluvial_Soil_under_Jute-Rice-Wheat_Cr,ERA 2023,,,,,ie,ie,V2.0.24
SA0017,Kumar,2015,International Journal of Bio-resource and Stress Management,,10.5958/0976-4038.2015.00030.5,,ERA 2023,,,,,ie,ie,V2.0.24
SA0019,Hati,2015,Agricultural Research,,10.1007/s40003-014-0141-7,,ERA 2023,,,,,ie,ie,V2.0.24
SA0022,Majhi,2019,Communications in Soil Science and Plant Analysis,,10.1080/00103624.2019.1614607,,ERA 2023,,,,,ie,ie,V2.0.24
SA0023,Majhi,2021,Communications in Soil Science and Plant Analysis,,10.1080/00103624.2021.1892723,,ERA 2023,,,,,ie,ie,V2.0.24
SA0024,Pant,2017,Agricultural Research,,https://doi.org/10.1007/s40003-017-0282-6,,ERA 2023,,,,,ie,ie,V2.0.24
SA0025,Mohanty,2020,Agricultural Systems,,10.1016/j.agsy.2020.102906,,ERA 2023,,,,,ie,ie,V2.0.24
SA0028,Sakar,2003,Journal of Agricultural Science,,10.1017/S0021859603003186,,ERA 2023,,,,,ie,ie,V2.0.24
SA0032,Raj,2023,Environmental Technology & Innovation,,10.1016/j.eti.2022.102966,,ERA 2023,,,,,ie,ie,V2.0.24
SA0033,Rajkumar,2014,Field Crops Research,,10.1016/j.fcr.2014.04.015,,ERA 2023,,,,,ie,ie,V2.0.24
SA0036,Sathish,2016,Soil Use and Management,,10.1111/sum.12277,,ERA 2023,,,,,ie,ie,V2.0.24
SA0037,Shahid,2013,Soil Use and Management,,10.1111/sum.12050,,ERA 2023,,,,,ie,ie,V2.0.24
SA0038,Sheoran,2009,Journal of Agricultural Science,,,https://www.researchgate.net/publication/287049668_Long-term_effect_of_tillage_and_nitrogen_sources_on_the_sustainability_and_productivity_of_maize_Zea_mays-wheat_Triticum_aestivum_cropping_system_under_rainfed_conditions,ERA 2023,,,,,ie,ie,V2.0.24
SA0039,Brar,2015,Agronomy,,10.3390/agronomy5020220,,ERA 2023,,,,,ie,ie,V2.0.24
SA0040,Singh,2019,Agronomy,,10.3390/agronomy9010001,,ERA 2023,,,,,ie,ie,V2.0.24
SA0041,Srinivasarao,2012,Soil Science Society of America Journal,,10.2136/sssaj2011.0184,,ERA 2023,,,,,ie,ie,V2.0.24
SA0042,Subehia,2013,Experimental Agriculture,,10.1017/S0014479713000173,,ERA 2023,,,,,ie,ie,V2.0.24
SA0045,Venkateswarlu,2007,Soil Use and Management,,10.1111/j.1475-2743.2006.00068.x,,ERA 2023,,,,,ie,ie,V2.0.24
SA0046,Pooniya,2021,Field Crops Research,,10.1016/j.fcr.2020.108002,,ERA 2023,,,,,ie,ie,V2.0.24
SA0047,Pooniya,2021,Scientific Reports,,10.1038/s41598-021-89737-9,,ERA 2023,,,,,ie,ie,V2.0.24
SA0048,Yadav,2000,Field Crops Research,,10.1016/S0378-4290(99)00066-0,,ERA 2023,,,,,ie,ie,V2.0.24
SA0050,Kushwa,2016,Agricultural Research,,10.1007/s40003-016-0223-9,,ERA 2023,,,,,ie,ie,V2.0.24
SA0052,Bhatt,2015,Archives of Agronomy and Soil Science,,10.1080/03650340.2015.1125471,,ERA 2023,,,,,ie,ie,V2.0.24
SA0053,Manna,2005,Field Crops Research,,10.1016/j.fcr.2004.10.006,,ERA 2023,,,,,ie,ie,V2.0.24
SA0054.1,Nayak,2012,Field Crops Research,,10.1016/j.fcr.2011.11.011,,ERA 2023,,,,,ie,ie,V2.0.24
SA0054.2,Nayak,2012,Field Crops Research,,10.1016/j.fcr.2011.11.011,,ERA 2023,,,,,ie,ie,V2.0.24
SA0055,Chauhan,2020,Journal of Plant Nutrition,,10.1080/01904167.2020.1783298,,ERA 2023,10.1080/00103624.2020.1854289,,,,ie,ie,V2.0.24
SA0056,Naher,2021,European Journal of Soil Biology,,10.1016/j.ejsobi.2021.103362,,ERA 2023,,,,,ie,ie,V2.0.24
SA0058,Panday,2018,Field Crops Research,,10.1016/j.fcr.2018.02.004,,ERA 2023,,,,,ie,ie,V2.0.24
SA0059.1,Brar,1998,0,,,https://www.researchgate.net/publication/299388974,ERA 2023,,,,,ie,ie,V2.0.24
SA0059.2,Brar,1998,0,,,https://www.researchgate.net/publication/299388974,ERA 2023,,,,,ie,ie,V2.0.24
SA0059.3,Brar,1998,0,,,https://www.researchgate.net/publication/299388974,ERA 2023,,,,,ie,ie,V2.0.24
SA0060,Saha,2007,Communications in Soil Science and Plant Analysis,,10.1080/00103620701215718,,ERA 2023,,,,,ie,ie,V2.0.24
SA0062,Sharma,2006,Indian Journal of Agronomy,,10.59797/ija.v51i3.4998,,ERA 2023,,,,,ie,ie,V2.0.24
SA0064,Yadav,1997,Nutrient Cycling in Agroecosystems,,,https://link.springer.com/article/10.1023/A:1009744719420,ERA 2023,,,,,ie,ie,V2.0.24
SA0065,Srinivasrao,2012,International Journal of Agricultural Sustainability,,10.1080/14735903.2012.662392,,ERA 2023,,,,,ie,ie,V2.0.24
SA0066,Srinivasrao et al,2019,Tropical Ecology,,10.1007/s42965-019-00044-x,,ERA 2023,,,,,ie,ie,V2.0.24
SP0010,Santillano-Cazares,2022,Agronomy,,10.3390/agronomy12010080,,ERA 2023,,,,,ie,ie,V2.0.17
SP0013,Grahmann,2018,Soil Use and Management,,10.1111/sum.12495,,ERA 2023,,,,,ie,ie,V2.0.17
SP0015,Siles,2010,Agroforestry Systems,,10.1007/s10457-009-9241-y,,ERA 2023,,,,,ie,ie,V2.0.17
SP0016,Govaerts,2008,Applied Soil Ecology,,10.1016/j.apsoil.2007.10.009,,ERA 2023,10.1016/j.still.2006.07.013,,,,ie,ie,V2.0.17
SP0017,Prates-Coelho,2023,Scientia Agricola,,doi.org/10.1590/1678-992X-2022-0038,,ERA 2023,,,,,ie,ie,V2.0.19
SP0018,Rodrigues-Prates,2022,Land,,doi.org/10.3390/ land11081246,,ERA 2023,doi.org/10.3390/agronomy10111677,,,,ie,ie,V2.0.20
SP0019,Pott,2021,Science of the Total Environment,,doi.org/10.1016/j.scitotenv.2020.144313,,ERA 2023,,,,,ie,ie,V2.0.20
SP0020,Perdona,2021,Agronomy Journal,,10.1002/agj2.20555,,ERA 2023,,,,,ie,ie,V2.0.20
SP0024,Crusciol,2016,European Journal of Agronomy,,dx.doi.org/10.1016/j.eja.2016.07.002,,ERA 2023,,,,,ie,ie,V2.0.20
SP0025,Aguiar,2017,Revista Caatinga,,dx.doi.org/10.1590/1983-21252017v30n115rc,,ERA 2023,,,,,ie,ie,V2.0.21
SP0027,Ordoñez-Morales,2019,Agriculture,,10.3390/agriculture9030062,,ERA 2023,,,,,ie,ie,V2.0.21
SP0029,Costa,2021,Nutrient Cycling in Agroecosystems,,"10,1007/s10705-021-10157-2",,ERA 2023,,,,,ie,ie,V2.0.21
SP0033,Castro,2015,Bragantia,,http://dx.doi.org/10.1590/1678-4499.0346,,ERA 2023,,,,,ie,ie,V2.0.21
SP0034,Auler,2019,Geoderma Regional,,10.1016/j.geodrs.2019.e00206,,ERA 2023,,,,,ie,ie,V2.0.21
SP0035,Grahmann,2014,Field Crops Research,,10.1016/j.fcr.2014.05.002,,ERA 2023,,,,,ie,ie,V2.0.22
SP0037,Galindo,2020,Semina: Ciencias Agrarias,,10.5433/1679-0359.2020v41n2p447,,ERA 2023,,,,,ie,ie,V2.0.23
SP0039,Crusiol,2013,"Crop Economics, Production & Management",,10.2134/agronj2012.0426,,ERA 2023,,,,,ie,ie,V2.0.23
SP0046,Asei,2022,Frontiers in Sustainable Food Systems,,10.3389/fsufs.2022.796878,,ERA 2023,,,,,ie,ie,V2.0.23
SP0047,Mbanyele,2021,Journal of Agriculture and Food Research,,10.1016/j.jafr.2021.100189,,ERA 2023,,,,,ie,ie,V2.0.27
SP0048,Nwokoro,2022,Field Crops Research,,10.1016/j.fcr.2022.108550,,ERA 2023,,,,,ie,ie,V2.0.23
SP0060,Nartey,2021,Journal of Environmental Management,,10.1016/j.jenvman.2021.112970,,ERA 2023,,,,,ie,ie,V2.0.24
SP0065,Abd-Elatty,2022,Agronomy,,10.3390/agronomy12061251,,ERA 2023,,,,,ie,ie,V2.0.24
