subpractice_description_raw,practice_id,mean,mean+se,se
ii CA + sole maize continuous (F only),C2, 588.8324873096444, 736.0406091370556,147.2081218
i CT + sole maize continuous (F only),C1, 578.6802030456851, 751.2690355329947,172.5888325
iii CA + maize + cowpea intercropping (F only),T1, 639.5939086294416,730.964467,91.37055838
vi CA + soybean/groundnut + maize rotation (legume phase)  (F only),T4, 720.8121827411165, 802.0304568527918,81.21827411
iv CA + maize + mucuna intercropping (F only),T2, 1385.786802030457, 1847.7157360406088,461.928934
v CA + maize + soybean/groundnut rotation (maize phase)  (F only),T3, 487.30964467005066, 538.0710659898474,50.76142132
