DOI for Zotero,DOI for Zotero-formula,id,authorships.author.display_name,authorships.author.orcid,best_oa_location.license,display_name,doi,is_retracted,language,open_access.is_oa,publication_date,type
10.1016/j.dib.2019.103898,10.1016/j.dib.2019.103898,https://openalex.org/W2928418126,Damien Beillouin|Tamara Ben‐Ari|David Makowski,https://orcid.org/0000-0003-2014-3482|https://orcid.org/0000-0001-7157-7905|https://orcid.org/0000-0001-6385-3703,cc-by,A dataset of meta-analyses on crop diversification at the global scale,https://doi.org/10.1016/j.dib.2019.103898,FALSE,en,TRUE,04/04/2019,article
10.5281/zenodo.4088188,10.5281/zenodo.4088188,https://openalex.org/W4288375788,Damien Beillouin|Tamara Ben‐Ari|David Makowski,https://orcid.org/0000-0003-2014-3482|https://orcid.org/0000-0001-7157-7905|https://orcid.org/0000-0001-6385-3703,cc-by,A dataset of meta-analyses on crop diversification at the global scale,https://doi.org/10.5281/zenodo.4088188,FALSE,en,TRUE,04/04/2019,article
10.1038/s41597-021-01000-y,10.1038/s41597-021-01000-y,https://openalex.org/W3192787264,Sarah K. Jones|Andrea C. Sánchez|Stella D. Juventia|Natalia Estrada-Carmona,https://orcid.org/0000-0002-9422-5563|https://orcid.org/0000-0003-4549-6970|https://orcid.org/0000-0003-4393-624X|https://orcid.org/0000-0003-4329-5470,cc-by,A global database of diversified farming effects on biodiversity and yield,https://doi.org/10.1038/s41597-021-01000-y,FALSE,en,TRUE,10/08/2021,article
10.7910/dvn/xidi1x,10.7910/dvn/xidi1x,https://openalex.org/W4398949352,Sarah K. Jones|Andrea C. Sánchez|Stella D. Juventia|Natalia Estrada-Carmona,https://orcid.org/0000-0002-9422-5563|https://orcid.org/0000-0003-4549-6970|https://orcid.org/0000-0003-4393-624X|https://orcid.org/0000-0003-4329-5470,cc-by,A global database of diversified farming effects on biodiversity and yield,https://doi.org/10.7910/dvn/xidi1x,FALSE,en,TRUE,25/02/2021,dataset
10.1038/s41597-025-05976-9,10.1038/s41597-025-05976-9,https://openalex.org/W4415648821,Cécile Bessou|Damien Beillouin|Alexis Thoumazeau|Lydie Chapuis‐Lardy|Tiphaine Chevallier|Julien Demenois|Paul N. Nelson,https://orcid.org/0000-0001-6686-8468|https://orcid.org/0000-0003-2014-3482|https://orcid.org/0000-0003-0758-139X|https://orcid.org/0000-0003-0393-3239|https://orcid.org/0000-0001-8285-3856|https://orcid.org/0000-0002-2271-8465|https://orcid.org/0000-0002-0615-6407,cc-by,A global database on land use and management change effects on soil KMnO4-oxidisable organic carbon (POXC),https://doi.org/10.1038/s41597-025-05976-9,FALSE,en,TRUE,27/10/2025,article
10.1016/j.dib.2023.109555,10.1016/j.dib.2023.109555,https://openalex.org/W4386569984,Jonathan Bonfanti|Joseph Langridge|Damien Beillouin,https://orcid.org/0000-0003-0049-4410|https://orcid.org/0000-0002-9427-439X|https://orcid.org/0000-0003-2014-3482,cc-by,A global database to catalogue the impacts of agricultural management practices on terrestrial biodiversity,https://doi.org/10.1016/j.dib.2023.109555,FALSE,en,TRUE,09/09/2023,article
10.1038/s41467-023-39338-z,10.1038/s41467-023-39338-z,https://openalex.org/W4381715320,Damien Beillouin|Marc Corbeels|Julien Demenois|David Berre|Annie Boyer|Abigaïl Fallot|Frédéric Feder|Rémi Cardinael,https://orcid.org/0000-0003-2014-3482|https://orcid.org/0000-0002-8084-9287|https://orcid.org/0000-0002-2271-8465|https://orcid.org/0000-0001-8494-9966|https://orcid.org/0000-0001-7167-9725|https://orcid.org/0000-0002-7526-6917|https://orcid.org/0000-0001-8434-5193|https://orcid.org/0000-0002-9924-3269,cc-by,A global meta-analysis of soil organic carbon in the Anthropocene,https://doi.org/10.1038/s41467-023-39338-z,FALSE,en,TRUE,22/06/2023,review
10.3389/fsufs.2020.00013,10.3389/fsufs.2020.00013,https://openalex.org/W3011574560,Daniel McGonigle|Giulia Rota Nodari|Robyn L. Phillips|Ermias Aynekulu|Natalia Estrada-Carmona|Sarah K. Jones|Izabella Koziell|Eike Luedeling|Roseline Remans|Keith Shepherd|D. Wiberg|Cory Whitney|Wei Zhang,|https://orcid.org/0000-0002-6467-0228||https://orcid.org/0000-0002-1955-6995|https://orcid.org/0000-0003-4329-5470|https://orcid.org/0000-0002-9422-5563||https://orcid.org/0000-0002-7316-3631|https://orcid.org/0000-0003-3659-8529|https://orcid.org/0000-0001-7144-3915|https://orcid.org/0000-0001-9515-1538|https://orcid.org/0000-0003-4988-4583|https://orcid.org/0000-0002-1174-7084,cc-by,A Knowledge Brokering Framework for Integrated Landscape Management,https://doi.org/10.3389/fsufs.2020.00013,FALSE,en,TRUE,10/03/2020,article
10.1016/j.oneear.2019.10.017,10.1016/j.oneear.2019.10.017,https://openalex.org/W2991600834,Todd S. Rosenstock|Ian K. Dawson|Ermias Aynekulu|Susan Chomba|Ann Degrande|Kimberly Fornace|Ramni Jamnadass|Anthony A. Kimaro|Roeland Kindt|Christine Lamanna|Maimbo Malesu|Kai Mausch|Stepha McMullin|Peninah Murage|Nictor Namoi|Mary Njenga|Isaac Nyoka|Ana Maria Paez Valencia|Phosiso Sola|Keith Shepherd|Peter Steward,https://orcid.org/0000-0002-1958-9500|https://orcid.org/0000-0003-4245-6973|https://orcid.org/0000-0002-1955-6995|https://orcid.org/0000-0001-6030-4506|https://orcid.org/0000-0001-5376-0300|https://orcid.org/0000-0002-5484-241X|https://orcid.org/0000-0003-2416-8361|https://orcid.org/0000-0003-1197-7530|https://orcid.org/0000-0002-7672-0712|https://orcid.org/0000-0002-6773-7352|https://orcid.org/0000-0002-2297-4303|https://orcid.org/0000-0002-2962-7646|https://orcid.org/0000-0002-0976-1880|https://orcid.org/0000-0002-4506-0897|https://orcid.org/0000-0001-5249-2746|https://orcid.org/0000-0002-3208-8815|||https://orcid.org/0000-0002-0727-7040|https://orcid.org/0000-0001-7144-3915|https://orcid.org/0000-0003-3985-4911,,A Planetary Health Perspective on Agroforestry in Sub-Saharan Africa,https://doi.org/10.1016/j.oneear.2019.10.017,FALSE,en,TRUE,01/11/2019,article
10.1038/s43016-024-00926-x,10.1038/s43016-024-00926-x,https://openalex.org/W4392471843,Timo Breure|Natalia Estrada-Carmona|Athanasios Petsakos|Elisabetta Gotor|Boris Jansen|J.C.J. Groot,https://orcid.org/0000-0001-5695-8064|https://orcid.org/0000-0003-4329-5470|https://orcid.org/0000-0003-0224-4087|https://orcid.org/0000-0003-0533-3077|https://orcid.org/0000-0002-4493-1734|https://orcid.org/0000-0001-6516-5170,cc-by,A systematic review of the methodology of trade-off analysis in agriculture,https://doi.org/10.1038/s43016-024-00926-x,FALSE,en,TRUE,05/03/2024,review
10.21203/rs.3.rs-1997841/v1,10.21203/rs.3.rs-1997841/v1,https://openalex.org/W4295932300,Timo Breure|Natalia Estrada-Carmona|Athanasios Petsakos|Elisabetta Gotor|Boris Jansen|J.C.J. Groot,https://orcid.org/0000-0001-5695-8064|https://orcid.org/0000-0003-4329-5470|https://orcid.org/0000-0003-0224-4087|https://orcid.org/0000-0003-0533-3077|https://orcid.org/0000-0002-4493-1734|https://orcid.org/0000-0001-6516-5170,cc-by,A systematic review on trade-off analysis in agriculture,https://doi.org/10.21203/rs.3.rs-1997841/v1,FALSE,en,TRUE,15/09/2022,review
10.48565/scfss2021-h174,10.48565/scfss2021-h174,https://openalex.org/W3190939447,Fabrice DeClerck|Izabella Koziell|Tim G. Benton|Lucas A. Garibaldi|Claire Kremen|Martine Maron|Cristina Rumbaitis del Rio|Aman Sidhu|Jonathan Wirths|Michael Clark|Chris Dickens|Natalia Estrada-Carmona|Alexander K. Fremier|Sarah K. Jones|Colin K. Khoury|Rattan Lal|Michael Obersteiner|Roseline Remans|Adrien Rusch|Lisa A. Schulte|Jeremy S. Simmonds|Lindsay C. Stringer|Christopher Weber|Leigh Winowiecki,https://orcid.org/0000-0002-3631-8745||https://orcid.org/0000-0002-7448-1973|https://orcid.org/0000-0003-0725-4049|https://orcid.org/0000-0001-6909-4605|https://orcid.org/0000-0002-5563-5789||||https://orcid.org/0000-0001-7161-7751|https://orcid.org/0000-0002-4251-7767|https://orcid.org/0000-0003-4329-5470|https://orcid.org/0000-0002-4104-6633|https://orcid.org/0000-0002-9422-5563|https://orcid.org/0000-0001-7893-5744||https://orcid.org/0000-0001-6981-2769|https://orcid.org/0000-0003-3659-8529|https://orcid.org/0000-0002-3921-9750|https://orcid.org/0000-0003-4433-5008|https://orcid.org/0000-0002-1662-5908|https://orcid.org/0000-0003-0017-1654|https://orcid.org/0009-0009-5045-1778|https://orcid.org/0000-0001-5572-1284,,A Whole Earth Approach to Nature Positive Food: Biodiversity and Agriculture,https://doi.org/10.48565/scfss2021-h174,FALSE,en,TRUE,01/07/2021,article
10.1007/978-3-031-15703-5_25,10.1007/978-3-031-15703-5_25,https://openalex.org/W4313380983,Fabrice DeClerck|Izabella Koziell|Tim G. Benton|Lucas A. Garibaldi|Claire Kremen|Martine Maron|Cristina Rumbaitis del Rio|Aman Sidhu|Jonathan Wirths|Michael Clark|Chris Dickens|Natalia Estrada-Carmona|Alexander K. Fremier|Sarah K. Jones|Colin K. Khoury|Rattan Lal|Michael Obersteiner|Roseline Remans|Adrien Rusch|Lisa A. Schulte|Jeremy S. Simmonds|Lindsay C. Stringer|Christopher L. Weber|Leigh Winowiecki,https://orcid.org/0000-0002-3631-8745||https://orcid.org/0000-0002-7448-1973|https://orcid.org/0000-0003-0725-4049|https://orcid.org/0000-0001-6909-4605|https://orcid.org/0000-0002-5563-5789||||https://orcid.org/0000-0001-7161-7751|https://orcid.org/0000-0002-4251-7767|https://orcid.org/0000-0003-4329-5470|https://orcid.org/0000-0002-4104-6633|https://orcid.org/0000-0002-9422-5563|https://orcid.org/0000-0001-7893-5744|https://orcid.org/0000-0002-9016-2972|https://orcid.org/0000-0001-6981-2769|https://orcid.org/0000-0003-3659-8529|https://orcid.org/0000-0002-3921-9750|https://orcid.org/0000-0003-4433-5008|https://orcid.org/0000-0002-1662-5908|https://orcid.org/0000-0003-0017-1654|https://orcid.org/0000-0002-6245-525X|https://orcid.org/0000-0001-5572-1284,cc-by,A Whole Earth Approach to Nature-Positive Food: Biodiversity and Agriculture,https://doi.org/10.1007/978-3-031-15703-5_25,FALSE,en,TRUE,01/01/2023,book-chapter
10.1016/j.baae.2022.12.005,10.1016/j.baae.2022.12.005,https://openalex.org/W4312058706,Sarah K. Jones|Andrea C. Sánchez|Damien Beillouin|Stella D. Juventia|Aline Mosnier|Roseline Remans|Natalia Estrada-Carmona,https://orcid.org/0000-0002-9422-5563|https://orcid.org/0000-0003-4549-6970|https://orcid.org/0000-0003-2014-3482|https://orcid.org/0000-0003-4393-624X|https://orcid.org/0000-0001-8566-1593|https://orcid.org/0000-0003-3659-8529|https://orcid.org/0000-0003-4329-5470,cc-by,Achieving win-win outcomes for biodiversity and yield through diversified farming,https://doi.org/10.1016/j.baae.2022.12.005,FALSE,en,TRUE,21/12/2022,article
10.1038/s41893-024-01427-2,10.1038/s41893-024-01427-2,https://openalex.org/W4402646564,Sophie Jago|K. F. V. A. Elliott|Carolina Tovar|Marybel Soto Gomez|Thomas Starnes|Wendawek M. Abebe|C.A. Alexander|Alexandre Antonelli|Ludwig Baldaszti|Gianluca Cerullo|Christopher Cockel|D.J. Collison|C. Cowell|R. Delgado|Sebsebe Demissew|Adam J. M. Devenish|Kiran L. Dhanjal‐Adams|Mauricio Diazgranados|Adam G. Drucker|Ehsan Dulloo|Broghan M. Erland|S. Fadika|W. Huang|Kris Inwood|Sarah K. Jones|Bente Klitgaard|Aiah Lebbie|Felix K. S. Lim|Ermias Lulekal|Clara Morales-Rozo|Fatimata Niang|Eimear Nic Lughadha|Reyjane P. Oliveira|Alejandro Ortega‐Argueta|Samuel Pironon|Jack Plummer|Mario Aguilar Ramírez|Philippa Ryan|Faya Julien Simbiano|Robert J. Smith|Philip C. Stevenson|Anna C. Treydte|Janine E. Victor|Odile Weber|Cynthia D. Williams|C. T. Yohanna|Olwen M. Grace|Iain Darbyshire|James S. Borrell,https://orcid.org/0009-0007-7452-0163||https://orcid.org/0000-0002-8256-9174|https://orcid.org/0000-0003-1812-7416|https://orcid.org/0000-0002-6190-6098|||https://orcid.org/0000-0003-1842-9297|https://orcid.org/0000-0003-0548-8503|https://orcid.org/0000-0002-6855-1090|https://orcid.org/0000-0002-7589-3910||||https://orcid.org/0000-0002-0123-9596|https://orcid.org/0000-0001-5240-622X|https://orcid.org/0000-0002-0496-8428|https://orcid.org/0000-0003-0448-5706|https://orcid.org/0000-0002-9800-6800|https://orcid.org/0000-0001-5567-8220|https://orcid.org/0000-0001-5489-1206|||https://orcid.org/0000-0002-3533-7047|https://orcid.org/0000-0002-9422-5563|https://orcid.org/0000-0002-8509-0556|https://orcid.org/0000-0001-8725-3593|https://orcid.org/0000-0003-1227-460X|https://orcid.org/0000-0001-9856-3204|https://orcid.org/0000-0001-8595-2825|https://orcid.org/0000-0001-9001-0330|https://orcid.org/0000-0002-8806-4345|https://orcid.org/0000-0001-8831-2882|https://orcid.org/0000-0001-6337-3822|https://orcid.org/0000-0002-8937-7626|https://orcid.org/0000-0002-1575-5241||https://orcid.org/0000-0001-6645-9744|https://orcid.org/0009-0006-7058-4592|https://orcid.org/0000-0003-1599-9171|https://orcid.org/0000-0002-0736-3619|https://orcid.org/0000-0003-0605-3069|https://orcid.org/0000-0001-5703-1762|https://orcid.org/0000-0002-0861-2752|||https://orcid.org/0000-0003-1431-2761||https://orcid.org/0000-0001-9902-7681,,Adapting wild biodiversity conservation approaches to conserve agrobiodiversity,https://doi.org/10.1038/s41893-024-01427-2,FALSE,en,FALSE,19/09/2024,article
10.7910/dvn/75e7hv,10.7910/dvn/75e7hv,https://openalex.org/W4398364526,"Todd S. Rosenstock|Peter Steward|Namita Joshi|Muller, Lolita|JUMA, CHARITY EPHAMIA NABWIRE",https://orcid.org/0000-0002-1958-9500|https://orcid.org/0000-0003-3985-4911|https://orcid.org/0000-0002-1623-6910|https://orcid.org/0009-0002-8345-7219|https://orcid.org/0009-0009-5367-5427,other-oa,Agriculture Ontology for Meta-analysis (AOM): Livestock Prototype,https://doi.org/10.7910/dvn/75e7hv,FALSE,en,TRUE,18/12/2023,dataset
10.7910/dvn/2peplh,10.7910/dvn/2peplh,https://openalex.org/W4398591299,Sarah K. Jones|Natalia Estrada-Carmona|Roseline Remans,https://orcid.org/0000-0002-9422-5563|https://orcid.org/0000-0003-4329-5470|https://orcid.org/0000-0003-3659-8529,cc-by,Agrobiodiversity Index gridded datasets,https://doi.org/10.7910/dvn/2peplh,FALSE,en,TRUE,12/07/2022,dataset
10.1038/s43016-021-00344-3,10.1038/s43016-021-00344-3,https://openalex.org/W3196813640,Sarah K. Jones|Natalia Estrada-Carmona|Stella D. Juventia|Ehsan Dulloo|Marie‐Angélique Laporte|Chiara Villani|Roseline Remans,https://orcid.org/0000-0002-9422-5563|https://orcid.org/0000-0003-4329-5470|https://orcid.org/0000-0003-4393-624X|https://orcid.org/0000-0001-5567-8220|https://orcid.org/0000-0002-8461-9745|https://orcid.org/0000-0001-9750-3867|https://orcid.org/0000-0003-3659-8529,,Agrobiodiversity Index scores show agrobiodiversity is underutilized in national food systems,https://doi.org/10.1038/s43016-021-00344-3,FALSE,en,FALSE,06/09/2021,article
10.17615/mejx-da06,10.17615/mejx-da06,https://openalex.org/W4299528801,"WD Wilson|BK Bender|RR Tidwell|DW Boykin|CC Dykstra|Janet E. Hall|Sarah K. Jones|Kumar, A",|||||https://orcid.org/0000-0003-4644-3061|https://orcid.org/0000-0002-9422-5563|,,"Anti-Pneumocystis carinii pneumonia activity of dicationic 2,4-diarylpyrimidines",https://doi.org/10.17615/mejx-da06,FALSE,en,TRUE,02/11/2020,article
10.1017/s136898001500169x,10.1017/s136898001500169x,https://openalex.org/W2159829731,Brian Luckett|Fabrice DeClerck|Jessica Fanzo|Adrienne R. Mundorf|Donald Rose,https://orcid.org/0000-0001-7561-7329|https://orcid.org/0000-0002-3631-8745|https://orcid.org/0000-0002-6760-1359||https://orcid.org/0000-0002-2110-8059,,Application of the Nutrition Functional Diversity indicator to assess food system contributions to dietary diversity and sustainable diets of Malawian households,https://doi.org/10.1017/s136898001500169x,FALSE,en,TRUE,01/06/2015,review
10.1371/journal.pone.0021235,10.1371/journal.pone.0021235,https://openalex.org/W1976317663,Roseline Remans|Dan F. B. Flynn|Fabrice DeClerck|Willy Diru|Jessica Fanzo|Kaitlyn M. Gaynor|Isabel Lambrecht|J. Mudiope|Patrick K. Mutuo|Phelire Nkhoma|David Siriri|Clare Sullivan|Cheryl Palm,https://orcid.org/0000-0003-3659-8529|https://orcid.org/0000-0002-2978-5257|https://orcid.org/0000-0002-3631-8745||https://orcid.org/0000-0002-6760-1359|https://orcid.org/0000-0002-5747-0543|https://orcid.org/0000-0003-1709-6611||https://orcid.org/0000-0002-9824-2504|||https://orcid.org/0009-0006-8293-9987|,cc-by,Assessing Nutritional Diversity of Cropping Systems in African Villages,https://doi.org/10.1371/journal.pone.0021235,FALSE,en,TRUE,16/06/2011,article
10.1016/j.envdev.2023.100854,10.1016/j.envdev.2023.100854,https://openalex.org/W4360955700,Wuletawu Abera|Lulseged Tamene|Dawit Mekonnen|Natalia Estrada-Carmona|Marlène Elias|Deepa Joshi|Ermias Aynekulu,https://orcid.org/0000-0002-3657-5223|https://orcid.org/0000-0002-4846-2330|https://orcid.org/0000-0003-3642-3497|https://orcid.org/0000-0003-4329-5470||https://orcid.org/0000-0003-1986-3431|https://orcid.org/0000-0002-1955-6995,cc-by,Assessing the application of gender perspectives in land restoration studies in Ethiopia using text mining,https://doi.org/10.1016/j.envdev.2023.100854,FALSE,en,TRUE,25/03/2023,article
10.13140/rg.2.2.10162.91844,10.13140/rg.2.2.10162.91844,https://openalex.org/W4294568935,Damien Beillouin|Tamara Ben‐Ari|David Makoswki,https://orcid.org/0000-0003-2014-3482|https://orcid.org/0000-0001-7157-7905|,other-oa,Assessing the quality and results of meta-analyses on crop diversification Protocol for systematic review and evidence map,https://doi.org/10.13140/rg.2.2.10162.91844,FALSE,en,TRUE,01/01/2018,preprint
10.1038/s43016-024-00962-7,10.1038/s43016-024-00962-7,https://openalex.org/W4392916613,Andy Jarvis|Jenny Johana Gallo‐Franco|Julian Portilla|Bruce German|Daniel G. Debouck|Maya Rajasekharan|Colin K. Khoury|Anna Herforth|Selena Ahmed|Joe Tohmé|Elizabeth Arnaud|Christopher D. Golden|Corinna Dawid|Stef de Haan|Fabrice DeClerck|Edith J. M. Feskens|Vincenzo Fogliano|Gayle J. Fritz|Christoph Hald|Robert D. Hall|Robbie Hart|Audrey Henry|Sanwen Huang|Danny Hunter|Bermet Imanbaeva|Andrew J. Lowe|Nancy J. Turner|Gengjie Jia|Elizabeth Johnson|Geetha Kalaiah|Salwa Karboune|Stefan Klade|Gina Rae La Cerva|Vincent Lal|Avraham A. Levy|T. Longvah|Mari Maeda‐Yamamoto|Paul E. Minnis|Marília Regini Nuti|Mariaelena Octavio|Coralia Osorio|Lukas Pawera|Sonia Peter|Rajendra Prasad|Cassandra L. Quave|Howard‐Yana Shapiro|Sheshshayee Sreeman|Warangkana Srichamnong|Roy Steiner|Muhabbat Turdieva|Tiziana Ulian|Tinde van Andel|Ren Wang|Lily Weissgold|Jianbin Yan|John de la Parra,https://orcid.org/0000-0001-6543-0798|https://orcid.org/0000-0003-3653-3805|||https://orcid.org/0000-0002-7618-9570|https://orcid.org/0000-0002-2724-7711|https://orcid.org/0000-0001-7893-5744|https://orcid.org/0000-0002-6079-9374|https://orcid.org/0000-0001-5779-0697|https://orcid.org/0000-0003-2765-7101|https://orcid.org/0000-0002-6020-5919|https://orcid.org/0000-0002-2258-7493|https://orcid.org/0000-0001-5342-2600|https://orcid.org/0000-0001-8690-1886|https://orcid.org/0000-0002-3631-8745|https://orcid.org/0000-0001-5819-2488|https://orcid.org/0000-0001-8786-9355|https://orcid.org/0000-0002-6433-2771||https://orcid.org/0000-0002-5786-768X|https://orcid.org/0000-0002-8803-8059|https://orcid.org/0000-0001-9947-5919|https://orcid.org/0000-0002-8547-5309|https://orcid.org/0000-0002-4267-595X|https://orcid.org/0009-0007-8495-6614|https://orcid.org/0000-0003-1139-2516|https://orcid.org/0000-0002-6810-619X|https://orcid.org/0009-0001-2881-962X|https://orcid.org/0000-0001-8242-5501||https://orcid.org/0000-0002-8718-8725|https://orcid.org/0000-0001-8125-3007||https://orcid.org/0000-0002-7140-5609|https://orcid.org/0000-0002-3097-1540|https://orcid.org/0000-0002-5528-8676|https://orcid.org/0000-0002-4494-7509|https://orcid.org/0009-0006-3769-1417|https://orcid.org/0000-0001-8226-9975||https://orcid.org/0000-0001-6222-0138|https://orcid.org/0000-0001-8548-3491||https://orcid.org/0000-0002-1627-6699|https://orcid.org/0000-0001-9615-7886||https://orcid.org/0000-0002-2634-8596|https://orcid.org/0000-0002-4254-591X|||https://orcid.org/0000-0001-8298-256X|https://orcid.org/0000-0002-4951-1894|||https://orcid.org/0000-0001-7934-8808|https://orcid.org/0000-0003-1425-6288,,Author Correction: Periodic Table of Food Initiative for generating biomolecular knowledge of edible biodiversity,https://doi.org/10.1038/s43016-024-00962-7,FALSE,en,TRUE,18/03/2024,erratum
10.1111/ele.70220/v2/response1,10.1111/ele.70220/v2/response1,https://openalex.org/W4415069067,Jonathan Bonfanti|Joseph Langridge|Ángel Avadí|Nicolas Casajus|Abhishek Chaudhary|Gaëlle Damour|Natalia Estrada-Carmona|S. K. Jones|David Makowski|Matthew G. E. Mitchell|Ralf Seppelt|Damien Beillouin,https://orcid.org/0000-0003-0049-4410|https://orcid.org/0000-0002-9427-439X|https://orcid.org/0000-0002-8114-916X|https://orcid.org/0000-0002-5537-5294|https://orcid.org/0000-0002-6602-7279|https://orcid.org/0000-0001-6080-7306|https://orcid.org/0000-0003-4329-5470||https://orcid.org/0000-0001-6385-3703|https://orcid.org/0000-0002-3490-9314|https://orcid.org/0000-0002-2723-7150|https://orcid.org/0000-0003-2014-3482,,"Author response for ""Geographic, Taxonomic and Metric Gaps in Biodiversity Research Limit Evidence‐Based Conservation in Agricultural Landscapes: An Umbrella Review""",https://doi.org/10.1111/ele.70220/v2/response1,FALSE,en,FALSE,20/12/2024,peer-review
10.1111/ele.70220/v3/response1,10.1111/ele.70220/v3/response1,https://openalex.org/W4415069102,Jonathan Bonfanti|Joseph Langridge|Ángel Avadí|Nicolas Casajus|Abhishek Chaudhary|Gaëlle Damour|Natalia Estrada-Carmona|Sarah K. Jones|David Makowski|Matthew G. E. Mitchell|Ralf Seppelt|Damien Beillouin,https://orcid.org/0000-0003-0049-4410|https://orcid.org/0000-0002-9427-439X|https://orcid.org/0000-0002-8114-916X|https://orcid.org/0000-0002-5537-5294|https://orcid.org/0000-0002-6602-7279|https://orcid.org/0000-0001-6080-7306|https://orcid.org/0000-0003-4329-5470|https://orcid.org/0000-0002-9422-5563|https://orcid.org/0000-0001-6385-3703|https://orcid.org/0000-0002-3490-9314|https://orcid.org/0000-0002-2723-7150|https://orcid.org/0000-0003-2014-3482,,"Author response for ""Geographic, Taxonomic and Metric Gaps in Biodiversity Research Limit Evidence‐Based Conservation in Agricultural Landscapes: An Umbrella Review""",https://doi.org/10.1111/ele.70220/v3/response1,FALSE,en,FALSE,22/01/2025,peer-review
10.1016/j.agrformet.2018.06.002,10.1016/j.agrformet.2018.06.002,https://openalex.org/W2883137702,Damien Beillouin|Margot Leclère|Corentin Barbu|Maud Bénézit|Ronan Trépos|Arnaud Gauffreteau|Marie-Hélène Jeuffroy,https://orcid.org/0000-0003-2014-3482|https://orcid.org/0000-0003-2212-8307|https://orcid.org/0000-0001-6869-5345||https://orcid.org/0000-0002-3338-9337|https://orcid.org/0000-0003-1858-1897|,,"Azodyn-Barley, a winter-barley crop model for predicting and ranking genotypic yield, grain protein and grain size in contrasting pedoclimatic conditions",https://doi.org/10.1016/j.agrformet.2018.06.002,FALSE,en,FALSE,24/07/2018,article
10.7910/dvn/lsqls7/bbcd94,10.7910/dvn/lsqls7/bbcd94,https://openalex.org/W4398405291,Alejandra Martínez|Fabrice DeClerck|Fernando Casanoves,https://orcid.org/0000-0002-6337-8890|https://orcid.org/0000-0002-3631-8745|https://orcid.org/0000-0001-8765-9382,,Base de datos capturas aves_BNPP.xls,https://doi.org/10.7910/dvn/lsqls7/bbcd94,FALSE,es,TRUE,01/01/2013,dataset
10.7910/dvn/lsqls7/ta8xuf,10.7910/dvn/lsqls7/ta8xuf,https://openalex.org/W4398441122,Alejandra Martínez|Fabrice DeClerck|Fernando Casanoves,https://orcid.org/0000-0002-6337-8890|https://orcid.org/0000-0002-3631-8745|https://orcid.org/0000-0001-8765-9382,,Base de datos telemetria_BNPP.xls,https://doi.org/10.7910/dvn/lsqls7/ta8xuf,FALSE,es,TRUE,01/01/2013,dataset
10.7910/dvn/lsqls7/sz4ygk,10.7910/dvn/lsqls7/sz4ygk,https://openalex.org/W4398395425,Alejandra Martínez|Fabrice DeClerck|Fernando Casanoves,https://orcid.org/0000-0002-6337-8890|https://orcid.org/0000-0002-3631-8745|https://orcid.org/0000-0001-8765-9382,,Base de datos transectos_BNPP.xls,https://doi.org/10.7910/dvn/lsqls7/sz4ygk,FALSE,es,TRUE,01/01/2013,dataset
10.1186/2048-7010-2-12,10.1186/2048-7010-2-12,https://openalex.org/W2153538771,Henry Neufeldt|Molly Jahn|Bruce Campbell|J. R. Beddington|Fabrice DeClerck|Alessandro De Pinto|Jay Gulledge|Jon Hellin|Mario Herrero|Andy Jarvis|David LeZaks|Holger Meinke|Todd S. Rosenstock|Mary C. Scholes|Robert J. Scholes|Sonja Vermeulen|Eva Wollenberg|Robert B. Zougmoré,https://orcid.org/0000-0002-0880-9395|https://orcid.org/0000-0003-0181-0374|https://orcid.org/0000-0002-0123-4859||https://orcid.org/0000-0002-3631-8745|https://orcid.org/0000-0003-0327-494X|https://orcid.org/0000-0002-9779-8690|https://orcid.org/0000-0002-2686-8065|https://orcid.org/0000-0002-7741-5090|https://orcid.org/0000-0001-6543-0798||https://orcid.org/0000-0003-2657-3264|https://orcid.org/0000-0002-1958-9500|https://orcid.org/0000-0001-5762-9537|https://orcid.org/0000-0001-5537-6935||https://orcid.org/0000-0002-4335-2562|https://orcid.org/0000-0002-6215-4852,cc-by,Beyond climate-smart agriculture: toward safe operating spaces for global food systems,https://doi.org/10.1186/2048-7010-2-12,FALSE,en,TRUE,30/08/2013,article
10.21203/rs.3.rs-6477627/v1,10.21203/rs.3.rs-6477627/v1,https://openalex.org/W4409798109,Loekie Schreefel|Emile Steenman|Fabian Adler|Ricardo Buffara|Stephan Freundt|Fabrice DeClerck|Jessica Duncan|K.E. Giller|Howard Koster|H.H.E. van Zanten,https://orcid.org/0000-0001-6794-7221|||||https://orcid.org/0000-0002-3631-8745|https://orcid.org/0000-0003-0511-0068|https://orcid.org/0000-0002-5998-4652||https://orcid.org/0000-0002-5262-5518,cc-by,Beyond the buzz: analysing actors promoting regenerative agriculture in Europe,https://doi.org/10.21203/rs.3.rs-6477627/v1,FALSE,en,TRUE,25/04/2025,preprint
10.1038/s44264-025-00100-1,10.1038/s44264-025-00100-1,https://openalex.org/W4415903709,Loekie Schreefel|Emile Steenman|Fabian Adler|Ricardo Buffara|Stephan Freundt|Fabrice DeClerck|Jessica Duncan|K.E. Giller|Howard Koster|H.H.E. van Zanten,https://orcid.org/0000-0001-6794-7221|||||https://orcid.org/0000-0002-3631-8745|https://orcid.org/0000-0003-0511-0068|https://orcid.org/0000-0002-5998-4652||https://orcid.org/0000-0002-5262-5518,cc-by-nc-nd,Beyond the buzz: analyzing actors promoting regenerative agriculture in Europe,https://doi.org/10.1038/s44264-025-00100-1,FALSE,en,TRUE,05/11/2025,article
10.3390/rs9121307,10.3390/rs9121307,https://openalex.org/W2773804544,Sarah K. Jones|Alexander K. Fremier|Fabrice DeClerck|David Smedley|Aline Ortega Pieck|Mark Mulligan,https://orcid.org/0000-0002-9422-5563|https://orcid.org/0000-0002-4104-6633|https://orcid.org/0000-0002-3631-8745|||https://orcid.org/0000-0002-0132-0888,cc-by,Big Data and Multiple Methods for Mapping Small Reservoirs: Comparing Accuracies for Applications in Agricultural Landscapes,https://doi.org/10.3390/rs9121307,FALSE,en,TRUE,13/12/2017,article
10.5337/2021.215,10.5337/2021.215,https://openalex.org/W3194855227,F. DeClerck|Izabella Koziell|Angad Sidhu|Jonathan Wirths|Tim G. Benton|Lucas A. Garibaldi|Claire Kremen|Martine Maron|Cristina Rumbaitis del Rio|Michael Clark|Chris Dickens|Natalia Estrada-Carmona|Alexander K. Fremier|Sarah K. Jones|Colin K. Khoury|Rattan Lal|Michael Obersteiner|Roseline Remans|Adrien Rusch|Lisa A. Schulte|Jeremy S. Simmonds|Lindsay C. Stringer|Christopher L. Weber|Leigh Winowiecki,||||https://orcid.org/0000-0002-7448-1973|https://orcid.org/0000-0003-0725-4049|https://orcid.org/0000-0001-6909-4605|https://orcid.org/0000-0002-5563-5789||https://orcid.org/0000-0001-7161-7751|https://orcid.org/0000-0002-4251-7767|https://orcid.org/0000-0003-4329-5470|https://orcid.org/0000-0002-4104-6633|https://orcid.org/0000-0002-9422-5563|https://orcid.org/0000-0001-7893-5744|||https://orcid.org/0000-0003-3659-8529|https://orcid.org/0000-0002-3921-9750|https://orcid.org/0000-0003-4433-5008|https://orcid.org/0000-0002-1662-5908|https://orcid.org/0000-0003-0017-1654|https://orcid.org/0000-0002-6245-525X|https://orcid.org/0000-0001-5572-1284,cc-by-nc-nd,Biodiversity and agriculture: rapid evidence review,https://doi.org/10.5337/2021.215,FALSE,en,TRUE,01/01/2021,report
10.1101/2022.06.24.497294,10.1101/2022.06.24.497294,https://openalex.org/W4283811916,Awaz Mohamed|Fabrice DeClerck|Peter H. Verburg|David Obura|Jesse F. Abrams|Noelia Zafra‐Calvo|Juan Rocha|Natalia Estrada-Carmona|Alexander K. Fremier|Sarah K. Jones|Ina C. Meier|Ben Stewart‐Koster,https://orcid.org/0000-0002-6130-9496|https://orcid.org/0000-0002-3631-8745|https://orcid.org/0000-0002-6977-7104|https://orcid.org/0000-0003-2256-6649|https://orcid.org/0000-0003-0411-8519|https://orcid.org/0000-0003-3350-0784|https://orcid.org/0000-0003-2322-5459|https://orcid.org/0000-0003-4329-5470|https://orcid.org/0000-0002-4104-6633|https://orcid.org/0000-0002-9422-5563||https://orcid.org/0000-0001-8334-0825,cc-by,Biosphere functional integrity for people and Planet,https://doi.org/10.1101/2022.06.24.497294,FALSE,en,TRUE,27/06/2022,preprint
10.7910/dvn/lsqls7,10.7910/dvn/lsqls7,https://openalex.org/W4398543211,Alejandra Martínez|Fabrice DeClerck|Fernando Casanoves,https://orcid.org/0000-0002-6337-8890|https://orcid.org/0000-0002-3631-8745|https://orcid.org/0000-0001-8765-9382,public-domain,"BNPP Functional connectivity for birds that depend on forest patches in a fragmented landscape, Matiguas Nicaragua",https://doi.org/10.7910/dvn/lsqls7,FALSE,en,TRUE,22/02/2013,dataset
10.52202/071171-0339,10.52202/071171-0339,https://openalex.org/W4389376103,Carl Stafford|R. A. Clark|Liesel A. Ritchie|Jack Dudding|Gabriel J. Pent|John H. Fike|J. Benner|Cindy Sorg Swanson|Simon Baker|T. Mize|Vitalis W. Temu|Kathy Payne|Duane A. Gill|Donald E. Mullins|Ruth McGuire|Chris D. Teutsch|Wade E. Thomason|A.M. Grev|Paful Blevins|Thomas B. Clarke|M. H. Poore|M.N. Booher|Tim Stanley|Gregory S. Halich|John Bovay|Sarah K. Jones|K Love|Ann Toler Hilliard|A. Byington|Ewen Mullins|Inga Haugen,||https://orcid.org/0000-0002-9960-3260||https://orcid.org/0000-0003-0837-2039|https://orcid.org/0000-0002-7371-3007|||https://orcid.org/0000-0002-0716-6236||https://orcid.org/0000-0003-2247-6598||https://orcid.org/0000-0002-0262-0241|https://orcid.org/0000-0002-0740-5663|https://orcid.org/0000-0003-3893-4987||https://orcid.org/0000-0003-2498-1010|https://orcid.org/0000-0002-8376-3665||https://orcid.org/0000-0002-9997-9532|https://orcid.org/0000-0001-8297-3647||||https://orcid.org/0000-0002-7342-1602|https://orcid.org/0000-0002-9422-5563||||https://orcid.org/0000-0003-3005-4264|https://orcid.org/0000-0002-9414-9097,public-domain,Building Partnerships to Address Social and Technological Challenges to Enhance Farm Profitability and Improve Water Quality Through Better Grassland Management,https://doi.org/10.52202/071171-0339,FALSE,en,TRUE,01/01/2023,article
10.1038/s43247-025-02574-w,10.1038/s43247-025-02574-w,https://openalex.org/W4413306679,Emily Pappo|Susan C. Cook‐Patton|Damien Beillouin|Rémi Cardinael|Fernando Vieira Cesário|Katherine Culbertson|Vivian Griffey|Jefferson S. Hall|Starry Sprenkle-Hyppolite|Alison Lovdal|Cyril Melikov|Todd S. Rosenstock|Peter Steward|Drew Terasaki Hart|Ruth E. Bennett,https://orcid.org/0000-0003-1207-5192|https://orcid.org/0000-0002-7194-4397|https://orcid.org/0000-0003-2014-3482|https://orcid.org/0000-0002-9924-3269|https://orcid.org/0000-0002-2333-6813|https://orcid.org/0000-0002-1769-2563|https://orcid.org/0000-0001-5921-6621|https://orcid.org/0000-0003-4761-9268|https://orcid.org/0000-0002-8336-4293||https://orcid.org/0000-0002-8668-1577|https://orcid.org/0000-0002-1958-9500|https://orcid.org/0000-0003-3985-4911||https://orcid.org/0000-0003-4024-0538,cc-by-nc-nd,Carbon payment strategies in coffee agroforests shape climate and biodiversity outcomes,https://doi.org/10.1038/s43247-025-02574-w,FALSE,en,TRUE,19/08/2025,article
10.22541/au.159007647.73563117,10.22541/au.159007647.73563117,https://openalex.org/W3041117351,Ermias Aynekulu|Gudeta W. Sileshi|Todd Rosenstock|Meine van Noordwijk|Diress Tsegaye|Jonas Koala|Louis Sawadogo|Jan de Leeuw|Eleanor Milne|Keith Shepherd,https://orcid.org/0000-0002-1955-6995|https://orcid.org/0000-0001-7828-6238||https://orcid.org/0000-0002-7791-4703|https://orcid.org/0000-0002-6854-5977|https://orcid.org/0000-0001-6842-4983||https://orcid.org/0000-0001-7020-2503|https://orcid.org/0000-0002-2602-1040|https://orcid.org/0000-0001-7144-3915,,Changes in soil carbon following long-term prescribed burning and livestock exclusion in the Sudanian savanna-woodlands in Burkina Faso,https://doi.org/10.22541/au.159007647.73563117,FALSE,en,FALSE,21/05/2020,preprint
10.1016/j.oneear.2020.01.009,10.1016/j.oneear.2020.01.009,https://openalex.org/W3007068977,Rachel Carmenta|David A. Coomes|Fabrice DeClerck|Abigail K. Hart|Célia A. Harvey|Jeff Milder|James Reed|Bhaskar Vira|Natalia Estrada-Carmona,https://orcid.org/0000-0001-8607-4147|https://orcid.org/0000-0002-8261-2582|https://orcid.org/0000-0002-3631-8745||https://orcid.org/0000-0001-8015-703X|||https://orcid.org/0000-0001-7766-6773|https://orcid.org/0000-0003-4329-5470,,Characterizing and Evaluating Integrated Landscape Initiatives,https://doi.org/10.1016/j.oneear.2020.01.009,FALSE,en,TRUE,01/02/2020,article
10.22541/essoar.175492980.08779908/v1,10.22541/essoar.175492980.08779908/v1,https://openalex.org/W4413214279,Johan Rockström|Fatima Denton|Albert V. Norström|Jesse F. Abrams|Lubna Alam|David I. Armstrong McKay|Xuemei Bai|Govindasamy Bala|Chris A. Boulton|Wendy Broadgate|Stuart E. Bunn|Joshua Buxton|Juan-Camilo Cárdenas|Raimon C. Ylla-Català|Fabrice DeClerck|Natalie Davis|Donovan Dennis|Miriam L. Diamond|Carl Folke|Charlotte Kendra Gotangco|Georgia Graells|Joyeeta Gupta|Syezlin Hasan|Lisa Jacobson|Steven J. Lade|Timothy M. Lenton|Sina Loriani|Cornelia Ludwig|Pablo A. Marquet|Qondi Moyo|Aditi Mukherji|Nebojša Nakićenović|David Obura|Oki Taikan|Daniel Ospina|Maria Fernanda Peña|Laura Pereira|Keywan Riahi|Maria del Mar Rojas|Anindita Sarkar|Anna Shalin|Ben Stewart‐Koster|Bo Su|Rashid Sumaila|Thejna Tharammal|Luc van Vliet|Detlef P. van Vuuren|Peter H. Verburg|Zhanyun Wang|Ricarda Winkelmann|Cunde Xiao|Caroline Zimm,https://orcid.org/0000-0001-8988-2983||https://orcid.org/0000-0002-0706-9233|https://orcid.org/0000-0003-0411-8519|https://orcid.org/0000-0002-0910-2391|https://orcid.org/0000-0002-0020-7461|https://orcid.org/0000-0001-6556-8041|https://orcid.org/0000-0002-3079-0600|https://orcid.org/0000-0001-7836-9391|https://orcid.org/0000-0003-4409-2800|https://orcid.org/0000-0002-6540-3586|https://orcid.org/0000-0001-9664-0368|https://orcid.org/0000-0003-0005-7595||https://orcid.org/0000-0002-3631-8745||https://orcid.org/0000-0002-5423-7703|https://orcid.org/0000-0001-6296-6431|https://orcid.org/0000-0002-4050-3281|https://orcid.org/0000-0002-3436-9813||https://orcid.org/0000-0003-1424-2660|https://orcid.org/0000-0002-0637-7963|https://orcid.org/0000-0003-4936-2275|https://orcid.org/0000-0001-9719-9826|https://orcid.org/0000-0002-6725-7498|https://orcid.org/0000-0001-6660-960X||https://orcid.org/0000-0001-6369-9339||https://orcid.org/0000-0002-8061-4349|https://orcid.org/0000-0001-7176-4604|https://orcid.org/0000-0003-2256-6649||https://orcid.org/0000-0002-5115-0899||https://orcid.org/0000-0002-4996-7234|https://orcid.org/0000-0001-7193-3498||https://orcid.org/0000-0002-6626-2455|https://orcid.org/0000-0002-7217-5382|https://orcid.org/0000-0001-8334-0825|https://orcid.org/0009-0003-5485-3658||https://orcid.org/0000-0001-5343-8194|https://orcid.org/0009-0003-6088-0839|https://orcid.org/0000-0003-0398-2831|https://orcid.org/0000-0002-6977-7104|https://orcid.org/0000-0001-9914-7659|https://orcid.org/0000-0003-1248-3217|https://orcid.org/0000-0002-1706-4794|https://orcid.org/0000-0001-5603-1015,,Charting a transformational course toward a safe and just future: the Earth Commission’s contribution,https://doi.org/10.22541/essoar.175492980.08779908/v1,FALSE,en,TRUE,11/08/2025,preprint
10.1111/brv.12040,10.1111/brv.12040,https://openalex.org/W1556742278,Gorm E. Shackelford|Peter Steward|Tim G. Benton|William E. Kunin|Simon G. Potts|Jacobus C. Biesmeijer|Steven M. Sait,https://orcid.org/0000-0003-0949-0934|https://orcid.org/0000-0003-3985-4911|https://orcid.org/0000-0002-7448-1973|https://orcid.org/0000-0002-9812-2326|https://orcid.org/0000-0002-2045-980X|https://orcid.org/0000-0003-0328-0573|https://orcid.org/0000-0002-7208-8617,,Comparison of pollinators and natural enemies: a meta‐analysis of landscape and local effects on abundance and richness in crops,https://doi.org/10.1111/brv.12040,FALSE,en,FALSE,12/04/2013,review
10.1073/pnas.2203385119,10.1073/pnas.2203385119,https://openalex.org/W4295308933,Natalia Estrada-Carmona|Andrea C. Sánchez|Roseline Remans|Sarah K. Jones,https://orcid.org/0000-0003-4329-5470|https://orcid.org/0000-0003-4549-6970|https://orcid.org/0000-0003-3659-8529|https://orcid.org/0000-0002-9422-5563,cc-by-nc-nd,Complex agricultural landscapes host more biodiversity than simple ones: A global meta-analysis,https://doi.org/10.1073/pnas.2203385119,FALSE,en,TRUE,12/09/2022,review
10.7910/dvn/gzjcp0,10.7910/dvn/gzjcp0,https://openalex.org/W4398417822,"Natalia Estrada-Carmona|C. Sánchez, Andrea|Roseline Remans|Sarah K. Jones",https://orcid.org/0000-0003-4329-5470||https://orcid.org/0000-0003-3659-8529|https://orcid.org/0000-0002-9422-5563,cc-by-nc-sa,Complex agricultural landscapes host more biodiversity than simple ones: a global meta-analysis - dataset,https://doi.org/10.7910/dvn/gzjcp0,FALSE,en,TRUE,18/07/2022,dataset
10.1016/j.gfs.2023.100688,10.1016/j.gfs.2023.100688,https://openalex.org/W4368353951,Kim Anastasiou|Phillip Baker|Gilly A. Hendrie|Michalis Hadjikakou|Sinéad Boylan|Abhishek Chaudhary|Michael Clark|Fabrice DeClerck|Jessica Fanzo|Anthony Fardet|Fernanda Helena Marrocos Leite|Daniel Mason-D’Croz|Rob Percival|Christian Reynolds|Mark Lawrence,https://orcid.org/0000-0002-3338-5117|https://orcid.org/0000-0002-0802-2349|https://orcid.org/0000-0001-7387-2422|https://orcid.org/0000-0002-3667-3982|https://orcid.org/0000-0002-3491-5845|https://orcid.org/0000-0002-6602-7279|https://orcid.org/0000-0001-7161-7751|https://orcid.org/0000-0002-3631-8745|https://orcid.org/0000-0002-6760-1359|https://orcid.org/0000-0003-4972-9217|https://orcid.org/0000-0003-0470-1974|https://orcid.org/0000-0003-0673-2301||https://orcid.org/0000-0002-1073-7394|https://orcid.org/0000-0001-6899-3983,,Conceptualising the drivers of ultra-processed food production and consumption and their environmental impacts: A group model-building exercise,https://doi.org/10.1016/j.gfs.2023.100688,FALSE,en,TRUE,04/05/2023,article
10.2139/ssrn.4306622,10.2139/ssrn.4306622,https://openalex.org/W4313262514,Kim Anastasiou|Philip Baker|Gilly A. Hendrie|Michalis Hadjikakou|Sinéad Boylan|Abhishek Chaudhary|Michael Clark|Fabrice DeClerck|Jessica Fanzo|Anthony Fardet|Fernanda Helena Marrocos Leite|Daniel Mason-D’Croz|Rob Percival|Christian Reynolds|Mark Lawrence,https://orcid.org/0000-0002-3338-5117||https://orcid.org/0000-0001-7387-2422|https://orcid.org/0000-0002-3667-3982|https://orcid.org/0000-0002-3491-5845|https://orcid.org/0000-0002-6602-7279|https://orcid.org/0000-0001-7161-7751|https://orcid.org/0000-0002-3631-8745|https://orcid.org/0000-0002-6760-1359|https://orcid.org/0000-0003-4972-9217|https://orcid.org/0000-0003-0470-1974|https://orcid.org/0000-0003-0673-2301||https://orcid.org/0000-0002-1073-7394|https://orcid.org/0000-0001-6899-3983,,Conceptualising the Drivers of Ultra-Processed Food Production and Consumption and Their Environmental Impacts: A Group Model-Building Exercise,https://doi.org/10.2139/ssrn.4306622,FALSE,en,TRUE,01/01/2022,article
10.1016/j.agee.2013.10.010,10.1016/j.agee.2013.10.010,https://openalex.org/W164769165,Cheryl Palm|Humberto Blanco‐Canqui|Fabrice DeClerck|Lydiah Gatere|Peter Grace,|https://orcid.org/0000-0002-9286-8194|https://orcid.org/0000-0002-3631-8745||https://orcid.org/0000-0003-4136-4129,other-oa,Conservation agriculture and ecosystem services: An overview,https://doi.org/10.1016/j.agee.2013.10.010,FALSE,en,TRUE,16/11/2013,article
10.1016/j.agsy.2021.103117,10.1016/j.agsy.2021.103117,https://openalex.org/W3135515942,Adam M. Komarek|Christian Thierfelder|Peter Steward,https://orcid.org/0000-0001-5676-3005|https://orcid.org/0000-0002-6306-7670|https://orcid.org/0000-0003-3985-4911,cc-by,Conservation agriculture improves adaptive capacity of cropping systems to climate stress in Malawi,https://doi.org/10.1016/j.agsy.2021.103117,FALSE,en,TRUE,07/03/2021,article
10.1111/ddi.12291,10.1111/ddi.12291,https://openalex.org/W2050596103,Gorm E. Shackelford|Peter Steward|Richard German|Steven M. Sait|Tim G. Benton,https://orcid.org/0000-0003-0949-0934|https://orcid.org/0000-0003-3985-4911|https://orcid.org/0000-0001-7937-1995|https://orcid.org/0000-0002-7208-8617|https://orcid.org/0000-0002-7448-1973,cc-by,Conservation planning in agricultural landscapes: hotspots of conflict between agriculture and nature,https://doi.org/10.1111/ddi.12291,FALSE,en,TRUE,26/12/2014,article
10.1111/conl.12110,10.1111/conl.12110,https://openalex.org/W1535197650,Teja Tscharntke|Jeffrey C. Milder|Götz Schroth|Yann Clough|Fabrice DeClerck|Anthony Waldron|Robert A. Rice|Jaboury Ghazoul,https://orcid.org/0000-0002-4482-3178|https://orcid.org/0000-0003-1662-4195||https://orcid.org/0000-0002-2901-7602|https://orcid.org/0000-0002-3631-8745||https://orcid.org/0000-0003-2257-4809|https://orcid.org/0000-0002-8319-1636,cc-by-nc-nd,Conserving Biodiversity Through Certification of Tropical Agroforestry Crops at Local and Landscape Scales,https://doi.org/10.1111/conl.12110,FALSE,en,TRUE,28/04/2014,article
10.1016/j.agsy.2021.103309,10.1016/j.agsy.2021.103309,https://openalex.org/W3213644879,Brian Chiputwa|Genowefa Blundo‐Canto|Peter Steward|Nadine Andrieu|Ousmane Ndiaye,https://orcid.org/0000-0003-0104-7911|https://orcid.org/0000-0003-4182-3663|https://orcid.org/0000-0003-3985-4911|https://orcid.org/0000-0001-9558-9302|https://orcid.org/0000-0002-5048-4731,,"Co-production, uptake of weather and climate services, and welfare impacts on farmers in Senegal: A panel data approach",https://doi.org/10.1016/j.agsy.2021.103309,FALSE,en,TRUE,06/11/2021,article
10.1111/gcb.17128,10.1111/gcb.17128,https://openalex.org/W4390920365,Christopher Poeplau|Zhi Liang|Axel Don|Daria Seitz|Chiara De Notaris|Denis A. Angers|Pierre Barré|Damien Beillouin|Rémi Cardinael|Éric Ceschia|Claire Chenu|Julie Constantin|Julien Demenois|Bruno Mary|Sylvain Pellerin|Daniel Plaza‐Bonilla|Miguel Quemada|Éric Justes,https://orcid.org/0000-0003-3108-8810|https://orcid.org/0000-0002-9510-9281|https://orcid.org/0000-0001-7046-3332|https://orcid.org/0000-0003-0702-2993|https://orcid.org/0000-0002-3764-012X|https://orcid.org/0000-0002-0473-527X|https://orcid.org/0000-0002-0822-0556|https://orcid.org/0000-0003-2014-3482|https://orcid.org/0000-0002-9924-3269|https://orcid.org/0000-0001-5941-752X|https://orcid.org/0000-0001-9054-0489|https://orcid.org/0000-0001-9647-5374|https://orcid.org/0000-0002-2271-8465|https://orcid.org/0000-0003-4662-0160|https://orcid.org/0000-0003-4388-8460|https://orcid.org/0000-0003-4998-8585|https://orcid.org/0000-0001-5793-2835|https://orcid.org/0000-0001-7390-7058,,Cover crops do increase soil organic carbon stocks—A critical comment on Chaplot and Smith (2023),https://doi.org/10.1111/gcb.17128,FALSE,en,TRUE,01/01/2024,letter
10.7910/dvn/py3yoz,10.7910/dvn/py3yoz,https://openalex.org/W4398374093,Todd S. Rosenstock|Namita Joshi|Peter Steward|Kristal Jones,https://orcid.org/0000-0002-1958-9500|https://orcid.org/0000-0002-1623-6910|https://orcid.org/0000-0003-3985-4911|https://orcid.org/0000-0001-9737-9042,other-oa,Data utilized in African Green Climate Fund Agricultural Adaptation Projects and its availability in selected Decision Support Tools (DSTs),https://doi.org/10.7910/dvn/py3yoz,FALSE,en,TRUE,10/01/2024,dataset
10.1016/j.gfs.2020.100401,10.1016/j.gfs.2020.100401,https://openalex.org/W3104286200,Jenna Hollis|Clare E. Collins|Fabrice DeClerck|Li Kheng Chai|Karen McColl|Sandro Demaio,https://orcid.org/0000-0001-9711-2305|https://orcid.org/0000-0003-3298-756X|https://orcid.org/0000-0002-3631-8745|https://orcid.org/0000-0001-5371-4777|https://orcid.org/0000-0002-8175-4992|https://orcid.org/0000-0002-1767-4576,cc-by-nc-nd,"Defining healthy and sustainable diets for infants, children and adolescents",https://doi.org/10.1016/j.gfs.2020.100401,FALSE,en,TRUE,13/11/2020,article
10.1371/journal.pone.0270712,10.1371/journal.pone.0270712,https://openalex.org/W4288710890,Anna Herforth|Alexandra L. Bellows|Quinn Marshall|Rebecca McLaren|Ty Beal|Stella Nordhagen|Roseline Remans|Natalia Estrada-Carmona|Jessica Fanzo,https://orcid.org/0000-0002-6079-9374|https://orcid.org/0000-0001-7772-7548|https://orcid.org/0000-0002-4962-8160|https://orcid.org/0000-0002-9193-2334|https://orcid.org/0000-0002-0398-9825|https://orcid.org/0000-0002-3801-3769|https://orcid.org/0000-0003-3659-8529|https://orcid.org/0000-0003-4329-5470|https://orcid.org/0000-0002-6760-1359,cc-by,Diagnosing the performance of food systems to increase accountability toward healthy diets and environmental sustainability,https://doi.org/10.1371/journal.pone.0270712,FALSE,en,TRUE,29/07/2022,article
10.3732/ajb.1200461,10.3732/ajb.1200461,https://openalex.org/W2090931624,Margaret M. Mayfield|John M. Dwyer|Loïc Chalmandrier|Jessie A. Wells|Stephen P. Bonser|Carla P. Catterall|Fabrice DeClerck|Yi Ding|Jennifer M. Fraterrigo|Daniel J. Metcalfe|Cibele Queiroz|Peter A. Vesk|John W. Morgan,https://orcid.org/0000-0002-5101-6542|https://orcid.org/0000-0001-7389-5528|https://orcid.org/0000-0002-2631-0432|https://orcid.org/0000-0002-3555-5108|https://orcid.org/0000-0002-6608-9912|https://orcid.org/0000-0002-1914-0455|https://orcid.org/0000-0002-3631-8745|https://orcid.org/0000-0002-3649-0211|https://orcid.org/0000-0002-0357-1007|https://orcid.org/0000-0001-6853-7072|https://orcid.org/0000-0003-1124-306X|https://orcid.org/0000-0003-2008-7062|https://orcid.org/0000-0003-2003-5983,,Differences in forest plant functional trait distributions across land‐use and productivity gradients,https://doi.org/10.3732/ajb.1200461,FALSE,en,FALSE,01/07/2013,article
10.1016/j.wds.2024.100185,10.1016/j.wds.2024.100185,https://openalex.org/W4403262132,Jonathan Steinke|Yovita Ivanova|Sarah K. Jones|Thai Thi Minh|Andrea Sánchez|José Sánchez-Choy|Jonathan Mockshell,https://orcid.org/0000-0001-5742-702X||https://orcid.org/0000-0002-9422-5563|https://orcid.org/0000-0002-8345-6825|||https://orcid.org/0000-0003-1990-6657,cc-by-nc-nd,Digital sustainability tracing in smallholder context: Ex-ante insights from the Peruvian cocoa supply chain,https://doi.org/10.1016/j.wds.2024.100185,FALSE,en,TRUE,09/10/2024,article
10.1016/j.ecoser.2017.10.010,10.1016/j.ecoser.2017.10.010,https://openalex.org/W2771758945,Sylvia Wood|Sarah K. Jones|Justin A. Johnson|Kate A. Brauman|Rebecca Chaplin‐Kramer|Alexander K. Fremier|Evan Girvetz|Line Gordon|Carrie V. Kappel|Lisa Mandle|Mark Mulligan|Patrick O’Farrell|William K. Smith|Louise Willemen|Wei Zhang|Fabrice DeClerck,https://orcid.org/0000-0003-2224-3890|https://orcid.org/0000-0002-9422-5563|https://orcid.org/0000-0001-9903-1787|https://orcid.org/0000-0002-8099-285X|https://orcid.org/0000-0002-1539-5231|https://orcid.org/0000-0002-4104-6633|https://orcid.org/0000-0002-1062-9764|https://orcid.org/0000-0002-3520-4340|https://orcid.org/0000-0003-2507-8042|https://orcid.org/0000-0003-2507-8042|https://orcid.org/0000-0002-0132-0888|https://orcid.org/0000-0002-9538-8831|https://orcid.org/0000-0002-5785-6489|https://orcid.org/0000-0003-1026-5865|https://orcid.org/0000-0001-9447-0414|https://orcid.org/0000-0002-3631-8745,,Distilling the role of ecosystem services in the Sustainable Development Goals,https://doi.org/10.1016/j.ecoser.2017.10.010,FALSE,en,TRUE,01/12/2017,article
10.1016/j.fcr.2021.108268,10.1016/j.fcr.2021.108268,https://openalex.org/W3197405758,Damien Beillouin|Elise Pelzer|Edouard Baranger|Benoît Carrouée|Charles Cernay|E. de Chezelles|Anne Schneider|Marie‐Hélène Jeuffroy,https://orcid.org/0000-0003-2014-3482|https://orcid.org/0000-0002-8510-9536||||||https://orcid.org/0000-0003-0520-9172,,Diversifying cropping sequence reduces nitrogen leaching risks,https://doi.org/10.1016/j.fcr.2021.108268,FALSE,en,FALSE,31/08/2021,article
10.1080/03601277.2022.2082714,10.1080/03601277.2022.2082714,https://openalex.org/W4281667087,Kathy Lee|Jessica Cassidy|Jaci Mitchell|Sarah K. Jones|Si Won Jang,https://orcid.org/0000-0001-9603-1685|https://orcid.org/0000-0003-0239-0471||https://orcid.org/0000-0002-9422-5563|,,Documented barriers to health care access among Latinx older adults: A scoping review,https://doi.org/10.1080/03601277.2022.2082714,FALSE,en,FALSE,02/06/2022,review
10.1371/journal.pone.0158615,10.1371/journal.pone.0158615,https://openalex.org/W2473294728,Améline Vallet|Bruno Locatelli|Harold Levrel|Christian Brenes Pérez|Pablo Imbach|Natalia Estrada-Carmona|Raphaël J. Manlay|Johan Oszwald,https://orcid.org/0000-0002-2731-0098|https://orcid.org/0000-0003-2983-1644|https://orcid.org/0000-0002-4611-3639||https://orcid.org/0000-0003-4078-6063|https://orcid.org/0000-0003-4329-5470|https://orcid.org/0000-0003-0482-8457|,cc-by,"Dynamics of Ecosystem Services during Forest Transitions in Reventazón, Costa Rica",https://doi.org/10.1371/journal.pone.0158615,FALSE,en,TRUE,08/07/2016,article
10.15454/f4gk-gx62,10.15454/f4gk-gx62,https://openalex.org/W3173021344,"Damien Beillouin|Claire Perrot|Jean-François Herbommez|Schwebel, Sophie|Marc Schmitt|Marie Hélène Jeuffroy",https://orcid.org/0000-0003-2014-3482|||||,cc-by,ECO2MALT - Evaluation et amélioration de la qualité brassicole de l’orge d’hiver pour la sélection de variétés adaptées aux systèmes de cultures à bas niveaux d’intrants.,https://doi.org/10.15454/f4gk-gx62,FALSE,en,TRUE,29/04/2021,preprint
10.1177/15648265110321s106,10.1177/15648265110321s106,https://openalex.org/W2215920494,Fabrice DeClerck|Jessica Fanzo|Cheryl Palm|Roseline Remans,https://orcid.org/0000-0002-3631-8745|https://orcid.org/0000-0002-6760-1359||https://orcid.org/0000-0003-3659-8529,other-oa,Ecological Approaches to Human Nutrition,https://doi.org/10.1177/15648265110321s106,FALSE,en,TRUE,01/03/2011,review
10.1016/j.ecoser.2012.09.006,10.1016/j.ecoser.2012.09.006,https://openalex.org/W2152058176,Patricia Balvanera|María Uriarte|Lucía Almeida-Leñero|Alice Altesor|Fabrice DeClerck|Toby Gardner|Jefferson S. Hall|Antonio Lara|Pedro Laterra|Marielos Peña‐Claros|Dalva M. Silva Matos|Adrian Vogl|Luz Piedad Romero‐Duque|Luis Felipe Arreola|Ángela Caro-Borrero|Federico Gallego|Meha Jain|Christian Little|Rafael de Oliveira Xavier|José M. Paruelo|Jesús Emilio Peinado|Lourens Poorter|Nataly Ascarrunz|Francisco Correa|Marcela Bianchessi da Cunha‐Santino|Amabel Paula Hernández-Sánchez|María Vallejos,https://orcid.org/0000-0001-6408-6876|https://orcid.org/0000-0002-0484-0758|https://orcid.org/0000-0001-6077-7485|https://orcid.org/0000-0002-8930-0063|https://orcid.org/0000-0002-3631-8745|https://orcid.org/0000-0002-4007-2936|https://orcid.org/0000-0003-4761-9268|https://orcid.org/0000-0003-4998-4584|https://orcid.org/0000-0002-3926-0550|https://orcid.org/0000-0001-9134-6733|https://orcid.org/0000-0001-9461-2179|https://orcid.org/0000-0001-9369-1071|https://orcid.org/0000-0001-8476-4662||https://orcid.org/0000-0001-7352-5447|https://orcid.org/0000-0003-4305-313X|https://orcid.org/0000-0002-6821-473X|https://orcid.org/0000-0003-2223-6834|https://orcid.org/0000-0002-1691-1162|https://orcid.org/0000-0002-8784-9431||https://orcid.org/0000-0003-1391-4875||https://orcid.org/0000-0003-2764-6795|https://orcid.org/0000-0001-6048-0745||https://orcid.org/0000-0002-1749-6458,,Ecosystem services research in Latin America: The state of the art,https://doi.org/10.1016/j.ecoser.2012.09.006,FALSE,en,TRUE,06/11/2012,article
10.1038/s41597-024-03805-z,10.1038/s41597-024-03805-z,https://openalex.org/W4402207096,Todd S. Rosenstock|Peter Steward|Namita Joshi|Christine Lamanna|Nictor Namoi|Lolita Muller|Akinwale O. Akinleye|Erica Atieno|Patrick Bell|Clara Champalle|William English|Anna-Sarah Eyrich|A.N. Gitau|Dorcas Kagwiria|Hannah Kamau|Anna Madalinska|Lucas Manda|Scott McFatridge|Elijah Musyoki Mumo|Alex Nduah|Babra Ombewa|Anatoli Poultouchidou|Janie Rioux|Meryl Richards|Julia Shuck|Helena Ström|Katherine L. Tully,https://orcid.org/0000-0002-1958-9500|https://orcid.org/0000-0003-3985-4911|https://orcid.org/0009-0006-1473-7718|https://orcid.org/0000-0002-6773-7352|https://orcid.org/0000-0001-5249-2746||||||https://orcid.org/0000-0001-5197-2342||||https://orcid.org/0000-0001-5949-9684|||||||||https://orcid.org/0000-0002-5065-7401|||https://orcid.org/0000-0002-6190-2679,cc-by-nc-nd,Effects of changing farming practices in African agriculture,https://doi.org/10.1038/s41597-024-03805-z,FALSE,en,TRUE,03/09/2024,article
10.1890/es10-00003.1,10.1890/es10-00003.1,https://openalex.org/W1974605822,Jeffrey C. Milder|Fabrice DeClerck|Andre Sanfiorenzo|Dalia Merlo Sánchez|Diego Tobar|Benjamin Zuckerberg,https://orcid.org/0000-0003-1662-4195|https://orcid.org/0000-0002-3631-8745||||https://orcid.org/0000-0001-7412-4354,cc-by,Effects of farm and landscape management on bird and butterfly conservation in western Honduras,https://doi.org/10.1890/es10-00003.1,FALSE,en,TRUE,01/07/2010,article
10.3390/land9120528,10.3390/land9120528,https://openalex.org/W3113127844,Rachmat Mulia|Duong D. Nguyen|Mai Phuong Nguyen|Peter Steward|Van Thanh Pham|Hoàng Anh Lê|Todd S. Rosenstock|Elisabeth Simelton,https://orcid.org/0000-0003-1186-9847||https://orcid.org/0000-0001-8440-7972|https://orcid.org/0000-0003-3985-4911||https://orcid.org/0000-0003-1761-3578|https://orcid.org/0000-0002-1958-9500|https://orcid.org/0000-0002-0486-627X,cc-by,Enhancing Vietnam’s Nationally Determined Contribution with Mitigation Targets for Agroforestry: A Technical and Economic Estimate,https://doi.org/10.3390/land9120528,FALSE,en,TRUE,17/12/2020,article
10.31223/x57q5q,10.31223/x57q5q,https://openalex.org/W4402289576,Anita Lazurko|Mara de Pater|Hyejin Kim|Aniek Hebinck|Robbert Biesbroek|Fabrice DeClerck|Seweryn Krupnik|Tomasz Okruszko|Laura C. J. Pereira|Antonia Proka|Eirini Sakellari|Paula A. Harrison,https://orcid.org/0000-0003-3313-4091|https://orcid.org/0000-0001-9414-6200|https://orcid.org/0000-0003-1187-6414|https://orcid.org/0000-0002-6441-374X|https://orcid.org/0000-0002-2906-1419|https://orcid.org/0000-0002-3631-8745||https://orcid.org/0000-0002-5103-1638|https://orcid.org/0000-0002-8818-0039|https://orcid.org/0000-0003-0474-6507||https://orcid.org/0000-0002-9873-3338,cc-by,Envisioning nature positive futures for Europe: Inspiring transformative change at the biodiversity nexus,https://doi.org/10.31223/x57q5q,FALSE,en,TRUE,06/09/2024,preprint
10.1088/1748-9326/ab5ffb,10.1088/1748-9326/ab5ffb,https://openalex.org/W3000248568,Damien Beillouin|Tamara Ben‐Ari|David Makowski,https://orcid.org/0000-0003-2014-3482|https://orcid.org/0000-0001-7157-7905|https://orcid.org/0000-0001-6385-3703,cc-by,Erratum: Evidence map of crop diversification strategies at the global scale (2019 Environ. Res. Lett. 14 123001),https://doi.org/10.1088/1748-9326/ab5ffb,FALSE,en,TRUE,01/01/2020,erratum
10.1016/j.geoforum.2016.07.019,10.1016/j.geoforum.2016.07.019,https://openalex.org/W2507285739,Jonathan Cinnamon|Sarah K. Jones|W. Neil Adger,https://orcid.org/0000-0001-7383-6886|https://orcid.org/0000-0002-9422-5563|https://orcid.org/0000-0003-4244-2854,other-oa,Evidence and future potential of mobile phone data for disease disaster management,https://doi.org/10.1016/j.geoforum.2016.07.019,FALSE,en,TRUE,25/08/2016,article
10.7910/dvn/aegkqr,10.7910/dvn/aegkqr,https://openalex.org/W7128384877,Peter Steward|Namita Joshi|Charity Ephamia Juma Nabwire|Jabesh Ochieng Okumu|Alvaro Carmona Cabrero|Lolita Muller|Todd Stuart Rosenstock,https://orcid.org/0000-0003-3985-4911||||||,other-oa,Evidence for Resilient Agriculture in Latin America,https://doi.org/10.7910/dvn/aegkqr,FALSE,,TRUE,24/11/2025,dataset
10.1088/1748-9326/ab4449,10.1088/1748-9326/ab4449,https://openalex.org/W2972757226,Damien Beillouin|Tamara Ben‐Ari|David Makowski,https://orcid.org/0000-0003-2014-3482|https://orcid.org/0000-0001-7157-7905|https://orcid.org/0000-0001-6385-3703,cc-by,Evidence map of crop diversification strategies at the global scale,https://doi.org/10.1088/1748-9326/ab4449,FALSE,en,TRUE,13/09/2019,article
10.5281/zenodo.4088210,10.5281/zenodo.4088210,https://openalex.org/W4288022517,Damien Beillouin|Tamara Ben‐Ari|David Makowski,https://orcid.org/0000-0003-2014-3482|https://orcid.org/0000-0001-7157-7905|https://orcid.org/0000-0001-6385-3703,cc-by,Evidence map of crop diversification strategies at the global scale,https://doi.org/10.5281/zenodo.4088210,FALSE,en,TRUE,18/11/2019,article
10.1016/j.gfs.2022.100666,10.1016/j.gfs.2022.100666,https://openalex.org/W4311907355,Kristal Jones|Andreea Nowak|Erika Berglund|Willow Grinnell|Emmanuel A. Temu|Birthe K. Paul|Leah L.R. Renwick|Peter Steward|Todd S. Rosenstock|Anthony A. Kimaro,https://orcid.org/0000-0001-9737-9042|https://orcid.org/0000-0002-8049-5757|https://orcid.org/0000-0003-4897-6232||https://orcid.org/0000-0003-4234-2175|https://orcid.org/0000-0002-5994-5354|https://orcid.org/0000-0002-8669-5661|https://orcid.org/0000-0003-3985-4911|https://orcid.org/0000-0002-1958-9500|https://orcid.org/0000-0003-1197-7530,cc-by,Evidence supports the potential for climate-smart agriculture in Tanzania,https://doi.org/10.1016/j.gfs.2022.100666,FALSE,en,TRUE,12/12/2022,article
10.1080/14735903.2016.1174810,10.1080/14735903.2016.1174810,https://openalex.org/W2342557752,Kelly Garbach|Jeffrey C. Milder|Fabrice DeClerck|Maywa Montenegro de Wit|Laura N. Driscoll|Barbara Gemmill‐Herren,https://orcid.org/0000-0002-7896-9773|https://orcid.org/0000-0003-1662-4195|https://orcid.org/0000-0002-3631-8745|https://orcid.org/0000-0002-8975-5316|https://orcid.org/0000-0001-9394-8906|https://orcid.org/0000-0003-4991-640X,,Examining multi-functionality for crop yield and ecosystem services in five systems of agroecological intensification,https://doi.org/10.1080/14735903.2016.1174810,FALSE,en,TRUE,28/04/2016,article
10.1186/s13750-023-00306-1,10.1186/s13750-023-00306-1,https://openalex.org/W4384934599,C. Sylvie Campagne|Laurie-Anne Roy|Joseph Langridge|Joachim Claudet|Rémi Mongruel|Damien Beillouin|Éric Thiébaut,https://orcid.org/0000-0002-2566-7827||https://orcid.org/0000-0002-9427-439X|https://orcid.org/0000-0001-6295-1061||https://orcid.org/0000-0003-2014-3482|https://orcid.org/0000-0002-2416-6270,cc-by,Existing evidence on the impact of changes in marine ecosystem structure and functioning on ecosystem service delivery: a systematic map,https://doi.org/10.1186/s13750-023-00306-1,FALSE,en,TRUE,20/07/2023,article
10.1073/pnas.1518531112,10.1073/pnas.1518531112,https://openalex.org/W1855597941,Roseline Remans|Fabrice DeClerck|Gina Kennedy|Jessica Fanzo,https://orcid.org/0000-0003-3659-8529|https://orcid.org/0000-0002-3631-8745|https://orcid.org/0000-0002-5232-2250|https://orcid.org/0000-0002-6760-1359,,"Expanding the view on the production and dietary diversity link: Scale, function, and change over time",https://doi.org/10.1073/pnas.1518531112,FALSE,en,TRUE,29/10/2015,letter
10.1002/pan3.10562,10.1002/pan3.10562,https://openalex.org/W4389228800,Rachel Carmenta|Julie G. Zaehringer|Patricia Balvanera|Erin Betley|Neil Dawson|Natalia Estrada-Carmona|Johanna Forster|Jeffrey Hoelle|Bosco Lliso|Jorge C. Llopis|Ajit Menon|M. Moeliono|Karen Mustin|Unai Pascual|Nuno Guimaraes d|Judith Schleicher|Charles Shelton|Amanda Sigouin|Eleanor J. Sterling|A. M. Steward|Alejandra Tauro|Carole White|Emily Woodhouse|L. Yuliani,https://orcid.org/0000-0001-8607-4147|https://orcid.org/0000-0002-3253-5128|https://orcid.org/0000-0001-6408-6876|https://orcid.org/0000-0002-0009-8939|https://orcid.org/0000-0002-7312-9230|https://orcid.org/0000-0003-4329-5470|https://orcid.org/0000-0001-6729-9965|https://orcid.org/0000-0003-1287-8294|https://orcid.org/0000-0002-2460-4322|https://orcid.org/0000-0002-6605-6539|https://orcid.org/0000-0002-8751-8325||https://orcid.org/0000-0002-2828-2316|https://orcid.org/0000-0002-5696-236X||https://orcid.org/0000-0001-7817-4295|https://orcid.org/0000-0003-3537-8057|https://orcid.org/0000-0002-1272-1898|https://orcid.org/0000-0003-2692-8264||https://orcid.org/0000-0002-6436-9515|https://orcid.org/0000-0001-7741-0444|https://orcid.org/0000-0002-9387-0720|,cc-by,"Exploring the relationship between plural values of nature, human well‐being, and conservation and development intervention: Why it matters and how to do it?",https://doi.org/10.1002/pan3.10562,FALSE,en,TRUE,30/11/2023,article
10.1016/j.gfs.2024.100820,10.1016/j.gfs.2024.100820,https://openalex.org/W4405238611,Andrea C. Sánchez|Natalia Estrada-Carmona|Damien Beillouin|Cécile Chéron-Bessou|Bruno Rapidel|Sarah K. Jones,https://orcid.org/0000-0003-4549-6970|https://orcid.org/0000-0003-4329-5470|https://orcid.org/0000-0003-2014-3482||https://orcid.org/0000-0003-0288-5650|https://orcid.org/0000-0002-9422-5563,cc-by,Farming for the future: Understanding factors enabling the adoption of diversified farming systems,https://doi.org/10.1016/j.gfs.2024.100820,FALSE,en,TRUE,01/12/2024,article
10.1016/j.ecolecon.2022.107595,10.1016/j.ecolecon.2022.107595,https://openalex.org/W4294042824,Andrea C. Sánchez|Hannah Kamau|Francesca Grazioli|Sarah K. Jones,https://orcid.org/0000-0003-4549-6970|https://orcid.org/0000-0001-5949-9684|https://orcid.org/0000-0002-0289-5114|https://orcid.org/0000-0002-9422-5563,cc-by,Financial profitability of diversified farming systems: A global meta-analysis,https://doi.org/10.1016/j.ecolecon.2022.107595,FALSE,en,TRUE,01/09/2022,article
10.2139/ssrn.4085360,10.2139/ssrn.4085360,https://openalex.org/W4225596775,Andrea C. Sánchez|Hannah Kamau|Francesca Grazioli|Sarah K. Jones,https://orcid.org/0000-0003-4549-6970|https://orcid.org/0000-0001-5949-9684|https://orcid.org/0000-0002-0289-5114|https://orcid.org/0000-0002-9422-5563,,Financial Profitability of Diversified Farming Systems: A Global Meta-Analysis,https://doi.org/10.2139/ssrn.4085360,FALSE,en,TRUE,01/01/2022,article
10.7910/dvn/enhywl,10.7910/dvn/enhywl,https://openalex.org/W4398283433,Andrea C. Sánchez,https://orcid.org/0000-0003-4549-6970,cc-by,Financial profitability of diversified farming systems: a global meta-analysis,https://doi.org/10.7910/dvn/enhywl,FALSE,en,TRUE,08/04/2022,dataset
10.1111/ajae.70026,10.1111/ajae.70026,https://openalex.org/W4415918359,Laura E. McCann|Jeffrey D. Michler|Maybin Mwangala|Osaretin Olurotimi|Natalia Estrada-Carmona,https://orcid.org/0000-0002-4395-8193|https://orcid.org/0000-0001-7778-8703||https://orcid.org/0009-0007-8692-0076|https://orcid.org/0000-0003-4329-5470,cc-by,Food without fire: Environmental and nutritional impacts from a solar stove field experiment,https://doi.org/10.1111/ajae.70026,FALSE,en,TRUE,05/11/2025,article
10.48550/arxiv.2410.02075,10.48550/arxiv.2410.02075,https://openalex.org/W4403882343,Laura McCann|Jeffrey D. Michler|Maybin Mwangala|Osaretin Olurotimi|Natalia Estrada-Carmona,|https://orcid.org/0000-0001-7778-8703|||https://orcid.org/0000-0003-4329-5470,cc-by,Food Without Fire: Nutritional and Environmental Impacts from a Solar Stove Field Experiment,https://doi.org/10.48550/arxiv.2410.02075,FALSE,en,TRUE,02/10/2024,preprint
10.1890/08-1928.1,10.1890/08-1928.1,https://openalex.org/W2261319596,Stacy M. Philpott|Oliver Soong|Jacob H. Lowenstein|Astrid Luz Pulido|Diego Tobar López|Dan F. B. Flynn|Fabrice DeClerck,https://orcid.org/0000-0002-8338-3806||||https://orcid.org/0000-0003-0741-9974|https://orcid.org/0000-0002-2978-5257|https://orcid.org/0000-0002-3631-8745,,Functional richness and ecosystem services: bird predation on arthropods in tropical agroecosystems,https://doi.org/10.1890/08-1928.1,FALSE,en,FALSE,17/09/2009,review
10.1111/ele.70220,10.1111/ele.70220,https://openalex.org/W4415048605,Jonathan Bonfanti|Joseph Langridge|Ángel Avadí|Nicolas Casajus|Abhishek Chaudhary|Gaëlle Damour|Natalia Estrada-Carmona|Sarah K. Jones|Dariusz Makowski|Matthew G. E. Mitchell|Ralf Seppelt|Damien Beillouin,https://orcid.org/0000-0003-0049-4410|https://orcid.org/0000-0002-9427-439X|https://orcid.org/0000-0002-8114-916X|https://orcid.org/0000-0002-5537-5294|https://orcid.org/0000-0002-6602-7279|https://orcid.org/0000-0001-6080-7306|https://orcid.org/0000-0003-4329-5470|https://orcid.org/0000-0002-9422-5563|https://orcid.org/0000-0002-6392-090X|https://orcid.org/0000-0002-3490-9314|https://orcid.org/0000-0002-2723-7150|https://orcid.org/0000-0003-2014-3482,cc-by-nc,"Geographic, Taxonomic and Metric Gaps in Biodiversity Research Limit Evidence‐Based Conservation in Agricultural Landscapes: An Umbrella Review",https://doi.org/10.1111/ele.70220,FALSE,en,TRUE,01/10/2025,review
10.7910/dvn/kwgd8s,10.7910/dvn/kwgd8s,https://openalex.org/W4398346579,Andrea C. Sánchez,https://orcid.org/0000-0003-4549-6970,cc-by,Global meta-data comparing the abundance and species richness of non-domesticated biodiversity in diversified and simplified farming systems,https://doi.org/10.7910/dvn/kwgd8s,FALSE,en,TRUE,21/09/2021,dataset
10.1101/2024.04.19.590051,10.1101/2024.04.19.590051,https://openalex.org/W4395480507,Jonathan Bonfanti|Joseph Langridge|Ángel Avadí|Nicolas Casajus|Abhishek Chaudhary|Gaëlle Damour|Natalia Estrada-Carmona|Sarah K. Jones|David Makowski|Matthew G. E. Mitchell|Ralf Seppelt|Damien Beillouin,https://orcid.org/0000-0003-0049-4410|https://orcid.org/0000-0002-9427-439X|https://orcid.org/0000-0002-8114-916X|https://orcid.org/0000-0002-5537-5294|https://orcid.org/0000-0002-6602-7279|https://orcid.org/0000-0001-6080-7306|https://orcid.org/0000-0003-4329-5470|https://orcid.org/0000-0002-9422-5563|https://orcid.org/0000-0001-6385-3703|https://orcid.org/0000-0002-3490-9314|https://orcid.org/0000-0002-2723-7150|https://orcid.org/0000-0003-2014-3482,cc-by-nc-nd,Global review of meta-analyses reveals key data gaps in agricultural impact studies on biodiversity in croplands,https://doi.org/10.1101/2024.04.19.590051,FALSE,en,TRUE,24/04/2024,preprint
10.1038/s41467-022-32464-0,10.1038/s41467-022-32464-0,https://openalex.org/W4292608202,Jie Zhao|Ji Chen|Damien Beillouin|Hans Lambers|Yadong Yang|Pete Smith|Zhaohai Zeng|Jørgen E. Olesen|Huadong Zang,|https://orcid.org/0000-0001-7026-6312|https://orcid.org/0000-0003-2014-3482|https://orcid.org/0000-0002-4118-2272|https://orcid.org/0000-0002-8970-7277|https://orcid.org/0000-0002-3784-1124|https://orcid.org/0000-0002-5262-9367|https://orcid.org/0000-0002-6639-1273|https://orcid.org/0000-0002-2008-143X,cc-by,Global systematic review with meta-analysis reveals yield advantage of legume-based rotations and its drivers,https://doi.org/10.1038/s41467-022-32464-0,FALSE,en,TRUE,22/08/2022,review
10.1073/pnas.2010473117,10.1073/pnas.2010473117,https://openalex.org/W3111253910,Kate A. Brauman|Lucas A. Garibaldi|Stephen Polasky|Yildiz Aumeeruddy‐Thomas|Pedro H. S. Brancalion|Fabrice DeClerck|Ute Jacob|Matías E. Mastrángelo|Nsalambi V. Nkongolo|Hannes Palang|Néstor Pérez‐Méndez|Lynne Shannon|Uttam Babu Shrestha|Evelyn Strombom|Madhu Verma,https://orcid.org/0000-0002-8099-285X|https://orcid.org/0000-0003-0725-4049|https://orcid.org/0000-0003-4934-2434|https://orcid.org/0000-0002-2690-0571|https://orcid.org/0000-0001-8245-4062|https://orcid.org/0000-0002-3631-8745|https://orcid.org/0000-0002-6672-8526|https://orcid.org/0000-0002-3049-3534|https://orcid.org/0000-0003-2485-4759|https://orcid.org/0000-0002-1981-2071|https://orcid.org/0000-0001-6264-2920|https://orcid.org/0000-0001-7842-0636|https://orcid.org/0000-0002-8766-279X|https://orcid.org/0000-0002-9989-4643|https://orcid.org/0000-0002-7982-9182,,Global trends in nature’s contributions to people,https://doi.org/10.1073/pnas.2010473117,FALSE,en,TRUE,07/12/2020,article
10.1038/s43016-024-01109-4,10.1038/s43016-024-01109-4,https://openalex.org/W4406374711,Kate Schneider|Roseline Remans|Tesfaye Hailu Bekele|Destan Aytekin|Piero Conforti|Shouro Dasgupta|Fabrice DeClerck|Deviana Dewi|Carola Fabi|Jessica A. Gephart|Yuta J. Masuda|Rebecca McLaren|Michaela Saisana|Nancy Aburto|Ramya Ambikapathi|Mariela Almeida Rodríguez|Sı́món Barquera|Jane Battersby|Ty Beal|Christophe Béné|Carlo Cafiero|Christine Campeau|Patrick Caron|Andrea Cattaneo|Jeroen Candel|Namukolo Covic|Inmaculada del Pino Alvarez|Ana Paula Dominguez Barreto|Ismahane Elouafi|Tyler J. Frazier|Alexander K. Fremier|Pat Foley|Christopher D. Golden|Carlos González Fischer|Alejandro Guarín|Sheryl L. Hendriks|Anna Herforth|Maddalena Honorati|Jikun Huang|Yonas Getaneh|Gina Kennedy|Amos Laar|Rattan Lal|Preetmoninder Lidder|Getachew Legese Feye|Brent Loken|Hazel Malapit|Quinn Marshall|Kalkidan Ayele Mulatu|Ana Munguía|Stella Nordhagen|Danielle Resnick|Diana Suhardiman|U. Rashid Sumaila|Bingwei Sun|Belay Terefe Mengesha|Máximo Torero Cullen|Francesco N. Tubiello|Corné van Dooren|Isabel Valero Morales|José Luis Vivero Pol|Patrick Webb|Keith Wiebe|Lawrence Haddad|Mario Herrero|José Rosero Moncayo|Jessica Fanzo,https://orcid.org/0000-0002-6861-3255|https://orcid.org/0000-0003-3659-8529|https://orcid.org/0000-0003-2078-3826|https://orcid.org/0000-0003-3668-0952||https://orcid.org/0000-0003-4080-8066|https://orcid.org/0000-0002-3631-8745|https://orcid.org/0009-0002-2816-3496||https://orcid.org/0000-0001-6836-9291|https://orcid.org/0000-0002-1698-4855|https://orcid.org/0000-0002-9193-2334|https://orcid.org/0000-0001-5361-0222||https://orcid.org/0000-0002-2013-2516|https://orcid.org/0000-0003-3578-3669|https://orcid.org/0000-0003-1854-4615|https://orcid.org/0000-0002-8045-1295|https://orcid.org/0000-0002-0398-9825|https://orcid.org/0000-0002-7078-9241|https://orcid.org/0000-0003-3652-9910||https://orcid.org/0000-0002-8494-2243|https://orcid.org/0000-0002-8845-5020|https://orcid.org/0000-0003-2302-9159|https://orcid.org/0000-0001-6566-9803|||https://orcid.org/0000-0002-4242-5766|https://orcid.org/0000-0003-1858-0851|https://orcid.org/0000-0002-4104-6633||https://orcid.org/0000-0002-2258-7493|https://orcid.org/0000-0002-4140-7152|https://orcid.org/0000-0003-2692-4677|https://orcid.org/0000-0002-1487-4302|https://orcid.org/0000-0002-6079-9374|||https://orcid.org/0000-0002-7599-8536|https://orcid.org/0000-0002-5232-2250|https://orcid.org/0000-0001-5557-0164|https://orcid.org/0000-0002-9016-2972|||https://orcid.org/0000-0002-0068-3142|https://orcid.org/0000-0002-7394-8797|https://orcid.org/0000-0002-4962-8160|https://orcid.org/0009-0002-4898-3205|https://orcid.org/0000-0002-3962-4617|https://orcid.org/0000-0002-3801-3769|https://orcid.org/0000-0001-6285-3461|https://orcid.org/0000-0001-7892-4148|https://orcid.org/0000-0002-1851-1621|https://orcid.org/0009-0008-5253-0552|||https://orcid.org/0000-0003-4617-4690|https://orcid.org/0000-0002-2713-7600||https://orcid.org/0000-0003-4216-7231|https://orcid.org/0000-0002-9857-3354|https://orcid.org/0000-0001-6035-620X||https://orcid.org/0000-0002-7741-5090||https://orcid.org/0000-0002-6760-1359,cc-by-nc-nd,Governance and resilience as entry points for transforming food systems in the countdown to 2030,https://doi.org/10.1038/s43016-024-01109-4,FALSE,en,TRUE,14/01/2025,article
10.1098/rstb.2019.0510,10.1098/rstb.2019.0510,https://openalex.org/W3083643364,Damien Beillouin|Bernhard Schauberger|Ana Bastos|Phillipe Ciais|David Makowski,https://orcid.org/0000-0003-2014-3482|https://orcid.org/0000-0001-7917-0392|https://orcid.org/0000-0002-7368-7806||https://orcid.org/0000-0001-6385-3703,cc-by,Impact of extreme weather conditions on European crop production in 2018,https://doi.org/10.1098/rstb.2019.0510,FALSE,en,TRUE,06/09/2020,article
10.1080/26395916.2020.1766573,10.1080/26395916.2020.1766573,https://openalex.org/W3029171260,Carla-Leanne Washbourne|Nicolas Dendoncker|Sander Jacobs|André Mascarenhas|Florence De Longueville|Alexander P.E. van Oudenhoven|Matthias Schröter|Louise Willemen|C. Sylvie Campagne|Sarah K. Jones|Marina García‐Llorente|Irene Iniesta-Arandia|Francesc Baró|Judith Fisher|Johannes Förster|C. Jericó-Daminelo|Judit Lecina‐Diaz|Sandra Lavorel|Bosco Lliso|C. Montealgre Talero|Alejandra Morán‐Ordóñez|José V. Roces‐Díaz|Martin A. Schlaepfer|Jiska van Dijk,|https://orcid.org/0000-0001-9129-9025|https://orcid.org/0000-0003-4674-4817|https://orcid.org/0000-0002-0942-5887|https://orcid.org/0000-0003-3732-8694|https://orcid.org/0000-0002-3258-2565|https://orcid.org/0000-0003-0207-7311|https://orcid.org/0000-0003-1026-5865|https://orcid.org/0000-0002-2566-7827|https://orcid.org/0000-0002-9422-5563||https://orcid.org/0000-0002-1304-3232|https://orcid.org/0000-0002-0145-6320|https://orcid.org/0000-0003-1773-9832|https://orcid.org/0000-0003-0174-926X||https://orcid.org/0000-0002-6867-5886|https://orcid.org/0000-0002-7300-2811|https://orcid.org/0000-0002-2460-4322||https://orcid.org/0000-0002-5815-6089|https://orcid.org/0000-0003-2569-8049|https://orcid.org/0000-0002-8752-6245|,cc-by,Improving collaboration between ecosystem service communities and the IPBES science-policy platform,https://doi.org/10.1080/26395916.2020.1766573,FALSE,en,TRUE,01/01/2020,article
10.1016/j.agsy.2022.103588,10.1016/j.agsy.2022.103588,https://openalex.org/W4312059255,Gatien N. Falconnier|Louise Leroux|Damien Beillouin|Marc Corbeels|Robert J. Hijmans|Camila Bonilla|Mark T. van Wijk|Katrien Descheemaeker|Shamie Zingore|François Affholder|Santiago López‐Ridaura|Éric Malézieux|David Makowski|Jairos Rurinda|M.K. van Ittersum|Bernard Vanlauwe|K.E. Giller|Sabine-Karen Lammoglia|Katharina Waha,https://orcid.org/0000-0003-3291-650X|https://orcid.org/0000-0002-7631-2399|https://orcid.org/0000-0003-2014-3482|https://orcid.org/0000-0002-8084-9287|https://orcid.org/0000-0001-5872-2872|https://orcid.org/0000-0002-7774-365X|https://orcid.org/0000-0003-0728-8839|https://orcid.org/0000-0003-0184-2034|https://orcid.org/0000-0003-0204-7913|https://orcid.org/0000-0002-3919-4805|https://orcid.org/0000-0002-9208-5341|https://orcid.org/0000-0002-5706-9610|https://orcid.org/0000-0001-6385-3703||https://orcid.org/0000-0001-8611-6781|https://orcid.org/0000-0001-6016-6027|https://orcid.org/0000-0002-5998-4652|https://orcid.org/0000-0002-8807-2791|https://orcid.org/0000-0002-8631-8639,cc-by-nc-nd,Increased mineral fertilizer use on maize can improve both household food security and regional food production in East Africa,https://doi.org/10.1016/j.agsy.2022.103588,FALSE,en,TRUE,16/12/2022,article
10.1079/9781789245745.0016,10.1079/9781789245745.0016,https://openalex.org/W4206618339,Christian Thierfelder|Peter Steward,https://orcid.org/0000-0002-6306-7670|https://orcid.org/0000-0003-3985-4911,,Increasing adaptation to climate stress by applying conservation agriculture in Southern Africa.,https://doi.org/10.1079/9781789245745.0016,FALSE,en,FALSE,01/01/2022,book-chapter
10.2139/ssrn.4171515,10.2139/ssrn.4171515,https://openalex.org/W4287889316,Gatien N. Falconnier|Louise Leroux|Damien Beillouin|Marc Corbeels|Robert J. Hijmans|camila bonilla|Mark T. van Wijk|Katrien Descheemaeker|Shamie Zingore|François Affholder|Santiago López‐Ridaura|Éric Malézieux|David Mackowski|Jairos Rurinda|M.K. van Ittersum|Bernard Valauwe|K.E. Giller|Sabine-Karen Lammoglia|Katharina Waha,https://orcid.org/0000-0003-3291-650X|https://orcid.org/0000-0002-7631-2399|https://orcid.org/0000-0003-2014-3482|https://orcid.org/0000-0002-8084-9287|https://orcid.org/0000-0001-5872-2872||https://orcid.org/0000-0003-0728-8839|https://orcid.org/0000-0003-0184-2034|https://orcid.org/0000-0003-0204-7913|https://orcid.org/0000-0002-3919-4805|https://orcid.org/0000-0002-9208-5341|https://orcid.org/0000-0002-5706-9610|||https://orcid.org/0000-0001-8611-6781||https://orcid.org/0000-0002-5998-4652|https://orcid.org/0000-0002-8807-2791|https://orcid.org/0000-0002-8631-8639,,Increasing Regional Food Production with Maize Intensification in East Africa Also Help Reduce Household-Level Food Insecurity,https://doi.org/10.2139/ssrn.4171515,FALSE,en,TRUE,01/01/2022,article
10.1016/j.landurbplan.2017.03.010,10.1016/j.landurbplan.2017.03.010,https://openalex.org/W2613272971,Camilla Zanzanaini|Binh Thi Trần|Chandni Singh|Abigail K. Hart|Jeffrey C. Milder|Fabrice DeClerck,||https://orcid.org/0000-0001-6842-6735||https://orcid.org/0000-0003-1662-4195|https://orcid.org/0000-0002-3631-8745,,"Integrated landscape initiatives for agriculture, livelihoods and ecosystem conservation: An assessment of experiences from South and Southeast Asia",https://doi.org/10.1016/j.landurbplan.2017.03.010,FALSE,en,FALSE,09/05/2017,article
10.1016/j.landurbplan.2014.05.001,10.1016/j.landurbplan.2014.05.001,https://openalex.org/W2133214480,Natalia Estrada-Carmona|Abigail K. Hart|Fabrice DeClerck|Célia A. Harvey|Jeffrey C. Milder,https://orcid.org/0000-0003-4329-5470||https://orcid.org/0000-0002-3631-8745|https://orcid.org/0000-0001-8015-703X|https://orcid.org/0000-0003-1662-4195,cc-by-nc-nd,"Integrated landscape management for agriculture, rural livelihoods, and ecosystem conservation: An assessment of experience from Latin America and the Caribbean",https://doi.org/10.1016/j.landurbplan.2014.05.001,FALSE,en,TRUE,02/06/2014,article
10.4324/9781315618791-18,10.4324/9781315618791-18,https://openalex.org/W2607053554,J.C.J. Groot|Gina Kennedy|Roseline Remans|Natalia Estrada-Carmona|J. Raneri|Fabrice DeClerck|Stéphanie Alvarez|Nester Mashingaidze|Carl J. Timler|Minke Stadler|Trinidad del Río Mena|Lummina Horlings|Inge D. Brouwer|Steven M. Cole|Katrien Descheemaeker,https://orcid.org/0000-0001-6516-5170|https://orcid.org/0000-0002-5232-2250|https://orcid.org/0000-0003-3659-8529|https://orcid.org/0000-0003-4329-5470|https://orcid.org/0000-0002-1687-6504|https://orcid.org/0000-0002-3631-8745||https://orcid.org/0000-0002-3803-3321|https://orcid.org/0000-0002-3095-2139|||https://orcid.org/0000-0002-8690-7986|https://orcid.org/0000-0002-2554-7227|https://orcid.org/0000-0002-8947-0871|https://orcid.org/0000-0003-0184-2034,,Integrated systems research in nutrition-sensitive landscapes,https://doi.org/10.4324/9781315618791-18,FALSE,en,FALSE,17/02/2017,book-chapter
10.31220/agrirxiv.2021.00103,10.31220/agrirxiv.2021.00103,https://openalex.org/W4200074077,Kristal Jones|Andreea Nowak|Erika Berglund|Willow Grinnell|Emmanuel Temu|Birthe K. Paul|Leah L.R. Renwick|Peter Steward|Todd S. Rosenstock|Anthony A. Kimaro,https://orcid.org/0000-0001-9737-9042|https://orcid.org/0000-0002-8049-5757|https://orcid.org/0000-0003-4897-6232|||https://orcid.org/0000-0002-5994-5354|https://orcid.org/0000-0002-8669-5661|https://orcid.org/0000-0003-3985-4911|https://orcid.org/0000-0002-1958-9500|https://orcid.org/0000-0003-1197-7530,cc-by,Integrating evidence of potential impacts of climate-smart agriculture in Tanzania.,https://doi.org/10.31220/agrirxiv.2021.00103,FALSE,en,TRUE,24/11/2021,article
10.5281/zenodo.18165236,10.5281/zenodo.18165236,https://openalex.org/W7118253361,"Taylor H. Ricketts|Herrero, Mario|Pete Smith|Virginia Alonso Roldán|Edmundo Barrios|Dasgupta Purnamita|Fabrice DeClerck|Ritesh Kumar|R. A. McFarlane|Craig Paukert|Pramod K. Singh|Sandra Lavorel|Mariam Wallet Aboubakrine|Sebastian Aguiar|Kofi Akamani|Zsófia Benedek|Donovan Campbell|Ricardo Castro-Díaz|Rebecca Chaplin‐Kramer|Francesco Cherubini|Carlos Das Neves|Pablo De La Cruz|J. Díaz-José|Helena Duchková|Sebastian Dunnett|Maria Joao Santos|Himangana Gupta|Dipak Gyawali|Collins Handa|Samantha L. L. Hill|Masakazu Hori|Akihiko Ito|Ganesh Raj Joshi|Hans Keune|Shabana Khan|Amanda M. Koltz|Amenan Agnès Kouamé|Thijs Kuiken|Soile Kulmala|Lalika Makarius|Kuang-Chung Lee|M. Llope|Kateřina Mácová|Felipe Melo|Fernando Adrian Milano|Clara María Minaverry|Serge Morand|Maysoun Mustafa|Nazifa Rafa|Kamal Kumar Rai|Rine Christopher Reuben|Francisco J. Rosado-May|Melita Samoilys|Leonard Sandin|Mulala Danny Simatele|Deepu Sivadas|Spierenburg, Marja|Maria Cristina Tirado|Ronald Twongyirwe|Mariana M. Vale|D. W. Williams|Xiyan Xu|Tiff L. van Huysen",https://orcid.org/0000-0001-9688-7977|https://orcid.org/0000-0002-7741-5090|https://orcid.org/0000-0002-3784-1124||||https://orcid.org/0000-0002-3631-8745||https://orcid.org/0000-0001-8859-3776||https://orcid.org/0000-0003-2212-0583||||https://orcid.org/0000-0003-1108-7159||||https://orcid.org/0000-0002-1539-5231|||||https://orcid.org/0000-0002-5022-8180|https://orcid.org/0000-0002-4238-2508||https://orcid.org/0000-0002-3802-5639||https://orcid.org/0000-0002-5562-7068|https://orcid.org/0000-0003-0565-6554|https://orcid.org/0000-0002-4677-9377||https://orcid.org/0000-0002-3555-2505|https://orcid.org/0000-0002-1531-944X||https://orcid.org/0000-0002-7341-4306|||||||https://orcid.org/0000-0003-4104-4184|||https://orcid.org/0000-0003-0153-7224|||https://orcid.org/0000-0003-0595-8253||https://orcid.org/0000-0001-8084-2387|https://orcid.org/0000-0003-0431-7120|||https://orcid.org/0000-0002-2161-1586|https://orcid.org/0000-0003-1804-360X|https://orcid.org/0000-0003-0128-1900||https://orcid.org/0000-0003-3379-7709||||,cc-by,IPBES Nexus Assessment: Chapter 5 – Options for delivering sustainable approaches,https://doi.org/10.5281/zenodo.18165236,FALSE,,TRUE,16/12/2024,report
10.5281/zenodo.13850345,10.5281/zenodo.13850345,https://openalex.org/W7118231531,"Taylor H. Ricketts|Herrero, Mario|Pete Smith|Tiff L. van Huysen|Virginia Alonso Roldán|Edmundo Barrios|Dasgupta Purnamita|Fabrice DeClerck|Ritesh Kumar|R. A. McFarlane|Craig Paukert|Pramod K. Singh",https://orcid.org/0000-0001-9688-7977|https://orcid.org/0000-0002-7741-5090|https://orcid.org/0000-0002-3784-1124|||||https://orcid.org/0000-0002-3631-8745||https://orcid.org/0000-0001-8859-3776||https://orcid.org/0000-0003-2212-0583,cc-by,IPBES Nexus Assessment: Chapter 5.6 – Options for delivering sustainable approaches – Synthesis,https://doi.org/10.5281/zenodo.13850345,FALSE,,TRUE,06/01/2026,report
10.5281/zenodo.13850346,10.5281/zenodo.13850346,https://openalex.org/W7119064600,"Taylor H. Ricketts|Herrero, Mario|Pete Smith|Tiff L. van Huysen|Virginia Alonso Roldán|Edmundo Barrios|Dasgupta Purnamita|Fabrice DeClerck|Ritesh Kumar|R. A. McFarlane|Craig Paukert|Pramod K. Singh",https://orcid.org/0000-0001-9688-7977|https://orcid.org/0000-0002-7741-5090|https://orcid.org/0000-0002-3784-1124|||||https://orcid.org/0000-0002-3631-8745||https://orcid.org/0000-0001-8859-3776||https://orcid.org/0000-0003-2212-0583,cc-by,IPBES Nexus Assessment: Chapter 5.6 – Options for delivering sustainable approaches – Synthesis,https://doi.org/10.5281/zenodo.13850346,FALSE,,TRUE,06/01/2026,report
10.7910/dvn/1bg7vl,10.7910/dvn/1bg7vl,https://openalex.org/W4398722255,Sarah K. Jones,https://orcid.org/0000-0002-9422-5563,public-domain,Irrigation presence-absence at Volta basin dams,https://doi.org/10.7910/dvn/1bg7vl,FALSE,en,TRUE,19/07/2019,dataset
10.5194/wbf2026-156,10.5194/wbf2026-156,https://openalex.org/W7134945494,Larissa Nowak|Thomas Kastner|David Leclère|Thomas Schinko|Christopher Wong|Elliott Woodhouse|Zuelclady Araujo Guiterrez|Daniel Braun|Nicklas Forsell|Mark A. J. Huijbregts|Sarah K. Jones|Marcel Kok|Koen Kuipers|Juliette Landry|Alexandra Marques|David Obura|Francesca Verones,https://orcid.org/0000-0002-1910-8041||https://orcid.org/0000-0002-8658-1509|https://orcid.org/0000-0003-1156-7574||||https://orcid.org/0000-0002-1782-7608|https://orcid.org/0000-0002-4984-3231||https://orcid.org/0000-0002-9422-5563|https://orcid.org/0000-0003-1332-8040|https://orcid.org/0000-0003-0854-1832||https://orcid.org/0000-0001-6669-1201|https://orcid.org/0000-0003-2256-6649|https://orcid.org/0000-0002-2908-328X,cc-by,"Knowledge for ambitious, integrated, value-explicit and just collective actions towards the Kunming-Montreal Global Biodiversity Framework",https://doi.org/10.5194/wbf2026-156,FALSE,,TRUE,10/03/2026,article
10.1007/s11367-013-0578-0,10.1007/s11367-013-0578-0,https://openalex.org/W2070663932,Danielle Maia de Souza|Dan F. B. Flynn|Fabrice DeClerck|Ralph K. Rosenbaum|Henrique de Melo Lisboa|Thomas Koellner,|https://orcid.org/0000-0002-2978-5257|https://orcid.org/0000-0002-3631-8745|https://orcid.org/0000-0002-7620-1568|https://orcid.org/0000-0003-3393-1218|https://orcid.org/0000-0001-5022-027X,,Land use impacts on biodiversity in LCA: proposal of characterization factors based on functional diversity,https://doi.org/10.1007/s11367-013-0578-0,FALSE,en,FALSE,26/04/2013,article
10.1016/j.agee.2022.107933,10.1016/j.agee.2022.107933,https://openalex.org/W4220687516,Andrea C. Sánchez|Sarah K. Jones|Andy Purvis|Natalia Estrada-Carmona|Adriana De Palma,https://orcid.org/0000-0003-4549-6970|https://orcid.org/0000-0002-9422-5563|https://orcid.org/0000-0002-8609-6204|https://orcid.org/0000-0003-4329-5470|https://orcid.org/0000-0002-5345-4917,cc-by,Landscape complexity and functional groups moderate the effect of diversified farming on biodiversity: A global meta-analysis,https://doi.org/10.1016/j.agee.2022.107933,FALSE,en,TRUE,05/03/2022,article
10.1016/j.oneear.2024.12.006,10.1016/j.oneear.2024.12.006,https://openalex.org/W4406071118,Wei Yao|Yadong Yang|Damien Beillouin|Jie Zhao|Jørgen E. Olesen|Jie Zhou|Pete Smith|Zhaohai Zeng|Hans Lambers|Matthias C. Rillig|Thomas Cherico Wanger|Huadong Zang,https://orcid.org/0000-0002-2895-264X|https://orcid.org/0000-0002-8970-7277|https://orcid.org/0000-0003-2014-3482||https://orcid.org/0000-0002-6639-1273|https://orcid.org/0000-0002-5896-4529|https://orcid.org/0000-0002-3784-1124|https://orcid.org/0000-0002-5262-9367|https://orcid.org/0000-0002-4118-2272|https://orcid.org/0000-0003-3541-7853|https://orcid.org/0000-0002-0435-1153|https://orcid.org/0000-0002-2008-143X,cc-by-nc,Legume-rice rotations increase rice yields and carbon sequestration potential globally,https://doi.org/10.1016/j.oneear.2024.12.006,FALSE,en,TRUE,05/01/2025,article
10.1007/s10113-023-02038-x,10.1007/s10113-023-02038-x,https://openalex.org/W4322626841,Dolapo Enahoro|Marta Kozicka|Catherine Pfeifer|Sarah K. Jones|Nhuong Van Tran|Chin Yee Chan|Timothy B. Sulser|Elisabetta Gotor|Karl M. Rich,https://orcid.org/0000-0002-4927-5617|https://orcid.org/0000-0002-2323-3689|https://orcid.org/0000-0001-9738-8758|https://orcid.org/0000-0002-9422-5563|https://orcid.org/0000-0002-1813-4571|https://orcid.org/0000-0001-8615-2678|https://orcid.org/0000-0001-7128-5283|https://orcid.org/0000-0003-0533-3077|https://orcid.org/0000-0002-5581-9553,cc-by,Linking ecosystem services provisioning with demand for animal-sourced food: an integrated modeling study for Tanzania,https://doi.org/10.1007/s10113-023-02038-x,FALSE,en,TRUE,28/02/2023,article
10.1007/978-3-031-15703-5_20,10.1007/978-3-031-15703-5_20,https://openalex.org/W4313380948,Mario Herrero|Daniel Mason-D’Croz|Philip K. Thornton|Jessica Fanzo|Jonathan Rushton|Cécile Godde|Alexandra L. Bellows|Adrian de Groot|Jeda Palmer|Jinfeng Chang|H.H.E. van Zanten|Barbara Wieland|Fabrice DeClerck|Stella Nordhagen|Ty Beal|Carlos González|M. Gill,https://orcid.org/0000-0002-7741-5090|https://orcid.org/0000-0003-0673-2301|https://orcid.org/0000-0002-1854-0182|https://orcid.org/0000-0002-6760-1359|https://orcid.org/0000-0001-5450-4202|https://orcid.org/0000-0002-7165-3012|https://orcid.org/0000-0001-7772-7548||https://orcid.org/0000-0003-3639-1712|https://orcid.org/0000-0003-4463-7778|https://orcid.org/0000-0002-5262-5518|https://orcid.org/0000-0003-4020-9186|https://orcid.org/0000-0002-3631-8745|https://orcid.org/0000-0002-3801-3769|https://orcid.org/0000-0002-0398-9825|https://orcid.org/0000-0001-8796-1282|,cc-by,"Livestock and Sustainable Food Systems: Status, Trends, and Priority Actions",https://doi.org/10.1007/978-3-031-15703-5_20,FALSE,en,TRUE,01/01/2023,book-chapter
10.48565/bonndoc-1,10.48565/bonndoc-1,https://openalex.org/W3188067865,Mario Herrero|Daniel Mason-D’Croz|Philip K. Thornton|Jessica Fanzo|Jonathan Rushton|Cécile Godde|Alexandra L. Bellows|Adrian de Groot|Jeda Palmer|Jinfeng Chang|H.H.E. van Zanten|Barbara Wieland|Fabrice DeClerck|Stella Nordhagen|M. Gill,https://orcid.org/0000-0002-7741-5090|https://orcid.org/0000-0003-0673-2301|https://orcid.org/0000-0002-1854-0182|https://orcid.org/0000-0002-6760-1359|https://orcid.org/0000-0001-5450-4202|https://orcid.org/0000-0002-7165-3012|https://orcid.org/0000-0001-7772-7548||https://orcid.org/0000-0003-3639-1712|https://orcid.org/0000-0003-4463-7778|https://orcid.org/0000-0002-5262-5518|https://orcid.org/0000-0003-4020-9186|https://orcid.org/0000-0002-3631-8745|https://orcid.org/0000-0002-3801-3769|,cc-by,"Livestock and sustainable food systems: status, trends, and priority actions",https://doi.org/10.48565/bonndoc-1,FALSE,en,TRUE,06/07/2021,article
10.17138/tgft(3)59-82,10.17138/tgft(3)59-82,https://openalex.org/W1805579677,"Idupulapati M. Rao|Michael Peters|A. Castro|Rainer Schultze‐Kraft|Devin White|Myles Fisher|John W. Miles|Carlos E. Lascano|Michael Blümmel|D. J. Bungenstab|Jeimar Tapasco|Glenn Hyman|Adrian Bolliger|Birthe K. Paul|Rein van der Hoek|Brigitte L. Maass|Tassilo T. Tiemann|Mario Cuchillo-Hilario|Sabine Douxchamps|Cristóbal Villanueva|Álvaro Rincón|Miguel Angel Ayarza|Todd Rosenstock|G. V. Subbarao|Jacobo Arango|Juan Andrés Cardoso|Margaret Worthington|Ngonidzashe Chirinda|An Notenbaert|Andreas Jenet|Axel Schmidt|Nicolás Vivas|R. D. B. Lefroy|K. Fahrney|Emily Gomes Guimarães|Joe Tohmé|Simón Cook|Mario Herrero|Mario Peña Chacón|Timothy D. Searchinger|Thomas K. Rudel|Centro Internacional de Agricultura Tropical (CIAT), Cali, Colombia. www.ciat.cgiar.org|Centro Internacional de Agricultura Tropical (CIAT), Cali, Colombia. www.ciat.cgiar.org|Centro Internacional de Agricultura Tropical (CIAT), Cali, Colombia. www.ciat.cgiar.org|Centro Internacional de Agricultura Tropical (CIAT), Cali, Colombia. www.ciat.cgiar.org|research4development&conservation, Burlington, VT, USA|Centro Internacional de Agricultura Tropical (CIAT), Cali, Colombia. www.ciat.cgiar.org|Centro Internacional de Agricultura Tropical (CIAT), Cali, Colombia. www.ciat.cgiar.org|Centro Internacional de Agricultura Tropical (CIAT), Cali, Colombia. www.ciat.cgiar.org|Empresa Brasileira de Pesquisa Agropecuaria, Embrapa Gado de Corte, Campo Grande, MS, Brazil. www.cnpgc.embrapa.br|Centro Internacional de Agricultura Tropical (CIAT), Cali, Colombia. www.ciat.cgiar.org|Centro Internacional de Agricultura Tropical (CIAT), Cali, Colombia. www.ciat.cgiar.org|Centro Internacional de Agricultura Tropical (CIAT), Cali, Colombia. www.ciat.cgiar.org|Centro Internacional de Agricultura Tropical (CIAT), Cali, Colombia. www.ciat.cgiar.org|Centro Internacional de Agricultura Tropical (CIAT), Cali, Colombia. www.ciat.cgiar.org|Centro Internacional de Agricultura Tropical (CIAT), Cali, Colombia. www.ciat.cgiar.org|Centro Internacional de Agricultura Tropical (CIAT), Cali, Colombia. www.ciat.cgiar.org|Centro Internacional de Agricultura Tropical (CIAT), Cali, Colombia. www.ciat.cgiar.org|Centro Agronomico Tropical de Investigacion y Ensenanza (CATIE), Turrialba, Cartago, Costa Rica. www.catie.ac.cr|Corporacion Colombiana de Investigacion Agropecuaria (Corpoica), Bogotá, Colombia. www.corpoica.org.co|Corporacion Colombiana de Investigacion Agropecuaria (Corpoica), Bogotá, Colombia. www.corpoica.org.co|Centro Internacional de Agricultura Tropical (CIAT), Cali, Colombia. www.ciat.cgiar.org|Centro Internacional de Agricultura Tropical (CIAT), Cali, Colombia. www.ciat.cgiar.org|Centro Internacional de Agricultura Tropical (CIAT), Cali, Colombia. www.ciat.cgiar.org|Centro Internacional de Agricultura Tropical (CIAT), Cali, Colombia. www.ciat.cgiar.org|Centro Internacional de Agricultura Tropical (CIAT), Cali, Colombia. www.ciat.cgiar.org|Centro Agronomico Tropical de Investigacion y Enseñanza (CATIE), Turrialba, Cartago, Costa Rica. www.catie.ac.cr|Catholic Relief Services (CRS), Lima, Peru. www.crs.org/countries/peru|Universidad del Cauca, Popayan, Colombia. www.unicauca.edu.co|Centro Internacional de Agricultura Tropical (CIAT), Cali, Colombia. www.ciat.cgiar.org|Centro Internacional de Agricultura Tropical (CIAT), Cali, Colombia. www.ciat.cgiar.org|Centro Internacional de Agricultura Tropical (CIAT), Cali, Colombia. www.ciat.cgiar.org|Centro Internacional de Agricultura Tropical (CIAT), Cali, Colombia. www.ciat.cgiar.org|Centro Internacional de Agricultura Tropical (CIAT), Cali, Colombia. www.ciat.cgiar.org|Centro Agronomico Tropical de Investigacion y Enseñanza (CATIE), Turrialba, Cartago, Costa Rica. www.catie.ac.cr, Conservation International, Arlington, VA, USA. www.conservation.org",https://orcid.org/0000-0002-8381-9358|https://orcid.org/0000-0003-4237-3916|https://orcid.org/0009-0003-5016-5081|https://orcid.org/0000-0002-4563-0044|https://orcid.org/0000-0001-5894-9559|||||https://orcid.org/0000-0002-5287-6149||https://orcid.org/0000-0002-0406-1201|https://orcid.org/0000-0002-0307-9346|https://orcid.org/0000-0002-5994-5354|https://orcid.org/0000-0003-4528-7669|https://orcid.org/0000-0002-6164-3515||https://orcid.org/0000-0001-6985-3763|https://orcid.org/0000-0002-5286-0753|https://orcid.org/0000-0003-4218-7945|https://orcid.org/0000-0003-2827-5367|||https://orcid.org/0000-0002-7243-6394|https://orcid.org/0000-0002-4828-9398|https://orcid.org/0009-0001-8761-0578|https://orcid.org/0000-0001-8019-165X|https://orcid.org/0000-0002-4213-6294|https://orcid.org/0000-0002-6266-2240|https://orcid.org/0000-0003-1242-5842|https://orcid.org/0000-0002-4318-0799|https://orcid.org/0000-0003-3060-1846|||https://orcid.org/0009-0003-0890-2834|https://orcid.org/0000-0003-2765-7101|https://orcid.org/0000-0003-0902-1476|https://orcid.org/0000-0002-7741-5090|https://orcid.org/0000-0002-8857-162X|https://orcid.org/0000-0002-2798-173X|https://orcid.org/0000-0001-8892-3106||||||||||||||||||||||||||||||||||,cc-by,LivestockPlus - The sustainable intensification of forage-based agricultural systems to improve livelihoods and ecosystem services in the tropics,https://doi.org/10.17138/tgft(3)59-82,FALSE,en,TRUE,01/01/2015,article
10.32942/x26d5h,10.32942/x26d5h,https://openalex.org/W7147550251,Anna Comacchio|Carolina Tovar|Sophie Jago|Sarah K. Jones|Natalia Estrada-Carmona|Elisabeth Huaytalla|Cristina Revenga Palacios|Dina Reynoso|Tulio Hinostroza|Michelle Cuba|Oscar Olazabal|Ronald Catpo|Diego A. Sotomayor|James S. Borrell,||https://orcid.org/0009-0007-7452-0163|https://orcid.org/0000-0002-9422-5563|https://orcid.org/0000-0003-4329-5470||||||||https://orcid.org/0000-0003-0534-5625|https://orcid.org/0000-0001-9902-7681,,Long-term community management of agrobiodiversity zones reduces agricultural expansion and natural cover loss.,https://doi.org/10.32942/x26d5h,FALSE,,TRUE,01/04/2026,article
10.1111/j.1461-0248.2008.01255.x,10.1111/j.1461-0248.2008.01255.x,https://openalex.org/W2124478410,Dan F. B. Flynn|Melanie Gogol‐Prokurat|Theresa M. Nogeire|Nicole A. Molinari|Bárbara Trautman Richers|Brenda B. Lin|Nicholas T. Simpson|Margaret M. Mayfield|Fabrice DeClerck,https://orcid.org/0000-0002-2978-5257|https://orcid.org/0000-0002-3661-937X||https://orcid.org/0000-0003-1963-8517||https://orcid.org/0000-0002-6011-9172|https://orcid.org/0000-0002-7307-1243|https://orcid.org/0000-0002-5101-6542|https://orcid.org/0000-0002-3631-8745,,Loss of functional diversity under land use intensification across multiple taxa,https://doi.org/10.1111/j.1461-0248.2008.01255.x,FALSE,en,TRUE,17/10/2008,review
10.1016/j.lanplh.2025.101374,10.1016/j.lanplh.2025.101374,https://openalex.org/W7116969029,Natalia Estrada-Carmona|Maaike MA van Houtert|Silvia Araujo de Lima|Paul Fauchon|Danny Hunter|Sarah K. Jones|Ian Ondo|Piedad Pareja Cabrejos|Silvia Pastorino|Samuel Pironon|Meghajit Shijagurumayum|Mulele Sibeso|Samrat Singh|Roseline Remans,||||https://orcid.org/0000-0002-4267-595X|https://orcid.org/0000-0002-9422-5563|||https://orcid.org/0000-0001-6679-4702|||||https://orcid.org/0000-0003-3659-8529,cc-by-nc,Mainstreaming agrobiodiversity in planet-friendly school meals for children: a scoping review,https://doi.org/10.1016/j.lanplh.2025.101374,FALSE,en,TRUE,01/11/2025,article
10.1016/j.jenvman.2016.09.076,10.1016/j.jenvman.2016.09.076,https://openalex.org/W2527657770,Andrew J. Dougill|Stephen Whitfield|Lindsay C. Stringer|Katharine Vincent|Benjamin T. Wood|Edna Chinseu|Peter Steward|David Mkwambisi,https://orcid.org/0000-0002-3422-8228|https://orcid.org/0000-0002-3040-778X|https://orcid.org/0000-0003-0017-1654|https://orcid.org/0000-0003-3152-1522||https://orcid.org/0000-0003-2617-2575|https://orcid.org/0000-0003-3985-4911|https://orcid.org/0000-0002-8010-5528,,Mainstreaming conservation agriculture in Malawi: Knowledge gaps and institutional barriers,https://doi.org/10.1016/j.jenvman.2016.09.076,FALSE,en,FALSE,01/10/2016,article
10.1016/j.jenvman.2019.109504,10.1016/j.jenvman.2019.109504,https://openalex.org/W2972559741,Natalia Estrada-Carmona|Alejandra Martínez‐Salinas|Fabrice DeClerck|Sergio Vilchez‐Mendoza|Kelly Garbach,https://orcid.org/0000-0003-4329-5470|https://orcid.org/0000-0003-2557-0635|https://orcid.org/0000-0002-3631-8745|https://orcid.org/0000-0002-0326-551X|https://orcid.org/0000-0002-7896-9773,,Managing the farmscape for connectivity increases conservation value for tropical bird species with different forest-dependencies,https://doi.org/10.1016/j.jenvman.2019.109504,FALSE,en,FALSE,11/09/2019,article
10.1002/eap.1985,10.1002/eap.1985,https://openalex.org/W2965952037,Justin A. Johnson|Sarah K. Jones|Sylvia Wood|Rebecca Chaplin‐Kramer|Peter Hawthorne|Mark Mulligan|Derric Pennington|Fabrice DeClerck,https://orcid.org/0000-0001-9903-1787|https://orcid.org/0000-0002-9422-5563|https://orcid.org/0000-0003-2224-3890|https://orcid.org/0000-0002-1539-5231|https://orcid.org/0000-0003-1125-5239|https://orcid.org/0000-0002-0132-0888||https://orcid.org/0000-0002-3631-8745,,Mapping Ecosystem Services to Human Well‐being: a toolkit to support integrated landscape management for the SDGs,https://doi.org/10.1002/eap.1985,FALSE,en,FALSE,26/07/2019,article
10.7910/dvn/z0hk7r,10.7910/dvn/z0hk7r,https://openalex.org/W7118883043,Ulrike Wood‐Sichra|Peter Steward|Todd S. Rosenstock|Brayden Youngberg|Zhe Guo|Shuang Zhou,https://orcid.org/0000-0002-0546-2074|https://orcid.org/0000-0003-3985-4911|https://orcid.org/0000-0002-1958-9500||https://orcid.org/0000-0002-5999-4009|,other-oa,MapSPAM2020 AdaptationAtlas SSA,https://doi.org/10.7910/dvn/z0hk7r,FALSE,,TRUE,19/12/2025,dataset
10.1016/j.envint.2025.109935,10.1016/j.envint.2025.109935,https://openalex.org/W4416817592,Kyle Morrison|Patrice Pottier|Pietro Pollo|Lorenzo Ricolfi|Coralie Williams|Yefeng Yang|Damien Beillouin|Simone Jaqueline Cardoso|Verónica Ferreira|Brian Gallagher|Jelaine L. Gan|Guang Hao|Mojtaba Keikha|Betina Kozlowsky-Suzuki|T M Kiran Kumara|Francesco Latterini|Alexandro B. Leverkus|Erin L. Macartney|Silvina Magdalena Manrique|April Robin Martinig|Ayumi Mizuno|Shanika Nanayakkara|Evangelia Ntzani|Dakis-Yaoba Ouédraogo|Edward Pursell|Zachary Simpson|Harriet Sleight|Kok Sin Woon|Ziqian Xia|Mona Ghannad|Eliza Grames|Emily A. Hennessy|Joanna IntHout|David Moher|Rose E. O’Dea|Matthew J. Page|Paul Whaley|Malgorzata Lagisz|Shinichi Nakagawa,https://orcid.org/0000-0002-3700-2398|https://orcid.org/0000-0003-2106-6597|https://orcid.org/0000-0001-6555-5400|https://orcid.org/0000-0001-7101-3309|https://orcid.org/0000-0003-1312-4953|https://orcid.org/0000-0002-8610-4016|https://orcid.org/0000-0003-2014-3482||https://orcid.org/0000-0001-7688-2626||https://orcid.org/0000-0002-2472-8990|https://orcid.org/0000-0003-3780-0223|https://orcid.org/0000-0003-1464-0810|||https://orcid.org/0000-0001-7401-8754|https://orcid.org/0000-0001-5452-3614|https://orcid.org/0000-0003-3866-143X|https://orcid.org/0000-0003-4590-8648|https://orcid.org/0000-0002-0972-6903|https://orcid.org/0000-0003-0822-5637|https://orcid.org/0000-0002-5479-9650|https://orcid.org/0000-0003-3712-4181|||||https://orcid.org/0000-0003-0149-6661|https://orcid.org/0000-0002-9551-0024|https://orcid.org/0000-0002-5848-3477||https://orcid.org/0000-0002-5146-5823|https://orcid.org/0000-0002-6127-0747|https://orcid.org/0000-0003-2434-4206|https://orcid.org/0000-0001-8177-5075|https://orcid.org/0000-0002-4242-7526|https://orcid.org/0000-0003-4021-0785|https://orcid.org/0000-0002-3993-6127|https://orcid.org/0000-0002-7765-5182,cc-by,MATES: A tool for appraising the completeness with which a meta-analysis has been reported,https://doi.org/10.1016/j.envint.2025.109935,FALSE,en,TRUE,29/11/2025,article
10.31222/osf.io/n3cta,10.31222/osf.io/n3cta,https://openalex.org/W4406309992,Kyle Morrison|Patrice Pottier|Pietro Pollo|Lorenzo Ricolfi|Coralie Williams|Yefeng Yang|Damien Beillouin|Simone Jaqueline Cardoso|Verónica Ferreira|Brian Gallagher|Jelaine L. Gan|Guang Hao|Mojtaba Keikha|Betina Kozlowsky-Suzuki|Kiran Kumara T M|Francesco Latterini|Alexandro B. Leverkus|Erin L. Macartney|Silvina Magdalena Manrique|April Robin Martinig|Ayumi Mizuno|Shanika Nanayakkara|Evangelia Ntzani|Dakis-Yaoba Ouédraogo|Edward Purssell|Zachary Simpson|Harriet Sleight|Kok Sin Woon|Ziqian Xia|Mona Ghannad|Eliza Grames|Emily A. Hennessy|Joanna IntHout|David Moher|Rose E. O’Dea|Matthew Page|Paul Whaley|Malgorzata Lagisz|Shinichi Nakagawa,https://orcid.org/0000-0002-3700-2398|https://orcid.org/0000-0003-2106-6597|https://orcid.org/0000-0001-6555-5400|https://orcid.org/0000-0001-7101-3309|https://orcid.org/0000-0003-1312-4953|https://orcid.org/0000-0002-8610-4016|https://orcid.org/0000-0003-2014-3482||https://orcid.org/0000-0001-7688-2626|||https://orcid.org/0000-0003-3780-0223|https://orcid.org/0000-0003-1464-0810|||https://orcid.org/0000-0001-7401-8754|https://orcid.org/0000-0001-5452-3614|https://orcid.org/0000-0003-3866-143X||https://orcid.org/0000-0002-0972-6903|https://orcid.org/0000-0003-0822-5637|https://orcid.org/0000-0002-5479-9650|https://orcid.org/0000-0003-3712-4181||https://orcid.org/0000-0003-3748-0864|||https://orcid.org/0000-0002-1169-5050|https://orcid.org/0000-0002-9551-0024|https://orcid.org/0000-0002-5848-3477||https://orcid.org/0000-0002-5146-5823|https://orcid.org/0000-0002-6127-0747|https://orcid.org/0000-0003-2434-4206|https://orcid.org/0000-0001-8177-5075|https://orcid.org/0000-0002-3571-0374|https://orcid.org/0000-0003-4021-0785|https://orcid.org/0000-0002-3993-6127|https://orcid.org/0000-0002-7765-5182,,MATES: A tool for evaluating the quality of reporting of meta-analyses,https://doi.org/10.31222/osf.io/n3cta,FALSE,en,FALSE,13/01/2025,preprint
10.31222/osf.io/n3cta_v2,10.31222/osf.io/n3cta_v2,https://openalex.org/W4412712875,Kyle Morrison|Patrice Pottier|Pietro Pollo|Lorenzo Ricolfi|Coralie Williams|Yefeng Yang|Damien Beillouin|Simone Jaqueline Cardoso|Verónica Ferreira|Brian Gallagher|Jelaine L. Gan|Guang Hao|Mojtaba Keikha|Betina Kozlowsky-Suzuki|Kiran Kumara T M|Francesco Latterini|Alexandro B. Leverkus|Erin L. Macartney|Silvina Magdalena Manrique|April Robin Martinig|Ayumi Mizuno|Shanika Nanayakkara|Evangelia Ntzani|Dakis-Yaoba Ouédraogo|Edward Purssell|Zachary Simpson|Harriet Sleight|Kok Sin Woon|Ziqian Xia|Mona Ghannad|Eliza Grames|Emily A. Hennessy|Joanna IntHout|David Moher|Rose E. O’Dea|Matthew Page|Paul Whaley|Malgorzata Lagisz|Shinichi Nakagawa,https://orcid.org/0000-0002-3700-2398|https://orcid.org/0000-0003-2106-6597|https://orcid.org/0000-0001-6555-5400|https://orcid.org/0000-0001-7101-3309|https://orcid.org/0000-0003-1312-4953|https://orcid.org/0000-0002-8610-4016|https://orcid.org/0000-0003-2014-3482||https://orcid.org/0000-0001-7688-2626|||https://orcid.org/0000-0003-3780-0223|https://orcid.org/0000-0003-1464-0810|||https://orcid.org/0000-0001-7401-8754|https://orcid.org/0000-0001-5452-3614|https://orcid.org/0000-0003-3866-143X|https://orcid.org/0000-0003-4590-8648|https://orcid.org/0000-0002-0972-6903|https://orcid.org/0000-0003-0822-5637|https://orcid.org/0000-0002-5479-9650|https://orcid.org/0000-0003-3712-4181||https://orcid.org/0000-0003-3748-0864|||https://orcid.org/0000-0002-1169-5050|https://orcid.org/0000-0002-9551-0024|https://orcid.org/0000-0002-5848-3477||https://orcid.org/0000-0002-5146-5823|https://orcid.org/0000-0002-6127-0747|https://orcid.org/0000-0003-2434-4206|https://orcid.org/0000-0001-8177-5075|https://orcid.org/0000-0002-3571-0374|https://orcid.org/0000-0003-4021-0785|https://orcid.org/0000-0002-3993-6127|https://orcid.org/0000-0002-7765-5182,,MATES: A tool for evaluating the quality of reporting of meta-analyses,https://doi.org/10.31222/osf.io/n3cta_v2,FALSE,en,FALSE,29/07/2025,preprint
10.3897/biss.3.46785,10.3897/biss.3.46785,https://openalex.org/W2975113732,Roseline Remans|Chiara Villani|Sarah K. Jones|Allison Grove Smith|Marie‐Angélique Laporte|Natalia Estrada-Carmona|Elizabeth Arnaud|Ehsan Dulloo|Richard China,https://orcid.org/0000-0003-3659-8529|https://orcid.org/0000-0001-9750-3867|https://orcid.org/0000-0002-9422-5563||https://orcid.org/0000-0002-8461-9745|https://orcid.org/0000-0003-4329-5470|https://orcid.org/0000-0002-6020-5919|https://orcid.org/0000-0001-5567-8220|,cc-by,Measuring Agricultural Biodiversity for Sustainable Food Systems,https://doi.org/10.3897/biss.3.46785,FALSE,en,TRUE,24/09/2019,article
10.1016/j.scitotenv.2015.12.002,10.1016/j.scitotenv.2015.12.002,https://openalex.org/W2202784791,Paul Bardos|Sarah K. Jones|Ian Stephenson|Pierre Menger|Victor Beumer|Francesca Neonato|Linda Maring|Uwe Ferber|Thomas Track|Katja Wendler,https://orcid.org/0000-0001-5698-4561|https://orcid.org/0000-0002-9422-5563|||||https://orcid.org/0009-0009-8000-8646|https://orcid.org/0000-0002-6909-6448||,,Optimising value from the soft re-use of brownfield sites,https://doi.org/10.1016/j.scitotenv.2015.12.002,FALSE,en,FALSE,31/12/2015,article
10.1038/s43016-024-00941-y,10.1038/s43016-024-00941-y,https://openalex.org/W4392597474,Andy Jarvis|Jenny Johana Gallo‐Franco|Julian Portilla|Bruce German|Daniel G. Debouck|Maya Rajasekharan|Colin K. Khoury|Anna Herforth|Selena Ahmed|Joe Tohmé|Elizabeth Arnaud|Christopher D. Golden|Corinna Dawid|Stef de Haan|Fabrice DeClerck|Edith J. M. Feskens|Vincenzo Fogliano|Gayle J. Fritz|Christoph Hald|Robert D. Hall|Robbie Hart|Audrey Henry|Sanwen Huang|Danny Hunter|Bermet Imanbaeva|Andrew J. Lowe|Nancy J. Turner|Gengjie Jia|Elizabeth Johnson|Geetha Kalaiah|Salwa Karboune|Stefan Klade|Gina Rae La Cerva|Vincent Lal|Avraham A. Levy|T. Longvah|Mari Maeda‐Yamamoto|Paul E. Minnis|Marília Regini Nuti|Mariaelena Octavio|Coralia Osorio|Lukas Pawera|Sonia Peter|Rajendra Prasad|Cassandra L. Quave|Howard‐Yana Shapiro|Sheshshayee Sreeman|Warangkana Srichamnong|Roy Steiner|Muhabbat Turdieva|Tiziana Ulian|Tinde van Andel|Ren Wang|Lily Weissgold|Jianbin Yan|John de la Parra,https://orcid.org/0000-0001-6543-0798|https://orcid.org/0000-0003-3653-3805|||https://orcid.org/0000-0002-7618-9570|https://orcid.org/0000-0002-2724-7711|https://orcid.org/0000-0001-7893-5744|https://orcid.org/0000-0002-6079-9374|https://orcid.org/0000-0001-5779-0697|https://orcid.org/0000-0003-2765-7101|https://orcid.org/0000-0002-6020-5919|https://orcid.org/0000-0002-2258-7493|https://orcid.org/0000-0001-5342-2600|https://orcid.org/0000-0001-8690-1886|https://orcid.org/0000-0002-3631-8745|https://orcid.org/0000-0001-5819-2488|https://orcid.org/0000-0001-8786-9355|https://orcid.org/0000-0002-6433-2771||https://orcid.org/0000-0002-5786-768X|https://orcid.org/0000-0002-8803-8059|https://orcid.org/0000-0001-9947-5919|https://orcid.org/0000-0002-8547-5309|https://orcid.org/0000-0002-4267-595X|https://orcid.org/0009-0007-8495-6614|https://orcid.org/0000-0003-1139-2516|https://orcid.org/0000-0002-6810-619X|https://orcid.org/0009-0001-2881-962X|https://orcid.org/0000-0001-8242-5501||https://orcid.org/0000-0002-8718-8725|https://orcid.org/0000-0001-8125-3007||https://orcid.org/0000-0002-7140-5609|https://orcid.org/0000-0002-3097-1540|https://orcid.org/0000-0002-5528-8676|https://orcid.org/0000-0002-4494-7509|https://orcid.org/0009-0006-3769-1417|https://orcid.org/0000-0001-8226-9975||https://orcid.org/0000-0001-6222-0138|https://orcid.org/0000-0001-8548-3491||https://orcid.org/0000-0002-1627-6699|https://orcid.org/0000-0001-9615-7886||https://orcid.org/0000-0002-2634-8596|https://orcid.org/0000-0002-4254-591X|||https://orcid.org/0000-0001-8298-256X|https://orcid.org/0000-0002-4951-1894|||https://orcid.org/0000-0001-7934-8808|https://orcid.org/0000-0003-1425-6288,,Periodic Table of Food Initiative for generating biomolecular knowledge of edible biodiversity,https://doi.org/10.1038/s43016-024-00941-y,FALSE,en,TRUE,08/03/2024,article
10.1007/978-3-031-75027-4_27,10.1007/978-3-031-75027-4_27,https://openalex.org/W4406184643,Theresa M. Crimmins|Brittany S. Barker|Darby D. Bergl|Steve Brewer|Kirsten M. de Beurs|Sarah K. Jones|Tammy M. Long|Emily Mohl|Emma Oschrin|Andrew D. Richardson|Tiffany A. Schriever|Jessica J. Walker|Tanisha M. Williams,https://orcid.org/0000-0001-9592-625X|https://orcid.org/0000-0002-2198-8287|||https://orcid.org/0000-0002-9244-3292|https://orcid.org/0000-0002-9422-5563|https://orcid.org/0000-0003-0849-9056|https://orcid.org/0000-0001-5121-2810|https://orcid.org/0000-0003-2510-9873|https://orcid.org/0000-0002-0148-6714|https://orcid.org/0000-0001-6128-9133|https://orcid.org/0000-0002-3225-0317|https://orcid.org/0000-0002-1338-2218,other-oa,Phenology in Higher Education,https://doi.org/10.1007/978-3-031-75027-4_27,FALSE,en,TRUE,01/01/2024,book-chapter
10.1186/2048-7010-3-5,10.1186/2048-7010-3-5,https://openalex.org/W2138700163,Peter Steward|Gorm E. Shackelford|Luísa G. Carvalheiro|Tim G. Benton|Lucas A. Garibaldi|Steven M. Sait,https://orcid.org/0000-0003-3985-4911|https://orcid.org/0000-0003-0949-0934|https://orcid.org/0000-0001-7655-979X|https://orcid.org/0000-0002-7448-1973|https://orcid.org/0000-0003-0725-4049|https://orcid.org/0000-0002-7208-8617,cc-by,Pollination and biological control research: are we neglecting two billion smallholders,https://doi.org/10.1186/2048-7010-3-5,FALSE,en,TRUE,19/03/2014,article
10.1111/gcb.15747,10.1111/gcb.15747,https://openalex.org/W3171470222,Damien Beillouin|Tamara Ben‐Ari|Éric Malézieux|Verena Seufert|David Makowski,https://orcid.org/0000-0003-2014-3482|https://orcid.org/0000-0001-7157-7905|https://orcid.org/0000-0002-5706-9610|https://orcid.org/0000-0003-2975-5856|https://orcid.org/0000-0001-6385-3703,,Positive but variable effects of crop diversification on biodiversity and ecosystem services,https://doi.org/10.1111/gcb.15747,FALSE,en,FALSE,11/06/2021,article
10.1101/2020.09.30.320309,10.1101/2020.09.30.320309,https://openalex.org/W3089440597,Damien Beillouin|Tamara Ben‐Ari|Éric Malézieux|Verena Seufert|David Makowski,https://orcid.org/0000-0003-2014-3482|https://orcid.org/0000-0001-7157-7905|https://orcid.org/0000-0002-5706-9610|https://orcid.org/0000-0003-2975-5856|https://orcid.org/0000-0001-6385-3703,cc-by-nc-nd,Positive but variable effects of crop diversification on biodiversity and ecosystem services,https://doi.org/10.1101/2020.09.30.320309,FALSE,en,TRUE,02/10/2020,preprint
10.5194/egusphere-2025-4619,10.5194/egusphere-2025-4619,https://openalex.org/W4414746865,Andrea Schievano|Camille Rubeaud|Margret Köthke|Beatrice Landoni|Damien Beillouin|Marta Pérez‐Soba|Simona Bosco|Rui Catarino|Giovanni Tamburini|David Makowski|Sonja Kay,https://orcid.org/0000-0003-3458-2654||https://orcid.org/0000-0001-5368-7641|https://orcid.org/0000-0002-3815-5011|https://orcid.org/0000-0003-2014-3482|https://orcid.org/0000-0002-7413-9385|https://orcid.org/0000-0002-9388-6087|https://orcid.org/0000-0001-7181-6187|https://orcid.org/0000-0001-7546-8183|https://orcid.org/0000-0001-6385-3703|https://orcid.org/0000-0003-0531-4407,cc-by,Potential of temperate agroforestry systems to deliver ecosystem services: an evidence map,https://doi.org/10.5194/egusphere-2025-4619,FALSE,en,TRUE,02/10/2025,article
10.5194/egusphere-2025-4619-v1,10.5194/egusphere-2025-4619-v1,https://openalex.org/W4414746888,Andrea Schievano|Camille Rubeaud|Margret Köthke|Beatrice Landoni|Damien Beillouin|Marta Pérez‐Soba|Simona Bosco|Rui Catarino|Giovanni Tamburini|David Makowski|Sonja Kay,https://orcid.org/0000-0003-3458-2654||https://orcid.org/0000-0001-5368-7641|https://orcid.org/0000-0002-3815-5011|https://orcid.org/0000-0003-2014-3482|https://orcid.org/0000-0002-7413-9385|https://orcid.org/0000-0002-9388-6087|https://orcid.org/0000-0001-7181-6187|https://orcid.org/0000-0001-7546-8183|https://orcid.org/0000-0001-6385-3703|https://orcid.org/0000-0003-0531-4407,cc-by,Potential of temperate agroforestry systems to deliver ecosystem services: an evidence map,https://doi.org/10.5194/egusphere-2025-4619-v1,FALSE,en,TRUE,02/10/2025,article
10.7910/dvn/selofd,10.7910/dvn/selofd,https://openalex.org/W7128043970,Namita Joshi|Peter Steward|Todd Stuart Rosenstock|Julian Armando Ramirez Villegas|Katrien Descheemaeker|Marloes P van Loon,|https://orcid.org/0000-0003-3985-4911||||,other-oa,Projected Climate Impacts on Crop Yields in Africa,https://doi.org/10.7910/dvn/selofd,FALSE,,TRUE,14/01/2026,dataset
10.1111/1365-2664.13984,10.1111/1365-2664.13984,https://openalex.org/W3186472438,Fabrizia Ratto|Peter Steward|Steven M. Sait|James S. Pryke|René Gaigher|Michael J. Samways|William E. Kunin,https://orcid.org/0000-0001-8411-4379|https://orcid.org/0000-0003-3985-4911|https://orcid.org/0000-0002-7208-8617|https://orcid.org/0000-0003-3148-5744||https://orcid.org/0000-0003-4237-6025|https://orcid.org/0000-0002-9812-2326,cc-by,Proximity to natural habitat and flower plantings increases insect populations and pollination services in South African apple orchards,https://doi.org/10.1111/1365-2664.13984,FALSE,en,TRUE,26/07/2021,article
10.1080/21513732.2016.1237383,10.1080/21513732.2016.1237383,https://openalex.org/W2541961741,Natalia Estrada-Carmona|Elizabeth B. Harper|Fabrice DeClerck|Alexander K. Fremier,https://orcid.org/0000-0003-4329-5470||https://orcid.org/0000-0002-3631-8745|https://orcid.org/0000-0002-4104-6633,,Quantifying model uncertainty to improve watershed-level ecosystem service quantification: a global sensitivity analysis of the RUSLE,https://doi.org/10.1080/21513732.2016.1237383,FALSE,en,TRUE,26/10/2016,article
10.6084/m9.figshare.13621844,10.6084/m9.figshare.13621844,https://openalex.org/W4394522090,Yang Su|Benoît Gabrielle|David Makowski|Damien Beillouin,https://orcid.org/0000-0002-4717-9971|https://orcid.org/0000-0002-9131-2549|https://orcid.org/0000-0001-6385-3703|https://orcid.org/0000-0003-2014-3482,cc-by,Related data used in the paper - High probability of yield gain through conservation agriculture in dry regions for major staple crops,https://doi.org/10.6084/m9.figshare.13621844,FALSE,en,TRUE,01/01/2021,dataset
10.7910/dvn/bwum18,10.7910/dvn/bwum18,https://openalex.org/W4398551352,Latin America Greenhouse Gas Mitigation Network|Ngonidzashe Chirinda|Sandra Loaiza|Laura Arenas|Verónica Ruiz|Claudia Faverín|Carolina Álvarez|Jean Víctor Savian|Renaldo Belfon|Karen Zuñiga|Luis Rodríguez Morales|Catalina Trujillo|Miguel Arango|Idupulapati M. Rao|Jacobo Arango|Michael Peters|Rolando Barahona Rosales|Ciniro Costa|Todd Rosenstock|Meryl Richards|Deissy Martínez- Barón|L. M. Cardenas,|https://orcid.org/0000-0002-4213-6294|https://orcid.org/0000-0002-0239-896X|||https://orcid.org/0000-0002-6951-3029|https://orcid.org/0000-0002-8826-6764|https://orcid.org/0000-0003-3171-2572||||https://orcid.org/0009-0006-5638-2062|https://orcid.org/0000-0002-1041-072X|https://orcid.org/0000-0002-8381-9358|https://orcid.org/0000-0002-4828-9398|https://orcid.org/0000-0003-4237-3916|https://orcid.org/0000-0002-4246-7835|https://orcid.org/0000-0003-1854-2927||https://orcid.org/0000-0002-5065-7401|https://orcid.org/0000-0003-2317-8760|https://orcid.org/0000-0002-4401-9163,other-oa,Replication Data for: Adequate vegetative cover decreases nitrous oxide emissions from cattle urine deposited in grazed pastures under rainy season conditions,https://doi.org/10.7910/dvn/bwum18,FALSE,en,TRUE,25/07/2018,dataset
10.1658/1100-9233(2005)016[0443:rueaaf]2.0.co;2,10.1658/1100-9233(2005)016[0443:rueaaf]2.0.co;2,https://openalex.org/W2267383981,Fabrice DeClerck|Michael G. Barbour|John O. Sawyer,https://orcid.org/0000-0002-3631-8745||,,Resource use efficiency as a function of species richness and stand composition in upper montane conifer forests of the Sierra Nevada,https://doi.org/10.1658/1100-9233(2005)016[0443:rueaaf]2.0.co;2,FALSE,en,FALSE,01/01/2005,article
10.1111/j.1654-1103.2005.tb02384.x,10.1111/j.1654-1103.2005.tb02384.x,https://openalex.org/W4243084097,Fabrice DeClerck|Michael G. Barbour|John O. Sawyer,https://orcid.org/0000-0002-3631-8745||,,Resource use efficiency as a function of species richness and stand composition in upper montane conifer forests of the Sierra Nevada,https://doi.org/10.1111/j.1654-1103.2005.tb02384.x,FALSE,en,FALSE,24/02/2005,article
10.1111/ele.70250/v1/review2,10.1111/ele.70250/v1/review2,https://openalex.org/W4416054230,Damien Beillouin,https://orcid.org/0000-0003-2014-3482,,"Review for ""The Importance of Landscape Composition for Pest Control and Crop Yield: A Global Quantitative Synthesis""",https://doi.org/10.1111/ele.70250/v1/review2,FALSE,,FALSE,26/02/2025,peer-review
10.5194/bg-22-2425-2025,10.5194/bg-22-2425-2025,https://openalex.org/W4410904910,Friedrich J. Bohn|Ana Bastos|Romina Martin|Anja Rammig|Niak Sian Koh|Giles B. Sioen|Bram Büscher|Louise Carver|Fabrice DeClerck|Moritz Drupp|Robert Fletcher|Matthew Forrest|Alexandros Gasparatos|Álex Godoy‐Faúndez|Gregor Hagedorn|Martin Hänsel|Jessica Hetzer|Thomas Hickler|Cornelia B. Krug|Stasja Koot|Xiuzhen Li|Amy Luers|Shelby Matevich|H. Damon Matthews|Ina C. Meier|Mirco Migliavacca|Awaz Mohamed|O Sungmin|David Obura|Ben Orlove|René Orth|Laura Pereira|Markus Reichstein|Lerato Thakholi|Peter H. Verburg|Yuki Yoshida,https://orcid.org/0000-0002-7328-1187|https://orcid.org/0000-0002-7368-7806||https://orcid.org/0000-0001-5425-8718||https://orcid.org/0000-0001-5180-0663|https://orcid.org/0000-0001-8902-1745||https://orcid.org/0000-0002-3631-8745||https://orcid.org/0000-0002-5365-1697|https://orcid.org/0000-0003-1858-3489|https://orcid.org/0000-0001-9323-1366|https://orcid.org/0000-0002-9609-9863|https://orcid.org/0000-0001-7023-7386|https://orcid.org/0000-0002-0242-3168|https://orcid.org/0000-0002-2384-0024|https://orcid.org/0000-0002-4668-7552||https://orcid.org/0000-0001-8625-7525|https://orcid.org/0000-0002-4672-0455|https://orcid.org/0009-0002-8028-6039||https://orcid.org/0000-0003-3625-390X||https://orcid.org/0000-0003-3546-8407|https://orcid.org/0000-0002-6130-9496|https://orcid.org/0000-0002-7364-2122|https://orcid.org/0000-0003-2256-6649|https://orcid.org/0000-0003-0489-4219|https://orcid.org/0000-0002-9853-921X|https://orcid.org/0000-0002-4996-7234|https://orcid.org/0000-0001-5736-1112||https://orcid.org/0000-0002-6977-7104|https://orcid.org/0000-0003-3787-6092,cc-by,"Reviews and syntheses: Current perspectives on biosphere research 2024–2025 – eight findings from ecology, sociology, and economics",https://doi.org/10.5194/bg-22-2425-2025,FALSE,en,TRUE,30/05/2025,article
10.5194/egusphere-2024-2551,10.5194/egusphere-2024-2551,https://openalex.org/W4401614653,Friedrich J. Bohn|Ana Bastos|Romina Martin|Anja Rammig|Niak Sian Koh|Giles B. Sioen|Bram Büscher|Louise Carver|Fabrice DeClerck|Moritz Drupp|Robert Fletcher|Matthew Forrest|Alexandros Gasparatos|Álex Godoy‐Faúndez|Gregor Hagedorn|Martin Hänsel|Jessica Hetzer|Thomas Hickler|Cornelia B. Krug|Stasja Koot|Xiuzhen Li|Amy Luers|Shelby Matevich|H. Damon Matthews|Ina C. Meier|Awaz Mohamed|O Sungmin|David Obura|Ben Orlove|René Orth|Laura Pereira|Markus Reichstein|Lerato Thakholi|Peter H. Verburg|Yuki Yoshida,https://orcid.org/0000-0002-7328-1187|https://orcid.org/0000-0002-7368-7806||https://orcid.org/0000-0001-5425-8718||https://orcid.org/0000-0001-5180-0663|https://orcid.org/0000-0001-8902-1745||https://orcid.org/0000-0002-3631-8745||https://orcid.org/0000-0002-5365-1697|https://orcid.org/0000-0003-1858-3489|https://orcid.org/0000-0001-9323-1366|https://orcid.org/0000-0002-9609-9863|https://orcid.org/0000-0001-7023-7386|https://orcid.org/0000-0002-0242-3168|https://orcid.org/0000-0002-2384-0024|https://orcid.org/0000-0002-4668-7552||https://orcid.org/0000-0001-8625-7525|https://orcid.org/0000-0002-4672-0455|https://orcid.org/0009-0002-8028-6039||https://orcid.org/0000-0003-3625-390X||https://orcid.org/0000-0002-6130-9496|https://orcid.org/0000-0002-7364-2122|https://orcid.org/0000-0003-2256-6649|https://orcid.org/0000-0003-0489-4219|https://orcid.org/0000-0002-9853-921X|https://orcid.org/0000-0002-4996-7234|https://orcid.org/0000-0001-5736-1112||https://orcid.org/0000-0002-6977-7104|https://orcid.org/0000-0003-3787-6092,cc-by,Reviews and syntheses: Current perspectives on biosphere research – 2024,https://doi.org/10.5194/egusphere-2024-2551,FALSE,en,TRUE,15/08/2024,preprint
10.1016/j.oneear.2023.12.008,10.1016/j.oneear.2023.12.008,https://openalex.org/W4391037736,Awaz Mohamed|Fabrice DeClerck|Peter H. Verburg|David Obura|Jesse F. Abrams|Noelia Zafra‐Calvo|Juan Rocha|Natalia Estrada-Carmona|Alexander K. Fremier|Sarah K. Jones|Ina C. Meier|Ben Stewart‐Koster,https://orcid.org/0000-0002-6130-9496|https://orcid.org/0000-0002-3631-8745|https://orcid.org/0000-0002-6977-7104|https://orcid.org/0000-0003-2256-6649|https://orcid.org/0000-0003-0411-8519|https://orcid.org/0000-0003-3350-0784|https://orcid.org/0000-0003-2322-5459|https://orcid.org/0000-0003-4329-5470|https://orcid.org/0000-0002-4104-6633|https://orcid.org/0000-0002-9422-5563||https://orcid.org/0000-0001-8334-0825,cc-by,Securing Nature’s Contributions to People requires at least 20%–25% (semi-)natural habitat in human-modified landscapes,https://doi.org/10.1016/j.oneear.2023.12.008,FALSE,en,TRUE,01/01/2024,article
10.21203/rs.3.rs-877774/v2,10.21203/rs.3.rs-877774/v2,https://openalex.org/W4225899368,Kenshi Sakai|Patrick J. Brown|Todd Rosenstock|Shrini K. Upadhyaya|Alan Hastings,https://orcid.org/0000-0002-7887-1709|https://orcid.org/0000-0003-1332-711X|||https://orcid.org/0000-0002-0717-8026,cc-by,Spatial Phase Synchronisation of Pistachio Alternate Bearing,https://doi.org/10.21203/rs.3.rs-877774/v2,FALSE,en,TRUE,22/02/2022,preprint
10.2139/ssrn.4111916,10.2139/ssrn.4111916,https://openalex.org/W4285123540,Kenshi Sakai|Patrick H. Brown|Todd Rosenstock|Shrinivasa K. Upadhyaya|Alan Hastings,https://orcid.org/0000-0002-7887-1709|https://orcid.org/0000-0001-6857-8608|||https://orcid.org/0000-0002-0717-8026,,Spatial Phase Synchronisation of Pistachio Alternate Bearing,https://doi.org/10.2139/ssrn.4111916,FALSE,en,TRUE,01/01/2022,article
10.1016/j.envsci.2023.06.003,10.1016/j.envsci.2023.06.003,https://openalex.org/W4380201196,Patrick O. Waeber|Rachel Carmenta|Natalia Estrada-Carmona|Claude García|Thomas Falk|Abigail Fellay|Jaboury Ghazoul|James Reed|Louise Willemen|Wei Zhang|Fritz Kleinschroth,https://orcid.org/0000-0002-3229-0124|https://orcid.org/0000-0001-8607-4147|https://orcid.org/0000-0003-4329-5470|https://orcid.org/0000-0002-7351-0226|https://orcid.org/0000-0002-2200-3048||https://orcid.org/0000-0002-8319-1636||https://orcid.org/0000-0003-1026-5865|https://orcid.org/0000-0002-1174-7084|https://orcid.org/0000-0002-7614-2123,cc-by,"Structuring the complexity of integrated landscape approaches into selectable, scalable, and measurable attributes",https://doi.org/10.1016/j.envsci.2023.06.003,FALSE,en,TRUE,10/06/2023,article
10.20944/preprints202208.0249.v1,10.20944/preprints202208.0249.v1,https://openalex.org/W4291449139,Patrick O. Waeber|Abigail Fellay|Claude García|Rachel Carmenta|Natalia Estrada-Carmona|Thomas Falk|Jaboury Ghazoul|James Reed|Louise Willemen|Wei Zhang|Fritz Kleinschroth,https://orcid.org/0000-0002-3229-0124||https://orcid.org/0000-0002-7351-0226|https://orcid.org/0000-0001-8607-4147|https://orcid.org/0000-0003-4329-5470|https://orcid.org/0000-0002-2200-3048|https://orcid.org/0000-0002-8319-1636||https://orcid.org/0000-0003-1026-5865|https://orcid.org/0000-0001-7179-5697|https://orcid.org/0000-0002-7614-2123,cc-by,"Structuring the Complexity of Integrated Landscape Approaches into Selectable, Scalable, and Measurable Attributes",https://doi.org/10.20944/preprints202208.0249.v1,FALSE,en,TRUE,15/08/2022,preprint
10.1016/j.ecolind.2019.105851,10.1016/j.ecolind.2019.105851,https://openalex.org/W2996426856,Christine Negra|Roseline Remans|Simon Attwood|Sarah K. Jones|Fred Werneck|Allison Grove Smith,https://orcid.org/0000-0003-4336-7243|https://orcid.org/0000-0003-3659-8529||https://orcid.org/0000-0002-9422-5563||,cc-by,Sustainable agri-food investments require multi-sector co-development of decision tools,https://doi.org/10.1016/j.ecolind.2019.105851,FALSE,en,TRUE,17/12/2019,article
10.1007/s13280-016-0793-6,10.1007/s13280-016-0793-6,https://openalex.org/W2468709268,Johan Rockström|John Williams|Gretchen C. Daily|Andrew Noble|Nathanial Matthews|Line Gordon|Hanna Wetterstrand|Fabrice DeClerck|Mihir Shah|Pasquale Steduto|Charlotte de Fraiture|N. Hatibu|Olcay Ünver|Jeremy Bird|Lindiwe Majele Sibanda|Jimmy W. Smith,https://orcid.org/0000-0001-8988-2983|https://orcid.org/0000-0003-0409-5783|https://orcid.org/0000-0003-1443-1111||https://orcid.org/0000-0002-1512-1142|https://orcid.org/0000-0002-3520-4340||https://orcid.org/0000-0002-3631-8745|https://orcid.org/0000-0002-7307-4903||https://orcid.org/0000-0001-9475-5022||https://orcid.org/0000-0003-3472-9759|https://orcid.org/0000-0003-2239-6504||,cc-by,Sustainable intensification of agriculture for human prosperity and global sustainability,https://doi.org/10.1007/s13280-016-0793-6,FALSE,en,TRUE,12/07/2016,article
10.17615/f7ax-kj40,10.17615/f7ax-kj40,https://openalex.org/W4300691930,"J Spychala|RF Schinazi|Sarah K. Jones|RR Tidwell|Janet E. Hall|RA Rhodes|Kumar, A|DW Boykin|CC Dykstra|WD Wilson",||https://orcid.org/0000-0002-9422-5563||https://orcid.org/0000-0003-4644-3061|||||,,Synthesis of dicationic diarylpyridines as nucleic-acid binding agents,https://doi.org/10.17615/f7ax-kj40,FALSE,en,TRUE,02/11/2020,article
10.17615/15vc-mn67,10.17615/15vc-mn67,https://openalex.org/W4299612436,Sarah K. Jones|Janet E. Hall|RF Schinazi|M Zhao|WD Wilson|J Spychala|RR Tidwell|DW Boykin|CC Dykstra,https://orcid.org/0000-0002-9422-5563|https://orcid.org/0000-0003-4644-3061|||||||,,Synthesis of dicationic diaryltriazines nucleic acid binding agents,https://doi.org/10.17615/15vc-mn67,FALSE,en,TRUE,02/11/2020,article
10.1029/2023ef003524,10.1029/2023ef003524,https://openalex.org/W4384926849,Chris Funk|L. Harrison|Zewdu Segele|Todd S. Rosenstock|Peter Steward|C. Leigh Anderson|Erin Coughlan de Perez|Daniel Maxwell|Hussen Seid Endris|Eunice Koch|Guleid Artan|Fetene Teshome Teferi|Stella Aura|Gideon Galu|Diriba Korecha|Weston Anderson|Andrew Hoell|Kerstin Damerau|Emily Williams|Aniruddha Ghosh|Julián Ramírez-Villegas|David Hughes,https://orcid.org/0000-0002-9254-6718|https://orcid.org/0000-0002-7962-4101|https://orcid.org/0000-0001-9329-8819|https://orcid.org/0000-0002-1958-9500|https://orcid.org/0000-0003-3985-4911|https://orcid.org/0000-0001-9430-9305|https://orcid.org/0000-0001-7645-5720|https://orcid.org/0000-0002-1223-9196|https://orcid.org/0000-0003-2308-4422|||https://orcid.org/0000-0002-8775-0765||||https://orcid.org/0000-0003-3755-9943|https://orcid.org/0000-0001-9936-2527|https://orcid.org/0000-0002-2928-7303|https://orcid.org/0000-0002-7261-3071|https://orcid.org/0000-0003-3667-8019|https://orcid.org/0000-0002-8044-583X|https://orcid.org/0000-0002-9954-8919,cc-by,Tailored Forecasts Can Predict Extreme Climate Informing Proactive Interventions in East Africa,https://doi.org/10.1029/2023ef003524,FALSE,en,TRUE,01/07/2023,article
10.1002/pan3.10384,10.1002/pan3.10384,https://openalex.org/W4297271023,Rachel Carmenta|Angela May Steward|Adrielly Albuquerque da Silva|Renan Carneiro|Bhaskar Vira|Natalia Estrada-Carmona,https://orcid.org/0000-0001-8607-4147|||https://orcid.org/0000-0001-9185-800X|https://orcid.org/0000-0001-7766-6773|https://orcid.org/0000-0003-4329-5470,cc-by,"The comparative performance of land sharing, land sparing type interventions on place‐based human well‐being",https://doi.org/10.1002/pan3.10384,FALSE,en,TRUE,12/08/2022,article
10.3390/mps4010008,10.3390/mps4010008,https://openalex.org/W3119712097,Andrea C. Sánchez|Natalia Estrada-Carmona|Stella D. Juventia|Sarah K. Jones,https://orcid.org/0000-0003-4549-6970|https://orcid.org/0000-0003-4329-5470|https://orcid.org/0000-0003-4393-624X|https://orcid.org/0000-0002-9422-5563,cc-by,The Impact of Diversified Farming Practices on Terrestrial Biodiversity Outcomes and Agricultural Yield Worldwide: A Systematic Review Protocol,https://doi.org/10.3390/mps4010008,FALSE,en,TRUE,14/01/2021,review
10.1111/geoj.12059,10.1111/geoj.12059,https://openalex.org/W1547458165,Sarah K. Jones|Carol Somper,https://orcid.org/0000-0002-9422-5563|,,The role of green infrastructure in climate change adaptation in <scp>L</scp>ondon,https://doi.org/10.1111/geoj.12059,FALSE,en,FALSE,12/12/2013,article
10.1038/s43016-023-00885-9,10.1038/s43016-023-00885-9,https://openalex.org/W4389938084,Kate Schneider|Jessica Fanzo|Lawrence Haddad|Mario Herrero|José Rosero Moncayo|Anna Herforth|Roseline Remans|Alejandro Guarín|Danielle Resnick|Namukolo Covic|Christophe Béné|Andrea Cattaneo|Nancy Aburto|Ramya Ambikapathi|Destan Aytekin|Sı́món Barquera|Jane Battersby|Ty Beal|Paulina Bizzoto Molina|Carlo Cafiero|Christine Campeau|Patrick Caron|Piero Conforti|Kerstin Damerau|Michael Di Girolamo|Fabrice DeClerck|Deviana Dewi|Ismahane Elouafi|Carola Fabi|Pat Foley|Tyler J. Frazier|Jessica A. Gephart|Christopher D. Golden|Carlos González Fischer|Sheryl L. Hendriks|Maddalena Honorati|Jikun Huang|Gina Kennedy|Amos Laar|Rattan Lal|Preetmoninder Lidder|Brent Loken|Quinn Marshall|Yuta J. Masuda|Rebecca McLaren|Lais Miachon|H. Muñoz|Stella Nordhagen|Naina Qayyum|Michaela Saisana|Diana Suhardiman|U. Rashid Sumaila|Máximo Torero Cullen|Francesco N. Tubiello|José Luis Vivero Pol|Patrick Webb|Keith Wiebe,https://orcid.org/0000-0002-6861-3255|https://orcid.org/0000-0002-6760-1359||https://orcid.org/0000-0002-7741-5090||https://orcid.org/0000-0002-6079-9374|https://orcid.org/0000-0003-3659-8529|https://orcid.org/0000-0003-2692-4677|https://orcid.org/0000-0001-6285-3461|https://orcid.org/0000-0001-6566-9803|https://orcid.org/0000-0002-7078-9241|https://orcid.org/0000-0002-8845-5020||https://orcid.org/0000-0002-2013-2516|https://orcid.org/0000-0003-3668-0952|https://orcid.org/0000-0003-1854-4615||https://orcid.org/0000-0002-0398-9825||https://orcid.org/0000-0003-3652-9910||https://orcid.org/0000-0002-8494-2243||https://orcid.org/0000-0002-2928-7303||https://orcid.org/0000-0002-3631-8745|https://orcid.org/0009-0002-2816-3496|https://orcid.org/0000-0002-4242-5766|||https://orcid.org/0000-0003-1858-0851|https://orcid.org/0000-0001-6836-9291|https://orcid.org/0000-0002-2258-7493|https://orcid.org/0000-0002-4140-7152|https://orcid.org/0000-0002-1487-4302|||https://orcid.org/0000-0002-5232-2250|https://orcid.org/0000-0001-5557-0164|https://orcid.org/0000-0002-9016-2972||https://orcid.org/0000-0002-0068-3142|https://orcid.org/0000-0002-4962-8160|https://orcid.org/0000-0002-1698-4855|https://orcid.org/0000-0002-9193-2334|https://orcid.org/0000-0002-1589-3652|https://orcid.org/0000-0001-9513-0745|https://orcid.org/0000-0002-3801-3769||https://orcid.org/0000-0001-5361-0222||https://orcid.org/0000-0002-1851-1621||https://orcid.org/0000-0003-4617-4690|https://orcid.org/0000-0003-4216-7231|https://orcid.org/0000-0002-9857-3354|https://orcid.org/0000-0001-6035-620X,cc-by-nc-sa,The state of food systems worldwide in the countdown to 2030,https://doi.org/10.1038/s43016-023-00885-9,FALSE,en,TRUE,19/12/2023,article
10.48550/arxiv.2303.13669,10.48550/arxiv.2303.13669,https://openalex.org/W4361019595,Kate Schneider|Jessica Fanzo|Lawrence Haddad|Mario Herrero|José Rosero Moncayo|Anna Herforth|Roseline Reman|Alejandro Guarín|Danielle Resnick|Namukolo Covic|Christophe Béné|Andrea Cattaneo|Nancy Aburto|Ramya Ambikapathi|Destan Aytekin|Sı́món Barquera|Jane Battersby|Ty Beal|Paulina Bizzoto Molina|Carlo Cafiero|Christine Campeau|Patrick Caron|Piero Conforti|Kerstin Damerau|Michael DiGirolamo|Fabrice DeClerck|Deviana Dewi|Ismahane Elouafi|Carola Fabi|Pat Foley|Ty Frazier|Jessica A. Gephart|Christopher D. Golden|Carlos González Fischer|Sheryl L. Hendriks|Maddalena Honorati|Jikun Huang|Gina Kennedy|Amos Laar|Rattan Lal|Preetmoninder Lidder|Brent Loken|Quinn Marshall|Yuta J. Masuda|Rebecca McLaren|Lais Miachon|H. Muñoz|Stella Nordhagen|Naina Qayyum|Michaela Saisana|Diana Suhardiman|Rashid Sumaila|Maximo Torrero Cullen|Francesco N. Tubiello|José Luis Vivero Pol|Patrick Webb|Keith Wiebe,https://orcid.org/0000-0002-6861-3255|https://orcid.org/0000-0002-6760-1359||https://orcid.org/0000-0002-7741-5090||https://orcid.org/0000-0002-6079-9374||https://orcid.org/0000-0003-2692-4677|https://orcid.org/0000-0001-6285-3461|https://orcid.org/0000-0001-6566-9803|https://orcid.org/0000-0002-7078-9241|https://orcid.org/0000-0002-2962-7259||https://orcid.org/0000-0002-2013-2516|https://orcid.org/0000-0003-3668-0952|https://orcid.org/0000-0003-1854-4615||https://orcid.org/0000-0002-0398-9825||https://orcid.org/0000-0003-3652-9910||https://orcid.org/0000-0002-8494-2243||https://orcid.org/0000-0002-2928-7303||https://orcid.org/0000-0002-3631-8745|https://orcid.org/0009-0002-2816-3496|https://orcid.org/0000-0002-4242-5766||||https://orcid.org/0000-0001-6836-9291|https://orcid.org/0000-0002-2258-7493|https://orcid.org/0000-0002-4140-7152|https://orcid.org/0000-0002-1487-4302|||https://orcid.org/0000-0002-5232-2250|https://orcid.org/0000-0001-5557-0164|https://orcid.org/0000-0002-9016-2972||https://orcid.org/0000-0002-0068-3142|https://orcid.org/0000-0002-4962-8160|https://orcid.org/0000-0002-1698-4855|https://orcid.org/0000-0002-9193-2334|https://orcid.org/0000-0002-1589-3652|https://orcid.org/0000-0001-9513-0745|https://orcid.org/0000-0002-3801-3769||https://orcid.org/0000-0001-5361-0222|https://orcid.org/0000-0001-7892-4148|||https://orcid.org/0000-0003-4617-4690|https://orcid.org/0000-0003-4216-7231|https://orcid.org/0000-0002-9857-3354|https://orcid.org/0000-0001-6035-620X,,The State of Food Systems Worldwide: Counting Down to 2030,https://doi.org/10.48550/arxiv.2303.13669,FALSE,en,TRUE,23/03/2023,preprint
10.1038/s41893-023-01255-w,10.1038/s41893-023-01255-w,https://openalex.org/W4390581845,Xuemei Bai|Syezlin Hasan|Lauren Seaby Andersen|Anders Bjørn|Şiir Kılkış|Daniel Ospina|Jianguo Liu|Sarah Cornell|Oscar Sabag Muñoz|Ariane de Bremond|Beatrice Crona|Fabrice DeClerck|Joyeeta Gupta|Holger Hoff|Nebojša Nakićenović|David Obura|Gail Whiteman|Wendy Broadgate|Steven J. Lade|Juan Rocha|Johan Rockström|Ben Stewart‐Koster|Detlef P. van Vuuren|Caroline Zimm,https://orcid.org/0000-0001-6556-8041|https://orcid.org/0000-0002-0637-7963|https://orcid.org/0000-0003-3080-0503|https://orcid.org/0000-0001-9332-5346|https://orcid.org/0000-0003-3466-3593|https://orcid.org/0000-0002-5115-0899|https://orcid.org/0000-0001-6344-0087|https://orcid.org/0000-0003-4367-1296||https://orcid.org/0000-0002-0924-6053|https://orcid.org/0000-0003-1617-4067|https://orcid.org/0000-0002-3631-8745|https://orcid.org/0000-0003-1424-2660|https://orcid.org/0000-0001-9655-8655|https://orcid.org/0000-0001-7176-4604|https://orcid.org/0000-0003-2256-6649|https://orcid.org/0000-0002-4152-5538|https://orcid.org/0000-0003-4409-2800|https://orcid.org/0000-0001-9719-9826|https://orcid.org/0000-0003-2322-5459|https://orcid.org/0000-0001-8988-2983|https://orcid.org/0000-0001-8334-0825|https://orcid.org/0000-0003-0398-2831|https://orcid.org/0000-0001-5603-1015,other-oa,Translating Earth system boundaries for cities and businesses,https://doi.org/10.1038/s41893-023-01255-w,FALSE,en,TRUE,04/01/2024,article
10.1016/j.cosust.2025.101537,10.1016/j.cosust.2025.101537,https://openalex.org/W4410202554,Rachel Carmenta|Mairon G. Bastos Lima|Shofwan Al Banna Choiruzzad|Neil Dawson|Natalia Estrada-Carmona|Christina C. Hicks|Giorgos Kallis|Eric Djomo Nana|Evan Killick|Alexander Charles Lees|Adrian Martin|Unai Pascual|Nathalie Pettorelli|James Reed|Esther Turnhout|Bhaskar Vira|Julie G. Zaehringer|Jos Barlow,https://orcid.org/0000-0001-8607-4147|https://orcid.org/0000-0003-4235-8847|https://orcid.org/0000-0002-9736-9677|https://orcid.org/0000-0002-7312-9230|https://orcid.org/0000-0003-4329-5470||https://orcid.org/0000-0003-0688-9552|https://orcid.org/0000-0002-6118-9359|https://orcid.org/0000-0002-5206-5450|https://orcid.org/0000-0001-7603-9081|https://orcid.org/0000-0003-2916-7712|https://orcid.org/0000-0002-5696-236X|https://orcid.org/0000-0002-1594-6208||https://orcid.org/0000-0002-2190-2076|https://orcid.org/0000-0001-7766-6773|https://orcid.org/0000-0002-3253-5128|https://orcid.org/0000-0003-4992-2594,cc-by,Unveiling pervasive assumptions: moving beyond the poverty-biodiversity loss association in conservation,https://doi.org/10.1016/j.cosust.2025.101537,FALSE,en,TRUE,08/05/2025,article
10.3390/d13110514,10.3390/d13110514,https://openalex.org/W3210958468,Ehsan Dulloo|Natalia Estrada-Carmona|Jai Chand Rana|Rashmi Yadav|Francesca Grazioli,https://orcid.org/0000-0001-5567-8220|https://orcid.org/0000-0003-4329-5470|https://orcid.org/0009-0004-4603-5732|https://orcid.org/0000-0002-5622-7509|https://orcid.org/0000-0002-0289-5114,cc-by,Varietal Threat Index for Monitoring Crop Diversity on Farms in Five Agro-Ecological Regions in India,https://doi.org/10.3390/d13110514,FALSE,en,TRUE,22/10/2021,article
10.5518/719,10.5518/719,https://openalex.org/W2995242075,J. S. Pringle|Ngoni Chiweshe|Peter Steward|Peter J. Mundy|Martin Dallimer,https://orcid.org/0000-0001-9207-6827||https://orcid.org/0000-0003-3985-4911||,cc-by,Zimbabwe Field Data Master File,https://doi.org/10.5518/719,FALSE,en,TRUE,01/01/2019,dataset
