pid,sid,eid,tid,author,year,title,journal,region,studymode,country,site,livestock_production_system,agroecological_zone,n,technology_type,control_trt,improved_forage,improved_legume,improved_grass,food_crop,cropping_system,forage_ctrl_dm1_hv1,forage_trt_dm1_hv1,forage_ctrl_dm1_hv2,forage_trt_dm1_hv2,forage_ctrl_dm1_hv3,forage_trt_dm1_hv3,forage_ctrl_dm1_hv4,forage_trt_dm1_hv4,forage_ctrl_dm1_hv5,forage_trt_dm1_hv5,forage_ctrl_dm1_hv6,forage_trt_dm1_hv6,forage_ctrl_dm1_hv7,forage_trt_dm1_hv7,forage_trt_dm2_hv1,forage_trt_dm2_hv2,forage_trt_dm2_hv3,forage_trt_dm2_hv4,forage_trt_dm2_hv5,forage_trt_dm2_hv6,uom_dm,forage_ctrl_cp_hv1,forage_trt_cp_hv1,forage_ctrl_cp_hv2,forage_trt_cp_hv2,uom_cp,forage_ctrl_n1,forage_trt_n1,forage_ctrl_n2,forage_trt_n2,uom_n_forage,forage_ctrl_me,forage_trt_me,uom_me,livestock_ctrl_milk1,livestock_trt_milk1,uom_milk,soil_ctrl_sl_5_10_s1,soil_trt_sl_5_10_s1,soil_ctrl_sl_10_20_s1,soil_trt_sl_10_20_s1,soil_ctrl_sl_20_30_s1,soil_trt_sl_20_30_s1,soil_ctrl_sl_30_s1,soil_trt_sl_30_s1,soil_ctrl_sl_5_10_s2,soil_trt_sl_5_10_s2,soil_ctrl_sl_10_20_s2,soil_trt_sl_10_20_s2,soil_ctrl_sl_20_30_s2,soil_trt_sl_20_30_s2,soil_ctrl_sl_30_s2,soil_trt_sl_30_s2,soil_ctrl_sl_10_20_s3,soil_trt_sl_10_20_s3,soil_ctrl_sl_10_20_s4,soil_trt_sl_10_20_s4,soil_ctrl_sl_10_20_s5,soil_trt_sl_10_20_s5,soil_ctrl_sl_10_20_s6,soil_trt_sl_10_20_s6,soil_ctrl_sl_10_20_s7,soil_trt_sl_10_20_s7,soil_ctrl_sl_10_20_s8,soil_trt_sl_10_20_s8,soil_ctrl_sl_10_20_s9,soil_trt_sl_10_20_s9,soil_ctrl_sl_10_20_s10,soil_trt_sl_10_20_s10,soil_ctrl_uom_sl,soil_ctrl_runoff_12_25,soil_trt_runoff_12_25,soil_ctrl_runoff_10_20_yr1,soil_trt_runoff_10_20_yr1,soil_ctrl_runoff_30_yr1,soil_trt_runoff_30_yr1,uom_runoff,soil_ctrl_soc,soil_trt_soc,uom_soc,econ_ctrl_rev_s1,econ_trt_rev_s1,econ_ctrl_rev_s2,econ_trt_rev_s2,econ_ctrl_rev_s3,econ_trt_rev_s3,econ_ctrl_rev_s4,econ_trt_rev_s4,uom_rev,econ_ctrl_benefit_s1,econ_trt_benefit_s1,econ_ctrl_benefit_s2,econ_trt_benefit_s2,econ_ctrl_benefit_s3,econ_trt_benefit_s3,econ_ctrl_benefit_s4,econ_trt_benefit_s4,econ_ctrl_bc_ratio1,econ_trt_bc_ratio1,econ_ctrl_bc_ratio2,econ_trt_bc_ratio2,uom_benefit,usd_exchange_rate,food_ctrl_cr1_s1,food_trt_cr1_s1,food_ctrl_cr1__s2,food_trt_cr1_s2,food_ctrl_cr1_s3,food_trt_cr1_s3,food_ctrl_cr1_s4,food_trt_cr1_s4,food_ctrl_cr1_s5,food_trt_cr1_s5,food_ctrl_cr1_s6,food_trt_cr1_s6,food_ctrl_cr1_s7,food_trt_cr1_s7,food_ctrl_cr1_s8,food_trt_cr1_s8,food_ctrl_cr1_s9,food_trt_cr1_s9,food_ctrl_cr1_s10,food_trt_cr1_s10,cr_1,uom_cr1,food_ctrl_cr2_yr1,food_trt_cr2_yr1,food_ctrl_cr2_yr2,food_trt_cr2_yr2,food_ctrl_cr2_yr3,food_trt_cr2_yr3,cr_2,uom_cr2,food_ctrol_stover_yr1,food_trt_stover_yr1,food_ctrl_stover_yr2,food_trt_stover_yr2,food_ctrl_stover_yr3,food_trt_stover_yr3,uom_stover
6,1,1,2,"Mutegi, J., Mugendi, D., Verchot, L., Kung'u, J.",2008,Combining Napier grass with leguminous shrubs in contour hedgerows controls soil erosion without competing with crops,Agricultural Systems,East Africa,On-farm trial,Kenya,"Chuka Division, Meru South",Mixed Rainfed Temperate,Tropic - cool / subhumid,8,Improved integration into the cropping system,No erosion control,Grass,,Pennisetum purpureum Schumach,Maize,Forage grass/shrub hedgerow w food crop,,,,,,,,,,,,,,,,,,,,,,,,,,,,,,,,,,,,,,16.8,12.6,79.5,20.9,77.4,22.9,67.5,20.6,16.5,10.1,79.6,10.2,79.3,11.9,78.9,22.2,,,,,,,,,,,,,,,,,t/ha/season,,,,,,,,18.3,18.2,"g/kg(10-20,s2)",,,,,,,,,,,,,,,,,,,,,,,,2.2,0.9,2,2.1,,,,,,,,,,,,,,,,,,,,,,,,,,,,,,,,,
19,1,1,2,"Guto, S.N., Pypers, P., Vanlauwe, B., de Ridder, N., Giller, K.E.",2011,Tillage and vegetative barrier effects on soil conservation and short-term economic benefits in the Central Kenya highlands,Field Crop Research,East Africa,On-farm trial,Kenya,"Kirege location, Chuka division",Mixed Rainfed Arid,Tropic - warm / subhumid,3,Improved integration into the cropping system,No barrier,Grass,,Pennisetum purpureum Schumach. cv. Cameroun,Maize-soybean rotation,Forage grass/shrub hedgerow w food crop,,,,,,,,,,,,,,,,,,,,,,,,,,,,,,,,,,,,,,,,,,,,,,,,,,,,,,,,,,,,,,,,,,,,,,,,,,,,,,,,,,,,,,,,,,2047,2650,,,,,,,1.65,1.56,,,CumnetUSD/4seasons,,0.64,0.62,0.26,0.37,,,,,,,,,,,,,,,,,Soybean,Mg/ha/season,4.7,4.9,4,3.3,,,Maize,Mg/ha/season,,,,,,,
19,1,2,2,"Guto, S.N., Pypers, P., Vanlauwe, B., de Ridder, N., Giller, K.E.",2011,Tillage and vegetative barrier effects on soil conservation and short-term economic benefits in the Central Kenya highlands,Field Crop Research,East Africa,On-farm trial,Kenya,"Kirege location, Chuka division",Mixed Rainfed Arid,Tropic - warm / subhumid,3,Improved integration into the cropping system,No barrier,Grass,,Pennisetum purpureum Schumach. cv. Cameroun,Maize-soybean rotation,Forage grass/shrub hedgerow w food crop,,,,,,,,,,,,,,,,,,,,,,,,,,,,,,,,,,,,,,,,,,,,,,,,,,,,,,,,,,,,,,,,,,,,,,,,,,,,,,,,,,,,,,,,,,2256,1654,,,,,,,1.52,0.87,,,CumnetUSD/4seasons,,0.62,0.5,0.35,0.33,,,,,,,,,,,,,,,,,Soybean,Mg/ha/season,5.9,4,4.1,2.1,,,Maize,Mg/ha/season,,,,,,,
30,1,1,2,"O’Neill, M., Angima, S., Duinker, B., Okoba, B.",2002,Fodder Production from Contour Hedges in the Central Kenyan Highlands Fodder Production from Contour Hedges in the Central Kenyan Highlands,Journal of Sustainable Agriculture,East Africa,On-station trial,Kenya,Embu,Urban,Tropic - cool / subhumid,2,Improved integration into the cropping system,No soil conservation measure,Grass,,Pennisetum purpureum,Maize,Forage grass/shrub hedgerow w food crop,,,,,,,,,,,,,,,,,,,,,,,,,,,,,,,,,,,,,,,,0.06,0.04,,,,,,,3.05,4.27,,,,,6.6,5.17,17.98,9.25,11.65,3.32,80.68,21.43,0.05,0.03,1.81,2.04,51.25,9.9,21.13,7.52,Mg/ha/season,,,,,,,,,,,,,,,,,,,,,,,,,,,,,,,,,,3.99,4.17,0.83,0.77,6.7,6.71,4.86,3.49,4.05,3.43,8.05,5.5,4.67,4.4,0.64,0.59,2.23,2.65,8.06,6.88,Maize,Mg/ha/season,,,,,,,,,,,,,,,
81,1,1,2,"Nzabi A., Tana, P., Masinde, A., Gesare, M., Ngoti, B., Mwagi, G.",1994,Soil erosion control using exotic grasses and locally available materials in Nyamonyo and Kamingusa villages of Southwest Kenya,KARI: Participatory technology development for soil management by smallholders in Kenya,East Africa,On-farm trial,Kenya,"Kamingusa, Kendu Bay Division",Mixed Rainfed Humid,Tropic - warm / humid,3,Improved integration into the cropping system,Stones,Grass,,Panicum coloratum,,Forage grass/shrub hedgerow w food crop,,,,,,,,,,,,,,,,,,,,,,,,,,,,,,,,,,,,,,0.24,0.29,,,,,,,,,,,,,,,,,,,,,,,,,,,,,,,kg/8m2/season,7.41,12.67,,,,,l/8m2/season,,,,,,,,,,,,,,,,,,,,,,,,,,,,,,,,,,,,,,,,,,,,,,,,,,,,,,,,,,,,,,,
81,1,1,3,"Nzabi A., Tana, P., Masinde, A., Gesare, M., Ngoti, B., Mwagi, G.",1994,Soil erosion control using exotic grasses and locally available materials in Nyamonyo and Kamingusa villages of Southwest Kenya,KARI: Participatory technology development for soil management by smallholders in Kenya,East Africa,On-farm trial,Kenya,"Kamingusa, Kendu Bay Division",Mixed Rainfed Humid,Tropic - warm / humid,3,Improved integration into the cropping system,Stones,Grass,,Vetiver grass,,Forage grass/shrub hedgerow w food crop,,,,,,,,,,,,,,,,,,,,,,,,,,,,,,,,,,,,,,0.24,0.34,,,,,,,,,,,,,,,,,,,,,,,,,,,,,,,kg/8m2/season,7.41,13.12,,,,,l/8m2/season,,,,,,,,,,,,,,,,,,,,,,,,,,,,,,,,,,,,,,,,,,,,,,,,,,,,,,,,,,,,,,,
6,1,1,5,"Mutegi, J., Mugendi, D., Verchot, L., Kung'u, J.",2008,Combining Napier grass with leguminous shrubs in contour hedgerows controls soil erosion without competing with crops,Agricultural Systems,East Africa,On-farm trial,Kenya,"Chuka Division, Meru South",Mixed Rainfed Temperate,Tropic - cool / subhumid,8,Improved integration into the cropping system,No erosion control,Grass,Calliandra calothyrsus Meissner,Pennisetum purpureum Schumach,Maize,Forage grass/shrub hedgerow w food crop,,,,,,,,,,,,,,,,,,,,,,,,,,,,,,,,,,,,,,16.8,13.6,79.5,30.6,77.4,26.5,67.5,26.9,16.5,12.8,79.6,17.7,79.3,14.2,78.9,11.6,,,,,,,,,,,,,,,,,t/ha/season,,,,,,,,18.3,20.7,"g/kg(10-20,s2)",,,,,,,,,,,,,,,,,,,,,,,,2.2,2.2,2,3.4,,,,,,,,,,,,,,,,,,,,,,,,,,,,,,,,,
6,1,1,6,"Mutegi, J., Mugendi, D., Verchot, L., Kung'u, J.",2008,Combining Napier grass with leguminous shrubs in contour hedgerows controls soil erosion without competing with crops,Agricultural Systems,East Africa,On-farm trial,Kenya,"Chuka Division, Meru South",Mixed Rainfed Temperate,Tropic - cool / subhumid,8,Improved integration into the cropping system,No erosion control,Grass,Leucaena trichandra Zucc. Urban,Pennisetum purpureum Schumach,Maize,Forage grass/shrub hedgerow w food crop,,,,,,,,,,,,,,,,,,,,,,,,,,,,,,,,,,,,,,16.8,14.2,79.5,35.2,77.4,33.7,67.5,21.8,16.5,10.7,79.6,17.8,79.3,13.4,78.9,13,,,,,,,,,,,,,,,,,t/ha/season,,,,,,,,18.3,18.6,"g/kg(10-20,s2)",,,,,,,,,,,,,,,,,,,,,,,,2.2,2.3,2,3.6,,,,,,,,,,,,,,,,,,,,,,,,,,,,,,,,,
30,1,1,4,"O’Neill, M., Angima, S., Duinker, B., Okoba, B.",2002,Fodder Production from Contour Hedges in the Central Kenyan Highlands Fodder Production from Contour Hedges in the Central Kenyan Highlands,Journal of Sustainable Agriculture,East Africa,On-station trial,Kenya,Embu,Urban,Tropic - cool / subhumid,2,Improved integration into the cropping system,No soil conservation measure,Grass,Calliandra calothyrus,Pennisetum purpureum,Maize,Forage grass/shrub hedgerow w food crop,,,,,,,,,,,,,,,,,,,,,,,,,,,,,,,,,,,,,,,,0.06,0.13,,,,,,,3.05,2.36,,,,,6.6,5.27,17.98,11.86,11.65,3.23,80.68,32.11,0.05,0,1.81,2,51.25,19.9,21.13,8.29,Mg/ha/season,,,,,,,,,,,,,,,,,,,,,,,,,,,,,,,,,,3.99,3.98,0.83,0.82,6.7,7.23,4.86,4.11,4.05,4.01,8.05,6.64,4.67,4.68,0.64,0.81,2.23,2.21,8.06,6.51,Maize,Mg/ha/season,,,,,,,,,,,,,,,
4,1,1,2,"Angima, S., Stott, D.E., O’Neill, M.K., Ong, C.K. Weesies, G.A.",2002,Use of Calliandra–Napier grass contour hedges to control erosion in central Kenya,"Agriculture, Ecosystem and Environment",East Africa,On-farm trial,Kenya,"Kianjuki catchment area, Embu",Mixed Rainfed Temperate,Tropic - cool / subhumid,3,Improved integration into the cropping system,Pennisetum purpureum,Shrub,Calliandra,,Maize,Forage grass/shrub hedgerow w food crop,,,,,,,,,,,,,,,,,,,,,,,,,,,,,,,,,,,,,,,,529,393,,,578,410,,,,,,,,,,,,,,,,,,,,,,,,,Mg/ha/yr,,,222,186,356,298,mm/yr,,,,,,,,,,,,,,,,,,,,,,,,,,,,,,,,,,,,,,,,,,,,,,,,,,,,,,,,,,,,,,,
6,1,1,3,"Mutegi, J., Mugendi, D., Verchot, L., Kung'u, J.",2008,Combining Napier grass with leguminous shrubs in contour hedgerows controls soil erosion without competing with crops,Agricultural Systems,East Africa,On-farm trial,Kenya,"Chuka Division, Meru South",Mixed Rainfed Temperate,Tropic - cool / subhumid,8,Improved integration into the cropping system,No erosion control,Shrub,Calliandra calothyrsus Meissner,,Maize,Forage grass/shrub hedgerow w food crop,,,,,,,,,,,,,,,,,,,,,,,,,,,,,,,,,,,,,,16.8,15.5,79.5,37.5,77.4,34.9,67.5,26.5,16.5,11,79.6,26.1,79.3,28.9,78.9,23.5,,,,,,,,,,,,,,,,,t/ha/season,,,,,,,,18.3,21.7,"g/kg(10-20,s2)",,,,,,,,,,,,,,,,,,,,,,,,2.2,1.9,2,3.2,,,,,,,,,,,,,,,,,,,,,,,,,,,,,,,,,
6,1,1,4,"Mutegi, J., Mugendi, D., Verchot, L., Kung'u, J.",2008,Combining Napier grass with leguminous shrubs in contour hedgerows controls soil erosion without competing with crops,Agricultural Systems,East Africa,On-farm trial,Kenya,"Chuka Division, Meru South",Mixed Rainfed Temperate,Tropic - cool / subhumid,8,Improved integration into the cropping system,No erosion control,Shrub,Leucaena trichandra Zucc. Urban,,Maize,Forage grass/shrub hedgerow w food crop,,,,,,,,,,,,,,,,,,,,,,,,,,,,,,,,,,,,,,16.8,14.7,79.5,46.6,77.4,37.5,67.5,29.6,16.5,12.3,79.6,29.7,79.3,28.6,78.9,9.7,,,,,,,,,,,,,,,,,t/ha/season,,,,,,,,18.3,20.8,"g/kg(10-20,s2)",,,,,,,,,,,,,,,,,,,,,,,,2.2,2.1,2,3.3,,,,,,,,,,,,,,,,,,,,,,,,,,,,,,,,,
19,1,1,3,"Guto, S.N., Pypers, P., Vanlauwe, B., de Ridder, N., Giller, K.E.",2011,Tillage and vegetative barrier effects on soil conservation and short-term economic benefits in the Central Kenya highlands,Field Crop Research,East Africa,On-farm trial,Kenya,"Kirege location, Chuka division",Mixed Rainfed Arid,Tropic - warm / subhumid,3,Improved integration into the cropping system,No barrier,Shrub,Leucaena trichandra Zucc. Urban,,Maize-soybean rotation,Forage grass/shrub hedgerow w food crop,,,,,,,,,,,,,,,,,,,,,,,,,,,,,,,,,,,,,,,,,,,,,,,,,,,,,,,,,,,,,,,,,,,,,,,,,,,,,,,,,,,,,,,,,,2047,3450,,,,,,,1.65,1.8,,,CumnetUSD/4seasons,,0.64,0.64,0.26,0.64,,,,,,,,,,,,,,,,,Soybean,Mg/ha/season,4.7,5.6,4,4.1,,,Maize,Mg/ha/season,,,,,,,
19,1,2,3,"Guto, S.N., Pypers, P., Vanlauwe, B., de Ridder, N., Giller, K.E.",2011,Tillage and vegetative barrier effects on soil conservation and short-term economic benefits in the Central Kenya highlands,Field Crop Research,East Africa,On-farm trial,Kenya,"Kirege location, Chuka division",Mixed Rainfed Arid,Tropic - warm / subhumid,3,Improved integration into the cropping system,No barrier,Shrub,Leucaena trichandra Zucc. Urban,,Maize-soybean rotation,Forage grass/shrub hedgerow w food crop,,,,,,,,,,,,,,,,,,,,,,,,,,,,,,,,,,,,,,,,,,,,,,,,,,,,,,,,,,,,,,,,,,,,,,,,,,,,,,,,,,,,,,,,,,2256,2990,,,,,,,1.52,1.46,,,CumnetUSD/4seasons,,0.62,0.6,0.35,0.39,,,,,,,,,,,,,,,,,Soybean,Mg/ha/season,5.9,5.4,4.1,3.6,,,Maize,Mg/ha/season,,,,,,,
29,1,1,2,"Niang, A., Styger, E., Gahamanyi, A., Hoekstra, D., Coe, R.",1998,Fodder-quality improvement through contour planting of legume-shrub / grass mixtures in croplands of Rwanda highlands,Agroforestry Systems,East Africa,On-farm trial,Rwanda,Bubereka Highlands,Mixed Rainfed Temperate,Tropic - cool / humid,3,Improved integration into the cropping system,Pennisetum purpureum,Shrub,Calliandra calothyrsus,,Wheat and beans,Forage grass/shrub hedgerow w food crop,26.7,15.5,,,,,,,,,,,,,,,,,,,kg/m/harvest,11.3,17.8,,,%ofDM(harvest),,,,,,,,,,,,,,,,,,,,,,,,,,,,,,,,,,,,,,,,,,,,,,,,,,,,,,,,,,,,,,,,,,,,,,,,,,,,,,0.509,0.771,0.097,0.246,0.475,0.517,,,,,,,,,,,,,,,Wheat,t/ha/season,0.58,0.46,0.211,0.34,0.155,0.191,Beans,,,,,,,,
29,1,1,3,"Niang, A., Styger, E., Gahamanyi, A., Hoekstra, D., Coe, R.",1998,Fodder-quality improvement through contour planting of legume-shrub / grass mixtures in croplands of Rwanda highlands,Agroforestry Systems,East Africa,On-farm trial,Rwanda,Bubereka Highlands,Mixed Rainfed Temperate,Tropic - cool / humid,3,Improved integration into the cropping system,Pennisetum purpureum,Shrub,Sesbania sesban,,Wheat and beans,Forage grass/shrub hedgerow w food crop,26.7,14.8,,,,,,,,,,,,,,,,,,,kg/m/harvest,11.3,16.2,,,%ofDM(harvest),,,,,,,,,,,,,,,,,,,,,,,,,,,,,,,,,,,,,,,,,,,,,,,,,,,,,,,,,,,,,,,,,,,,,,,,,,,,,,0.509,0.611,0.097,0.303,0.475,0.38,,,,,,,,,,,,,,,Wheat,t/ha/season,0.58,0.24,0.211,0.234,0.155,0.18,Beans,,,,,,,,
29,1,2,2,"Niang, A., Styger, E., Gahamanyi, A., Hoekstra, D., Coe, R.",1998,Fodder-quality improvement through contour planting of legume-shrub / grass mixtures in croplands of Rwanda highlands,Agroforestry Systems,East Africa,On-farm trial,Rwanda,Bubereka Highlands,Mixed Rainfed Temperate,Tropic - cool / humid,3,Improved integration into the cropping system,Setaria splendida,Shrub,Calliandra calothyrsus,,Wheat and beans,Forage grass/shrub hedgerow w food crop,6.5,7.9,,,,,,,,,,,,,,,,,,,kg/m/harvest,12.7,23.3,,,%ofDM(harvest)),,,,,,,,,,,,,,,,,,,,,,,,,,,,,,,,,,,,,,,,,,,,,,,,,,,,,,,,,,,,,,,,,,,,,,,,,,,,,,0.709,0.746,0.989,0.851,1.017,0.968,,,,,,,,,,,,,,,Wheat,t/ha/season,0.549,0.477,0.489,0.431,0.3,0.275,Beans,,,,,,,,
29,1,2,3,"Niang, A., Styger, E., Gahamanyi, A., Hoekstra, D., Coe, R.",1998,Fodder-quality improvement through contour planting of legume-shrub / grass mixtures in croplands of Rwanda highlands,Agroforestry Systems,East Africa,On-farm trial,Rwanda,Bubereka Highlands,Mixed Rainfed Temperate,Tropic - cool / humid,3,Improved integration into the cropping system,Setaria splendida,Shrub,Sesbania sesban,,Wheat and beans,Forage grass/shrub hedgerow w food crop,6.5,7.2,,,,,,,,,,,,,,,,,,,kg/m/harvest,12.7,20.4,,,%ofDM(harvest)),,,,,,,,,,,,,,,,,,,,,,,,,,,,,,,,,,,,,,,,,,,,,,,,,,,,,,,,,,,,,,,,,,,,,,,,,,,,,,0.709,0.623,0.989,0.571,1.017,1.12,,,,,,,,,,,,,,,Wheat,t/ha/season,0.549,0.271,0.489,0.329,0.3,0.274,Beans,,,,,,,,
30,1,1,3,"O’Neill, M., Angima, S., Duinker, B., Okoba, B.",2002,Fodder Production from Contour Hedges in the Central Kenyan Highlands Fodder Production from Contour Hedges in the Central Kenyan Highlands,Journal of Sustainable Agriculture,East Africa,On-station trial,Kenya,Embu,Urban,Tropic - cool / subhumid,2,Improved integration into the cropping system,No soil conservation measure,Shrub,Calliandra calothyrus,,Maize,Forage grass/shrub hedgerow w food crop,,,,,,,,,,,,,,,,,,,,,,,,,,,,,,,,,,,,,,,,0.06,0.08,,,,,,,3.05,1.79,,,,,6.6,4.37,17.98,12.25,11.65,8.06,80.68,41.7,0.05,0.02,1.81,2.72,51.25,38.36,21.13,6.4,Mg/ha/season,,,,,,,,,,,,,,,,,,,,,,,,,,,,,,,,,,3.99,4.33,0.83,0.12,6.7,7.76,4.86,5.06,4.05,4.4,8.05,8.22,4.67,5.7,0.64,0.55,2.23,1.86,8.06,7.51,Maize,Mg/ha/season,,,,,,,,,,,,,,,
56,1,1,2,"Gbaraneh , L., Ikpe, F., Larbi, A., Wahua, T.,Torunana, J.",2004,The Influence Of Lablab (Lablab purpureus) On Grain And Fodder Yield Of Maize (Zea mays) In A Humid Forest Region Of Nigeria,Journal of Applied Sciences and Environmental Management,West Africa,On-station trial,Nigeria,Onne,Other,Subtropic - warm / arid,4,Improved integration into the cropping system,Sole maize,Dual-purpose legume,Lablab purpureus,,Maize,Forage intercrop/relay w food crop,2.2,3.8,0.75,2.36,,,,,,,,,,,,,,,,,t/ha/season,,,,,,,,,,,,,,,,,,,,,,,,,,,,,,,,,,,,,,,,,,,,,,,,,,,,,,,,,,,,,,,,,,,,,,,,,,,,,,,,,,,,,,,,,,,,,,,,,,,,,,,,,,,,,,,,,,,,,,,
113,1,1,2,"Hassen, A., Gizachew, L., Rethman, N., van Niekerk, W.A.
Van Niekerk, W.",2007,"Influence of undersowing perennial forages in maize on grain, fodder yield and soil properties in the sub-humid region of western Ethiopia",African Journal of Range & Forage Science,East Africa,On-farm trial,Ethiopia,Bako Research Centre Western Ethiopia,Mixed Rainfed Temperate,Tropic - cool / subhumid,4,Improved integration into the cropping system,Sole maize,Grass,,Chloris gayana,,Forage intercrop/relay w food crop,7.96,12.4,,,,,,,,,,,,,,,,,,,t/ha/yr,,,,,,,,,,,,,,,,,,,,,,,,,,,,,,,,,,,,,,,,,,,,,,,,,,,,,,,,,,,,,,,,,,,,,,,,,,,,,,,,,,,5.2,6.5,,,,,,,,,,,,,,,,,,,Maize,t/ha/yr,,,,,,,,,,,,,,,
113,1,1,3,"Hassen, A., Gizachew, L., Rethman, N., van Niekerk, W.A.
Van Niekerk, W.",2007,"Influence of undersowing perennial forages in maize on grain, fodder yield and soil properties in the sub-humid region of western Ethiopia",African Journal of Range & Forage Science,East Africa,On-farm trial,Ethiopia,Bako Research Centre Western Ethiopia,Mixed Rainfed Temperate,Tropic - cool / subhumid,4,Improved integration into the cropping system,Sole maize,Herbaceous legume,Stylosanthes hamata,,,Forage intercrop/relay w food crop,7.96,11.02,,,,,,,,,,,,,,,,,,,t/ha/yr,,,,,,,,,,,,,,,,,,,,,,,,,,,,,,,,,,,,,,,,,,,,,,,,,,,,,,,,,,,,,,,,,,,,,,,,,,,,,,,,,,,5.2,7.64,,,,,,,,,,,,,,,,,,,Maize,t/ha/yr,,,,,,,,,,,,,,,
113,1,1,4,"Hassen, A., Gizachew, L., Rethman, N., van Niekerk, W.A.
Van Niekerk, W.",2007,"Influence of undersowing perennial forages in maize on grain, fodder yield and soil properties in the sub-humid region of western Ethiopia",African Journal of Range & Forage Science,East Africa,On-farm trial,Ethiopia,Bako Research Centre Western Ethiopia,Mixed Rainfed Temperate,Tropic - cool / subhumid,4,Improved integration into the cropping system,Sole maize,Herbaceous legume,Desmodium intortum,,,Forage intercrop/relay w food crop,7.96,10.83,,,,,,,,,,,,,,,,,,,t/ha/yr,,,,,,,,,,,,,,,,,,,,,,,,,,,,,,,,,,,,,,,,,,,,,,,,,,,,,,,,,,,,,,,,,,,,,,,,,,,,,,,,,,,5.2,7.54,,,,,,,,,,,,,,,,,,,Maize,t/ha/yr,,,,,,,,,,,,,,,
113,1,1,5,"Hassen, A., Gizachew, L., Rethman, N., van Niekerk, W.A.
Van Niekerk, W.",2007,"Influence of undersowing perennial forages in maize on grain, fodder yield and soil properties in the sub-humid region of western Ethiopia",African Journal of Range & Forage Science,East Africa,On-farm trial,Ethiopia,Bako Research Centre Western Ethiopia,Mixed Rainfed Temperate,Tropic - cool / subhumid,4,Improved integration into the cropping system,Sole maize,Herbaceous legume,Macrotyloma axillare,,,Forage intercrop/relay w food crop,7.96,11.82,,,,,,,,,,,,,,,,,,,t/ha/yr,,,,,,,,,,,,,,,,,,,,,,,,,,,,,,,,,,,,,,,,,,,,,,,,,,,,,,,,,,,,,,,,,,,,,,,,,,,,,,,,,,,5.2,7.53,,,,,,,,,,,,,,,,,,,Maize,t/ha/yr,,,,,,,,,,,,,,,
113,1,1,6,"Hassen, A., Gizachew, L., Rethman, N., van Niekerk, W.A.
Van Niekerk, W.",2007,"Influence of undersowing perennial forages in maize on grain, fodder yield and soil properties in the sub-humid region of western Ethiopia",African Journal of Range & Forage Science,East Africa,On-farm trial,Ethiopia,Bako Research Centre Western Ethiopia,Mixed Rainfed Temperate,Tropic - cool / subhumid,4,Improved integration into the cropping system,Sole maize,Herbaceous legume,Stylosanthes hamata,Chloris gayana,,Forage intercrop/relay w food crop,7.96,11.15,,,,,,,,,,,,,,,,,,,t/ha/yr,,,,,,,,,,,,,,,,,,,,,,,,,,,,,,,,,,,,,,,,,,,,,,,,,,,,,,,,,,,,,,,,,,,,,,,,,,,,,,,,,,,5.2,6.76,,,,,,,,,,,,,,,,,,,Maize,t/ha/yr,,,,,,,,,,,,,,,
113,1,1,7,"Hassen, A., Gizachew, L., Rethman, N., van Niekerk, W.A.
Van Niekerk, W.",2007,"Influence of undersowing perennial forages in maize on grain, fodder yield and soil properties in the sub-humid region of western Ethiopia",African Journal of Range & Forage Science,East Africa,On-farm trial,Ethiopia,Bako Research Centre Western Ethiopia,Mixed Rainfed Temperate,Tropic - cool / subhumid,4,Improved integration into the cropping system,Sole maize,Herbaceous legume,Desmodium intortum,Chloris gayana,,Forage intercrop/relay w food crop,7.96,11.48,,,,,,,,,,,,,,,,,,,t/ha/yr,,,,,,,,,,,,,,,,,,,,,,,,,,,,,,,,,,,,,,,,,,,,,,,,,,,,,,,,,,,,,,,,,,,,,,,,,,,,,,,,,,,5.2,6.49,,,,,,,,,,,,,,,,,,,Maize,t/ha/yr,,,,,,,,,,,,,,,
113,1,1,8,"Hassen, A., Gizachew, L., Rethman, N., van Niekerk, W.A.
Van Niekerk, W.",2007,"Influence of undersowing perennial forages in maize on grain, fodder yield and soil properties in the sub-humid region of western Ethiopia",African Journal of Range & Forage Science,East Africa,On-farm trial,Ethiopia,Bako Research Centre Western Ethiopia,Mixed Rainfed Temperate,Tropic - cool / subhumid,4,Improved integration into the cropping system,Sole maize,Herbaceous legume,Macrotyloma axillare,Chloris gayana,,Forage intercrop/relay w food crop,7.96,11.03,,,,,,,,,,,,,,,,,,,t/ha/yr,,,,,,,,,,,,,,,,,,,,,,,,,,,,,,,,,,,,,,,,,,,,,,,,,,,,,,,,,,,,,,,,,,,,,,,,,,,,,,,,,,,5.2,5.9,,,,,,,,,,,,,,,,,,,Maize,t/ha/yr,,,,,,,,,,,,,,,
56,1,1,3,"Gbaraneh , L., Ikpe, F., Larbi, A., Wahua, T.,Torunana, J.",2004,The Influence Of Lablab (Lablab purpureus) On Grain And Fodder Yield Of Maize (Zea mays) In A Humid Forest Region Of Nigeria,Journal of Applied Sciences and Environmental Management,West Africa,On-station trial,Nigeria,Onne,Other,Subtropic - warm / arid,4,Improved integration into the cropping system,Sole maize,Dual-purpose legume,Lablab purpureus,,Maize,Forage intercrop/relay w food crop,2.2,3.23,0.75,1.76,,,,,,,,,,,,,,,,,t/ha/season,,,,,,,,,,,,,,,,,,,,,,,,,,,,,,,,,,,,,,,,,,,,,,,,,,,,,,,,,,,,,,,,,,,,,,,,,,,,,,,,,,,,,,,,,,,,,,,,,,,,,,,,,,,,,,,,,,,,,,,
56,1,1,4,"Gbaraneh , L., Ikpe, F., Larbi, A., Wahua, T.,Torunana, J.",2004,The Influence Of Lablab (Lablab purpureus) On Grain And Fodder Yield Of Maize (Zea mays) In A Humid Forest Region Of Nigeria,Journal of Applied Sciences and Environmental Management,West Africa,On-station trial,Nigeria,Onne,Other,Subtropic - warm / arid,4,Improved integration into the cropping system,Sole maize,Dual-purpose legume,Lablab purpureus,,Maize,Forage intercrop/relay w food crop,2.2,2.63,0.75,1.29,,,,,,,,,,,,,,,,,t/ha/season,,,,,,,,,,,,,,,,,,,,,,,,,,,,,,,,,,,,,,,,,,,,,,,,,,,,,,,,,,,,,,,,,,,,,,,,,,,,,,,,,,,,,,,,,,,,,,,,,,,,,,,,,,,,,,,,,,,,,,,
56,1,1,5,"Gbaraneh , L., Ikpe, F., Larbi, A., Wahua, T.,Torunana, J.",2004,The Influence Of Lablab (Lablab purpureus) On Grain And Fodder Yield Of Maize (Zea mays) In A Humid Forest Region Of Nigeria,Journal of Applied Sciences and Environmental Management,West Africa,On-station trial,Nigeria,Onne,Other,Subtropic - warm / arid,4,Improved integration into the cropping system,Sole maize,Dual-purpose legume,Lablab purpureus,,Maize,Forage intercrop/relay w food crop,2.2,2.01,0.75,0.86,,,,,,,,,,,,,,,,,t/ha/season,,,,,,,,,,,,,,,,,,,,,,,,,,,,,,,,,,,,,,,,,,,,,,,,,,,,,,,,,,,,,,,,,,,,,,,,,,,,,,,,,,,,,,,,,,,,,,,,,,,,,,,,,,,,,,,,,,,,,,,
56,1,1,6,"Gbaraneh , L., Ikpe, F., Larbi, A., Wahua, T.,Torunana, J.",2004,The Influence Of Lablab (Lablab purpureus) On Grain And Fodder Yield Of Maize (Zea mays) In A Humid Forest Region Of Nigeria,Journal of Applied Sciences and Environmental Management,West Africa,On-station trial,Nigeria,Onne,Other,Subtropic - warm / arid,4,Improved integration into the cropping system,Sole maize,Dual-purpose legume,Lablab purpureus,,Maize,Forage intercrop/relay w food crop,2.2,1.59,0.75,0.76,,,,,,,,,,,,,,,,,t/ha/season,,,,,,,,,,,,,,,,,,,,,,,,,,,,,,,,,,,,,,,,,,,,,,,,,,,,,,,,,,,,,,,,,,,,,,,,,,,,,,,,,,,,,,,,,,,,,,,,,,,,,,,,,,,,,,,,,,,,,,,
58,1,1,2,Ayoub A.,1985,The potential contribution of some forage crops to the Nitrogen budget and animal feed in the Sudan Gezira farming system,"In Haque, I., Jutzi, S. and Neatte, P. (eds) (1985). Potentials of Forage Legumes in Farming Systems of Sub-Saharan Africa: Proceedings of a Workshop Held at ILCA, Addis Ababa, Ethiopia, 16-19 September 1985",East Africa,On-station trial,Sudan,Gezira,Mixed Rainfed Arid,Tropic - warm / semiarid,5,Improved integration into the cropping system,Sole sorghum,Dual-purpose legume,Lablab purpureus,,Sorghum,Forage intercrop/relay w food crop,,2.1,,,,,,,,,,,,,,,,,,,t/ha,,,,,,0,54.2,,,kg/ha,,,,,,,,,,,,,,,,,,,,,,,,,,,,,,,,,,,,,,,,,,,,,,,,,,,,,,,,,,,,,,,,,,,,,,,,,,,,,,,,,,,,,,,,,,,,,Sorghum,,,,,,,,,,7,3.9,,,,,tDM/ha
58,1,1,5,Ayoub A.,1985,The potential contribution of some forage crops to the Nitrogen budget and animal feed in the Sudan Gezira farming system,"In Haque, I., Jutzi, S. and Neatte, P. (eds) (1985). Potentials of Forage Legumes in Farming Systems of Sub-Saharan Africa: Proceedings of a Workshop Held at ILCA, Addis Ababa, Ethiopia, 16-19 September 1985",East Africa,On-station trial,Sudan,Gezira,Mixed Rainfed Arid,Tropic - warm / semiarid,5,Improved integration into the cropping system,Sole sorghum,Dual-purpose legume,Cajanus cajan,,Sorghum,Forage intercrop/relay w food crop,,0.9,,,,,,,,,,,,,,,,,,,t/ha,,,,,,0,18.9,,,kg/ha,,,,,,,,,,,,,,,,,,,,,,,,,,,,,,,,,,,,,,,,,,,,,,,,,,,,,,,,,,,,,,,,,,,,,,,,,,,,,,,,,,,,,,,,,,,,,Sorghum,,,,,,,,,,7,4.7,,,,,tDM/ha
66,1,1,3,"Kusekwa, M., Kyamanywa, R., Ngowi, M.",1992,Fitting forage legumes into the cropping systems of semi-arid Tanzania,"In Stares, J.E. et al (eds) (1992): The complementarity of feed resoures for Animal production in Africa",Southern Africa,On-station trial,Botswana,Mpwapwa,Urban,Tropic - cool / semiarid,,Improved integration into the cropping system,"Sole cereals (maize, millet and sorghum)",Dual-purpose legume,Lablab purpureus (red),,"Maize, millet and sorghum",Forage intercrop/relay w food crop,,2.1,,,,,,,,,,,,,,,,,,,t/ha/season,,,,,,,,,,,,,,,,,,,,,,,,,,,,,,,,,,,,,,,,,,,,,,,,,,,,,,,,,,,,,,,,,,,,,,,,,,,,,,,,,,,3.7,3.4,3.6,3.4,,,,,,,,,,,,,,,,,"Maize, millet, sorghum",t/ha/season,,,,,,,,,5.1,5.1,5.3,5,,,t/ha/season
66,1,1,4,"Kusekwa, M., Kyamanywa, R., Ngowi, M.",1992,Fitting forage legumes into the cropping systems of semi-arid Tanzania,"In Stares, J.E. et al (eds) (1992): The complementarity of feed resoures for Animal production in Africa",Southern Africa,On-station trial,Botswana,Mpwapwa,Urban,Tropic - cool / semiarid,,Improved integration into the cropping system,"Sole cereals (maize, millet and sorghum)",Dual-purpose legume,Lablab purpureus cv. Rongai,,"Maize, millet and sorghum",Forage intercrop/relay w food crop,,9.8,,,,,,,,,,,,,,,,,,,t/ha/season,,,,,,,,,,,,,,,,,,,,,,,,,,,,,,,,,,,,,,,,,,,,,,,,,,,,,,,,,,,,,,,,,,,,,,,,,,,,,,,,,,,3.7,2.8,,,,,,,,,,,,,,,,,,,"Maize, millet, sorghum",t/ha/season,,,,,,,,,5.1,4.3,,,,,t/ha/season
72,1,1,2,"Njarui, M.",2007,Enhancing livestock feed supply by integrating selected forage legumes in semi-arid region of Eastern Kenya,"PhD thesis Egerton University, Kenya",East Africa,On-station trial,Kenya,Katumani,Mixed Rainfed Humid,Tropic - cool / semiarid,3,Improved integration into the cropping system,Maize with natural fallow,Dual-purpose legume,Lablab purpureus Sweet cv. Rongai,,Maize,Forage intercrop/relay w food crop,1943,2762,,,2576,5768,,,2235,1688,,,,,,,,,,,kg/ha/season,,,1.67,1.56,%ofDM(season),9,11,5,8,kg/ha,,,,,,,,,,,,,,,,,,,,,,,,,,,,,,,,,,,,,,,,,,,,,,,,,,35591,,,,,,,,TotgrossUSD/ha/yr,,,,,,,,,,,,,NetKSH/ha/yr,78,2368,4235,,,1380,1912,,,,,,,,,,,,,,,Maize,kgDM/ha/dryseason,,,,,,,,,3299,4442,1109,1449,1970,3237,kgDM/ha/dryseason
72,1,1,3,"Njarui, M.",2007,Enhancing livestock feed supply by integrating selected forage legumes in semi-arid region of Eastern Kenya,"PhD thesis Egerton University, Kenya",East Africa,On-station trial,Kenya,Katumani,Mixed Rainfed Humid,Tropic - cool / semiarid,3,Improved integration into the cropping system,Maize with natural fallow,Dual-purpose legume,Lablab purpureus Sweet cv. Rongai,,Maize,Forage intercrop/relay w food crop,1943,2706,,,2576,5756,,,2235,1717,,,,,,,,,,,kg/ha/season,,,1.67,1.72,%ofDM(season),9,11,5,8,kg/ha,,,,,,,,,,,,,,,,,,,,,,,,,,,,,,,,,,,,,,,,,,,,,,,,,,35591,57658,,,,,,,TotgrossUSD/ha/yr,10788,28221,,,,,,,1.43,1.96,,,NetKSH/ha/yr,78,2368,3413,,,1380,1931,,,,,,,,,,,,,,,Maize,kgDM/ha/dryseason,,,,,,,,,3299,4141,1109,1497,1970,2867,kgDM/ha/dryseason
72,1,1,4,"Njarui, M.",2007,Enhancing livestock feed supply by integrating selected forage legumes in semi-arid region of Eastern Kenya,"PhD thesis Egerton University, Kenya",East Africa,On-station trial,Kenya,Katumani,Mixed Rainfed Humid,Tropic - cool / semiarid,3,Improved integration into the cropping system,Maize with natural fallow,Dual-purpose legume,Lablab purpureus Sweet cv. Rongai,,Maize,Forage intercrop/relay w food crop,1943,2778,,,2576,6148,,,2235,1608,,,,,,,,,,,kg/ha/season,,,1.67,1.35,%ofDM(season),9,8,5,5,kg/ha,,,,,,,,,,,,,,,,,,,,,,,,,,,,,,,,,,,,,,,,,,,,,,,,,,35591,,,,,,,,TotgrossUSD/ha/yr,,,,,,,,,,,,,NetKSH/ha/yr,78,2368,3060,,,1380,1587,,,,,,,,,,,,,,,Maize,kgDM/ha/dryseason,,,,,,,,,3299,3743,1109,1234,1970,2491,kgDM/ha/dryseason
91,1,1,2,"Mpangane, P., Ayisi, K., Mishiyi, M., Witbread, A.",2004,Grain yield of maize grown in sole and binary cultures with cowpea and lablab in the Limpopo province of South Africa,"In Whitbread, A. and Bruce C (2004). Tropical Legumes for Sustainable Farming Systems in Southern Africa and Australia",Southern Africa,On-farm trial,South Africa,Syferkuil,Urban,Tropic - cool / semiarid,4,Improved integration into the cropping system,Sole maize,Dual-purpose legume,Vigna unguiculata Bechuana White,,Maize,Forage intercrop/relay w food crop,,,,,,,,,,,,,,,,,,,,,,,,,,,,,,,,,,,,,,,,,,,,,,,,,,,,,,,,,,,,,,,,,,,,,,,,,,,,,,,,,,,,,,,,,,,,,,,,,,,,,,,,1238,172,,,,,,,,,,,,,,,,,,,Maize,kg/ha/yr,,,,,,,,,,,,,,,
91,1,1,3,"Mpangane, P., Ayisi, K., Mishiyi, M., Witbread, A.",2004,Grain yield of maize grown in sole and binary cultures with cowpea and lablab in the Limpopo province of South Africa,"In Whitbread, A. and Bruce C (2004). Tropical Legumes for Sustainable Farming Systems in Southern Africa and Australia",Southern Africa,On-farm trial,South Africa,Syferkuil,Urban,Tropic - cool / semiarid,4,Improved integration into the cropping system,Sole maize,Dual-purpose legume,Vigna unguiculata cv. Glenda,,Maize,Forage intercrop/relay w food crop,,,,,,,,,,,,,,,,,,,,,,,,,,,,,,,,,,,,,,,,,,,,,,,,,,,,,,,,,,,,,,,,,,,,,,,,,,,,,,,,,,,,,,,,,,,,,,,,,,,,,,,,1238,330,,,,,,,,,,,,,,,,,,,Maize,kg/ha/yr,,,,,,,,,,,,,,,
91,1,1,4,"Mpangane, P., Ayisi, K., Mishiyi, M., Witbread, A.",2004,Grain yield of maize grown in sole and binary cultures with cowpea and lablab in the Limpopo province of South Africa,"In Whitbread, A. and Bruce C (2004). Tropical Legumes for Sustainable Farming Systems in Southern Africa and Australia",Southern Africa,On-farm trial,South Africa,Syferkuil,Urban,Tropic - cool / semiarid,4,Improved integration into the cropping system,Sole maize,Dual-purpose legume,Lablab purpureus  cv. Rongai,,Maize,Forage intercrop/relay w food crop,,,,,,,,,,,,,,,,,,,,,,,,,,,,,,,,,,,,,,,,,,,,,,,,,,,,,,,,,,,,,,,,,,,,,,,,,,,,,,,,,,,,,,,,,,,,,,,,,,,,,,,,1238,172,,,,,,,,,,,,,,,,,,,Maize,kg/ha/yr,,,,,,,,,,,,,,,
91,1,1,5,"Mpangane, P., Ayisi, K., Mishiyi, M., Witbread, A.",2004,Grain yield of maize grown in sole and binary cultures with cowpea and lablab in the Limpopo province of South Africa,"In Whitbread, A. and Bruce C (2004). Tropical Legumes for Sustainable Farming Systems in Southern Africa and Australia",Southern Africa,On-farm trial,South Africa,Syferkuil,Urban,Tropic - cool / semiarid,4,Improved integration into the cropping system,Sole maize,Dual-purpose legume,Lablab purpureus cv. Common,,Maize,Forage intercrop/relay w food crop,,,,,,,,,,,,,,,,,,,,,,,,,,,,,,,,,,,,,,,,,,,,,,,,,,,,,,,,,,,,,,,,,,,,,,,,,,,,,,,,,,,,,,,,,,,,,,,,,,,,,,,,1238,44,,,,,,,,,,,,,,,,,,,Maize,kg/ha/yr,,,,,,,,,,,,,,,
91,2,1,2,"Mpangane, P., Ayisi, K., Mishiyi, M., Witbread, A.",2004,Grain yield of maize grown in sole and binary cultures with cowpea and lablab in the Limpopo province of South Africa,"In Whitbread, A. and Bruce C (2004). Tropical Legumes for Sustainable Farming Systems in Southern Africa and Australia",Southern Africa,On-farm trial,South Africa,Dalmada,Urban,Tropic - cool / semiarid,4,Improved integration into the cropping system,Sole maize,Dual-purpose legume,Vigna unguiculata Bechuana White,,Maize,Forage intercrop/relay w food crop,,,,,,,,,,,,,,,,,,,,,,,,,,,,,,,,,,,,,,,,,,,,,,,,,,,,,,,,,,,,,,,,,,,,,,,,,,,,,,,,,,,,,,,,,,,,,,,,,,,,,,,,1420,455,,,,,,,,,,,,,,,,,,,Maize,kg/ha/yr,,,,,,,,,,,,,,,
91,2,1,3,"Mpangane, P., Ayisi, K., Mishiyi, M., Witbread, A.",2004,Grain yield of maize grown in sole and binary cultures with cowpea and lablab in the Limpopo province of South Africa,"In Whitbread, A. and Bruce C (2004). Tropical Legumes for Sustainable Farming Systems in Southern Africa and Australia",Southern Africa,On-farm trial,South Africa,Dalmada,Urban,Tropic - cool / semiarid,4,Improved integration into the cropping system,Sole maize,Dual-purpose legume,Vigna unguiculata cv. Glenda,,Maize,Forage intercrop/relay w food crop,,,,,,,,,,,,,,,,,,,,,,,,,,,,,,,,,,,,,,,,,,,,,,,,,,,,,,,,,,,,,,,,,,,,,,,,,,,,,,,,,,,,,,,,,,,,,,,,,,,,,,,,1420,1213,,,,,,,,,,,,,,,,,,,Maize,kg/ha/yr,,,,,,,,,,,,,,,
91,2,1,4,"Mpangane, P., Ayisi, K., Mishiyi, M., Witbread, A.",2004,Grain yield of maize grown in sole and binary cultures with cowpea and lablab in the Limpopo province of South Africa,"In Whitbread, A. and Bruce C (2004). Tropical Legumes for Sustainable Farming Systems in Southern Africa and Australia",Southern Africa,On-farm trial,South Africa,Dalmada,Urban,Tropic - cool / semiarid,4,Improved integration into the cropping system,Sole maize,Dual-purpose legume,Lablab purpureus cv. Rongai,,Maize,Forage intercrop/relay w food crop,,,,,,,,,,,,,,,,,,,,,,,,,,,,,,,,,,,,,,,,,,,,,,,,,,,,,,,,,,,,,,,,,,,,,,,,,,,,,,,,,,,,,,,,,,,,,,,,,,,,,,,,1420,595,,,,,,,,,,,,,,,,,,,Maize,kg/ha/yr,,,,,,,,,,,,,,,
91,2,1,5,"Mpangane, P., Ayisi, K., Mishiyi, M., Witbread, A.",2004,Grain yield of maize grown in sole and binary cultures with cowpea and lablab in the Limpopo province of South Africa,"In Whitbread, A. and Bruce C (2004). Tropical Legumes for Sustainable Farming Systems in Southern Africa and Australia",Southern Africa,On-farm trial,South Africa,Dalmada,Urban,Tropic - cool / semiarid,4,Improved integration into the cropping system,Sole maize,Dual-purpose legume,Lablab purpureus cv. Common,,Maize,Forage intercrop/relay w food crop,,,,,,,,,,,,,,,,,,,,,,,,,,,,,,,,,,,,,,,,,,,,,,,,,,,,,,,,,,,,,,,,,,,,,,,,,,,,,,,,,,,,,,,,,,,,,,,,,,,,,,,,1420,168,,,,,,,,,,,,,,,,,,,Maize,kg/ha/yr,,,,,,,,,,,,,,,
96,1,1,2,"Kabirizi, J., Taabu, L., Kigongo, J., Namazzi, C., Ebiyau, G., Oketayot, J., Ogwal, S.",2010,The contribution of women to food and fodder production in war affected areas of Gulu District in Uganda,"In: Proceedings of Second RUFORUM Biennial Meeting 20 - 24 September 2010, Entebbe, Ug",East Africa,On-farm trial,Uganda,Gulu,Urban,Tropic - warm / humid,,Improved integration into the cropping system,Sorghum,Dual-purpose legume,Lablab purpureus,,Sorghum,Forage intercrop/relay w food crop,1446,1652,,,,,,,,,,,,,,,,,,,kg/ha,4.4,6.6,,,%DM,,,,,,,,,,,,,,,,,,,,,,,,,,,,,,,,,,,,,,,,,,,,,,,,,,,,,,,,,,,,,,,,,,,,,,,,,,,,,,1239,1311,,,,,,,,,,,,,,,,,,,Sorghum,kg/ha/yr,,,,,,,,,,,,,,,
97,1,2,2,"Kabirizi, J.",2009,"Participatory testing of forage legume innovations with women farmers in Masaka District, Uganda: Impact on fodder availability, animal performance and household income",In. Urama K. et al (2009). Agricultural innovations for sustainable development.Vol. 2 issue 1. African Technology Policy Studies Network. Pp.79,East Africa,Feeding trial and on-farm trial,Uganda,Masaka,Mixed Rainfed Humid,Tropic - cool / subhumid,12,Improved integration into the cropping system,Sole maize,Dual-purpose legume,Lablab purpureus,,Maize,Forage intercrop/relay w food crop,4373.2,5485.2,,,,,,,,,,,,,,,,,,,kg/ha,4,7.7,,,,,,,,,,,,,,,,,,,,,,,,,,,,,,,,,,,,,,,,,,,,,,,,,,,,,,,,,,,,,,,,,,,,,,,,,,,,,,,,,2912.1,3115.4,,,,,,,,,,,,,,,,,,,Maize,kg/ha/yr,,,,,,,,,,,,,,,
106,1,1,2,"Mupangwa, W., Nemasasi, H., Muchadeyi, R., Manyawu, G.",2003,Residual effects of forage legumes on subsequent maize yields and soil fertility in smallholder farming sector of Zimbabwe,"In Waddington, S.R (Ed) (2003). Grain legumes and green manures for soil fertility in Southern Africa: Taking Stock of Progress. Proceedings of a conference held 8-11 October 2002 in Vumba, Zimbabwe. Soil Fert Net and CIMMYT, Harare, Zimbabwe. 246 p.",Southern Africa,On-farm trial,Zimbabwe,"Chamatendre, Madzimbabwe and Buhera wards in Wedza and Gaza Munyanyi Districts",Mixed Rainfed Arid,Tropic - cool / semiarid,3,Improved integration into the cropping system,Sole maize,Dual-purpose legume,Vigna unguiculata,,Maize,Forage intercrop/relay w food crop,,,,,,,,,,,,,,,,,,,,,,,,,,,,,,,,,,,,,,,,,,,,,,,,,,,,,,,,,,,,,,,,,,,,,,,,,,,,,,0.47,0.5,%,,,,,,,,,,,,,,,,,,,,,,,,2.27,4.64,,,,,,,,,,,,,,,,,,,Maize,t/ha/season,,,,,,,,,,,,,,,
106,1,1,4,"Mupangwa, W., Nemasasi, H., Muchadeyi, R., Manyawu, G.",2003,Residual effects of forage legumes on subsequent maize yields and soil fertility in smallholder farming sector of Zimbabwe,"In Waddington, S.R (Ed) (2003). Grain legumes and green manures for soil fertility in Southern Africa: Taking Stock of Progress. Proceedings of a conference held 8-11 October 2002 in Vumba, Zimbabwe. Soil Fert Net and CIMMYT, Harare, Zimbabwe. 246 p.",Southern Africa,On-farm trial,Zimbabwe,"Chamatendre, Madzimbabwe and Buhera wards in Wedza and Gaza Munyanyi Districts",Mixed Rainfed Arid,Tropic - cool / semiarid,3,Improved integration into the cropping system,Sole maize,Dual-purpose legume,Lablab purpureus,,Maize,Forage intercrop/relay w food crop,,,,,,,,,,,,,,,,,,,,,,,,,,,,,,,,,,,,,,,,,,,,,,,,,,,,,,,,,,,,,,,,,,,,,,,,,,,,,,0.47,0.52,%,,,,,,,,,,,,,,,,,,,,,,,,2.27,3.93,,,,,,,,,,,,,,,,,,,Maize,t/ha/season,,,,,,,,,,,,,,,
106,2,1,2,"Mupangwa, W., Nemasasi, H., Muchadeyi, R., Manyawu, G.",2003,Residual effects of forage legumes on subsequent maize yields and soil fertility in smallholder farming sector of Zimbabwe,"In Waddington, S.R (Ed) (2003). Grain legumes and green manures for soil fertility in Southern Africa: Taking Stock of Progress. Proceedings of a conference held 8-11 October 2002 in Vumba, Zimbabwe. Soil Fert Net and CIMMYT, Harare, Zimbabwe. 246 p.",Southern Africa,On-farm trial,Zimbabwe,Chamatendre,Mixed Rainfed Arid,Tropic - cool / semiarid,3,Improved integration into the cropping system,Sole maize,Dual-purpose legume,Vigna unguiculata,,Maize,Forage intercrop/relay w food crop,,,,,,,,,,,,,,,,,,,,,,,,,,,,,,,,,,,,,,,,,,,,,,,,,,,,,,,,,,,,,,,,,,,,,,,,,,,,,,0.38,0.36,%,,,,,,,,,,,,,,,,,,,,,,,,1.5,1.65,,,,,,,,,,,,,,,,,,,Maize,t/ha/season,,,,,,,,,,,,,,,
106,2,1,4,"Mupangwa, W., Nemasasi, H., Muchadeyi, R., Manyawu, G.",2003,Residual effects of forage legumes on subsequent maize yields and soil fertility in smallholder farming sector of Zimbabwe,"In Waddington, S.R (Ed) (2003). Grain legumes and green manures for soil fertility in Southern Africa: Taking Stock of Progress. Proceedings of a conference held 8-11 October 2002 in Vumba, Zimbabwe. Soil Fert Net and CIMMYT, Harare, Zimbabwe. 246 p.",Southern Africa,On-farm trial,Zimbabwe,Chamatendre,Mixed Rainfed Arid,Tropic - cool / semiarid,3,Improved integration into the cropping system,Sole maize,Dual-purpose legume,Lablab purpureus,,Maize,Forage intercrop/relay w food crop,,,,,,,,,,,,,,,,,,,,,,,,,,,,,,,,,,,,,,,,,,,,,,,,,,,,,,,,,,,,,,,,,,,,,,,,,,,,,,0.38,0.28,%,,,,,,,,,,,,,,,,,,,,,,,,1.5,1.89,,,,,,,,,,,,,,,,,,,Maize,t/ha/season,,,,,,,,,,,,,,,
106,3,1,2,"Mupangwa, W., Nemasasi, H., Muchadeyi, R., Manyawu, G.",2003,Residual effects of forage legumes on subsequent maize yields and soil fertility in smallholder farming sector of Zimbabwe,"In Waddington, S.R (Ed) (2003). Grain legumes and green manures for soil fertility in Southern Africa: Taking Stock of Progress. Proceedings of a conference held 8-11 October 2002 in Vumba, Zimbabwe. Soil Fert Net and CIMMYT, Harare, Zimbabwe. 246 p.",Southern Africa,On-farm trial,Zimbabwe,Gaza Munyanyi Districts,Mixed Rainfed Arid,Tropic - cool / semiarid,3,Improved integration into the cropping system,Sole maize,Dual-purpose legume,Vigna unguiculata,,Maize,Forage intercrop/relay w food crop,,,,,,,,,,,,,,,,,,,,,,,,,,,,,,,,,,,,,,,,,,,,,,,,,,,,,,,,,,,,,,,,,,,,,,,,,,,,,,0.24,0.38,%,,,,,,,,,,,,,,,,,,,,,,,,0.67,1.75,,,,,,,,,,,,,,,,,,,Maize,t/ha/season,,,,,,,,,,,,,,,
106,3,1,3,"Mupangwa, W., Nemasasi, H., Muchadeyi, R., Manyawu, G.",2003,Residual effects of forage legumes on subsequent maize yields and soil fertility in smallholder farming sector of Zimbabwe,"In Waddington, S.R (Ed) (2003). Grain legumes and green manures for soil fertility in Southern Africa: Taking Stock of Progress. Proceedings of a conference held 8-11 October 2002 in Vumba, Zimbabwe. Soil Fert Net and CIMMYT, Harare, Zimbabwe. 246 p.",Southern Africa,On-farm trial,Zimbabwe,Gaza Munyanyi Districts,Mixed Rainfed Arid,Tropic - cool / semiarid,3,Improved integration into the cropping system,Sole maize,Dual-purpose legume,Lablab purpureus,,Maize,Forage intercrop/relay w food crop,,,,,,,,,,,,,,,,,,,,,,,,,,,,,,,,,,,,,,,,,,,,,,,,,,,,,,,,,,,,,,,,,,,,,,,,,,,,,,0.24,0.25,%,,,,,,,,,,,,,,,,,,,,,,,,0.67,0.88,,,,,,,,,,,,,,,,,,,Maize,t/ha/season,,,,,,,,,,,,,,,
41,1,1,2,"Khan Z.,  Midega, C., Wanyama, J., Amudavi, D., Hassanali, A., Pittchar, J., Pickett, J.",2009,Integration of edible beans (Phaseolus vulgaris L.) into the push–pull technology developed for stemborer and Striga control in maize-based cropping systems,Crop Protection,East Africa,On-station trial,Kenya,"Mbita, Suba, Nyanza",Mixed Rainfed Humid,Tropic - warm / humid,4,Improved integration into the cropping system,Sole maize,Herbaceous legume,Desmodium spp.,,,Forage intercrop/relay w food crop,,,,,,,,,,,,,,,,,,,,,,,,,,,,,,,,,,,,,,,,,,,,,,,,,,,,,,,,,,,,,,,,,,,,,,,,,,,,,,,,,,,672.8,1736.2,667.7,1967.3,,,TotUSD/ha/season,-126.7,730.3,-176.1,940.4,,,,,0.8,1.7,0.8,1.9,TotgrossUSD/ha/season,,2.8,4.9,2.9,5,,,,,,,,,,,,,,,,,Maize,t/ha/season,,,,,,,,,,,,,,,
41,2,1,2,"Khan Z.,  Midega, C., Wanyama, J., Amudavi, D., Hassanali, A., Pittchar, J., Pickett, J.",2009,Integration of edible beans (Phaseolus vulgaris L.) into the push–pull technology developed for stemborer and Striga control in maize-based cropping systems,Crop Protection,East Africa,On-station trial,Kenya,"Mbita, Suba, Nyanza",Mixed Rainfed Humid,Tropic - warm / humid,4,Improved integration into the cropping system,Sole maize,Herbaceous legume,Desmodium spp.,,Maize,Forage intercrop/relay w food crop,,,,,,,,,,,,,,,,,,,,,,,,,,,,,,,,,,,,,,,,,,,,,,,,,,,,,,,,,,,,,,,,,,,,,,,,,,,,,,,,,847.2,2296.9,822.4,2393,,,,,TotUSD/ha/season,91.2,1272.8,49.9,1431.9,,,,,1.1,2.2,1.1,2.5,TotgrossUSD/ha/season,,3.5,5.4,3.5,5.6,,,,,,,,,,,,,,,,,Maize,t/ha/season,,,,,,,,,,,,,,,
42,1,1,2,"Khan Z., Hassanali, A., Khamis, T., Overholt, W. Hooper, A., Pickett, J., Wahams, L. and Woodcock, C.",2002,"Control of witchweed Striga hermonthica by intercropping with Desmodium spp., and the mechanism defined as allelopathic.",Journal of Chemical Ecology,East Africa,On-station trial,Kenya,"Mbita, Suba, Nyanza",Mixed Rainfed Humid,Tropic - warm / humid,6,Improved integration into the cropping system,Sole maize,Herbaceous legume,Desmodium uncinatum,,Maize,Forage intercrop/relay w food crop,,,,,,,,,,,,,,,,,,,,,,,,,,,,,,,,,,,,,,,,,,,,,,,,,,,,,,,,,,,,,,,,,,,,,,,,,,,,,,,,,,,,,,,,,,,,,,,,,,,,,,,,3.4,5.8,,,,,,,,,,,,,,,,,,,Maize,t/ha/season,,,,,,,,,,,,,,,
42,1,1,3,"Khan Z., Hassanali, A., Khamis, T., Overholt, W. Hooper, A., Pickett, J., Wahams, L. and Woodcock, C.",2002,"Control of witchweed Striga hermonthica by intercropping with Desmodium spp., and the mechanism defined as allelopathic.",Journal of Chemical Ecology,East Africa,On-station trial,Kenya,"Mbita, Suba, Nyanza",Mixed Rainfed Humid,Tropic - warm / humid,6,Improved integration into the cropping system,Sole maize,Herbaceous legume,Desmodium intortum,,Maize,Forage intercrop/relay w food crop,,,,,,,,,,,,,,,,,,,,,,,,,,,,,,,,,,,,,,,,,,,,,,,,,,,,,,,,,,,,,,,,,,,,,,,,,,,,,,,,,,,,,,,,,,,,,,,,,,,,,,,,3.4,6,,,,,,,,,,,,,,,,,,,Maize,t/ha/season,,,,,,,,,,,,,,,
42,1,2,2,"Khan Z., Hassanali, A., Khamis, T., Overholt, W. Hooper, A., Pickett, J., Wahams, L. and Woodcock, C.",2002,"Control of witchweed Striga hermonthica by intercropping with Desmodium spp., and the mechanism defined as allelopathic.",Journal of Chemical Ecology,East Africa,On-station trial,Kenya,"Mbita, Suba, Nyanza",Mixed Rainfed Humid,Tropic - warm / humid,6,Improved integration into the cropping system,Sole maize,Herbaceous legume,Desmodium uncinatum,,Maize,Forage intercrop/relay w food crop,,,,,,,,,,,,,,,,,,,,,,,,,,,,,,,,,,,,,,,,,,,,,,,,,,,,,,,,,,,,,,,,,,,,,,,,,,,,,,,,,,,,,,,,,,,,,,,,,,,,,,,,3.62,4.7,2.53,5.2,,,,,,,,,,,,,,,,,Maize,t/ha/season,,,,,,,,,,,,,,,
58,1,1,3,Ayoub A.,1985,The potential contribution of some forage crops to the Nitrogen budget and animal feed in the Sudan Gezira farming system,"In Haque, I., Jutzi, S. and Neatte, P. (eds) (1985). Potentials of Forage Legumes in Farming Systems of Sub-Saharan Africa: Proceedings of a Workshop Held at ILCA, Addis Ababa, Ethiopia, 16-19 September 1985",East Africa,On-station trial,Sudan,Gezira,Mixed Rainfed Arid,Tropic - warm / semiarid,5,Improved integration into the cropping system,Sole sorghum,Herbaceous legume,Phaseolus trilobus,,Sorghum,Forage intercrop/relay w food crop,,1,,,,,,,,,,,,,,,,,,,t/ha,,,,,,0,27.3,,,kg/ha,,,,,,,,,,,,,,,,,,,,,,,,,,,,,,,,,,,,,,,,,,,,,,,,,,,,,,,,,,,,,,,,,,,,,,,,,,,,,,,,,,,,,,,,,,,,,Sorghum,,,,,,,,,,7,4.9,,,,,tDM/ha
58,1,1,4,Ayoub A.,1985,The potential contribution of some forage crops to the Nitrogen budget and animal feed in the Sudan Gezira farming system,"In Haque, I., Jutzi, S. and Neatte, P. (eds) (1985). Potentials of Forage Legumes in Farming Systems of Sub-Saharan Africa: Proceedings of a Workshop Held at ILCA, Addis Ababa, Ethiopia, 16-19 September 1985",East Africa,On-station trial,Sudan,Gezira,Mixed Rainfed Arid,Tropic - warm / semiarid,5,Improved integration into the cropping system,Sole sorghum,Herbaceous legume,Clitoria ternata,,Sorghum,Forage intercrop/relay w food crop,,0.6,,,,,,,,,,,,,,,,,,,t/ha,,,,,,0,15.1,,,kg/ha,,,,,,,,,,,,,,,,,,,,,,,,,,,,,,,,,,,,,,,,,,,,,,,,,,,,,,,,,,,,,,,,,,,,,,,,,,,,,,,,,,,,,,,,,,,,,Sorghum,,,,,,,,,,7,4.9,,,,,tDM/ha
65,1,1,2,"Kouame, C., Hoefs, S., Powell, J., Roxas, D., Renards, C.",1991,Intercrop Stylosanthes effects on millet yields and animal performance in the Sahel,"In Stares, J.E. et al (eds) (1992): The complementarity of feed resoures for Animal production in Africa",West Africa,On-station trial,Niger,Sadore,Rangelands Arid,Tropic - warm / semiarid,4,Improved integration into the cropping system,Pure millet,Herbaceous legume,Stylosanthes fruticosa,,Millet,Forage intercrop/relay w food crop,2662,3246,3204,3752,,,,,,,,,,,,,,,,,kg/ha,5.7,9.3,2.9,7.3,%ofDM(yr),,,,,,,,,,,,,,,,,,,,,,,,,,,,,,,,,,,,,,,,,,,,,,,,,,,,,,,,,,,,,,,,,,,,,,,,,,,,,,1080,805,591,407,,,,,,,,,,,,,,,,,Millet,kg/ha/yr,,,,,,,,,,,,,,,
65,1,1,3,"Kouame, C., Hoefs, S., Powell, J., Roxas, D., Renards, C.",1991,Intercrop Stylosanthes effects on millet yields and animal performance in the Sahel,"In Stares, J.E. et al (eds) (1992): The complementarity of feed resoures for Animal production in Africa",West Africa,On-station trial,Niger,Sadore,Rangelands Arid,Tropic - warm / semiarid,4,Improved integration into the cropping system,Pure millet,Herbaceous legume,Stylosanthes hamata,,Millet,Forage intercrop/relay w food crop,2662,5704,3204,4350,,,,,,,,,,,,,,,,,kg/ha,5.7,10.9,2.9,9.5,%ofDM(yr),,,,,,,,,,,,,,,,,,,,,,,,,,,,,,,,,,,,,,,,,,,,,,,,,,,,,,,,,,,,,,,,,,,,,,,,,,,,,,1080,1020,591,414,,,,,,,,,,,,,,,,,Millet,kg/ha/yr,,,,,,,,,,,,,,,
65,1,1,4,"Kouame, C., Hoefs, S., Powell, J., Roxas, D., Renards, C.",1991,Intercrop Stylosanthes effects on millet yields and animal performance in the Sahel,"In Stares, J.E. et al (eds) (1992): The complementarity of feed resoures for Animal production in Africa",West Africa,On-station trial,Niger,Sadore,Rangelands Arid,Tropic - warm / semiarid,4,Improved integration into the cropping system,Pure millet,Herbaceous legume,Stylosanthes fruticosa,,Millet,Forage intercrop/relay w food crop,2662,3126,3204,2999,,,,,,,,,,,,,,,,,kg/ha,5.7,11.1,2.9,6.2,%ofDM(yr),,,,,,,,,,,,,,,,,,,,,,,,,,,,,,,,,,,,,,,,,,,,,,,,,,,,,,,,,,,,,,,,,,,,,,,,,,,,,,1080,613,591,539,,,,,,,,,,,,,,,,,Millet,kg/ha/yr,,,,,,,,,,,,,,,
65,1,1,5,"Kouame, C., Hoefs, S., Powell, J., Roxas, D., Renards, C.",1991,Intercrop Stylosanthes effects on millet yields and animal performance in the Sahel,"In Stares, J.E. et al (eds) (1992): The complementarity of feed resoures for Animal production in Africa",West Africa,On-station trial,Niger,Sadore,Rangelands Arid,Tropic - warm / semiarid,4,Improved integration into the cropping system,Pure millet,Herbaceous legume,Stylosanthes hamata,,Millet,Forage intercrop/relay w food crop,2662,4936,3204,3579,,,,,,,,,,,,,,,,,kg/ha,5.7,11.2,2.9,8.5,%ofDM(yr),,,,,,,,,,,,,,,,,,,,,,,,,,,,,,,,,,,,,,,,,,,,,,,,,,,,,,,,,,,,,,,,,,,,,,,,,,,,,,1080,246,591,341,,,,,,,,,,,,,,,,,Millet,kg/ha/yr,,,,,,,,,,,,,,,
66,1,1,2,"Kusekwa, M., Kyamanywa, R., Ngowi, M.",1992,Fitting forage legumes into the cropping systems of semi-arid Tanzania,"In Stares, J.E. et al (eds) (1992): The complementarity of feed resoures for Animal production in Africa",Southern Africa,On-station trial,Botswana,Mpwapwa,Urban,Tropic - cool / semiarid,,Improved integration into the cropping system,"Sole cereals (maize, millet and sorghum)",Herbaceous legume,Stylosanthes hamata cv. Verano,,"Maize, millet and sorghum",Forage intercrop/relay w food crop,,1,,,,,,,,,,,,,,,,,,,t/ha/season,,,,,,,,,,,,,,,,,,,,,,,,,,,,,,,,,,,,,,,,,,,,,,,,,,,,,,,,,,,,,,,,,,,,,,,,,,,,,,,,,,,3.7,4.2,3.6,4.2,,,,,,,,,,,,,,,,,"Maize, millet, sorghum",t/ha/season,,,,,,,,,5.1,5.8,5.3,5.3,,,t/ha/season
66,1,1,5,"Kusekwa, M., Kyamanywa, R., Ngowi, M.",1992,Fitting forage legumes into the cropping systems of semi-arid Tanzania,"In Stares, J.E. et al (eds) (1992): The complementarity of feed resoures for Animal production in Africa",Southern Africa,On-station trial,Botswana,Mpwapwa,Urban,Tropic - cool / semiarid,,Improved integration into the cropping system,"Sole cereals (maize, millet and sorghum)",Herbaceous legume,Macroptilium atropurpureum,,"Maize, millet and sorghum",Forage intercrop/relay w food crop,,4.7,,,,,,,,,,,,,,,,,,,t/ha/season,,,,,,,,,,,,,,,,,,,,,,,,,,,,,,,,,,,,,,,,,,,,,,,,,,,,,,,,,,,,,,,,,,,,,,,,,,,,,,,,,,,3.7,4.2,3.6,4.3,,,,,,,,,,,,,,,,,"Maize, millet, sorghum",t/ha/season,,,,,,,,,5.1,5.8,5.3,5,,,t/ha/season
66,1,1,6,"Kusekwa, M., Kyamanywa, R., Ngowi, M.",1992,Fitting forage legumes into the cropping systems of semi-arid Tanzania,"In Stares, J.E. et al (eds) (1992): The complementarity of feed resoures for Animal production in Africa",Southern Africa,On-station trial,Botswana,Mpwapwa,Urban,Tropic - cool / semiarid,,Improved integration into the cropping system,"Sole cereals (maize, millet and sorghum)",Herbaceous legume,Neontonia wightii,,"Maize, millet and sorghum",Forage intercrop/relay w food crop,,1.1,,,,,,,,,,,,,,,,,,,t/ha/season,,,,,,,,,,,,,,,,,,,,,,,,,,,,,,,,,,,,,,,,,,,,,,,,,,,,,,,,,,,,,,,,,,,,,,,,,,,,,,,,,,,3.7,3.7,3.6,3.5,,,,,,,,,,,,,,,,,"Maize, millet, sorghum",t/ha/season,,,,,,,,,5.1,5.2,5.3,4.8,,,t/ha/season
66,1,1,7,"Kusekwa, M., Kyamanywa, R., Ngowi, M.",1992,Fitting forage legumes into the cropping systems of semi-arid Tanzania,"In Stares, J.E. et al (eds) (1992): The complementarity of feed resoures for Animal production in Africa",Southern Africa,On-station trial,Botswana,Mpwapwa,Urban,Tropic - cool / semiarid,,Improved integration into the cropping system,"Sole cereals (maize, millet and sorghum)",Herbaceous legume,Stylosanthes scabra (seca),,"Maize, millet and sorghum",Forage intercrop/relay w food crop,,1,,,,,,,,,,,,,,,,,,,t/ha/season,,,,,,,,,,,,,,,,,,,,,,,,,,,,,,,,,,,,,,,,,,,,,,,,,,,,,,,,,,,,,,,,,,,,,,,,,,,,,,,,,,,3.7,4.1,,,,,,,,,,,,,,,,,,,"Maize, millet, sorghum",t/ha/season,,,,,,,,,5.1,5.6,,,,,t/ha/season
72,1,1,5,"Njarui, M.",2007,Enhancing livestock feed supply by integrating selected forage legumes in semi-arid region of Eastern Kenya,"PhD thesis Egerton University, Kenya",East Africa,On-station trial,Kenya,Katumani,Mixed Rainfed Humid,Tropic - cool / semiarid,3,Improved integration into the cropping system,Maize with natural fallow,Herbaceous legume,Mucuna pruriens (L.) DC,,Maize,Forage intercrop/relay w food crop,1943,4736,,,2576,5625,,,2235,1746,,,,,,,,,,,kg/ha/season,,,1.67,2.5,%ofDM(season),9,21,5,12,kg/ha,,,,,,,,,,,,,,,,,,,,,,,,,,,,,,,,,,,,,,,,,,,,,,,,,,35591,,,,,,,,TotgrossUSD/ha/yr,10788,,,,,,,,1.43,,,,NetKSH/ha/yr,78,2368,3918,,,1380,1883,,,,,,,,,,,,,,,Maize,kgDM/ha/dryseason,,,,,,,,,3299,5141,1109,1326,1970,3041,kgDM/ha/dryseason
72,1,1,6,"Njarui, M.",2007,Enhancing livestock feed supply by integrating selected forage legumes in semi-arid region of Eastern Kenya,"PhD thesis Egerton University, Kenya",East Africa,On-station trial,Kenya,Katumani,Mixed Rainfed Humid,Tropic - cool / semiarid,3,Improved integration into the cropping system,Maize with natural fallow,Herbaceous legume,Mucuna pruriens (L.) DC,,Maize,Forage intercrop/relay w food crop,1943,4890,,,2576,4799,,,,,,,,,,,,,,,kg/ha/season,,,1.67,2.19,%ofDM(season),9,17,5,12,kg/ha,,,,,,,,,,,,,,,,,,,,,,,,,,,,,,,,,,,,,,,,,,,,,,,,,,35591,68087,,,,,,,TotgrossUSD/ha/yr,10788,35967,,,,,,,1.43,2.12,,,NetKSH/ha/yr,78,2368,4003,,,1380,1944,,,,,,,,,,,,,,,Maize,kgDM/ha/dryseason,,,,,,,,,3299,4790,1109,1446,1970,3426,kgDM/ha/dryseason
72,1,1,7,"Njarui, M.",2007,Enhancing livestock feed supply by integrating selected forage legumes in semi-arid region of Eastern Kenya,"PhD thesis Egerton University, Kenya",East Africa,On-station trial,Kenya,Katumani,Mixed Rainfed Humid,Tropic - cool / semiarid,3,Improved integration into the cropping system,Maize with natural fallow,Herbaceous legume,Mucuna pruriens (L.) DC,,Maize,Forage intercrop/relay w food crop,1943,4868,,,2576,4985,,,,,,,,,,,,,,,kg/ha/season,,,1.67,1.72,%ofDM(season),9,10,5,7,kg/ha,,,,,,,,,,,,,,,,,,,,,,,,,,,,,,,,,,,,,,,,,,,,,,,,,,35591,,,,,,,,TotgrossUSD/ha/yr,10788,,,,,,,,1.43,,,,NetKSH/ha/yr,78,2368,3414,,,1380,1659,,,,,,,,,,,,,,,Maize,kgDM/ha/dryseason,,,,,,,,,3299,3511,1109,1265,1970,2526,kgDM/ha/dryseason
87,1,1,2,"Kouame, C., Powell, J., Renards, C., Quesenerry, K.",1993,"Plant yields and fodder quality related characteristics of millet-stylo intercropping systems in the Sahel.  In: Shetty, S.V et al. (1995). Millet and cowpea in mixed farming systems of the Sahel: A review of strategies for increased productivity and sustainability.",In Powell et al (1995). Livestock and sustainable nutrient cycling in mixed farming systems of Sub-Sahara Africa. Vol. 2:,West Africa,On-farm trial,Niger,Sadore,Rangelands Arid,Tropic - warm / semiarid,,Improved integration into the cropping system,Pure millet,Herbaceous legume,Stylosanthes fruticosa,,Millet,Forage intercrop/relay w food crop,2660,3240,3200,3750,,,,,,,,,,,,,,,,,kg/ha,60,,29,73,g/kgDM(yr),,,,,,,,,,,,,,,,,,,,,,,,,,,,,,,,,,,,,,,,,,,,,,,,,,,,,,,,,,,,,,,,,,,,,,,,,,,,,,,,,,,,,,,,,,,,,,,,,,,,,,,,,,,,,,,,,,
87,1,1,3,"Kouame, C., Powell, J., Renards, C., Quesenerry, K.",1993,"Plant yields and fodder quality related characteristics of millet-stylo intercropping systems in the Sahel.  In: Shetty, S.V et al. (1995). Millet and cowpea in mixed farming systems of the Sahel: A review of strategies for increased productivity and sustainability.",In Powell et al (1995). Livestock and sustainable nutrient cycling in mixed farming systems of Sub-Sahara Africa. Vol. 2:,West Africa,On-farm trial,Niger,Sadore,Rangelands Arid,Tropic - warm / semiarid,,Improved integration into the cropping system,Pure millet,Herbaceous legume,Stylosanthes fruticosa,,Millet,Forage intercrop/relay w food crop,2660,3120,3200,3000,,,,,,,,,,,,,,,,,kg/ha,60,111,29,64,g/kgDM(yr),,,,,,,,,,,,,,,,,,,,,,,,,,,,,,,,,,,,,,,,,,,,,,,,,,,,,,,,,,,,,,,,,,,,,,,,,,,,,,,,,,,,,,,,,,,,,,,,,,,,,,,,,,,,,,,,,,
87,1,1,4,"Kouame, C., Powell, J., Renards, C., Quesenerry, K.",1993,"Plant yields and fodder quality related characteristics of millet-stylo intercropping systems in the Sahel.  In: Shetty, S.V et al. (1995). Millet and cowpea in mixed farming systems of the Sahel: A review of strategies for increased productivity and sustainability.",In Powell et al (1995). Livestock and sustainable nutrient cycling in mixed farming systems of Sub-Sahara Africa. Vol. 2:,West Africa,On-farm trial,Niger,Sadore,Rangelands Arid,Tropic - warm / semiarid,,Improved integration into the cropping system,Pure millet,Herbaceous legume,Stylosanthes hamata,,Millet,Forage intercrop/relay w food crop,2660,5700,3200,4350,,,,,,,,,,,,,,,,,kg/ha,60,107,29,95,g/kgDM(yr),,,,,,,,,,,,,,,,,,,,,,,,,,,,,,,,,,,,,,,,,,,,,,,,,,,,,,,,,,,,,,,,,,,,,,,,,,,,,,,,,,,,,,,,,,,,,,,,,,,,,,,,,,,,,,,,,,
87,1,1,5,"Kouame, C., Powell, J., Renards, C., Quesenerry, K.",1993,"Plant yields and fodder quality related characteristics of millet-stylo intercropping systems in the Sahel.  In: Shetty, S.V et al. (1995). Millet and cowpea in mixed farming systems of the Sahel: A review of strategies for increased productivity and sustainability.",In Powell et al (1995). Livestock and sustainable nutrient cycling in mixed farming systems of Sub-Sahara Africa. Vol. 2:,West Africa,On-farm trial,Niger,Sadore,Rangelands Arid,Tropic - warm / semiarid,,Improved integration into the cropping system,Pure millet,Herbaceous legume,Stylosanthes hamata,,Millet,Forage intercrop/relay w food crop,2660,4940,3200,3580,,,,,,,,,,,,,,,,,kg/ha,60,113,29,85,g/kgDM(yr),,,,,,,,,,,,,,,,,,,,,,,,,,,,,,,,,,,,,,,,,,,,,,,,,,,,,,,,,,,,,,,,,,,,,,,,,,,,,,,,,,,,,,,,,,,,,,,,,,,,,,,,,,,,,,,,,,
106,1,1,3,"Mupangwa, W., Nemasasi, H., Muchadeyi, R., Manyawu, G.",2003,Residual effects of forage legumes on subsequent maize yields and soil fertility in smallholder farming sector of Zimbabwe,"In Waddington, S.R (Ed) (2003). Grain legumes and green manures for soil fertility in Southern Africa: Taking Stock of Progress. Proceedings of a conference held 8-11 October 2002 in Vumba, Zimbabwe. Soil Fert Net and CIMMYT, Harare, Zimbabwe. 246 p.",Southern Africa,On-farm trial,Zimbabwe,"Chamatendre, Madzimbabwe and Buhera wards in Wedza and Gaza Munyanyi Districts",Mixed Rainfed Arid,Tropic - cool / semiarid,3,Improved integration into the cropping system,Sole maize,Herbaceous legume,Mucuna pruriens,,Maize,Forage intercrop/relay w food crop,,,,,,,,,,,,,,,,,,,,,,,,,,,,,,,,,,,,,,,,,,,,,,,,,,,,,,,,,,,,,,,,,,,,,,,,,,,,,,0.47,0.41,%,,,,,,,,,,,,,,,,,,,,,,,,2.27,4.42,,,,,,,,,,,,,,,,,,,Maize,t/ha/season,,,,,,,,,,,,,,,
106,2,1,3,"Mupangwa, W., Nemasasi, H., Muchadeyi, R., Manyawu, G.",2003,Residual effects of forage legumes on subsequent maize yields and soil fertility in smallholder farming sector of Zimbabwe,"In Waddington, S.R (Ed) (2003). Grain legumes and green manures for soil fertility in Southern Africa: Taking Stock of Progress. Proceedings of a conference held 8-11 October 2002 in Vumba, Zimbabwe. Soil Fert Net and CIMMYT, Harare, Zimbabwe. 246 p.",Southern Africa,On-farm trial,Zimbabwe,Chamatendre,Mixed Rainfed Arid,Tropic - cool / semiarid,3,Improved integration into the cropping system,Sole maize,Herbaceous legume,Mucuna pruriens,,Maize,Forage intercrop/relay w food crop,,,,,,,,,,,,,,,,,,,,,,,,,,,,,,,,,,,,,,,,,,,,,,,,,,,,,,,,,,,,,,,,,,,,,,,,,,,,,,0.38,0.37,%,,,,,,,,,,,,,,,,,,,,,,,,1.5,2.4,,,,,,,,,,,,,,,,,,,Maize,t/ha/season,,,,,,,,,,,,,,,
106,3,1,4,"Mupangwa, W., Nemasasi, H., Muchadeyi, R., Manyawu, G.",2003,Residual effects of forage legumes on subsequent maize yields and soil fertility in smallholder farming sector of Zimbabwe,"In Waddington, S.R (Ed) (2003). Grain legumes and green manures for soil fertility in Southern Africa: Taking Stock of Progress. Proceedings of a conference held 8-11 October 2002 in Vumba, Zimbabwe. Soil Fert Net and CIMMYT, Harare, Zimbabwe. 246 p.",Southern Africa,On-farm trial,Zimbabwe,Gaza Munyanyi Districts,Mixed Rainfed Arid,Tropic - cool / semiarid,3,Improved integration into the cropping system,Sole maize,Herbaceous legume,Mucuna pruriens,,Maize,Forage intercrop/relay w food crop,,,,,,,,,,,,,,,,,,,,,,,,,,,,,,,,,,,,,,,,,,,,,,,,,,,,,,,,,,,,,,,,,,,,,,,,,,,,,,0.24,0.4,%,,,,,,,,,,,,,,,,,,,,,,,,0.67,0.83,,,,,,,,,,,,,,,,,,,Maize,t/ha/season,,,,,,,,,,,,,,,
18,1,1,2,"De Groote, H., Vanlauwe, B., Ruto, E., Odhiambo, G., Kanampiu, F., Khan, Z.",2010,Economic analysis of different options in integrated pest and soil fertility management in maize systems of Western Kenya,Agricultural Economics,East Africa,On-farm trial,Kenya,Siaya and Vihiga,Mixed Rainfed Temperate,Tropic - cool / humid,4,Improved integration into the cropping system,Maize monocropping,Herbaceous legume,Desmodium,Pennisetum purpureum,Average of two maize varieties,Forage intercrop/relay w food crop,,,,,,,,,,,,,,,,,,,,,,,,,,,,,,,,,,,,,,,,,,,,,,,,,,,,,,,,,,,,,,,,,,,,,,,,,,,,,,,,,161,492,200,393,,,,,"TotgrossUSD/ha/season(main,minor)",,,,,,,,,,,,,,,,,,,,,,,,,,,,,,,,,,,,,,,,,,,,,,,,,,,
22,1,1,2,"Turinawe, A.",2011,Socio-Economic Evaluation of Improved Forage Technologies in Smallholder Dairy Cattle Farming Systems in Uganda,Journal of Agricultural Science,East Africa,On-farm trial,Uganda,Soroti,Other,Tropic - warm / humid,42,Improved integration into the cropping system,Food crops,Herbaceous legume,"Lablab purpureus, Desmodium intortum, Macroptilium, Vigna unguiculata",Pennisetum purpureum intercropped with D. intortium & Chloris gayana i.e. Rhodes grass (intercropped with D. intortium & siratro),Maize & sorghum,Forage intercrop/relay w food crop,,,,,,,,,,,,,,,,,,,,,,,,,,,,,,,,,,,349,846.9,l/season(6months)/cow,,,,,,,,,,,,,,,,,,,,,,,,,,,,,,,,,,,,,,,,,,,,139597,338743,,,,,,,TotgrossUSH/cow/year,,,,,,,,,,,,,,1920,,,,,,,,,,,,,,,,,,,,,,,,,,,,,,,,,,,,,
35,1,1,2,"Hassanali A., Herren, H., Khan, Z., Pickett, J., Woodcock, C.",2008,"Integrated pest management: the push-pull approach for controlling insect pests and weeds of cereals, and its potential for other agricultural systems including animal husbandry",Philosophical Transactions of the The Royal Society Series B,East Africa,On-farm trial,Kenya,"Mbita, Suba, Nyanza",Mixed Rainfed Temperate,Tropic - cool / humid,3,Improved integration into the cropping system,Sole maize,Herbaceous legume,Desmodium,Pennisetum purpureum,Maize,Forage intercrop/relay w food crop,,,,,,,,,,,,,,,,,,,,,,,,,,,,,,,,,,,,,,,,,,,,,,,,,,,,,,,,,,,,,,,,,,,,,,,,,,,,,,,,,628,1290,,,,,,,TotgrossUSD/ha/yr,254,797,,,,,,,,,,,TotgrossUSD/ha/yr,,,,,,,,,,,,,,,,,,,,,,,,,,,,,,,,,,,,,,
35,2,1,2,"Hassanali A., Herren, H., Khan, Z., Pickett, J., Woodcock, C.",2008,"Integrated pest management: the push-pull approach for controlling insect pests and weeds of cereals, and its potential for other agricultural systems including animal husbandry",Philosophical Transactions of the The Royal Society Series B,East Africa,On-farm trial,Kenya,Bungoma,Other,Tropic - warm / humid,3,Improved integration into the cropping system,Sole maize,Herbaceous legume,Desmodium,Pennisetum purpureum,Maize,Forage intercrop/relay w food crop,,,,,,,,,,,,,,,,,,,,,,,,,,,,,,,,,,,,,,,,,,,,,,,,,,,,,,,,,,,,,,,,,,,,,,,,,,,,,,,,,329,679,,,,,,,TotgrossUSD/ha/yr,79,401,,,,,,,,,,,TotgrossUSD/ha/yr,,,,,,,,,,,,,,,,,,,,,,,,,,,,,,,,,,,,,,
35,3,1,2,"Hassanali A., Herren, H., Khan, Z., Pickett, J., Woodcock, C.",2008,"Integrated pest management: the push-pull approach for controlling insect pests and weeds of cereals, and its potential for other agricultural systems including animal husbandry",Philosophical Transactions of the The Royal Society Series B,East Africa,On-farm trial,Kenya,Busia,Other,Tropic - warm / humid,3,Improved integration into the cropping system,Sole maize,Herbaceous legume,Desmodium,Pennisetum purpureum,Maize,Forage intercrop/relay w food crop,,,,,,,,,,,,,,,,,,,,,,,,,,,,,,,,,,,,,,,,,,,,,,,,,,,,,,,,,,,,,,,,,,,,,,,,,,,,,,,,,415,867,,,,,,,TotgrossUSD/ha/yr,115,536,,,,,,,,,,,TotgrossUSD/ha/yr,,,,,,,,,,,,,,,,,,,,,,,,,,,,,,,,,,,,,,
35,4,1,2,"Hassanali A., Herren, H., Khan, Z., Pickett, J., Woodcock, C.",2008,"Integrated pest management: the push-pull approach for controlling insect pests and weeds of cereals, and its potential for other agricultural systems including animal husbandry",Philosophical Transactions of the The Royal Society Series B,East Africa,On-farm trial,Kenya,Kisii,Other,Tropic - warm / humid,3,Improved integration into the cropping system,Sole maize,Herbaceous legume,Desmodium,Pennisetum purpureum,Maize,Forage intercrop/relay w food crop,,,,,,,,,,,,,,,,,,,,,,,,,,,,,,,,,,,,,,,,,,,,,,,,,,,,,,,,,,,,,,,,,,,,,,,,,,,,,,,,,418,862,,,,,,,TotgrossUSD/ha/yr,175,541,,,,,,,,,,,TotgrossUSD/ha/yr,,,,,,,,,,,,,,,,,,,,,,,,,,,,,,,,,,,,,,
35,5,1,2,"Hassanali A., Herren, H., Khan, Z., Pickett, J., Woodcock, C.",2008,"Integrated pest management: the push-pull approach for controlling insect pests and weeds of cereals, and its potential for other agricultural systems including animal husbandry",Philosophical Transactions of the The Royal Society Series B,East Africa,On-farm trial,Kenya,Vihiga,Mixed Rainfed Humid,Tropic - cool / humid,3,Improved integration into the cropping system,Sole maize,Herbaceous legume,Desmodium,Pennisetum purpureum,Maize,Forage intercrop/relay w food crop,,,,,,,,,,,,,,,,,,,,,,,,,,,,,,,,,,,,,,,,,,,,,,,,,,,,,,,,,,,,,,,,,,,,,,,,,,,,,,,,,334,733,,,,,,,TotgrossUSD/ha/yr,134,487,,,,,,,,,,,TotgrossUSD/ha/yr,,,,,,,,,,,,,,,,,,,,,,,,,,,,,,,,,,,,,,
35,6,1,2,"Hassanali A., Herren, H., Khan, Z., Pickett, J., Woodcock, C.",2008,"Integrated pest management: the push-pull approach for controlling insect pests and weeds of cereals, and its potential for other agricultural systems including animal husbandry",Philosophical Transactions of the The Royal Society Series B,East Africa,On-farm trial,Kenya,Trans-Nzoia,Other,Tropic - warm / humid,3,Improved integration into the cropping system,Sole maize,Herbaceous legume,Desmodium,Pennisetum purpureum,Maize,Forage intercrop/relay w food crop,,,,,,,,,,,,,,,,,,,,,,,,,,,,,,,,,,,,,,,,,,,,,,,,,,,,,,,,,,,,,,,,,,,,,,,,,,,,,,,,,423,785,,,,,,,TotgrossUSD/ha/yr,92,426,,,,,,,,,,,TotgrossUSD/ha/yr,,,,,,,,,,,,,,,,,,,,,,,,,,,,,,,,,,,,,,
39,1,1,2,"Khan Z., Midega, C. Amudavi, D., Hassanali, A., Pickett, J.",2008,On-farm evaluation of the ‘push–pull’ technology for the control of stemborers and striga weed on maize in western Kenya,Field Crop Research,East Africa,On-farm trial,Kenya,Kuria,Other,Tropic - warm / humid,20,Improved integration into the cropping system,Sole maize,Herbaceous legume,Desmodium uncinatum,Pennisetum purpureum cv. Bana,Maize,Forage intercrop/relay w food crop,,,,,,,,,,,,,,,,,,,,,,,,,,,,,,,,,,,,,,,,,,,,,,,,,,,,,,,,,,,,,,,,,,,,,,,,,,,,,,,,,,,,,,,,,,,,,,,,,,,,,,,,1.7,4.6,0.8,2.7,1.6,2.9,1.8,4.2,1.5,3.8,1.1,2.5,1.9,4.3,,,,,,,Maize,t/ha/season,,,,,,,,,,,,,,,
39,2,1,2,"Khan Z., Midega, C. Amudavi, D., Hassanali, A., Pickett, J.",2008,On-farm evaluation of the ‘push–pull’ technology for the control of stemborers and striga weed on maize in western Kenya,Field Crop Research,East Africa,On-farm trial,Kenya,Teso,Other,Tropic - warm / humid,20,Improved integration into the cropping system,Sole maize,Herbaceous legume,Desmodium uncinatum,Pennisetum purpureum cv. Bana,Maize,Forage intercrop/relay w food crop,,,,,,,,,,,,,,,,,,,,,,,,,,,,,,,,,,,,,,,,,,,,,,,,,,,,,,,,,,,,,,,,,,,,,,,,,,,,,,,,,,,,,,,,,,,,,,,,,,,,,,,,2.6,5.4,2.4,5,2.1,4.8,1.7,3.2,2.8,4.5,1.2,2.1,2.7,3.8,,,,,,,Maize,t/ha/season,,,,,,,,,,,,,,,
39,3,1,2,"Khan Z., Midega, C. Amudavi, D., Hassanali, A., Pickett, J.",2008,On-farm evaluation of the ‘push–pull’ technology for the control of stemborers and striga weed on maize in western Kenya,Field Crop Research,East Africa,On-farm trial,Kenya,Butere,Mixed Rainfed Humid,Tropic - cool / humid,20,Improved integration into the cropping system,Sole maize,Herbaceous legume,Desmodium uncinatum,Pennisetum purpureum cv. Bana,Maize,Forage intercrop/relay w food crop,,,,,,,,,,,,,,,,,,,,,,,,,,,,,,,,,,,,,,,,,,,,,,,,,,,,,,,,,,,,,,,,,,,,,,,,,,,,,,,,,,,,,,,,,,,,,,,,,,,,,,,,3.4,5.6,1.6,4.8,3.1,5.3,2.7,5.6,2.6,4.5,2.8,4.9,2.1,4.6,,,,,,,Maize,t/ha/season,,,,,,,,,,,,,,,
39,4,1,2,"Khan Z., Midega, C. Amudavi, D., Hassanali, A., Pickett, J.",2008,On-farm evaluation of the ‘push–pull’ technology for the control of stemborers and striga weed on maize in western Kenya,Field Crop Research,East Africa,On-farm trial,Kenya,Bondo,Other,Tropic - warm / humid,20,Improved integration into the cropping system,Sole maize,Herbaceous legume,Desmodium uncinatum,Pennisetum purpureum cv. Bana,Maize,Forage intercrop/relay w food crop,,,,,,,,,,,,,,,,,,,,,,,,,,,,,,,,,,,,,,,,,,,,,,,,,,,,,,,,,,,,,,,,,,,,,,,,,,,,,,,,,,,,,,,,,,,,,,,,,,,,,,,,3.3,5.4,2.3,3.7,1.9,4.1,2,4.2,2.7,5.6,2,3.4,2.5,5.2,,,,,,,Maize,t/ha/season,,,,,,,,,,,,,,,
39,5,1,2,"Khan Z., Midega, C. Amudavi, D., Hassanali, A., Pickett, J.",2008,On-farm evaluation of the ‘push–pull’ technology for the control of stemborers and striga weed on maize in western Kenya,Field Crop Research,East Africa,On-farm trial,Kenya,"Mbita, Suba, Nyanza",Other,Tropic - warm / humid,20,Improved integration into the cropping system,Sole maize,Herbaceous legume,Desmodium uncinatum,Pennisetum purpureum cv. Bana,,Forage intercrop/relay w food crop,,,,,,,,,,,,,,,,,,,,,,,,,,,,,,,,,,,,,,,,,,,,,,,,,,,,,,,,,,,,,,,,,,,,,,,,,,,,,,,,,,,,,,,,,,,,,,,,,,,,,,,,1.9,3.2,0.5,1.1,1.9,3.7,2.6,4.8,1.6,3.9,2.4,3.6,2.2,4.7,,,,,,,Maize,t/ha/season,,,,,,,,,,,,,,,
39,6,1,2,"Khan Z., Midega, C. Amudavi, D., Hassanali, A., Pickett, J.",2008,On-farm evaluation of the ‘push–pull’ technology for the control of stemborers and striga weed on maize in western Kenya,Field Crop Research,East Africa,On-farm trial,Kenya,Rachuonyo,Mixed Rainfed Temperate,Tropic - cool / humid,20,Improved integration into the cropping system,Sole maize,Herbaceous legume,Desmodium uncinatum,Pennisetum purpureum cv. Bana,Maize,Forage intercrop/relay w food crop,,,,,,,,,,,,,,,,,,,,,,,,,,,,,,,,,,,,,,,,,,,,,,,,,,,,,,,,,,,,,,,,,,,,,,,,,,,,,,,,,,,,,,,,,,,,,,,,,,,,,,,,2.9,4.1,3.7,4.7,2.7,4.4,2.1,4.1,1.7,3.6,0.8,3,1.5,4.2,,,,,,,Maize,t/ha/season,,,,,,,,,,,,,,,
39,7,1,2,"Khan Z., Midega, C. Amudavi, D., Hassanali, A., Pickett, J.",2008,On-farm evaluation of the ‘push–pull’ technology for the control of stemborers and striga weed on maize in western Kenya,Field Crop Research,East Africa,On-farm trial,Kenya,Migori,Mixed Rainfed Temperate,Tropic - cool / humid,20,Improved integration into the cropping system,Sole maize,Herbaceous legume,Desmodium uncinatum,Pennisetum purpureum cv. Bana,Maize,Forage intercrop/relay w food crop,,,,,,,,,,,,,,,,,,,,,,,,,,,,,,,,,,,,,,,,,,,,,,,,,,,,,,,,,,,,,,,,,,,,,,,,,,,,,,,,,,,,,,,,,,,,,,,,,,,,,,,,3.3,4.6,2.1,2.6,1.6,3,2.3,3.2,2.2,4.3,1.2,2.5,2.2,4.3,,,,,,,Maize,t/ha/season,,,,,,,,,,,,,,,
39,8,1,2,"Khan Z., Midega, C. Amudavi, D., Hassanali, A., Pickett, J.",2008,On-farm evaluation of the ‘push–pull’ technology for the control of stemborers and striga weed on maize in western Kenya,Field Crop Research,East Africa,On-farm trial,Kenya,Homabay,Mixed Rainfed Humid,Tropic - cool / humid,20,Improved integration into the cropping system,Sole maize,Herbaceous legume,Desmodium uncinatum,Pennisetum purpureum cv. Bana,Maize,Forage intercrop/relay w food crop,,,,,,,,,,,,,,,,,,,,,,,,,,,,,,,,,,,,,,,,,,,,,,,,,,,,,,,,,,,,,,,,,,,,,,,,,,,,,,,,,,,,,,,,,,,,,,,,,,,,,,,,2.7,4.4,2.2,3.2,2,2.6,3.2,4.3,3.7,4.4,3.3,4.2,3.1,4.5,,,,,,,Maize,t/ha/season,,,,,,,,,,,,,,,
39,9,1,2,"Khan Z., Midega, C. Amudavi, D., Hassanali, A., Pickett, J.",2008,On-farm evaluation of the ‘push–pull’ technology for the control of stemborers and striga weed on maize in western Kenya,Field Crop Research,East Africa,On-farm trial,Kenya,Kisii,Other,Tropic - warm / humid,20,Improved integration into the cropping system,Sole maize,Herbaceous legume,Desmodium uncinatum,Pennisetum purpureum cv. Bana,Maize,Forage intercrop/relay w food crop,,,,,,,,,,,,,,,,,,,,,,,,,,,,,,,,,,,,,,,,,,,,,,,,,,,,,,,,,,,,,,,,,,,,,,,,,,,,,,,,,,,,,,,,,,,,,,,,,,,,,,,,2.1,3.2,1.9,3.3,2.3,3.4,1.3,2.3,1.7,2.9,2,4.2,1.8,4.7,,,,,,,Maize,t/ha/season,,,,,,,,,,,,,,,
39,10,1,2,"Khan Z., Midega, C. Amudavi, D., Hassanali, A., Pickett, J.",2008,On-farm evaluation of the ‘push–pull’ technology for the control of stemborers and striga weed on maize in western Kenya,Field Crop Research,East Africa,On-farm trial,Kenya,Siaya,Mixed Rainfed Humid,Tropic - cool / subhumid,20,Improved integration into the cropping system,Sole maize,Herbaceous legume,Desmodium uncinatum,Pennisetum purpureum cv. Bana,Maize,Forage intercrop/relay w food crop,,,,,,,,,,,,,,,,,,,,,,,,,,,,,,,,,,,,,,,,,,,,,,,,,,,,,,,,,,,,,,,,,,,,,,,,,,,,,,,,,,,,,,,,,,,,,,,,,,,,,,,,4,5.1,,,3.6,4.6,,,4.1,5.7,,,4.2,5.7,,,,,,,Maize,t/ha/season,,,,,,,,,,,,,,,
39,11,1,2,"Khan Z., Midega, C. Amudavi, D., Hassanali, A., Pickett, J.",2008,On-farm evaluation of the ‘push–pull’ technology for the control of stemborers and striga weed on maize in western Kenya,Field Crop Research,East Africa,On-farm trial,Kenya,Bungoma,Other,Tropic - warm / humid,20,Improved integration into the cropping system,Sole maize,Herbaceous legume,Desmodium uncinatum,Pennisetum purpureum cv. Bana,Maize,Forage intercrop/relay w food crop,,,,,,,,,,,,,,,,,,,,,,,,,,,,,,,,,,,,,,,,,,,,,,,,,,,,,,,,,,,,,,,,,,,,,,,,,,,,,,,,,,,,,,,,,,,,,,,,,,,,,,,,,,,,2,2.6,2.5,4.6,1.7,4.2,1.4,4.2,0.9,1.5,,,,,,,Maize,t/ha/season,,,,,,,,,,,,,,,
39,12,1,2,"Khan Z., Midega, C. Amudavi, D., Hassanali, A., Pickett, J.",2008,On-farm evaluation of the ‘push–pull’ technology for the control of stemborers and striga weed on maize in western Kenya,Field Crop Research,East Africa,On-farm trial,Kenya,Vihiga,Mixed Rainfed Humid,Tropic - cool / humid,20,Improved integration into the cropping system,Sole maize,Herbaceous legume,Desmodium uncinatum,Pennisetum purpureum cv. Bana,Maize,Forage intercrop/relay w food crop,,,,,,,,,,,,,,,,,,,,,,,,,,,,,,,,,,,,,,,,,,,,,,,,,,,,,,,,,,,,,,,,,,,,,,,,,,,,,,,,,,,,,,,,,,,,,,,,,,,,,,,,,,,,,,,,3.8,1.1,1.9,0.9,3.9,2.3,,,,,,,Maize,t/ha/season,,,,,,,,,,,,,,,
39,13,1,2,"Khan Z., Midega, C. Amudavi, D., Hassanali, A., Pickett, J.",2008,On-farm evaluation of the ‘push–pull’ technology for the control of stemborers and striga weed on maize in western Kenya,Field Crop Research,East Africa,On-farm trial,Kenya,Busia,Other,Tropic - warm / humid,20,Improved integration into the cropping system,Sole maize,Herbaceous legume,Desmodium uncinatum,Pennisetum purpureum cv. Bana,Maize,Forage intercrop/relay w food crop,,,,,,,,,,,,,,,,,,,,,,,,,,,,,,,,,,,,,,,,,,,,,,,,,,,,,,,,,,,,,,,,,,,,,,,,,,,,,,,,,,,,,,,,,,,,,,,,,,,,,,,,,,,,,,,,5.6,2.5,5.8,2.9,5.5,2.8,,,,,,,Maize,t/ha/season,,,,,,,,,,,,,,,
40,1,1,2,"Khan Z., Midega, C., Njuguna, E., Amudavi, D., Wanyama, J., Pickett, J.",2008,Economic performance of the ‘push–pull’ technology for stemborer and Striga control in smallholder farming systems in western Kenya,Crop Protection,East Africa,On-farm trial,Kenya,Trans-Nzoia,Mixed Rainfed Temperate,Tropic - cool / humid,10,Improved integration into the cropping system,Sole maize,Herbaceous legume,Desmodium uncinatum,Pennisetum purpureum cv. Bana,Maize and beans,Forage intercrop/relay w food crop,,,,,,,,,,,,,,,,,,,,,,,,,,,,,,,,,,,,,,,,,,,,,,,,,,,,,,,,,,,,,,,,,,,,,,,,,,,,,,,,,359.3,1110.7,352.5,928.3,334.7,997.8,314.5,1115.6,TotgrossUSD/ha/yr,75.7,765.9,79.2,588.5,74.4,673,86.4,834.4,,,,,TotgrossUSD/ha/yr,,,,,,3.5,4.5,3.5,4.7,3.7,5.3,3.9,5.5,,,,,,,,,Maize,t/ha/yr,,,,,,,,,,,,,,,
40,2,1,2,"Khan Z., Midega, C., Njuguna, E., Amudavi, D., Wanyama, J., Pickett, J.",2008,Economic performance of the ‘push–pull’ technology for stemborer and Striga control in smallholder farming systems in western Kenya,Crop Protection,East Africa,On-farm trial,Kenya,Suba,Other,Tropic - warm / humid,10,Improved integration into the cropping system,Sole maize,Herbaceous legume,Desmodium uncinatum,Pennisetum purpureum cv. Bana,Maize,Forage intercrop/relay w food crop,,,,,,,,,,,,,,,,,,,,,,,,,,,,,,,,,,,,,,,,,,,,,,,,,,,,,,,,,,,,,,,,,,,,,,,,,,,,,,,,,109.2,514.2,146.7,619.6,144.8,687.3,146.7,673.8,TotgrossUSD/ha/yr,-73.4,297.4,-53.3,395.1,-55.7,444.1,-40,438.1,,,,,TotgrossUSD/ha/yr,,,,,,1.1,2.8,1.1,3,1.2,3.3,1.3,3.4,,,,,,,,,Maize,t/ha/yr,,,,,,,,,,,,,,,
40,3,1,2,"Khan Z., Midega, C., Njuguna, E., Amudavi, D., Wanyama, J., Pickett, J.",2008,Economic performance of the ‘push–pull’ technology for stemborer and Striga control in smallholder farming systems in western Kenya,Crop Protection,East Africa,On-farm trial,Kenya,Bungoma,Other,Tropic - warm / humid,10,Improved integration into the cropping system,Sole maize,Herbaceous legume,Desmodium uncinatum,Pennisetum purpureum cv. Bana,Maize,Forage intercrop/relay w food crop,,,,,,,,,,,,,,,,,,,,,,,,,,,,,,,,,,,,,,,,,,,,,,,,,,,,,,,,,,,,,,,,,,,,,,,,,,,,,,,,,245.3,358.9,252.6,468.2,312.3,623.3,368.8,678.7,TotgrossUSD/ha/yr,55.9,91.3,41.5,227.7,99.5,375.2,129.5,436.5,,,,,TotgrossUSD/ha/yr,,,,,,3,4,3.2,4.2,3.1,4.6,3.1,4.5,,,,,,,,,Maize,t/ha/yr,,,,,,,,,,,,,,,
40,4,1,2,"Khan Z., Midega, C., Njuguna, E., Amudavi, D., Wanyama, J., Pickett, J.",2008,Economic performance of the ‘push–pull’ technology for stemborer and Striga control in smallholder farming systems in western Kenya,Crop Protection,East Africa,On-farm trial,Kenya,Busia,Other,Tropic - warm / humid,10,Improved integration into the cropping system,Sole maize,Herbaceous legume,Desmodium uncinatum,Pennisetum purpureum cv. Bana,Maize,Forage intercrop/relay w food crop,,,,,,,,,,,,,,,,,,,,,,,,,,,,,,,,,,,,,,,,,,,,,,,,,,,,,,,,,,,,,,,,,,,,,,,,,,,,,,,,,117.5,351.9,133,573.3,130.8,626.7,124.7,665.8,TotgrossUSD/ha/yr,-113.4,46.5,-93.9,331.3,-84.6,389,-81.9,434.6,,,,,TotgrossUSD/ha/yr,,,,,,2.6,4.2,3,5.3,3,6.3,3.6,5.4,,,,,,,,,Maize,t/ha/yr,,,,,,,,,,,,,,,
40,5,1,2,"Khan Z., Midega, C., Njuguna, E., Amudavi, D., Wanyama, J., Pickett, J.",2008,Economic performance of the ‘push–pull’ technology for stemborer and Striga control in smallholder farming systems in western Kenya,Crop Protection,East Africa,On-farm trial,Kenya,Kisii,Mixed Rainfed Humid,Tropic - cool / humid,10,Improved integration into the cropping system,Sole maize,Herbaceous legume,Desmodium uncinatum,Pennisetum purpureum cv. Bana,Maize,Forage intercrop/relay w food crop,,,,,,,,,,,,,,,,,,,,,,,,,,,,,,,,,,,,,,,,,,,,,,,,,,,,,,,,,,,,,,,,,,,,,,,,,,,,,,,,,238.8,470.2,305.2,810.8,318.1,944.4,321.2,1084.5,TotgrossUSD/ha/yr,66.5,234.2,121.4,610.4,132.5,739.6,130.3,880.2,,,,,TotgrossUSD/ha/yr,,,,,,1,2.4,1.1,3.3,1.1,3.6,1.1,4.1,,,,,,,,,Maize,t/ha/yr,,,,,,,,,,,,,,,
40,6,1,2,"Khan Z., Midega, C., Njuguna, E., Amudavi, D., Wanyama, J., Pickett, J.",2008,Economic performance of the ‘push–pull’ technology for stemborer and Striga control in smallholder farming systems in western Kenya,Crop Protection,East Africa,On-farm trial,Kenya,Vihiga,Other,Tropic - warm / humid,10,Improved integration into the cropping system,Sole maize,Herbaceous legume,Desmodium uncinatum,Pennisetum purpureum cv. Bana,Maize,Forage intercrop/relay w food crop,,,,,,,,,,,,,,,,,,,,,,,,,,,,,,,,,,,,,,,,,,,,,,,,,,,,,,,,,,,,,,,,,,,,,,,,,,,,,,,,,315.3,704.7,387.9,878.1,359.8,1007.6,339.9,1029.8,TotgrossUSD/ha/yr,75.8,383.3,156.1,632.2,140.9,759.9,131.7,787.3,,,,,TotgrossUSD/ha/yr,,,,,,2.7,5,3.1,5.3,2.6,5.4,2.7,5.1,,,,,,,,,Maize,t/ha/yr,,,,,,,,,,,,,,,
66,1,2,2,"Kusekwa, M., Kyamanywa, R., Ngowi, M.",1992,Fitting forage legumes into the cropping systems of semi-arid Tanzania,"In Stares, J.E. et al (eds) (1992): The complementarity of feed resoures for Animal production in Africa",Southern Africa,On-station trial,Botswana,Mpwapwa,Urban,Tropic - cool / semiarid,,Improved integration into the cropping system,Sole maize,Shrub,Leucaena leucocephala,,Maize,Forage intercrop/relay w food crop,,3,,3.6,,,,,,,,,,,,,,,,,t/ha/season,,,,,,,,,,,,,,,,,,,,,,,,,,,,,,,,,,,,,,,,,,,,,,,,,,,,,,,,,,,,,,,,,,,,,,,,,,,,,,,,,,,4.3,2.8,2.71,2.53,,,,,,,,,,,,,,,,,Maize,t/ha/yr,,,,,,,,,6.8,4.7,4,3.48,,,t/ha/season
66,1,2,3,"Kusekwa, M., Kyamanywa, R., Ngowi, M.",1992,Fitting forage legumes into the cropping systems of semi-arid Tanzania,"In Stares, J.E. et al (eds) (1992): The complementarity of feed resoures for Animal production in Africa",Southern Africa,On-station trial,Botswana,Mpwapwa,Urban,Tropic - cool / semiarid,,Improved integration into the cropping system,Sole maize,Shrub,Leucaena leucocephala,,Maize,Forage intercrop/relay w food crop,,2.5,,3.2,,,,,,,,,,,,,,,,,t/ha/season,,,,,,,,,,,,,,,,,,,,,,,,,,,,,,,,,,,,,,,,,,,,,,,,,,,,,,,,,,,,,,,,,,,,,,,,,,,,,,,,,,,4.3,2.7,2.71,2.41,,,,,,,,,,,,,,,,,Maize,t/ha/yr,,,,,,,,,6.8,5,4,2.1,,,t/ha/season
66,1,2,4,"Kusekwa, M., Kyamanywa, R., Ngowi, M.",1992,Fitting forage legumes into the cropping systems of semi-arid Tanzania,"In Stares, J.E. et al (eds) (1992): The complementarity of feed resoures for Animal production in Africa",Southern Africa,On-station trial,Botswana,Mpwapwa,Urban,Tropic - cool / semiarid,,Improved integration into the cropping system,Sole maize,Shrub,Leucaena leucocephala,,Maize,Forage intercrop/relay w food crop,,2.3,,3,,,,,,,,,,,,,,,,,t/ha/season,,,,,,,,,,,,,,,,,,,,,,,,,,,,,,,,,,,,,,,,,,,,,,,,,,,,,,,,,,,,,,,,,,,,,,,,,,,,,,,,,,,4.3,3,2.71,2.65,,,,,,,,,,,,,,,,,Maize,t/ha/yr,,,,,,,,,6.8,5.5,4,3.28,,,t/ha/season
66,1,2,5,"Kusekwa, M., Kyamanywa, R., Ngowi, M.",1992,Fitting forage legumes into the cropping systems of semi-arid Tanzania,"In Stares, J.E. et al (eds) (1992): The complementarity of feed resoures for Animal production in Africa",Southern Africa,On-station trial,Botswana,Mpwapwa,Urban,Tropic - cool / semiarid,,Improved integration into the cropping system,Sole maize,Shrub,Leucaena leucocephala,,Maize,Forage intercrop/relay w food crop,,2.1,,3.1,,,,,,,,,,,,,,,,,t/ha/season,,,,,,,,,,,,,,,,,,,,,,,,,,,,,,,,,,,,,,,,,,,,,,,,,,,,,,,,,,,,,,,,,,,,,,,,,,,,,,,,,,,4.3,4,2.71,2.52,,,,,,,,,,,,,,,,,Maize,t/ha/yr,,,,,,,,,6.8,6.9,4,2.99,,,t/ha/season
104,1,1,2,"Mafongoya, P.L., Kuntashula, E., Kwesiga, F., Chirwa, T., Chintu, R., Sileshi, G., Matibini, J.",2003,Leguminous agroforestry options for replenishing soil fertility in Southern Africa,"In Waddington, S.R (Ed) (2003). Grain legumes and green manures for soil fertility in Southern Africa: Taking Stock of Progress. Proceedings of a conference held 8-11 October 2002 in Vumba, Zimbabwe. Soil Fert Net and CIMMYT, Harare, Zimbabwe. 246 p.",Southern Africa,On-station trial,Zambia,Msekera,Mixed Rainfed Arid,Tropic - warm / semiarid,6,Improved integration into the cropping system,"Unfertilized maize, no planted fallow",Shrub,Sesbania sesban,,Maize,Forage intercrop/relay w food crop,,,,,,,,,,,,,,,,,,,,,,,,,,,,,,,,,,,,,,,,,,,,,,,,,,,,,,,,,,,,,,,,,,,,,,,,,,,,,,,,,,,,,,,,,,,,,,,,,,,,,,,,0.8,3.6,1.2,2,0.4,1.8,,,,,,,,,,,,,,,Maize,t/ha/yr,,,,,,,,,,,,,,,
104,2,1,2,"Mafongoya, P.L., Kuntashula, E., Kwesiga, F., Chirwa, T., Chintu, R., Sileshi, G., Matibini, J.",2003,Leguminous agroforestry options for replenishing soil fertility in Southern Africa,"In Waddington, S.R (Ed) (2003). Grain legumes and green manures for soil fertility in Southern Africa: Taking Stock of Progress. Proceedings of a conference held 8-11 October 2002 in Vumba, Zimbabwe. Soil Fert Net and CIMMYT, Harare, Zimbabwe. 246 p.",Southern Africa,On-station trial,Zambia,Chipata South,,,21,Improved integration into the cropping system,Maize without fertilizer,Shrub,Gliricidia,,Maize,Forage intercrop/relay w food crop,,,,,,,,,,,,,,,,,,,,,,,,,,,,,,,,,,,,,,,,,,,,,,,,,,,,,,,,,,,,,,,,,,,,,,,,,,,,,,,,,,,,,,,,,,,,,,,,,,,,,,,,2.9,4.9,1.7,3.9,,,,,,,,,,,,,,,,,Maize,t/ha/yr,,,,,,,,,,,,,,,
104,2,1,3,"Mafongoya, P.L., Kuntashula, E., Kwesiga, F., Chirwa, T., Chintu, R., Sileshi, G., Matibini, J.",2003,Leguminous agroforestry options for replenishing soil fertility in Southern Africa,"In Waddington, S.R (Ed) (2003). Grain legumes and green manures for soil fertility in Southern Africa: Taking Stock of Progress. Proceedings of a conference held 8-11 October 2002 in Vumba, Zimbabwe. Soil Fert Net and CIMMYT, Harare, Zimbabwe. 246 p.",Southern Africa,On-station trial,Zambia,Chipata South,,,21,Improved integration into the cropping system,Maize without fertilizer,Shrub,Gliricidia,,Maize,Forage intercrop/relay w food crop,,,,,,,,,,,,,,,,,,,,,,,,,,,,,,,,,,,,,,,,,,,,,,,,,,,,,,,,,,,,,,,,,,,,,,,,,,,,,,,,,,,,,,,,,,,,,,,,,,,,,,,,2.9,4.3,1.7,3.3,,,,,,,,,,,,,,,,,Maize,t/ha/yr,,,,,,,,,,,,,,,
104,2,1,4,"Mafongoya, P.L., Kuntashula, E., Kwesiga, F., Chirwa, T., Chintu, R., Sileshi, G., Matibini, J.",2003,Leguminous agroforestry options for replenishing soil fertility in Southern Africa,"In Waddington, S.R (Ed) (2003). Grain legumes and green manures for soil fertility in Southern Africa: Taking Stock of Progress. Proceedings of a conference held 8-11 October 2002 in Vumba, Zimbabwe. Soil Fert Net and CIMMYT, Harare, Zimbabwe. 246 p.",Southern Africa,On-station trial,Zambia,Chipata South,,,21,Improved integration into the cropping system,Maize without fertilizer,Shrub,Leucaena,,Maize,Forage intercrop/relay w food crop,,,,,,,,,,,,,,,,,,,,,,,,,,,,,,,,,,,,,,,,,,,,,,,,,,,,,,,,,,,,,,,,,,,,,,,,,,,,,,,,,,,,,,,,,,,,,,,,,,,,,,,,2.9,3.2,,,,,,,,,,,,,,,,,,,Maize,t/ha/yr,,,,,,,,,,,,,,,
24,1,1,2,"Kabirizi, J., Ziiwa, E., Mugerwa, S., Ndikumana, J., Nanyennya, W.",2010,Dry season forages for improving dairy production in smallholder systems in Uganda,Tropical Grasslands,East Africa,On-farm trial,Uganda,Masaka,Other,Tropic - cool / humid,24,Improved integration into the cropping system,Pennisetum purpureum,Herbaceous legume,Centrosema molle,Pennisetum purpureum,,Forage legume intercrop w grass,10.354,15.79,,,,,,,,,,,,,,,,,,,t/ha,7,8.4,,,%ofDM(yr),,,,,,,,,5.9,10.6,l/day,,,,,,,,,,,,,,,,,,,,,,,,,,,,,,,,,,,,,,,,,,,,,,,,,,,,,,,,,,,,,,,,,,,,,,,,,,,,,,,,,,,,,,,,,,,,,,,,,,,,,,,
84,1,1,2,"Ojo, V., Dele, P., Amole, T., Anele, U., Adeoye, S., Hassan, O., Olanite, J., Idowu, O.",2013,"Effect of Intercropping of Pannicum maximum var. Ntchisi and Lablab purpererus on the Growth, Herbage Yield and Chemical Composition of Pannicum maximum var. Ntchisi at Different Harvesting times",Pakistan Journal of Biological Sciences,West Africa,On-station trial,Nigeria,Abeokuta in Ogun State,Rangelands Hyperarid,Subtropic - warm / arid,3,Improved integration into the cropping system,Panicum maximum var. Ntchisi,Dual-purpose legume,Lablab purpureus,Panicum maximum var. Ntchisi,,Forage legume intercrop w grass,,,,,,,,,,,,,,,,,,,,,,13.44,15.27,,,%,,,,,,,,,,,,,,,,,,,,,,,,,,,,,,,,,,,,,,,,,,,,,,,,,,,,,,,,,,,,,,,,,,,,,,,,,,,,,,,,,,,,,,,,,,,,,,,,,,,,,,,,,,,,,,,,,,
84,1,2,2,"Ojo, V., Dele, P., Amole, T., Anele, U., Adeoye, S., Hassan, O., Olanite, J., Idowu, O.",2013,"Effect of Intercropping of Pannicum maximum var. Ntchisi and Lablab purpererus on the Growth, Herbage Yield and Chemical Composition of Pannicum maximum var. Ntchisi at Different Harvesting times",Pakistan Journal of Biological Sciences,West Africa,On-station trial,Nigeria,Abeokuta in Ogun State,Rangelands Hyperarid,Subtropic - warm / arid,3,Improved integration into the cropping system,Panicum maximum var. Ntchisi,Dual-purpose legume,Lablab purpureus,Panicum maximum var. Ntchisi,,Forage legume intercrop w grass,,,,,,,,,,,,,,,,,,,,,,11.69,13.98,,,%,,,,,,,,,,,,,,,,,,,,,,,,,,,,,,,,,,,,,,,,,,,,,,,,,,,,,,,,,,,,,,,,,,,,,,,,,,,,,,,,,,,,,,,,,,,,,,,,,,,,,,,,,,,,,,,,,,
84,1,3,2,"Ojo, V., Dele, P., Amole, T., Anele, U., Adeoye, S., Hassan, O., Olanite, J., Idowu, O.",2013,"Effect of Intercropping of Pannicum maximum var. Ntchisi and Lablab purpererus on the Growth, Herbage Yield and Chemical Composition of Pannicum maximum var. Ntchisi at Different Harvesting times",Pakistan Journal of Biological Sciences,West Africa,On-station trial,Nigeria,Abeokuta in Ogun State,Rangelands Hyperarid,Subtropic - warm / arid,3,Improved integration into the cropping system,Panicum maximum var. Ntchisi,Dual-purpose legume,Lablab purpureus,Panicum maximum var. Ntchisi,,Forage legume intercrop w grass,,,,,,,,,,,,,,,,,,,,,,9.55,11.87,,,%,,,,,,,,,,,,,,,,,,,,,,,,,,,,,,,,,,,,,,,,,,,,,,,,,,,,,,,,,,,,,,,,,,,,,,,,,,,,,,,,,,,,,,,,,,,,,,,,,,,,,,,,,,,,,,,,,,
84,1,4,2,"Ojo, V., Dele, P., Amole, T., Anele, U., Adeoye, S., Hassan, O., Olanite, J., Idowu, O.",2013,"Effect of Intercropping of Pannicum maximum var. Ntchisi and Lablab purpererus on the Growth, Herbage Yield and Chemical Composition of Pannicum maximum var. Ntchisi at Different Harvesting times",Pakistan Journal of Biological Sciences,West Africa,On-station trial,Nigeria,Abeokuta in Ogun State,Rangelands Hyperarid,Subtropic - warm / arid,3,Improved integration into the cropping system,Panicum maximum var. Ntchisi,Dual-purpose legume,Lablab purpureus,Panicum maximum var. Ntchisi,,Forage legume intercrop w grass,,,,,,,,,,,,,,,,,,,,,,6.87,9.35,,,%,,,,,,,,,,,,,,,,,,,,,,,,,,,,,,,,,,,,,,,,,,,,,,,,,,,,,,,,,,,,,,,,,,,,,,,,,,,,,,,,,,,,,,,,,,,,,,,,,,,,,,,,,,,,,,,,,,
10,1,1,2,"Okeyo R., Masinde A., Ojowi M., Oyure, A.",2000,"Evaluation of grass and legume production potential in Kendu Bay, South West Kenya","KARI: Participatory technology development for soil management by smallholders in Kenya. Proceedings of the 2nd Scientific Conference on the Soil Management and Legume Research Network Projects. Mombasa, Kenya",East Africa,On-farm trial,Kenya,"Kamingusa village, Kendu Bay",Mixed Rainfed Humid,Tropic - warm / humid,6,Improved integration into the cropping system,Pennisetum purpureum cv. Bana,Herbaceous legume,Stylosanthes guyanensis,,,Forage legume intercrop w grass,17.12,18.24,,,,,,,,,,,,,,,,,,,t/ha/season,,,,,,,,,,,,,,,,,,,,,,,,,,,,,,,,,,,,,,,,,,,,,,,,,,,,,,,,,,,,,,,,,,,,,,,,,,,,,,,,,,,,,,,,,,,,,,,,,,,,,,,,,,,,,,,,,,,,,,,
10,1,1,3,"Okeyo R., Masinde A., Ojowi M., Oyure, A.",2000,"Evaluation of grass and legume production potential in Kendu Bay, South West Kenya","KARI: Participatory technology development for soil management by smallholders in Kenya. Proceedings of the 2nd Scientific Conference on the Soil Management and Legume Research Network Projects. Mombasa, Kenya",East Africa,On-farm trial,Kenya,"Kamingusa village, Kendu Bay",Mixed Rainfed Humid,Tropic - warm / humid,6,Improved integration into the cropping system,Pennisetum purpureum cv. Bana,Herbaceous legume,Stylosanthes guyanensis,,,Forage legume intercrop w grass,17.12,27.16,,,,,,,,,,,,,,,,,,,t/ha/season,,,,,,,,,,,,,,,,,,,,,,,,,,,,,,,,,,,,,,,,,,,,,,,,,,,,,,,,,,,,,,,,,,,,,,,,,,,,,,,,,,,,,,,,,,,,,,,,,,,,,,,,,,,,,,,,,,,,,,,
15,1,1,2,"Njoka-Njiru, E., Njarui, M., Abulrazak, S., Mureithi, J.",2006,Effect of intercropping herbaceous legumes with Napier grass on dry matter yield and nutritive value of the feedstuffs in semi-arid region of Eastern Kenya,Agricultura Tropica et Subtropica,East Africa,On-station trial,Kenya,"Katumani, Machakos",Mixed Rainfed Humid,Tropic - cool / semiarid,3,Improved integration into the cropping system,Pennisetum purpureum & natural pasture,Herbaceous legume,Macroptilium atropurpureum (siratro),,,Forage legume intercrop w grass,1715,1608,4352,3949,2239,2812,682,574,1238,1239,1352,1950,,,174,197,93,0,11,51,kg/ha/season,6.2,6.6,8.14,9.64,%ofDM(yr),,,,,,,,MJ/kgDM,,,,,,,,,,,,,,,,,,,,,,,,,,,,,,,,,,,,,,,,,,,,,,,,,,,,,,,,,,,,,,,,,,,,,,,,,,,,,,,,,,,,,,,,,,,,,,,,,,,,,,,,,,
15,1,1,3,"Njoka-Njiru, E., Njarui, M., Abulrazak, S., Mureithi, J.",2006,Effect of intercropping herbaceous legumes with Napier grass on dry matter yield and nutritive value of the feedstuffs in semi-arid region of Eastern Kenya,Agricultura Tropica et Subtropica,East Africa,On-station trial,Kenya,"Katumani, Machakos",Mixed Rainfed Humid,Tropic - cool / semiarid,3,Improved integration into the cropping system,Pennisetum purpureum & natural pasture,Herbaceous legume,Stylosanthes scabra (seca),,,Forage legume intercrop w grass,1715,1255,4352,3635,2239,2598,682,634,1238,1276,1352,1366,,,155,629,454,173,584,625,kg/ha/season,6.2,6.11,8.14,9.96,%ofDM(yr),,,,,,8.21,8.41,MJ/kgDM,,,,,,,,,,,,,,,,,,,,,,,,,,,,,,,,,,,,,,,,,,,,,,,,,,,,,,,,,,,,,,,,,,,,,,,,,,,,,,,,,,,,,,,,,,,,,,,,,,,,,,,,,,
54,1,1,2,"Barahenda, M., Shem, M., Kanuya, N., Ntakabeza, I., Gasana, J. Uwimana, G., Umenezero, O., Uwumikuza, D.",2007,Yield potential of Grass-Legume Pasture under Different Management Systems,Research Journal of Animal Sciences,East Africa,On-station trial,Rwanda,Huye District,Mixed Irrigated Temperate,Tropic - cool / humid,3,Improved integration into the cropping system,Pennisetum purpureum,Herbaceous legume,Desmodium intortium,Pennisetum purpureum,,Forage legume intercrop w grass,15.3,20.4,,,,,,,,,,,,,,,,,,,t/ha,,,,,,,,,,,,,,,,,,,,,,,,,,,,,,,,,,,,,,,,,,,,,,,,,,,,,,,,,,,,,,,,,,,,,,,,,,,,,,,,,,,,,,,,,,,,,,,,,,,,,,,,,,,,,,,,,,,,,,,
68,1,1,2,"Mtengeti, E., Urio, N., Mlay, G.",2001,Intensive fodder gardens for improving forage availability for smallholder dairy production in Hi District Tanzania,"In Stares, J.E. et al (eds): The complementarity of feed resoures for Animal production in Africa",East Africa,On-farm trial,Tanzania,Kakashi,Mixed Rainfed Temperate,Tropic - cool / subhumid,2,Improved integration into the cropping system,Pennisetum purpureum,Herbaceous legume,Desmodium intortium,Pennisetum purpureum,,Forage legume intercrop w grass,254.05,203.6,,,,,,,,,,,,,12.05,,,,,,t/ha/yr,,,,,,,,,,,,,,,,,,,,,,,,,,,,,,,,,,,,,,,,,,,,,,,,,,,,,,,,,,,,,,,,,,,,,,,,,,,,,,,,,,,,,,,,,,,,,,,,,,,,,,,,,,,,,,,,,,,,,,,
68,1,2,2,"Mtengeti, E., Urio, N., Mlay, G.",2001,Intensive fodder gardens for improving forage availability for smallholder dairy production in Hi District Tanzania,"In Stares, J.E. et al (eds): The complementarity of feed resoures for Animal production in Africa",East Africa,On-farm trial,Tanzania,Kakashi,Mixed Rainfed Temperate,Tropic - cool / subhumid,2,Improved integration into the cropping system,Tripsacum laxum,Herbaceous legume,Desmodium intortium,Tripsacum laxum,,Forage legume intercrop w grass,85.8,81.9,,,,,,,,,,,,,26.1,,,,,,t/ha/yr,,,,,,,,,,,,,,,,,,,,,,,,,,,,,,,,,,,,,,,,,,,,,,,,,,,,,,,,,,,,,,,,,,,,,,,,,,,,,,,,,,,,,,,,,,,,,,,,,,,,,,,,,,,,,,,,,,,,,,,
68,1,3,2,"Mtengeti, E., Urio, N., Mlay, G.",2001,Intensive fodder gardens for improving forage availability for smallholder dairy production in Hi District Tanzania,"In Stares, J.E. et al (eds): The complementarity of feed resoures for Animal production in Africa",East Africa,On-farm trial,Tanzania,Kakashi,Mixed Rainfed Temperate,Tropic - cool / subhumid,2,Improved integration into the cropping system,Setaria splendida,Herbaceous legume,Desmodium intortium,Setaria splendida,,Forage legume intercrop w grass,98.5,140,,,,,,,,,,,,,25.4,,,,,,t/ha/yr,,,,,,,,,,,,,,,,,,,,,,,,,,,,,,,,,,,,,,,,,,,,,,,,,,,,,,,,,,,,,,,,,,,,,,,,,,,,,,,,,,,,,,,,,,,,,,,,,,,,,,,,,,,,,,,,,,,,,,,
68,2,1,2,"Mtengeti, E., Urio, N., Mlay, G.",2001,Intensive fodder gardens for improving forage availability for smallholder dairy production in Hi District Tanzania,"In Stares, J.E. et al (eds): The complementarity of feed resoures for Animal production in Africa",East Africa,On-farm trial,Tanzania,Mowanjamu,Mixed Rainfed Temperate,Tropic - cool / subhumid,2,Improved integration into the cropping system,Pennisetum purpureum,Herbaceous legume,Desmodium intortium,Pennisetum purpureum,,Forage legume intercrop w grass,132.35,116.25,,,,,,,,,,,,,7.25,,,,,,t/ha/yr,,,,,,,,,,,,,,,,,,,,,,,,,,,,,,,,,,,,,,,,,,,,,,,,,,,,,,,,,,,,,,,,,,,,,,,,,,,,,,,,,,,,,,,,,,,,,,,,,,,,,,,,,,,,,,,,,,,,,,,
68,2,2,2,"Mtengeti, E., Urio, N., Mlay, G.",2001,Intensive fodder gardens for improving forage availability for smallholder dairy production in Hi District Tanzania,"In Stares, J.E. et al (eds): The complementarity of feed resoures for Animal production in Africa",East Africa,On-farm trial,Tanzania,Mowanjamu,Mixed Rainfed Temperate,Tropic - cool / subhumid,2,Improved integration into the cropping system,Tripsacum laxum,Herbaceous legume,Desmodium intortium,Tripsacum laxum,,Forage legume intercrop w grass,72.5,63.1,,,,,,,,,,,,,21.35,,,,,,t/ha/yr,,,,,,,,,,,,,,,,,,,,,,,,,,,,,,,,,,,,,,,,,,,,,,,,,,,,,,,,,,,,,,,,,,,,,,,,,,,,,,,,,,,,,,,,,,,,,,,,,,,,,,,,,,,,,,,,,,,,,,,
68,2,3,2,"Mtengeti, E., Urio, N., Mlay, G.",2001,Intensive fodder gardens for improving forage availability for smallholder dairy production in Hi District Tanzania,"In Stares, J.E. et al (eds): The complementarity of feed resoures for Animal production in Africa",East Africa,On-farm trial,Tanzania,Mowanjamu,Mixed Rainfed Temperate,Tropic - cool / subhumid,2,Improved integration into the cropping system,Setaria splendida,Herbaceous legume,Desmodium intortium,Setaria splendida,,Forage legume intercrop w grass,93.95,102.3,,,,,,,,,,,,,9.6,,,,,,t/ha/yr,,,,,,,,,,,,,,,,,,,,,,,,,,,,,,,,,,,,,,,,,,,,,,,,,,,,,,,,,,,,,,,,,,,,,,,,,,,,,,,,,,,,,,,,,,,,,,,,,,,,,,,,,,,,,,,,,,,,,,,
68,3,1,2,"Mtengeti, E., Urio, N., Mlay, G.",2001,Intensive fodder gardens for improving forage availability for smallholder dairy production in Hi District Tanzania,"In Stares, J.E. et al (eds): The complementarity of feed resoures for Animal production in Africa",East Africa,On-farm trial,Tanzania,Sanya Juu,Mixed Rainfed Temperate,Tropic - cool / subhumid,2,Improved integration into the cropping system,Pennisetum purpureum,Herbaceous legume,Desmodium intortium,Pennisetum purpureum,,Forage legume intercrop w grass,203.45,213.2,,,,,,,,,,,,,1.55,,,,,,t/ha/yr,,,,,,,,,,,,,,,,,,,,,,,,,,,,,,,,,,,,,,,,,,,,,,,,,,,,,,,,,,,,,,,,,,,,,,,,,,,,,,,,,,,,,,,,,,,,,,,,,,,,,,,,,,,,,,,,,,,,,,,
68,3,2,2,"Mtengeti, E., Urio, N., Mlay, G.",2001,Intensive fodder gardens for improving forage availability for smallholder dairy production in Hi District Tanzania,"In Stares, J.E. et al (eds): The complementarity of feed resoures for Animal production in Africa",East Africa,On-farm trial,Tanzania,Sanya Juu,Mixed Rainfed Temperate,Tropic - cool / subhumid,2,Improved integration into the cropping system,Tripsacum laxum,Herbaceous legume,Desmodium intortium,Tripsacum laxum,,Forage legume intercrop w grass,47.8,48.7,,,,,,,,,,,,,18.1,,,,,,t/ha/yr,,,,,,,,,,,,,,,,,,,,,,,,,,,,,,,,,,,,,,,,,,,,,,,,,,,,,,,,,,,,,,,,,,,,,,,,,,,,,,,,,,,,,,,,,,,,,,,,,,,,,,,,,,,,,,,,,,,,,,,
68,3,3,2,"Mtengeti, E., Urio, N., Mlay, G.",2001,Intensive fodder gardens for improving forage availability for smallholder dairy production in Hi District Tanzania,"In Stares, J.E. et al (eds): The complementarity of feed resoures for Animal production in Africa",East Africa,On-farm trial,Tanzania,Sanya Juu,Mixed Rainfed Temperate,Tropic - cool / subhumid,2,Improved integration into the cropping system,Setaria splendida,Herbaceous legume,Desmodium intortium,Setaria splendida,,Forage legume intercrop w grass,96.65,90.45,,,,,,,,,,,,,11.8,,,,,,t/ha/yr,,,,,,,,,,,,,,,,,,,,,,,,,,,,,,,,,,,,,,,,,,,,,,,,,,,,,,,,,,,,,,,,,,,,,,,,,,,,,,,,,,,,,,,,,,,,,,,,,,,,,,,,,,,,,,,,,,,,,,,
68,4,1,2,"Mtengeti, E., Urio, N., Mlay, G.",2001,Intensive fodder gardens for improving forage availability for smallholder dairy production in Hi District Tanzania,"In Stares, J.E. et al (eds): The complementarity of feed resoures for Animal production in Africa",East Africa,On-farm trial,Tanzania,Nronga,Mixed Rainfed Temperate,Tropic - cool / subhumid,2,Improved integration into the cropping system,Pennisetum purpureum,Herbaceous legume,Desmodium intortium,Pennisetum purpureum,,Forage legume intercrop w grass,193.6,207.8,,,,,,,,,,,,,0.5,,,,,,t/ha/yr,,,,,,,,,,,,,,,,,,,,,,,,,,,,,,,,,,,,,,,,,,,,,,,,,,,,,,,,,,,,,,,,,,,,,,,,,,,,,,,,,,,,,,,,,,,,,,,,,,,,,,,,,,,,,,,,,,,,,,,
68,4,2,2,"Mtengeti, E., Urio, N., Mlay, G.",2001,Intensive fodder gardens for improving forage availability for smallholder dairy production in Hi District Tanzania,"In Stares, J.E. et al (eds): The complementarity of feed resoures for Animal production in Africa",East Africa,On-farm trial,Tanzania,Nronga,Mixed Rainfed Temperate,Tropic - cool / subhumid,2,Improved integration into the cropping system,Tripsacum laxum,Herbaceous legume,Desmodium intortium,Tripsacum laxum,,Forage legume intercrop w grass,81.1,56.9,,,,,,,,,,,,,9,,,,,,t/ha/yr,,,,,,,,,,,,,,,,,,,,,,,,,,,,,,,,,,,,,,,,,,,,,,,,,,,,,,,,,,,,,,,,,,,,,,,,,,,,,,,,,,,,,,,,,,,,,,,,,,,,,,,,,,,,,,,,,,,,,,,
68,4,3,2,"Mtengeti, E., Urio, N., Mlay, G.",2001,Intensive fodder gardens for improving forage availability for smallholder dairy production in Hi District Tanzania,"In Stares, J.E. et al (eds): The complementarity of feed resoures for Animal production in Africa",East Africa,On-farm trial,Tanzania,Nronga,Mixed Rainfed Temperate,Tropic - cool / subhumid,2,Improved integration into the cropping system,Setaria splendida,Herbaceous legume,Desmodium intortium,Setaria splendida,,Forage legume intercrop w grass,153.9,146.9,,,,,,,,,,,,,0.65,,,,,,t/ha/yr,,,,,,,,,,,,,,,,,,,,,,,,,,,,,,,,,,,,,,,,,,,,,,,,,,,,,,,,,,,,,,,,,,,,,,,,,,,,,,,,,,,,,,,,,,,,,,,,,,,,,,,,,,,,,,,,,,,,,,,
71,1,1,2,"Mureithi, J., Thorpe, W.",2000,The effect of herbaceous legume intercropping and mulching on the productivity of Napier grass (Pennisetum purpureum) and total forage yield in coastal lowland Kenya,"In Ndikumana, J. and Leeuw P. (eds) (1996). Sustainable Feed Production and Utilisation for Smallholder Livestock Enterprises in Sub-Saharan Africa. Proceedings of the Second African Feed Resources Network (AFRNET) workshop held in Harare, Zimbabwe",East Africa,On-station trial,Kenya,Mtwapa,Mixed Rainfed Humid,Tropic - warm / subhumid,3,Improved integration into the cropping system,Pennisetum purpureum cv. Bana,Herbaceous legume,Clitoria ternatea,Pennisetum purpureum cv. Bana,,Forage legume intercrop w grass,26.2,30,,,,,,,,,,,,,,,,,,,t/ha/6harvests,,,,,,,,,,,,,,,,,,,,,,,,,,,,,,,,,,,,,,,,,,,,,,,,,,,,,,,,,,,,,,,,,,,,,,,,,,,,,,,,,,,,,,,,,,,,,,,,,,,,,,,,,,,,,,,,,,,,,,,
71,1,1,3,"Mureithi, J., Thorpe, W.",2000,The effect of herbaceous legume intercropping and mulching on the productivity of Napier grass (Pennisetum purpureum) and total forage yield in coastal lowland Kenya,"In Ndikumana, J. and Leeuw P. (eds) (1996). Sustainable Feed Production and Utilisation for Smallholder Livestock Enterprises in Sub-Saharan Africa. Proceedings of the Second African Feed Resources Network (AFRNET) workshop held in Harare, Zimbabwe",East Africa,On-station trial,Kenya,Mtwapa,Mixed Rainfed Humid,Tropic - warm / subhumid,3,Improved integration into the cropping system,Pennisetum purpureum cv. Bana,Herbaceous legume,Macroptilium atropurpureum,Pennisetum purpureum cv. Bana,,Forage legume intercrop w grass,26.2,29.5,,,,,,,,,,,,,,,,,,,t/ha/6harvests,,0,,,,,0,,0,,,,,,,,,,,,,,,,,,,,,,,,,,,,,,,,,,,,,,,,,,,,,,,,,,,,,,,,,,,,,,,,,,,,,,,,,,,,,,,,,,,,,,,,,,,,,,,,,,,,,,,,,,,,,,
71,1,1,4,"Mureithi, J., Thorpe, W.",2000,The effect of herbaceous legume intercropping and mulching on the productivity of Napier grass (Pennisetum purpureum) and total forage yield in coastal lowland Kenya,"In Ndikumana, J. and Leeuw P. (eds) (1996). Sustainable Feed Production and Utilisation for Smallholder Livestock Enterprises in Sub-Saharan Africa. Proceedings of the Second African Feed Resources Network (AFRNET) workshop held in Harare, Zimbabwe",East Africa,On-station trial,Kenya,Mtwapa,Mixed Rainfed Humid,Tropic - warm / subhumid,3,Improved integration into the cropping system,Pennisetum purpureum cv. Bana,Herbaceous legume,Macrotyloma axillare,Pennisetum purpureum cv. Bana,,Forage legume intercrop w grass,26.2,28.5,,,,,,,,,,,,,,,,,,,t/ha/6harvests,,0,,,,,0,,0,,,,,,,,,,,,,,,,,,,,,,,,,,,,,,,,,,,,,,,,,,,,,,,,,,,,,,,,,,,,,,,,,,,,,,,,,,,,,,,,,,,,,,,,,,,,,,,,,,,,,,,,,,,,,,
71,1,1,5,"Mureithi, J., Thorpe, W.",2000,The effect of herbaceous legume intercropping and mulching on the productivity of Napier grass (Pennisetum purpureum) and total forage yield in coastal lowland Kenya,"In Ndikumana, J. and Leeuw P. (eds) (1996). Sustainable Feed Production and Utilisation for Smallholder Livestock Enterprises in Sub-Saharan Africa. Proceedings of the Second African Feed Resources Network (AFRNET) workshop held in Harare, Zimbabwe",East Africa,On-station trial,Kenya,Mtwapa,Mixed Rainfed Humid,Tropic - warm / subhumid,3,Improved integration into the cropping system,Pennisetum purpureum cv. Bana,Herbaceous legume,Stylosanthes guianensis,Pennisetum purpureum cv. Bana,,Forage legume intercrop w grass,26.2,26.9,,,,,,,,,,,,,,,,,,,t/ha/6harvests,,0,,,,,0,,0,,,,,,,,,,,,,,,,,,,,,,,,,,,,,,,,,,,,,,,,,,,,,,,,,,,,,,,,,,,,,,,,,,,,,,,,,,,,,,,,,,,,,,,,,,,,,,,,,,,,,,,,,,,,,,
72,1,2,2,"Njarui, M.",2007,Enhancing livestock feed supply by integrating selected forage legumes in semi-arid region of Eastern Kenya,"PhD thesis Egerton University, Kenya",East Africa,On-station trial,Kenya,Katumani,Mixed Rainfed Humid,Tropic - cool / semiarid,3,Improved integration into the cropping system,Sole Pennisetum purpureum cv. Bana,Herbaceous legume,Stylosanthes scabra Vog cv. Seca,Pennisetum purpureum cv. Bana,,Forage legume intercrop w grass,1715,1410,4352,4264,2239,3052,628,807,1238,1560,1352,2161,254,271,,,,,,,kg/ha/season,,,,,,,,,,,,,,,,,,,,,,,,,,,,,,,,,,,,,,,,,,,,,,,,,,,,,,,,,,,,,,,,,,,,,,,,,,,,,,,,,,,,,,,,,,,,,,,,,,,,,,,,,,,,,,,,,,,,,,,
72,1,2,3,"Njarui, M.",2007,Enhancing livestock feed supply by integrating selected forage legumes in semi-arid region of Eastern Kenya,"PhD thesis Egerton University, Kenya",East Africa,On-station trial,Kenya,Katumani,Mixed Rainfed Humid,Tropic - cool / semiarid,3,Improved integration into the cropping system,Sole Pennisetum purpureum cv. Bana,Herbaceous legume,Macroptilium atropurpureum (DC.) Urb. cv. Siratro,Pennisetum purpureum cv. Bana,,Forage legume intercrop w grass,1715,1782,4352,4146,2239,2905,628,574,1238,1250,1352,2001,254,217,,,,,,,kg/ha/season,,,,,,,,,,,,,,,,,,,,,,,,,,,,,,,,,,,,,,,,,,,,,,,,,,,,,,,,,,,,,,,,,,,,,,,,,,,,,,,,,,,,,,,,,,,,,,,,,,,,,,,,,,,,,,,,,,,,,,,
72,1,4,2,"Njarui, M.",2007,Enhancing livestock feed supply by integrating selected forage legumes in semi-arid region of Eastern Kenya,"PhD thesis Egerton University, Kenya",East Africa,On-station trial,Kenya,Katumani,Mixed Rainfed Humid,Tropic - cool / semiarid,3,Improved integration into the cropping system,Sole giant Panicum K52-129,Herbaceous legume,Stylosanthes scabra Vog cv. Seca,Giant Panicum K52-129,,Forage legume intercrop w grass,782,1720,5616,5684,2828,3449,571,796,826,1162,1162,2209,147,215,,,,,,,kg/ha/season,,,,,,,,,,,,,,,,,,,,,,,,,,,,,,,,,,,,,,,,,,,,,,,,,,,,,,,,,,,,,,,,,,,,,,,,,,,,,,,,,,,,,,,,,,,,,,,,,,,,,,,,,,,,,,,,,,,,,,,
72,1,4,3,"Njarui, M.",2007,Enhancing livestock feed supply by integrating selected forage legumes in semi-arid region of Eastern Kenya,"PhD thesis Egerton University, Kenya",East Africa,On-station trial,Kenya,Katumani,Mixed Rainfed Humid,Tropic - cool / semiarid,3,Improved integration into the cropping system,Sole giant Panicum K52-129,Herbaceous legume,Macroptilium atropurpureum (DC.) Urb. cv. Siratro,Giant Panicum K52-129,,Forage legume intercrop w grass,782,1386,5616,4511,2828,3532,571,621,826,1090,1162,2123,147,214,,,,,,,kg/ha/season,,,,,,,,,,,,,,,,,,,,,,,,,,,,,,,,,,,,,,,,,,,,,,,,,,,,,,,,,,,,,,,,,,,,,,,,,,,,,,,,,,,,,,,,,,,,,,,,,,,,,,,,,,,,,,,,,,,,,,,
76,1,1,2,"Njwe, R., Donfack, N., Djoukam, J., Endeley, H.",1992,"Performance of associations of Brachiaria ruziziensis with Desmodium intortium, Desmodium Uncinatum and Stylosanthes guianensis at Dschang, Cameroon.","In Stares, J.E. et al (eds): The complementarity of feed resoures for Animal production in Africa",Central Africa,On-station trial,Cameroon,Dschang,Urban,Tropic - cool / humid,5,Improved integration into the cropping system,Brachiaria ruziziensis,Herbaceous legume,Desmodium intortum,Brachiaria ruziziensis,,Forage legume intercrop w grass,1792,10234,,,,,,,,,,,,,,,,,,,kg/ha/yr,113,851,,,kg/ha,,,,,,,,,,,,,,,,,,,,,,,,,,,,,,,,,,,,,,,,,,,,,,,,,,,,,,,,,,,,,,,,,,,,,,,,,,,,,,,,,,,,,,,,,,,,,,,,,,,,,,,,,,,,,,,,,,
76,1,1,3,"Njwe, R., Donfack, N., Djoukam, J., Endeley, H.",1992,"Performance of associations of Brachiaria ruziziensis with Desmodium intortium, Desmodium Uncinatum and Stylosanthes guianensis at Dschang, Cameroon.","In Stares, J.E. et al (eds): The complementarity of feed resoures for Animal production in Africa",Central Africa,On-station trial,Cameroon,Dschang,Urban,Tropic - cool / humid,5,Improved integration into the cropping system,Brachiaria ruziziensis,Herbaceous legume,Desmodium uncinatum,Brachiaria ruziziensis,,Forage legume intercrop w grass,1792,11190,,,,,,,,,,,,,,,,,,,kg/ha/yr,113,1166,,,kg/ha,,,,,,,,,,,,,,,,,,,,,,,,,,,,,,,,,,,,,,,,,,,,,,,,,,,,,,,,,,,,,,,,,,,,,,,,,,,,,,,,,,,,,,,,,,,,,,,,,,,,,,,,,,,,,,,,,,
76,1,1,4,"Njwe, R., Donfack, N., Djoukam, J., Endeley, H.",1992,"Performance of associations of Brachiaria ruziziensis with Desmodium intortium, Desmodium Uncinatum and Stylosanthes guianensis at Dschang, Cameroon.","In Stares, J.E. et al (eds): The complementarity of feed resoures for Animal production in Africa",Central Africa,On-station trial,Cameroon,Dschang,Urban,Tropic - cool / humid,5,Improved integration into the cropping system,Brachiaria ruziziensis,Herbaceous legume,Stylosantes guianensis,Brachiaria ruziziensis,,Forage legume intercrop w grass,1792,8738,,,,,,,,,,,,,,,,,,,kg/ha/yr,113,754,,,kg/ha,,,,,,,,,,,,,,,,,,,,,,,,,,,,,,,,,,,,,,,,,,,,,,,,,,,,,,,,,,,,,,,,,,,,,,,,,,,,,,,,,,,,,,,,,,,,,,,,,,,,,,,,,,,,,,,,,,
97,1,1,2,"Kabirizi, J.",2009,"Participatory testing of forage legume innovations with women farmers in Masaka District, Uganda: Impact on fodder availability, animal performance and household income",In. Urama K. et al (2009). Agricultural innovations for sustainable development.Vol. 2 issue 1. African Technology Policy Studies Network. Pp.79,East Africa,Feeding trial and on-farm trial,Uganda,Masaka,Mixed Rainfed Humid,Tropic - cool / subhumid,12,Improved integration into the cropping system,Pennisetum purpureum,Herbaceous legume,Desmodium intortum,Pennisetum purpureum,,Forage legume intercrop w grass,10024.2,12211.4,,,,,,,,,,,,,,,,,,,kg/ha,7.4,8.4,,,%DM,,,,,,,,,,,,,,,,,,,,,,,,,,,,,,,,,,,,,,,,,,,,,,,,,,,,,,,,,,,,,,,,,,,,,,,,,,,,,,,,,,,,,,,,,,,,,,,,,,,,,,,,,,,,,,,,,,
24,1,1,3,"Kabirizi, J., Ziiwa, E., Mugerwa, S., Ndikumana, J., Nanyennya, W.",2010,Dry season forages for improving dairy production in smallholder systems in Uganda,Tropical Grasslands,East Africa,On-farm trial,Uganda,Masaka,Other,Tropic - cool / humid,24,Improved integration into the cropping system,Pennisetum purpureum,Herbaceous legume,Clitoria ternatea,Brachiaria cv. Mulato,,Forage legume intercrop w grass,10.354,12.119,,,,,,,,,,,,,,,,,,,t/ha,7,12.1,,,%ofDM(yr),,,,,,,,,5.9,,l/day,,,,,,,,,,,,,,,,,,,,,,,,,,,,,,,,,,,,,,,,,,,,,,,,,,,,,,,,,,,,,,,,,,,,,,,,,,,,,,,,,,,,,,,,,,,,,,,,,,,,,,,
38,1,2,2,"Rahetlah, V., Randrianaivoarivony, J. Andrianarisoa, B. Razafimpamoa, L., Ramalanjaoa, v.",2012,Yield and quality of Brachiaria Sp. cv. Mulato-forage perennial peanut (Arachis pintoi) mixture in the Highlands of Madagascar,Livestock Research for Rural Development,Southern Africa,On-station trial,Madagascar,Vakinankaratra region,Mixed Rainfed Temperate,Tropic - cool / humid,3,Improved integration into the cropping system,Brachiaria hybrid cv. Mulato II sole,Herbaceous legume,Arachis pintoi,Brachiaria hybrid cv Mulato II,,Forage legume intercrop w grass,,,,,,,,,,,,,,,,,,,,,,,,,,,,,,,,,,,,,,,,,,,,,,,,,,,,,,,,,,,,,,,,,,,,,,,,,,,,,,,,,,,,,,,,,,,,,,,,,,,,,,,,,,,,,,,,,,,,,,,,,,,,,,,,,,,,,,,,,,,,
59,1,1,2,"Kabirizi, J., Mpairwe, D., Mutetikka, D.",2006,Effect of intercropping legumes with elephant grass on fodder production in intensive smallholder dairy farms in Uganda,Uganda Journal of Agricultural Sciences,East Africa,On-farm trial,Uganda,"Kingo, Katwe/Butego, Bukulula, Kalungu",Mixed Rainfed Humid,Tropic - cool / humid,3,Improved integration into the cropping system,Pennisetum purpureum Kawanda 4,Herbaceous legume,"Desmodium intortum, Macroptilium atropurpureum, Centrosema pubescens",Pennisetum purpureum Kawanda 4,,Forage legume intercrop w grass,10024,12210.9,,,,,,,,,,,,,,,,,,,,809,1163.3,,,kg/ha/yr,,,,,,9.2,9.4,MJ/kgDM,,,,,,,,,,,,,,,,,,,,,,,,,,,,,,,,,,,,,,,,,,,,,,,,,,,,,,,,,,,,,,,,,,,,,,,,,,,,,,,,,,,,,,,,,,,,,,,,,,,,,,,,,,
101,1,1,2,"Kabirizi, J., Muyekho, F., Mulaa, M., Kawube, G., Msangi, R., Pallangyo, B., Zziwa, E., Mugerwa, S., Ajanga,S., Lukwago, G., Wamalwa N., Kariuki, I., Atuhairwe, A., Awalla, J., Namazzi, C., Nampijja, Z.",2015,Dry season forages for improving dairy production in smallholder systems in Uganda,"Napier grass feed resource: production, constraints and implications for smallholder farmers in Eastern and Central Africa. ISBN: 978-9970-9269-1-6 (Book)",East Africa,On-farm trial,Uganda,Masaka,Mixed Rainfed Humid,Tropic - cool / subhumid,24,Improved integration into the cropping system,Pennisetum purpureum,Herbaceous legume,Centrosema molle,Brachiaria cv. Mulato,,Forage legume intercrop w grass,10354,15790,,,,,,,,,,,,,,,,,,,kg/ha,7,8.4,,,%DM,,,,,,,,,,,,,,,,,,,,,,,,,,,,,,,,,,,,,,,,,,,,,,,,,,,,,,,,,,,,,,,,,,,,,,,,,,,,,,,,,,,,,,,,,,,,,,,,,,,,,,,,,,,,,,,,,,
101,1,1,3,"Kabirizi, J., Muyekho, F., Mulaa, M., Kawube, G., Msangi, R., Pallangyo, B., Zziwa, E., Mugerwa, S., Ajanga,S., Lukwago, G., Wamalwa N., Kariuki, I., Atuhairwe, A., Awalla, J., Namazzi, C., Nampijja, Z.",2015,Dry season forages for improving dairy production in smallholder systems in Uganda,"Napier grass feed resource: production, constraints and implications for smallholder farmers in Eastern and Central Africa. ISBN: 978-9970-9269-1-6 (Book)",East Africa,On-farm trial,Uganda,Masaka,Mixed Rainfed Humid,Tropic - cool / subhumid,24,Improved integration into the cropping system,Pennisetum purpureum,Herbaceous legume,Clitoria ternatea,Brachiaria cv. Mulato,,Forage legume intercrop w grass,10354,12119,,,,,,,,,,,,,,,,,,,kg/ha,7,12.1,,,%DM,,,,,,,,,,,,,,,,,,,,,,,,,,,,,,,,,,,,,,,,,,,,,,,,,,,,,,,,,,,,,,,,,,,,,,,,,,,,,,,,,,,,,,,,,,,,,,,,,,,,,,,,,,,,,,,,,,
101,1,2,2,"Kabirizi, J., Muyekho, F., Mulaa, M., Kawube, G., Msangi, R., Pallangyo, B., Zziwa, E., Mugerwa, S., Ajanga,S., Lukwago, G., Wamalwa N., Kariuki, I., Atuhairwe, A., Awalla, J., Namazzi, C., Nampijja, Z.",2015,Dry season forages for improving dairy production in smallholder systems in Uganda,"Napier grass feed resource: production, constraints and implications for smallholder farmers in Eastern and Central Africa. ISBN: 978-9970-9269-1-6 (Book)",East Africa,On-farm trial,Uganda,Masaka,Mixed Rainfed Humid,Tropic - cool / subhumid,20,Improved integration into the cropping system,Pennisetum purpureum,Herbaceous legume,Centrosema molle and Clitoria ternatea,Brachiaria cv. Mulato,,Forage legume intercrop w grass,,,,,,,,,,,,,,,,,,,,,,,,,,,,,,,,,,,5.9,10.6,l/day,,,,,,,,,,,,,,,,,,,,,,,,,,,,,,,,,,,,,,,,,,,,,,,,,,,,,,,,,,,,,,,,,,,,,,,,,,,,,,,,,,,,,,,,,,,,,,,,,,,,,,,
