fpid,type,text,footnotes
Agroforestry systems,FP ID,Agroforestry systems,NA
Agroforestry systems,Definition of the farming practice1,"Agroforestry is a land-use system and management practice in which woody perennials such as trees and shrubs are deliberately integrated with agricultural crops and/or livestock on the same land management unit. This integration may occur through spatial arrangements (e.g., trees within or along field boundaries, hedgerows, or shelterbelts) or temporal sequences (e.g., rotational or successional planting).","Mosquera-Losada M.R., McAdam J.H., Romero-Franco R., Santiago-Freijanes J.J., Rigueiro-Rodríguez A. (2009) Definitions and Components of Agroforestry Practices in Europe. In: Rigueiro-Rodríguez A., McAdam J., Mosquera-Losada M.R. (eds) Agroforestry in Europe. Advances in Agroforestry, vol 6. Springer, Dordrecht. https://doi.org/10.1007/978-1-4020-8272-6_1, LUNDGREN, LILL. ""BJORN LUNDGREN International Council for Research in Agroforestry (ICRAF), Nairobi, Kenya and LILL LUNDGREN."" Socio-economic Effects and Constraints in Tropical Forest Management: The Results of an Enquiry (1982): 43.

den Herder, M., Burgess, P.J., Mosquera-Losada, M.R., Herzog, F., Hartel, T., Upson, M., Viholainen, I., Rosati, A., 2015a. Preliminary stratification and quantification of agroforestry in Europe. Milestone Report 1.1 for EU FP7 AGFORWARD Research Project (613520). http://agforward.eu/index.php/en/preliminary-stratification-and-quantification-of-agroforestry-in-europe.html"
Agroforestry systems,Definition of the farming practice2,"Agroforestry can function as a specific farm practice, a set of complementary practices, or a broader farming system, depending on its scale and design that enhances ecological and economic synergies between the tree and non-tree components, contributing to productive, sustainable and climate resilient agriculture","The Food and Agriculture Organization of the United Nations (FAO) https://www.fao.org/agroforestry/about-agroforestry/overview/en 

The World Agroforestry Centre ?https://www.cifor-icraf.org/knowledge/publication/33671/.  "
Agroforestry systems,Definition of the farming practice3,"We considered the following Agroforestry classification: Silvopastoral (Wood pasture; Orchard grazing), Silvoarable (Alley cropping; Alley coppice), Tree Landscape features (Hedges/wooded strips; Buffer strips; Trees in line such as Windbreaks and shelterbelts; Isolated trees), Agrosilvopastoral (Settlement agroforestry including home gardens) and other systems (Shaded perennials; Improved fallow; Woodlot).",EU Natural Restoration Law https://eur-lex.europa.eu/legal-content/EN/TXT/HTML/?uri=OJ:C_202500980#ntr9-C_202500980EN.000101-E0009 
Agroforestry systems,Definition of the farming practice4,"Agroforestry is a form of multiple cropping which satisfies at least three basic conditions: i) There are at least two species that interact biologically; ii) At least one of the species is a woody perennial; iii) At least one of the plant species is managed for forage, annual, or perennial crop production. ",NA
Agroforestry systems,Definition of the farming practice5,"Agroforestry can be considered at multiple spatial scales: field-scale, farm-scale and landscape scale. ",NA
Agroforestry systems,What does the definition of the FP include?1,"The review includes meta-analyses reporting on the effects of agroforestry practices or systems on sustainability outcomes covering environmental, climate, and productivity aspects.",NA
Agroforestry systems,What does the definition of the FP include?2,"The primary studies synthesized by meta-analyses include observations of agroforestry practices or systems in pedo-climates characterizing the northern hemisphere, such as temperate, continental, boreal and mediterranean. ",NA
Agroforestry systems,What does the definition of the FP exclude?1,Forest land is out of the scope of this review and is thus not relevant for our classification of agroforestry practices.,NA
Conservation agriculture systems,FP ID,Conservation agriculture systems,NA
Conservation agriculture systems,Definition of the farming practice1,"Conservation agriculture is a special case of no-tillage systems where minimum soil disturbance is combined with crop rotation (i.e., alternation of different crops) and permanent soil cover (including crop residues, mulch, and live mulch).",https://www.fao.org/conservation-agriculture/overview/conservation-agriculture-principles/en/
Conservation agriculture systems,What does the definition of the FP include?1,The review also includes comparisons between conventional tillage and no-tillage or reduced tillage combined with both permanent soil cover and crop rotation.,NA
Conservation agriculture systems,What does the definition of the FP exclude?1,"Studies including various no-tillage and reduced tillage systems (sometimes defined as conservation tillage[6]) are excluded from this review, as the effects reported in the papers cannot be distinguished.",https://ec.europa.eu/eurostat/statistics-explained/index.php?title=Glossary:Conservational_tillage
Cover and catch crops,FP ID,Cover and catch crops,NA
Cover and catch crops,Definition of the farming practice1,"Cover crops are grown to provide vegetative cover between rows of main crops in orchards and vineyards, or in the period between two main arable crops to prevent erosion and  minimize the risk of surface runoff by improving the infiltration. They may also function as catch crops, which scavenge the remaining nitrogen after the main crop is harvested, thereby reducing nutrient losses from leaching. They are temporary crops that may be cut and removed or incorporated into the soil. The practice of incorporating crops into the soil to provide nutrient is defined as ""green manuring""","Inglett, P.W., Reddy, K.R., Corstanje, R., 2005. Encyclopedia of Soils in the Environment | ScienceDirect."
Cover and catch crops,Definition of the farming practice2,Spontaneous vegetation left growing with the same purpose of cover crops is also included under this practice,NA
Cover and catch crops,What does the definition of the FP include?1,"Crops sown on purpose during the fallow season, or undersown to winter/spring main crops, or sown between rows of tree or vineyard crops as mean of soil living cover.",NA
Cover and catch crops,What does the definition of the FP include?2,Spontaneous vegetation left growing with the objective of covering the soil.,NA
Cover and catch crops,What does the definition of the FP include?3,"Mono- or multi-species cover/catch crops including legumes (N-fixing species), non-legumes (grass or broadleafs) or mixtures.",NA
Cover and catch crops,What does the definition of the FP include?4,"Permanent/annual intercropping in orchards, i.e. refers to the maintenance of a permanent cover crop in the alleys, such as aromatics, while annual intercropping means the presence of cover crops in the alleys that are annually harvested or incorporated into the soil.",NA
Cover and catch crops,What does the definition of the FP include?5,"Cover/catch crops are terminated before the main cash crop is harvested, by different strategies: Mechanical, tillage with direct incorporation to soil or herbicide termination.",NA
Cover and catch crops,What does the definition of the FP include?6,"Cover/catch crops biomass, after termination, can be either: - left on soil as mulch or green manure. - incorporated as green manure. - harvested and exported from the field. ",NA
Cover and catch crops,What does the definition of the FP include?7,Catch/cover crops or spontaneous living soil cover are compared to bare soil during fallow season (e.g. winter) or to uncovered soil/active removal of spontaneous vegetation by tillage.,NA
Crop residue management,FP ID,Crop residue management,NA
Crop residue management,Definition of the farming practice1,"Crop residue management is the handling of stems, leaves, chaff and husks that remain in the fields after crops are harvested for grain, seed or fiber. Main strategies for crop residue management involve residue retention at the surface, residue incorporation into the soil and rice residue burning.","Reicosky and Wilts, 2005. (https://doi.org/10.1016/B0-12-348530-4/00254-X)"
Crop residue management,What does the definition of the FP include?1,"This review includes the following crop residue management techniques: 1) crop residue retention (crop residue are left in the field after harvest), including crop residue retention and pruning residues retention, 2) crop residue incorporation into the soil (shallow and deep incorporation, 3) specific techniques for straw residue management, including additional straw application (beyond residue left by the crop), rice straw burned in paddy rice, and straw returning amended with straw decomposing microorganism inoculants.",NA
Crop residue management,What does the definition of the FP exclude?1,"This review does not include: 1) residue management techniques that are applied in other land uses that are not cropland, 2) Straw mulching. The impacts of straw mulching are evaluated in separate sets of fiches (Mulching).",NA
Crop rotation,FP ID,Crop rotation,NA
Crop rotation,Definition of the farming practice1,"Crop rotation on arable land is the practice of alternating crops grown on a specific field in a planned pattern or sequence in successive crop years, so that crops of the same species are not grown without interruption on the same field. In a rotation, the crops are normally changed annually, but they can also be multi-annual. If the same crop is grown continuously, the term monoculture can be used to describe the phenomenon",NA
Crop rotation,What does the definition of the FP include?1,"This review includes three types of crop rotation comparisons 2: (i) rotations of two crops compared to monocropping [3] (in 10 synthesis papers), (ii) rotations of 3 or more crops compared to monocropping (in 2 synthesis papers), and (iii) rotations of 3 or more crops compared to crop rotation of two crops (in 2 synthesis papers). Seven synthesis papers did not clearly specify the type of rotation (more diverse rotations vs. monocropping or 2-crop rotation).",NA
Crop rotation,What does the definition of the FP exclude?1,"This review does not include synthesis research papers that study the primary effects of: (i) cover crops - plants that are cultivated to cover (and protect) the soil instead of being harvested (i.e., studies where cover crops were only present in the intervention group and not in the control, were excluded), (ii) break crops - alternative crops to interrupt the repeated sowing of a cash crop, and (iii) fallowing - leave the arable land without planting for at least one year. The direct impacts of these three practices are evaluated in separate sets of fiches. ",NA
Enhanced efficiency fertilisers,FP ID,Enhanced efficiency fertilisers,NA
Enhanced efficiency fertilisers,Definition of the farming practice1,"Enhanced-Efficiency Fertilisers (EEF) correspond to different types of fertilisers or products associated to fertilisers, which have been developed to better synchronize fertiliser N release with crop uptake, offering the potential for enhanced N-use efficiency (NUE) in crops and reduced losses (Li et al., 2017).","Li, T, Zhang, W, Yin, J, et al. Enhanced-efficiency fertilizers are not a panacea for resolving the nitrogen problem. Glob Change Biol. 2018, 24: e511- e521. https://doi.org/10.1111/gcb.13918"
Enhanced efficiency fertilisers,Definition of the farming practice2,There are four main types of EEF:,NA
Enhanced efficiency fertilisers,Definition of the farming practice3,"Some EEF are designed to release nutrients by diffusion through semipermeable polymer-membrane coatings, in a controlled manner. Thus, nutrient release is better matched with crop demands and the availability of the fertiliser-derived N to nitrifiers and denitrifiers is limited. These products are called controlled-release fertilisers (CRF) and include coated or encapsulated fertilisers with inorganic or organic materials (Thapa et al., 2016).","Thapa, R., Chatterjee, A., Awale, R., McGranahan, D.A. and Daigh, A. (2016), Effect of Enhanced Efficiency Fertilizers on Nitrous Oxide Emissions and Crop Yields: A Meta-analysis. Soil Science Society of America Journal, 80: 1121-1134. https://doi.org/10.2136/sssaj2016.06.0179"
Enhanced efficiency fertilisers,Definition of the farming practice4,"Some other types of EEF can be coupled to nitrogen fertilisers (both organic and mineral, excluding nitrate-containing mineral fertilisers) to delay the hydrolysis of urea into NH4+ by blocking the urease enzyme binding sites. These products are defined as urease inhibitors (UI) (Trenkel et al., 2010).","Trenkel, M.E. 2010. Slow- and controlled-release and stabilized fertilizers: An option for enhancing nutrient use efficiency in agriculture. 2nd ed. Int.Fert. Assoc., Paris."
Enhanced efficiency fertilisers,Definition of the farming practice5,"Nitrification inhibitors are substances that, coupled to fertilizers, delay the bacterial oxidation of NH4+ (ammonium) to NO2- (nitrite) for a certain period by suppressing the activity of Nitrosomonas spp. (nitritation, step one of nitrification), and therefore the formation of NO3- (nitrate). In this way, mineral nitrogen (N) is retained as ammonium, which is less prone to leaching than nitrate, and which cannot be lost to the atmosphere by denitrification. Therefore, nitrification inhibitors are combined with fertilizers in order to increase fertilizer use efficiency (Chaves et al., 2006).","Chaves, B., Opoku, A., De Neve, S., Boeckx, P., Van Cleemput, O., & Hofman, G. (2006). Influence of DCD and DMPP on soil N dynamics after incorporation of vegetable crop residues. Biology and Fertility of Soils, 43(1), 62-68."
Enhanced efficiency fertilisers,Definition of the farming practice6,"The combined application of UI with nitrification inhibitors (NI) is referred to as double inhibitors (DI). DI are designed to increase crop NH4+ availability not only by delaying urea hydrolysis but also by prolonging NH4+ retention in soil, through inhibition of microbial nitrification (Thapa et al., 2016).","Thapa, R., Chatterjee, A., Awale, R., McGranahan, D.A. and Daigh, A. (2016), Effect of Enhanced Efficiency Fertilizers on Nitrous Oxide Emissions and Crop Yields: A Meta-analysis. Soil Science Society of America Journal, 80: 1121-1134. https://doi.org/10.2136/sssaj2016.06.0179"
Enhanced efficiency fertilisers,What does the definition of the FP include?1,All the four types of enhanced efficiency fertilisers were included in this fiche.,NA
Fallowing,FP ID,Fallowing,NA
Fallowing,Definition of the farming practice1,"Fallowing refers to the farming practice in which arable land included in the crop rotation system is left to recover, at least for the whole of a crop year, whether worked (e.g. ploughed) or not and with no intention to produce a harvest, including set-aside lands. ",Statistics explained (https://ec.europa.eu/eurostat/statistics-explained/index.php/Glossary:Fallow_land)
Fallowing,What does the definition of the FP include?1,Natural fallow comprises: ,NA
Fallowing,What does the definition of the FP include?2,"bare land bearing no crops at all, ",NA
Fallowing,What does the definition of the FP include?3,"land with spontaneous natural growth that may be used as feed or ploughed, ",NA
Fallowing,What does the definition of the FP include?4,recently abandoned and set-aside lands (<5 years). ,NA
Fallowing,What does the definition of the FP include?5,Green fallow: land sown exclusively for the production of green manure ,NA
Fallowing,What does the definition of the FP include?6,"This review does not include short and seasonal fallowing periods of annual crops, i.e., summer or winter fallows, whether soils are left bare or are shown with cover crops or green manures. These two practices are assessed in separate sets of fiches. ",NA
Fallowing,What does the definition of the FP include?7,This review includes spatial and temporal comparisons between fallow lands and cultivated arable lands. Spatial comparisons were simultaneously conducted between nearby fallows and cultivated lands. Temporal comparisons were conducted in the same land before and during fallowing. ,NA
Grassland conservation and restoration,FP ID,Grassland conservation and restoration,NA
Grassland conservation and restoration,Definition of the farming practice1,"Grasslands are areas of land predominantly covered by communities of grass-like plants and forbs and may include sparsely occurring trees and shrubs. In the Eurostat classification, percentages of area covered by such canopies are limited to less than 10 % in the case of trees and to less than?20 % in the case of shrubs (i.e., low woody plants capable of reaching heights of up to 5 metres)",https://ec.europa.eu/eurostat/statistics-explained/index.php?title=Glossary:Shrubland
Grassland conservation and restoration,Definition of the farming practice2,or shrubs and trees together.,https://ec.europa.eu/eurostat/statistics-explained/index.php?title=Glossary:Grassland
Grassland conservation and restoration,Definition of the farming practice3,"However, in the scientific literature reviewed here, grasslands are usually more broadly defined and might not fully meet such canopy limits. ",NA
Grassland conservation and restoration,Definition of the farming practice4,"This review includes a wide variety of grassland types: savannah, grassy deserts, seasonally flooded grasslands, prairies, meadows, pastures, rangelands, salt-marshes, bioenergy perennial grasslands, calcareous grasslands and wooded grasslands. Grasslands differ in terms of: management intensity (natural, semi-natural, improved and intensively managed), management history: permanent and temporary, successional stage (old successional and secondary grasslands), biomes and climates (semi-arid, temperate, tropical, Mediterranean, tundra, alpine, subalpine, artic and subartic).",NA
Grassland conservation and restoration,Definition of the farming practice5,Fodder crops are not included as grasslands.,NA
Grassland conservation and restoration,Definition of the farming practice6,"Grassland conservation refers to the preservation (i.e., no transformation to other land uses) of old successional natural grasslands. Old successional natural grasslands are grasses and forbs communities with no major human-induced structural or functional alterations so that their current management closely resembles historical, endogenous disturbance regimes (e.g., grazing intensity and fire frequency).","Nerlekar & Veldman. 2020. High plant diversity and slow assembly of old-growth grasslands. PNAS 117, 18550-18556."
Grassland conservation and restoration,Definition of the farming practice7,"In the scientific literature, these ecosystems are also referred as old-growth, ancient, remnant or native grasslands.",NA
Grassland conservation and restoration,Definition of the farming practice8,"Grassland restoration includes active and passive restoration methods usually aiming at enhancing plant community diversity, what is then expected to have cascading positive effects in higher trophic levels.","Sexton & Emery. 2020. Grassland restorations improve pollinator communities: a meta-analysis. Journal of Insect Conservation 24, 719-726."
Grassland conservation and restoration,Definition of the farming practice9,"This review includes several restoration methods: sowing of seed mixtures, addition of soil and hay, reintroduction of grazing and burning as active restoration methods, and abandonment of agricultural use as passive restoration method. In this review, we only consider the restoration of former grassland areas degraded by agricultural use (i.e., degradation due to mining or other land uses are excluded). We define secondary grasslands as the herbaceous communities that assemble after destruction (here, by agricultural use) of old successional natural grasslands, where the restoration efforts are conducted",NA
Grassland conservation and restoration,What does the definition of the FP include?1,"For the exploration of grassland conservation, this review includes the spatial comparison between preserved old successional natural grasslands (intervention) and nearby secondary grasslands, either restored or degraded, as comparator. ",NA
Grassland conservation and restoration,What does the definition of the FP include?2,"For the exploration of grassland restoration, this review includes spatial and temporal comparisons between restored grasslands (intervention) and croplands or secondary grasslands after crop abandonment as controls. Spatial comparisons are those conducted simultaneously between restored grasslands and nearby croplands (or secondary grasslands after crop abandonment). Temporal comparisons are those conducted in the same site before (when land use was cropland or abandoned cropland) and after restoration into grassland. ",NA
Grassland conservation and restoration,What does the definition of the FP include?3,"In this review, grassland restoration includes restoration into different types of grasslands, including perennial bioenergy grasslands. ",NA
Grassland conservation and restoration,What does the definition of the FP exclude?1,"This review does not include grazing or other management practices (i.e, soil amendment and fertilisation, mowing, increasing grass species richness) conducted in grasslands, which are assessed in separate sets of fiches. ",NA
Grassland management,FP ID,Grassland conservation and restoration,NA
Grassland management,Definition of the farming practice1,"Grasslands are areas of land predominantly covered by communities of grass-like plants and forbs and may include sparsely occurring trees and shrubs. In the Eurostat classification, percentages of area covered by such canopies are limited to less than 10 % in the case of trees and to less than?20 % in the case of shrubs (i.e., low woody plants capable of reaching heights of up to 5 metres)",https://ec.europa.eu/eurostat/statistics-explained/index.php?title=Glossary:Shrubland
Grassland management,Definition of the farming practice2,or shrubs and trees together.,https://ec.europa.eu/eurostat/statistics-explained/index.php?title=Glossary:Grassland
Grassland management,Definition of the farming practice3,"However, in the scientific literature reviewed here, grasslands are usually more broadly defined and might not fully meet such canopy limits. ",NA
Grassland management,Definition of the farming practice4,"This review includes a wide variety of grassland types: savannah, grassy deserts, seasonally flooded grasslands, prairies, meadows, pastures, rangelands, salt-marshes, bioenergy perennial grasslands, calcareous grasslands and wooded grasslands. Grasslands differ in terms of: management intensity (natural, semi-natural, improved and intensively managed), management history: permanent and temporary, successional stage (old successional and secondary grasslands), biomes and climates (semi-arid, temperate, tropical, Mediterranean, tundra, alpine, subalpine, artic and subartic).",NA
Grassland management,Definition of the farming practice5,Fodder crops are not included as grasslands.,NA
Grassland management,Definition of the farming practice6,This review includes several interventions on grasslands:,NA
Grassland management,Definition of the farming practice7,"Soil organic amendments are materials of plant or animal origin that can be added to soil, such as manures, biosolids, green wastes, and composts, to improve the soil quality in terms of its structure and biochemical function.","Diacono, M, and Montemurro, F. 2010. Long-term effects of organic amendments on soil fertility. A review. Agronomy for Sustainable Development, 30, 401-422."
Grassland management,Definition of the farming practice8,"This includes also biochar, which is charcoal produced by pyrolysis of biomass in the absence of oxygen.",NA
Grassland management,Definition of the farming practice9,"Enhanced-efficiency fertilisers (EEF) are different types of fertilisers or products associated to fertilisers, which have been developed to better synchronize fertiliser nitrogen (N) release with crop uptake, offering the potential for enhanced N-use efficiency (NUE) in crops and reduce losses","Li, T , Zhang, W , Yin, J , et al. 2018. Enhanced-efficiency fertilizers are not a panacea for resolving the nitrogen problem. Global Change Biology, 24, e511- e521."
Grassland management,Definition of the farming practice10,"This review includes the use of different types of EEF, namely nitrification inhibitors, urease inhibitors and polymer-coated fertilisers.",NA
Grassland management,Definition of the farming practice11,"Fertilisers are natural or synthetic substances containing chemical elements such as nitrogen, phosphorus (P) and potassium (K) that are applied to soils to improve growth and productiveness of plants.",https://ec.europa.eu/eurostat/statistics-explained/index.php?title=Glossary:Fertiliser
Grassland management,Definition of the farming practice12,This review includes the use of both mineral and organic conventional fertilisers.,NA
Grassland management,Definition of the farming practice13,Mowing is a harvesting practice consisting on cutting the grass.,NA
Grassland management,Definition of the farming practice14,"Grazing is a method of animal husbandry in which livestock are allowed to feed outdoors consuming wild vegetation. Please, note that in this set of fiches grazing is only explored when compared to mowing. Grazing and different grazing intensity are explored in a separate set of fiches.",NA
Grassland management,Definition of the farming practice15,"Increasing grass/forb species richness is a practice normally used to improve the agronomical performance of some grasslands. It consists on reseedings, generally with pluriannual grasses and legumes.","Velthof, GL, Lesschen, JP, Schils, RLM, et al. 2014. Grassland areas, production and use. Methodological studies in the field of Agro-Environmental Indicators. Alterra, Wageningen."
Grassland management,What does the definition of the FP include?1,"This review does not include other practices conducted in grasslands such as grazing nor the conversion of other agricultural land uses to grasslands, which are assessed in separate sets of fiches.",NA
Grassland management,What does the definition of the FP include?2,"The management practices reviewed here are only conducted in grasslands. However, the use in croplands (i.e., with no distinction between arable lands and grasslands) of nitrification inhibitors and other enhance-efficiency fertilisers, biochar and other soil organic amendments and fertilisers, are assessed in other sets of fiches.",NA
Grassland management,What does the definition of the FP include?3,"For greenhouse gas (GHG) emissions, the use of fertilisers is explored separately for N and P fertilisers as effects slightly differ.",NA
Grassland management,What does the definition of the FP exclude?1,"This review does not include grazing or other management practices (i.e, soil amendment and fertilisation, mowing, increasing grass species richness) conducted in grasslands, which are assessed in separate sets of fiches. ",NA
Grazing management,FP ID,Grazing management,NA
Grazing management,Definition of the farming practice1,"Grasslands are areas of land predominantly covered by communities of grass-like plants and forbs and may include sparsely occurring trees and shrubs. In the Eurostat classification, percentages of area covered by such canopies are limited to less than 10 % in the case of trees and to less than?20 % in the case of shrubs (i.e., low woody plants capable of reaching heights of up to 5 metres)",https://ec.europa.eu/eurostat/statistics-explained/index.php?title=Glossary:Shrubland
Grazing management,Definition of the farming practice2,or shrubs and trees together.,https://ec.europa.eu/eurostat/statistics-explained/index.php?title=Glossary:Grassland
Grazing management,Definition of the farming practice3,"However, in the scientific literature reviewed here, grasslands are usually more broadly defined and might not fully meet such canopy limits. ",NA
Grazing management,Definition of the farming practice4,"This review includes a wide variety of grassland types: savannah, grassy deserts, seasonally flooded grasslands, prairies, meadows, pastures, rangelands, salt-marshes, bioenergy perennial grasslands, calcareous grasslands and wooded grasslands. Grasslands differ in terms of: management intensity (natural, semi-natural, improved and intensively managed), management history: permanent and temporary, successional stage (old successional and secondary grasslands), biomes and climates (semi-arid, temperate, tropical, Mediterranean, tundra, alpine, subalpine, artic and subartic).",NA
Grazing management,Definition of the farming practice5,Fodder crops are not included as grasslands.,NA
Grazing management,Definition of the farming practice6,This review includes interventions in grasslands related to:,NA
Grazing management,Definition of the farming practice7,Grazing is a method of animal husbandry in which livestock are allowed to feed outdoors consuming wild vegetation.,NA
Grazing management,Definition of the farming practice8,Rotational grazing comprises grazing regimes that incorporate periods of planned rest. In the scientific literature it is also refereed as strategic-rest grazing.,"McDonald, et al. 2019. Ecological, biophysical and production effects of incorporating rest into grazing regimes: A global meta-analysis. Journal of Applied Ecology 56, 2723-2731."
Grazing management,What does the definition of the FP include?1,"For the exploration of the impacts of grazing and grazing intensity, this review explores different grazing intensities: light, moderate and heavy (as reported by authors) as intervention, compared to no grazing or lower grazing intensity as comparator. We assume that the authors of the original individual papers report grazing intensity based on their knowledge of the systems studied, meaning that, for instance, the density intensity considered light in one study system can be high in another. Therefore, grazing intensities across individual studies and synthesis papers can not be compared. No grazing refers to areas with grazing exclusion or where only wild herbivores graze in natural conditions. ",NA
Grazing management,What does the definition of the FP include?2,"For the exploration of the impacts of rotational grazing, nearby areas with no grazing or continuous grazing are used as comparator. ",NA
Grazing management,What does the definition of the FP include?3,"The grazing livestock species included in this review are mainly cows, but goats, sheep and domesticated horses and yaks are also included. ",NA
Grazing management,What does the definition of the FP include?4,"When specified, the effects on biodiversity are explored for plant and animal taxa separately, as their trends differ. In this review, animal biodiversity includes invertebrates (in general, or specific taxa such as spiders, insects or benthic species) and vertebrates (in general, or specific taxa such as birds, mammals, reptiles, amphibians). Plant biodiversity includes vascular and non-vascular plants as well as lichens. ",NA
Grazing management,What does the definition of the FP include?5,The review of the impacts of grazing intensities includes spatial and temporal comparisons. Spatial comparisons were simultaneously conducted between nearby grazed and non-grazed areas. Temporal comparisons were conducted in the same area during periods with different grazing intensities.,NA
Grazing management,What does the definition of the FP include?6,"For the review of the impacts of grazing intensities, no grazing or lower grazing intensities were always used as comparators.",NA
Grazing management,What does the definition of the FP exclude?1,"This review does not include other management practices conducted in grasslands (i.e, soil amendment and fertilisation, mowing, increasing grass species richness) nor the conversion of other agricultural land uses to grasslands, which are assessed in separate sets of fiches. ",NA
Green manure,FP ID,Green manure,NA
Green manure,Definition of the farming practice1,"Fertilisation using green manure is the use of a cover crop sown on an agricultural field to fertilise the soil for the following crop, mainly through the intake of nitrogen.","Thromas et al., 2019 https://dicoagroecologie.fr/en/encyclopedia/green-manure/"
Green manure,What does the definition of the FP include?1,"Green manure consists of an herbaceous cover crop (either a legume, a non-legume or a mix) grown in alternance to cash crops, that is not harvested, and it is typically killed, chemically or mechanically, ahead of cash crop planting","Basche et al., 2019 https://doi.org/10.2489/jswc.69.6.471"
Green manure,What does the definition of the FP include?2,"The main objective of green manure is to substitute, partially or totally, mineral-nitrogen (N) fertilisers. Consequently, we only included papers where the fertilisation strategy was clearly stated, by comparing the use of green manure to either mineral-N fertilisation or to absence of mineral-N fertilisation.",NA
Green manure,What does the definition of the FP exclude?1,"We excluded synthesis papers where the fertilisation strategy was not clearly stated. We also excluded synthesis papers that reported impacts of cover crops which are removed from the field (not used as green manure), or that only considered the impacts related to the period cover crops are in the field (no data on fertilisation of cash crops).  ",NA
Intercropping,FP ID,Intercropping,NA
Intercropping,Definition of the farming practice1,"Intercropping is a farming method that involves cultivating two or more crop species (i.e., crop mixture cropping) or genotypes (i.e., cultivar mixture cropping) in the same area","Vandermeer, J. H. (1992). The ecology of intercropping. Cambridge University Press"
Intercropping,Definition of the farming practice2,and coexisting for a time so that they interact agronomically,"Brooker, Rob W., et al. ""Improving intercropping: a synthesis of research in agronomy, plant physiology and ecology."" New Phytologist 206.1 (2015): 107-117."
Intercropping,What does the definition of the FP include?1,This review includes different types of intercropping,"Ditzler, Lenora, et al. ""Current research on the ecosystem service potential of legume inclusive cropping systems in Europe. A review."" Agronomy for Sustainable Development 41.2 (2021): 1-13."
Intercropping,What does the definition of the FP include?2,"Mixed cropping: sowing multiple crop species or cultivars in the same field at the same time, in a mixture with a given seeding ratio but random spatial arrangement. ",NA
Intercropping,What does the definition of the FP include?3,Row intercropping: sowing multiple crop species in the same field at the same time in alternate rows. ,NA
Intercropping,What does the definition of the FP include?4,Strip intercropping: sowing two (or more) crop species in the same field at the same time in multi-row strips wide enough to allow independent cultivation. ,NA
Intercropping,What does the definition of the FP include?5,Relay cropping: intercropping of two crop species in which the second species is under-sown in the first at a later point in the growing season. ,NA
Intercropping,What does the definition of the FP include?6,"This review includes intercropping applied to cash crops, fodder (one study) and cover crops (one study). ",Cover crops are plants that are planted to cover (and protect) the soil rather than for being harvested.
Intercropping,What does the definition of the FP exclude?1,"This review does not include alley cropping, i.e., the cultivation of food, forage or specialty crops between rows of trees, and dual-purpose cropping, i.e. the cultivation of two or more crops used for grazing by livestock and for grain. These two practices are assessed in separate sets of fiches.  ",NA
Landscape features,FP ID,Landscape features,NA
Landscape features,Definition of the farming practice1,"Landscape features are small fragments of natural or semi-natural vegetation in agricultural landscape, which provide ecosystem services and support for biodiversity. Historically, farmers have taken advantage of the natural elements already present in the agricultural landscapes or have created them for various purposes: to use their wood, to create shelter for crops and livestock as well as windbreak barriers, to delimit parcels, or to be able to cultivate on land with steep slope.",Eurostat (2013). Archive: Agriculture -landscape features. Retrieved from: https://ec.europa.eu/eurostat/statistics-explained/index.php?title=Archive:Agriculture_-_landscape_features
Landscape features,Definition of the farming practice2,"In most policy documents landscape features are defined as a group/list of subtypes (""features""), such as hedges, ponds, ditches, trees in line, in group or isolated, field margins, terraces, dry-stone or earth walls, vegetated areas, individual monumental trees, water streams, springs or historic canal networks. Nevertheless, there is no standard definition and typology of landscape features, and there are different interpretations in the various sectors and disciplines.",NA
Landscape features,Definition of the farming practice3,"This review applies an ad hoc ""typology"", synthesized from the feature types addressed in the scientific literature (i.e., it is not an exhaustive list but comprises only the features found in the literature that meet the requirements to be included in our review). This typology includes twelve (in some cases, partly overlapping) classes of landscape features: ",NA
Landscape features,Definition of the farming practice4,"Landscape features in general cover all features comprising small areas of permanent non-productive semi-natural vegetation embedded in farmlands, as well as anthropogenic structures such as stone walls. This broad class can involve various types of vegetation (woody, grassy, or wetland), either as historical legacies/remnants  or newly established habitat islands. This class covers a large fraction of other more specific Landscape feature classes (e.g. hedgerows, field margins), in order to host studies that did not make the distinction between the finer classes below.","A remnant natural area, also known as remnant habitat, is an ecological community containing native flora and fauna that has not been significantly disturbed by activities such as tillage, logging, pollution, urbanization, modification of fire regime, or non-native species invasion."
Landscape features,Definition of the farming practice5,"Buffer strips are narrow linear non-cultivated areas interposed between fields and water streams covered in semi-natural (typically grassland or wetland) vegetation, which are created / retained / managed in order to intercept and treat the waters leaving the cropland","Borin et al., 2010. Multiple functions of buffer strips in farming areas. European Journal of Agronomy, 32(1), 103-111."
Landscape features,Definition of the farming practice6,"Ditches are small human-made linear surface depressions covered by water and/or wetland vegetation, embedded in an agricultural landscape. Ditches are typically created for the purpose of irrigation, drainage, and/or soil erosion prevention","Dollinger et al., 2015. Managing ditches for agroecological engineering of landscape. A review. Agronomy for Sustainable Development, 35, 999-1020."
Landscape features,Definition of the farming practice7,"Field margins are narrow linear areas on agricultural field borders covered in permanent herbaceous vegetation, which are never intentionally fertilized, sprayed, or tilled.","Van Vooren et al., 2017. Ecosystem service delivery of agri-environment measures: a synthesis for hedgerows and grass strips on arable land. Agriculture, Ecosystems and Environment 244, 32-51"
Landscape features,Definition of the farming practice8,"Flower strips are small, often linear parts of arable fields that are intentionally sown by the farmers with non-productive flowering plants for biodiversity benefits",EIP-AGRI Focus Group. Benefits of landscape features for arable crop production. Final Report. 7 March 2016. https://ec.europa.eu/eip/agriculture/sites/default/files/eip-agri_fg_ecological-focus-areas_final-report_en.pdf
Landscape features,Definition of the farming practice9,Hedgerows are narrow linear areas on agricultural field borders covered in unfertilized perennial woody vegetation (shrubs and/or trees),EIP-AGRI Focus Group. Benefits of landscape features for arable crop production. Final Report. 7 March 2016. https://ec.europa.eu/eip/agriculture/sites/default/files/eip-agri_fg_ecological-focus-areas_final-report_en.pdf
Landscape features,Definition of the farming practice10,"Isolated trees are non-productive trees occurring dispersed / scattered in croplands and/or grasslands, typically as legacies of historical vegetation and land uses","Prevedello et al., 2018. The importance of scattered trees for biodiversity conservation: A global meta-analysis. Journal of Applied Ecology, 55,205-214"
Landscape features,Definition of the farming practice11,"Ponds are small surface depressions covered by water and possibly a narrow strip of wetland vegetation, embedded in an agricultural landscape","Chen et al., 2019. Farm ponds in southern China: Challenges and solutions for conserving a neglected wetland ecosystem. Science of The Total Environment, 659, 1322-1334"
Landscape features,Definition of the farming practice12,"Small wetlands are small transiently flooded surface depressions covered in wetland vegetation and embedded in an agricultural landscape. This class includes the remnants of historical wetland or freshwater ecosystems, and human-made ""constructed wetlands"" created for treating wastewaters or as a refuge for species","Vymazal, 2007. Removal of nutrients in various types of constructed wetlands. Science of Total Environment, 380(1-3), 48-65"
Landscape features,Definition of the farming practice13,"Stone walls are rocky vertical surfaces with a variety of typologies. These long-standing anthropogenic structures are used since prehistory as retaining walls and/or as field boundaries. The ages of stone walls has increased their likelihood of exposure to various biotic and abiotic factors, allowing for the establishment of peculiar communities","Manenti, 2014. Dry stone walls favour biodiversity: a case-study from the Appennines. Biodiversity and Conservation, 23, 1879-1893."
Landscape features,Definition of the farming practice14,"Terraces are anthropogenic structures on sloping terrains created to permit or facilitate cultivation and to reduce the risk of erosion. Terraces consist of one or more ""steps"" (steep sections covered permanent woody or grassy vegetation or stone walls) and ""land blocks"" (flat sections that are used for agricultural production, separated by the steps). The specific size, appearance, choice of construction material (i.e., earth, stone or brick), age, land use/vegetation cover of terracing may differ across biogeographical areas.","Wei et al., 2016. Global synthesis of the classifications, distributions, benefits and issues of terracing. Earth-Science Reviews, 159, 388-403"
Landscape features,Definition of the farming practice15,"Trees in group are small patchy areas of woody vegetation (including trees, shrubs and herbs) embedded in an agricultural landscape. They can range from ancient native woodland remnants, to new plantations of non-native species",NA
Landscape features,What does the definition of the FP include?1,"This review includes spatial and temporal comparisons between agricultural land (cropland or grassland) with and without landscape features embedded within the farm or with and without landscape features within the surrounding agricultural landscape. That is, studies at the landscape scale were only considered if the landscape surrounding the cropland or grassland has an agricultural use (e.g., no urban or forested landscapes were considered). Spatial comparisons were simultaneously conducted between nearby agricultural lands. Temporal comparisons were conducted in the same agricultural land before and after the establishment or creation of the landscape feature.",NA
Landscape features,What does the definition of the FP include?2,This review only includes impacts measured in the cropland or grassland with the landscape features embedded or in their surrounding agricultural landscape. The effect of landscape features in other land uses are not included.,NA
Landscape features,What does the definition of the FP exclude?1,"This review does not include studies in agroforestry nor in fallowing, which are assessed in separate sets of fiches.",NA
Leguminous crops,FP ID,Leguminous crops,NA
Leguminous crops,Definition of the farming practice1,"Leguminous crops -Fabaceae- develop symbiosis with bacteria within nodules in their root systems (rhizobia), producing reactive nitrogen compounds from N2, which help the plant to grow and compete with other plants. When the plant dies, the fixed nitrogen is released, making it available to other plants, this helps to fertilize the soil.",Postgate J (1998). Nitrogen Fixation (3rd ed.). Cambridge: Cambridge University Press.
Leguminous crops,Definition of the farming practice2,"The legume family include taxa such as kudzu, clover, soybean, alfalfa, lupin, peanut and rooibos.","Kuypers MM, Marchant HK, Kartal B (May 2018). ""The microbial nitrogen-cycling network"". Nature Reviews. Microbiology. 16 (5): 263-276. doi:10.1038/nrmicro.2018.9"
Leguminous crops,What does the definition of the FP include?1,"In this review, the use of Leguminous (nitrogen-fixing) crops in agriculture is considered within the context of different agricultural practices, including: 1) crop rotations involving legumes, 2) leguminous cover crops, 3) intercropping, mixed cropping, practices involving two or more crops in proximity Including legumes, 4) agroforestry systems including leguminous perennials, 5) green fallows including legumes, 6) grassland for leguminous forage production and pastures enriched with legumes.",NA
Leguminous crops,What does the definition of the FP include?2,"Results were derived from two types of pairwise comparisons: 1) direct comparison, where a farming practice with leguminous crops was compared to the same farming practice, but without leguminous crops, e.g. crop rotations with versus without legumes, leguminous versus non-leguminous cover crops, etc., 2) indirect comparison, where a farming practice (either with or without leguminous crops) was compared to the absence of the practice, e.g. Crop rotations (either with or without leguminous crops) versus monoculture, either leguminous or non-leguminous corver crops versus no cover crops, etc..",NA
Leguminous crops,What does the definition of the FP include?3,"Indirect comparisons are also shown in this set of fiches, because the available results reporting direct comparisons are scarse in the literature.",NA
Leguminous crops,What does the definition of the FP exclude?1,"This review does not include results obtained from meta-analyses which did not provide clear and well-specified distinctions of leguminous crops from other types of crops, e.g. The general effect of cover crops (either leguminous or non-leguminous).",NA
Leguminous crops,What does the definition of the FP exclude?2,"This review does not include results regarding crop yield or the environmental/climate impacts of leguminous cash crops (e.g. Soybean), as compared to non-leguminous cash crops (e.g. Cereals).",NA
Livestock feeding techniques,FP ID,Livestock feeding techniques,NA
Livestock feeding techniques,Definition of the farming practice1,"Livestock feeding techniques have been classified in three main categories of interventions used to improve animal feeding management and/or to reduce emissions to the environment, according to the classification reported in Arndt at al., 2022. The three main categories are:  1) Animal and feed management, 2) Diet formulation, 2) Rumen manipulation, each of which was then further classified into severals sub-categories.","Arndt et al. 2022. ""Full adoption of the most effective strategies to mitigate methane emissions by ruminants can help meet the 1.5 C target by 2030 but not 2050."" PNAS 119.20 (2022): e2111294119. https://www.pnas.org/doi/full/10.1073/pnas.2111294119"
Livestock feeding techniques,Definition of the farming practice2,"Animal and feed management is defined here as the feeding techniques applied at pasture and the processing of feed. Animal and feed management includes the sub-categories: feed processing, improving pasture management, increasing feeding level, increasing forage quality, total mixed ration versus grazing.",NA
Livestock feeding techniques,Definition of the farming practice3,"Diet manipulation is defined here as the feeding techniques related to the use of a specific feed material or the share of a specific component (es. forage). Diet formulation includes the sub-categories: use of by-products, decreasing forage to concentrate ratio, use of legume, low crude protein diet, minerals and salts, oils and fats, oilseeds, silages, tanniferous forages, urea.",NA
Livestock feeding techniques,Definition of the farming practice4,"Rumen manipulation is defined here as the feeding techniques related to the change in the rumen condition using additives, defaunation or electron sinks. Rumen manipulation includes the sub-categories: additives, defaunation and electron sinks. Additives includes several sub-categories, such as: acidifiers, aminoacids, biochar, biopolimers (chitosan), CH4 inhibitors (including 3-nitrooxypropanol and bromochloromethane), enzymes, ionophores (including monensis), organic acids, probiotics (bacteria and yeasts), seaweeds, secondary plant compounds (including essential oils, extracts, flavonoids, phenols, saponins and tannins). Electron sinks include as sub-categories fumaric acid and nitrate.",NA
Livestock feeding techniques,Definition of the farming practice5,"Please, note that this is not an exhaustive list of livestock feeding techniques but of those found in the meta-analysis literature that meet the requirements to be included in our review.",NA
Livestock feeding techniques,What does the definition of the FP include?1,"This review includes results on both in vitro and in vivo experiments. In vivo results come from experiments on several animal categories: dairy and beef cattle, buffalo, swine, poultry, sheep and goats. In many cases livestock type is reported as ruminants or small ruminants.",NA
Livestock feeding techniques,What does the definition of the FP include?2,This review includes only synthesis research papers where the comparisons between livestock feeding techniques and their corresponding controls come from the same field experiment. Studies based on meta-regressions were included only if a control and one or more treatments were clearly defined.,NA
Livestock feeding techniques,What does the definition of the FP exclude?1,"This review does not include techniques included in Arndt 2022 related to genetic selection, improving health, optimising temeperature since they are not related to feeding. Then, it does not include farming practices related to grazing intensity and grassland management (i.e. nitrogen fertilisation) since these are systematically analyses in other farming practices (Grazing management and grassland management).","Arndt et al. 2022. ""Full adoption of the most effective strategies to mitigate methane emissions by ruminants can help meet the 1.5 C target by 2030 but not 2050."" PNAS 119.20 (2022): e2111294119. https://www.pnas.org/doi/full/10.1073/pnas.2111294119"
Livestock feeding techniques,What does the definition of the FP exclude?2,This review does not include the impact of livestock feeding techniques on animal welfare and animal health.,NA
Livestock housing techniques,FP ID,Livestock housing techniques,NA
Livestock housing techniques,Definition of the farming practice1,Livestock housing techniques include several improved strategies mainly used to reduce emissions to the environment and to improve animal welfare.,NA
Livestock housing techniques,What does the definition of the FP include?1,This review includes:,NA
Livestock housing techniques,What does the definition of the FP include?2,"several techniques for livestock housing: floor type, in-house litter amendment with conditioners, additives or inhibitors, frequency of litter/manure removal, shading, space allowance, light management and ventilation. Please, note that this is not an exhaustive list of livestock housing techniques, but of those found in the synthesis papers that meet the requirements to be included in our review,",NA
Livestock housing techniques,What does the definition of the FP include?3,"results for several animal categories: beef cattle, swine, poultry, sheep and goose,",NA
Livestock housing techniques,What does the definition of the FP include?4,"only synthesis papers, where the comparisons between livestock housing techniques and their corresponding controls come from the same field experiment.",NA
Livestock housing techniques,What does the definition of the FP exclude?1,This review does not include:,NA
Livestock housing techniques,What does the definition of the FP exclude?2,studies on manure management outside the house or on livestock feeding. These practices are assessed in separate sets of fiches. ,NA
Livestock housing techniques,What does the definition of the FP exclude?3,the impact of livestock housing techniques on animal welfare. Animal welfare will be assessed in a separate set of fiches.,NA
Low ammonia emission techniques for mineral fertilisation,FP ID,Low-ammonia emission techniques for mineral fertilisation,NA
Low ammonia emission techniques for mineral fertilisation,Definition of the farming practice1,Low-ammonia-emission techniques for mineral fertilisation are fertilisation techniques used to reduce agricultural emissions of ammonia from mineral fertilisers.,NA
Low ammonia emission techniques for mineral fertilisation,What does the definition of the FP include?1,"Low-ammonia-emission techniques for mineral fertilisation include improved fertilisation techniques based on: 1) use of non-urea based fertilisers, 2) change in fertiliser placement: deep placement, 3) fertiliser time distribution: split application, 4) use of irrigation after fertilisation, 5) use of amendment with sorbents, 6) crop residue left on soil.",NA
Low ammonia emission techniques for mineral fertilisation,What does the definition of the FP exclude?1,"Low-ammonia-emission techniques for mineral fertilisation exclude strategies aimed at reducing ammonia emissions from organic fertilisers, livestock and manure management.",NA
Manure land application techniques,FP ID,Manure land application techniques,NA
Manure land application techniques,Definition of the farming practice1,Improved manure land application techniques are used to limit nutrients losses and emissions release during land application of manure (either solid or liquid manure fractions),NA
Manure land application techniques,What does the definition of the FP include?1,"Here, the main types of improved manure land application techniques considered are:  ",NA
Manure land application techniques,What does the definition of the FP include?2,"Liquid manure (shallow or deep) placement/injection or solid manure (e.g. poultry litter, cattle manure) immediate incorporation ",NA
Manure land application techniques,What does the definition of the FP include?3,Manure band application by trailing hoses or other equivalent systems ,NA
Manure land application techniques,What does the definition of the FP include?4,"Land application with additives (including mainly nitrification inhibitors, lava meal, biochar, superphosphate, sawdust) ",NA
Manure land application techniques,What does the definition of the FP include?5,"Land application of processed manure fractions (e.g. digestate, composted, solid fraction, liquid fraction, etc.) ",NA
Manure land application techniques,What does the definition of the FP include?6,Irrigation coupled to manure application ,NA
Manure land application techniques,What does the definition of the FP include?7,Avoid manure application to paddy rice fields. ,NA
Manure land application techniques,What does the definition of the FP include?8,"This list is not exhaustive, but covers the improved manure land application techniques found in the meta-analyses meeting the selection criteria of our review.",NA
Manure land application techniques,What does the definition of the FP exclude?1,"Note that the overall impacts of manure processing techniques (e.g. anaerobic digestion, improved composting, solid-liquid separation, etc.) are not considered here but addressed in another group of fiches (Manure processing techniques).",NA
Manure processing techniques,FP ID,Manure processing techniques,NA
Manure processing techniques,Definition of the farming practice1,"Manure processing techniques can be used to change manure chemical/physical properties and composition and thus increasing manure management efficiency as an amendment and fertiliser, while limiting emissions, as compared to untreated manure","AMEC - Environment & infrastructure UK limited, in partnership with BIO intelligence service. Collection and analysis of data for the control of emissions from the spreading of manure - Final report 2014 for The European Commission. Available at https://ec.europa.eu/environment/air/pdf/Final%20Report.pdf"
Manure processing techniques,What does the definition of the FP include?1,"In this review, manure processing techniques include: ",NA
Manure processing techniques,What does the definition of the FP include?2,"Composting of solid manure using improved techniques (e.g. turning, forced-air, bulking agents).  ",NA
Manure processing techniques,What does the definition of the FP include?3,"Anaerobic digestion of slurries. Here, the environmental impacts of anaerobic digestion of manure alone (i.e. mono-digestion) or with other substrates (i.e. co-digestion) are reviewed and are considered either as result of the overall processing chain (pre-storage, digesters, post-storage, land distribution, energy generation using biogas) or from single steps. ",NA
Manure processing techniques,What does the definition of the FP include?4,"Liquid manure storage in anaerobic lagoons or in aerobic lagoons, ",NA
Manure processing techniques,What does the definition of the FP include?5,"Solid manure storage in piles. Improved techniques for manure storage in static stockpiles (e.g. physical, chemical or microbial additives, etc.) are excluded here, and included in a separate set of fiches regarding 'Improved manure storage techniques'. ",NA
Manure processing techniques,What does the definition of the FP include?6,"Solid-liquid separation (e.g. decanter centrifuges, screw press, roller presses, decantation). The effects are considered by comparing either handling, storage or land application of the separated fractions, as compared to the raw manure. ",NA
Manure processing techniques,What does the definition of the FP include?7,Drying of solid fractions ,NA
Manure processing techniques,What does the definition of the FP include?8,"Recovery of nutrients through physical or chemical treatments (e.g. struvite precipitation, ammonia stripping) ",NA
Manure processing techniques,What does the definition of the FP include?9,Manure pasteurization ,NA
Manure processing techniques,What does the definition of the FP include?10,"Note that this is not an exhaustive list of manure processing techniques, but of those found in the literature that meet the requirements to be included in this review",NA
Manure storage techniques,FP ID,Manure storage techniques,NA
Manure storage techniques,Definition of the farming practice1,"Improved manure storage techniques are used to avoid nutrients losses and emissions release from manure storage facilities (storage tanks, solid manure heaps, etc.)","AMEC - Environment & infrastructure UK limited, in partnership with BIO intelligence service. Collection and analysis of data for the control of emissions from the spreading of manure - Final report 2014 for The European Commission. Available at https://ec.europa.eu/environment/air/pdf/Final%20Report.pdf"
Manure storage techniques,What does the definition of the FP include?1,This review includes the following improved manure storage techniques: ,NA
Manure storage techniques,What does the definition of the FP include?2,"Additives: Physical (e.g. zeolite, biochar, medical stone, grape seeds and physical mixtures), chemical (e.g. acidic substances, metal salts, phosphogypsum, Mg-P salts, Ca-superphosphate and chemical mixtures) or microbial (e.g. nitrite oxidizing bacteria, nitrogen turnover bacteria and other compound microbial agents). ",NA
Manure storage techniques,What does the definition of the FP include?3,"Covers of either solid or liquid manure storage facilities, including plastic membranes, floating biomass or inert materials, natural crusts. ",NA
Manure storage techniques,What does the definition of the FP include?4,Storage with biofilters (intercepting and treating air emissions from storage facilities). ,NA
Manure storage techniques,What does the definition of the FP include?5,Manure acidification during storage. ,NA
Manure storage techniques,What does the definition of the FP include?6,Manure cooling during storage. ,NA
Manure storage techniques,What does the definition of the FP include?7,Compaction of solid manure heaps. ,NA
Manure storage techniques,What does the definition of the FP include?8,Periodical cleaning of storage tanks ,NA
Manure storage techniques,What does the definition of the FP include?9,"Please, note that this is not an exhaustive list of improved manure storage techniques but of those found in the literature that meet the requirements to be included in our review. ",NA
Manure storage techniques,What does the definition of the FP exclude?1,"This review does not include techniques related to manure processing (e.g. anaerobic digestion, improved composting, solid-liquid separation, etc.), which are included in another group of fiches (Manure processing techniques). ",NA
Mulching,FP ID,Mulching,NA
Mulching,Definition of the farming practice1,Mulching consists on spreading various covering materials on the surface of soil mainly to minimize moisture losses and weed population and to enhance crop yield.,NA
Mulching,Definition of the farming practice2,The most common mulching materials used in commercial agricultural systems are plastic film and straw.,NA
Mulching,What does the definition of the FP include?1,"This review includes several techniques used for soil mulching. These techniques were classified in two main groups: 1) flat planting with mulching, 2) ridge and furrow planting with mulching.",NA
Mulching,What does the definition of the FP include?2,"Flat planting with mulching includes:? plastic film mulching (black and trasparent film mulching)?,straw mulching (straw or other stubbles)?, gravel mulching, mulching (several mulching materials aggregated) and biodegradable mulching? (rice bran, molecular film, vegetative film, starch-polyester mulch, paper-based mulch, other degradable film).",NA
Mulching,What does the definition of the FP include?3,"Ridge and furrow planting with mulching includes:? plastic-covered ridge coupled with furrow planting zone with bare soil?, plastic-covered ridge coupled with furrow planting zone with mulching (plastic or straw)?, not covered ridge coupled with furrow planting zone with mulching (plastic or straw).",NA
Mulching,What does the definition of the FP include?4,"Please, note that this is not an exhaustive list of all mulching techniques, but of those found in the synthesis papers that meet the requirements to be included in our review.",NA
Mulching,What does the definition of the FP exclude?1,"This review does not include mulching done with plants (also called living or biological mulching), since this practice is already covered by another set of fiches (cover and catch crops).",NA
Mulching,What does the definition of the FP exclude?2,This review does not include mulching done in other land use that is not agricultural land.,NA
No irrigation,FP ID,No irrigation,NA
No irrigation,Definition of the farming practice1,"No-irrigation corresponds to rainfed (or non-irrigated) agriculture, where the soil water available to plants comes mainly from rainfall.","Molden et al., 2007. Water for Food, Water for Life, Chapter 1, Setting the scene. ed. David Molden, Earthscan, London and International Water Management Colombo: Institute. Available at: https://www.iwmi.cgiar.org/assessment/Water%20for%20Food%20Water%20for%20Life/Chapters/Chapter%201%20Setting%20the%20Scene.pdf"
No irrigation,Definition of the farming practice2,"Non water-saving irrigation practices are standard techniques of irrigation that supply water to the crop in order to increasing crop productivity, with no intention of minimising water use. They rely on various techniques such as flooding or use of sprinklers.","European Parliamentary Research Service, 2019. Irrigation in EU agriculture. Available at:    https://www.europarl.europa.eu/RegData/etudes/BRIE/2019/644216/EPRS_BRI(2019)644216_EN.pdf"
No irrigation,Definition of the farming practice3,Water-saving irrigation practices aim to satisfy crop water requirements while improving the timing and reliability of water deliveries to minimize water use.,"FAO, 2017. Does improved irrigation technology save water? Available at: https://www.fao.org/3/I7090EN/i7090en.pdf"
No irrigation,What does the definition of the FP include?1,"In this review, no irrigation is compared to:",NA
No irrigation,What does the definition of the FP include?2,"non water-saving irrigation practices applied in non-flooded lands such as sprinkler irrigation, furrow irrigation, centre pivot irrigation, full or supplemental irrigation.",NA
No irrigation,What does the definition of the FP include?3,"non water-saving irrigation practices applied in flooded rice fields, corresponding to a continuous flooding throughout the rice growing season.","Climate and Clean Air Coalition, 2014. https://www.ccacoalition.org/en/activity/paddy-rice-production"
No irrigation,What does the definition of the FP include?4,"water-saving irrigation practices aiming to improve water use efficiency in non-flooded lands. Those included in this review were techniques based on reduced irrigation amounts or improved irrigation timing (i.e. irrigation in the over-wintering, jointing, and booting stages).",NA
No irrigation,What does the definition of the FP include?5,"any type of irrigation. In this review, two studies reported the impact of both non water-saving irrigation (e.g. sprinkler irrigation) and water-saving irrigation (e.g. drip irrigation) practices methods, without distinguishing the effects of each category of practices.",NA
No irrigation,What does the definition of the FP include?6,"Note that the list above is not exhaustive, but covers the practices found in the synthesis papers that meet the requirements to be included in our review.",NA
No irrigation,What does the definition of the FP exclude?1,"This review does not present the results of the comparisons between water-saving and non-water saving practices as these comparisons are presented in two separate set of fiches entitled ""Water-saving irrigation in flooded lands"" and ""Water-saving irrigation in non-flooded lands"".",NA
No irrigation,What does the definition of the FP exclude?2,This review does not include irrigation practices applied in non-agricultural land.,NA
No tillage and reduced tillage,FP ID,No tillage and reduced tillage,NA
No tillage and reduced tillage,Definition of the farming practice1,"Reduced tillage refers to methods involving low degrees of soil disturbance (e.g., minimum tillage, subsoil tillage, non-inversion, or shallow inversion).","Derpsch, R., Franzluebbers, A.J., Duiker, S.W., Reicosky, D.C., Koeller, K., Friedrich, T., Sturny, W.G., Sa, J.C.M., Weiss, K. (2014). Why do we need to standardize no-tillage research?. Soil and Tillage Research, 137, 16-22. doi:10.1016/j.still.2013.10.002"
No tillage and reduced tillage,Definition of the farming practice2,No-tillage (or zero tillage) is a minimum tillage practice in which the crop is sown directly into soil not tilled since the harvest of the previous crop.,"Environmental Indicators for Agriculture - Vol. 3: Methods and Results, OECD, 2001, glossary, pages 389-391."
No tillage and reduced tillage,Definition of the farming practice3,"Conservation agriculture is a special case of no-tillage systems where minimum soil disturbance is combined with crop rotation (i.e., alternation of different crops) and permanent soil cover (including crop residues, mulch, and live mulch).",https://www.fao.org/conservation-agriculture/overview/conservation-agriculture-principles/en/
No tillage and reduced tillage,Definition of the farming practice4,"Conventional tillage in arable land involves soil inversion. It includes high-disturbance tillage practices, such as deep tillage, inversion tillage, mouldboard plough, disc plough.",https://ec.europa.eu/eurostat/statistics-explained/index.php?title=Glossary:Conventional_tillage
No tillage and reduced tillage,What does the definition of the FP include?1,"This review aims to analyse the impacts of reduced tillage and no-tillage, separately, compared to conventional tillage. The impact of conservation agriculture, considered as a special case of no tillage, is also reported in this review.",NA
No tillage and reduced tillage,What does the definition of the FP include?2,"The review also includes comparisons between no-tillage or reduced tillage combined with either permanent soil cover or crop rotation, and conventional tillage.",NA
No tillage and reduced tillage,What does the definition of the FP exclude?1,"Studies including various no-tillage and reduced tillage systems (sometimes defined as conservation tillage[6]) are excluded from this review, as the effects reported in the papers cannot be distinguished.",https://ec.europa.eu/eurostat/statistics-explained/index.php?title=Glossary:Conservational_tillage
Organic farming systems,FP ID,Organic farming systems,NA
Organic farming systems,Definition of the farming practice1,"Organic production is an overall system of farm management and food production that combines best environmental and climate action practices, a high level of biodiversity, the preservation of natural resources and the application of high animal welfare standards and high production standards in line with the demand of a growing number of consumers for products produced using natural substances and processes", https://eur-lex.europa.eu/legal-content/EN/TXT/HTML/?uri=CELEX:32018R0848&from=EN
Organic farming systems,What does the definition of the FP include?1,"Organic farming systems are production systems which avoid or largely exclude the use of synthetically compounded fertilizers, pesticides, growth regulators and livestock feed additives 3.Unlike the other farming practices, discussed in the other fiches, organic systems do not consist of a single practice, but of a combination of several ""elementary"" farming practices, which need to be respected together. Organic systems are defined by the REGULATION (EU) 2018/848",https://doi.org/10.1016/B0-12-227050-9/00235-0 and https://www.sciencedirect.com/topics/agricultural-and-biological-sciences/organic-farming-system
Organic farming systems,What does the definition of the FP include?2,"To the maximum extent feasible, organic systems (significantly more frequently than conventional farming according to a recent meta-analysis by Alvarez, 2021 5) rely on crop rotations, multicropping, crop residues retention, no/minimum tillage, animal manures, green manures, off-farm organic wastes and aspects of biological pest control to maintain soil productivity and tilth, to supply plant nutrients and to control insects, weeds and other pests",https://doi.org/ 10.1080/03650340.2021.1946040  
Organic farming systems,What does the definition of the FP include?3,This review compares the impacts of organic and conventional farming systems. The following types of results are included:,NA
Organic farming systems,What does the definition of the FP include?4,"Results of field experiments designed by researchers, comparing plots under organic and conventional management. ",NA
Organic farming systems,What does the definition of the FP include?5,"Results of field data or farm-scale surveys on organic and conventional systems, designed and managed by farmers. ",NA
Organic farming systems,What does the definition of the FP include?6,"Results of life-cycle assessments, typically considering a cradle-to-farmgate model.  ",NA
Organic farming systems,What does the definition of the FP include?7,Results were grouped into two categories:  ,NA
Organic farming systems,What does the definition of the FP include?8,"Organic cropping systems (including all different types of organic systems), excluding results reported specifically on livestock production. ",NA
Organic farming systems,What does the definition of the FP include?9,"Organic livestock systems, reports specific results where livestock production is the focus, including farms with forage/fodder production dedicated to in-farm livestock production and mixed farming systems (co-production of cash crops and forage/fodder/livestock in the same farm). ",NA
Organic farming systems,What does the definition of the FP include?10,"In all reviewed synthesis papers, results are expressed in two different units: ",NA
Organic farming systems,What does the definition of the FP include?11,"per unit of cultivated area (e.g., per ha)  ",NA
Organic farming systems,What does the definition of the FP include?12,"per unit of product (e.g., per kg of grain).  ",NA
Organic farming systems,What does the definition of the FP include?13,"Since organic systems generally result in lower yields than conventional systems, the effects per unit of product may be different to those per unit of area. Consequently, where available, both types of results are reported in this review",NA
Organic fertilisation,FP ID,Organic fertilisation,NA
Organic fertilisation,Definition of the farming practice1,"Organic fertilisation is the application to soils of plant or animal-derived materials containing organic forms of nutrients that microorganisms in the soil decompose, making them available for use by plants.",Food and Agriculture Organization of the United Nations. 2009. Glossary on Organic Agriculture (http://www.fao.org/organicag/en/).
Organic fertilisation,What does the definition of the FP include?1,"This review includes the application of organic fertilisers from different animal (cattle, pig, sheep, poultry, earthworms), plant and mixed (municipal and agro-industrial waste) sources used both as composted and non-composted manures. ",NA
Organic fertilisation,What does the definition of the FP include?2,"When organic fertilisation was combined with mineral fertilisation and compared to mineral fertilisation, we only included results in which: i) the intervention and the comparator had the same mineral fertilisation strategy, ii) the organic fertilisation partially substituted the mineral fertilisation in the intervention. Since organic fertilisation alone did not show different qualitative effects than organic fertilisation combined with organic fertilisation, we pooled both types of interventions as ""organic fertilisation"".",NA
Organic fertilisation,What does the definition of the FP exclude?1,"Green manure (the use of a cover crop to fertilise the soil for the following crop) and crop residues were excluded, as their impacts are assessed in separate sets of fiches.",NA
Peatland conservation and restoration,FP ID,Peatland conservation and restoration,NA
Peatland conservation and restoration,Definition of the farming practice1,A peatland is a type of wetland with a naturally accumulated layer of peat at the surface due to organic matter production exceeding decomposition.,"Joosten, H & Clarke, D. 2002: Wise use of mires and peatlands: Background and principles including a framework for decision making. IMCG/IPS."
Peatland conservation and restoration,Definition of the farming practice2,"Peatlands are generally classified as bogs and fens. Bogs are fed mainly by rain and snow, while fens develop in landscape depressions and are fed with surface and/or ground water. Other names referring to peatlands found in this review are swamp, and wet heath, though the search string included more synonyms (see section 4). Carbon-rich soils are included in this definition. These soils have an organic layer usually with >15 % of organic matter. However, the synthesis papers included in this review do not clearly define what they consider carbon-rich soils and thus we rely on their knowledge and criteria to include individual studies in their reviews.",NA
Peatland conservation and restoration,Definition of the farming practice3,This review includes interventions in peatlands related to:,NA
Peatland conservation and restoration,Definition of the farming practice4,"Conservation refers to the preservation (i.e., no transformation to other land uses) of natural non-disturbed peatlands compared to either degraded or restored peatlands. The degraded peatlands found in this review are mainly affected by alterations in their water regime due to drainage and/or conversion to cropland or pasture. The restored peatlands found in this review have been subject to different interventions including the re-establishment of peatland vegetation, water supplementation or passive restoration by abandonment of agricultural use.",NA
Peatland conservation and restoration,Definition of the farming practice5,"Restoration methods found in this review are classified into two main classes: management of water regime and a general class with several restoration methods pooled together.  Restoration by managing water regime refers to re-allocating a part of the natural water regime back to these soils/ecosystems, resulting in the full or partial recovery of water inputs and inundation by removing draining, ditching, precipitation exclusion, flooding, dams or groundwater extraction. When different restoration methods are analysed together in the reviewed synthesis papers, we report them as several restoration methods pooled together. This pool includes active revegetation, full or partial recovery of water inputs and passive restoration by cessation of human disturbance (i.e., agricultural abandonment and prohibited grazing).",NA
Peatland conservation and restoration,What does the definition of the FP include?1,The estimation of peatland conservation impacts is based on the spatial comparison between preserved natural peatlands (intervention) and nearby degraded or restored peatlands (comparator).,NA
Peatland conservation and restoration,What does the definition of the FP include?2,The estimation of peatland restoration impacts is based on the spatial and temporal comparisons between restored peatlands (intervention) and degraded peatlands (comparator). Spatial comparisons are those conducted simultaneously between restored peatlands and nearby degraded peatlands. Temporal comparisons are those conducted in the same peatland before and after restoration.,NA
Peatland conservation and restoration,What does the definition of the FP exclude?1,"This review does not include other management practices conducted in peatlands such as burning, grazing, fertilisation, or low-intensity farming, which are assessed in separate sets of fiches (i.e., peatland management).",NA
Peatland management,FP ID,Peatland management,NA
Peatland management,Definition of the farming practice1,A peatland is a type of wetland with a naturally accumulated layer of peat at the surface due to organic matter production exceeding decomposition.,"Joosten, H & Clarke, D. 2002: Wise use of mires and peatlands: Background and principles including a framework for decision making. IMCG/IPS."
Peatland management,Definition of the farming practice2,"Peatlands are generally classified as bogs and fens. Bogs are fed mainly by rain and snow, while fens develop in landscape depressions and are fed with surface and/or ground water. Other names referring to peatlands found in this review are swamp, and wet heath, though the search string included more synonyms (see section 4). Carbon-rich soils are included in this definition. These soils have and organic layer usually with >15 % of organic matter. However, the synthesis papers included in this review do not clearly define what they consider carbon-rich soils and thus we rely on authors' knowledge and criteria to include individual studies in their reviews.",NA
Peatland management,Definition of the farming practice3,"This review focuses on peatlands under agricultural use and thus, and though not clearly stated on the papers reviewed, includes mostly drained peatlands.",NA
Peatland management,Definition of the farming practice4,"This review includes interventions towards an improved and more sustainable management of peatlands. Specific interventions have been proposed such as low tillage, ban of burning, paludiculture, etc.","Joosten, et al. 2012. Peatlands-Guidance for climate change mitigation, conservation, rehabilitation and sustainable use. Mitigation of climate change in Agriculture Series 5 (FAO)."
Peatland management,Definition of the farming practice5,In this literature review we have found evidence for the following management interventions:,NA
Peatland management,Definition of the farming practice6,"No fertilisation. Fertilisers are natural or synthetic substances containing chemical elements such as nitrogen (N), phosphorus (P) and potassium (K) that are applied to soils to improve growth and productiveness of plants.",https://ec.europa.eu/eurostat/statistics-explained/index.php?title=Glossary:Fertiliser
Peatland management,Definition of the farming practice7,"Fertilisation, and in particular N inputs in wetlands, might promote greenhouse gas emissions by changing element cycling.","Chen, M, Chang, L, Zhang, J et al. 2020. Global nitrogen input on wetland ecosystem: The driving mechanism of soil labile carbon and nitrogen on greenhouse gas emissions. Environmental Science and Ecotechnology, 4, 100063."
Peatland management,Definition of the farming practice8,"Here, no fertilised peatlands are compared to fertilised ones.",NA
Peatland management,Definition of the farming practice9,"Grazing is a method of animal husbandry in which livestock are allowed to feed outdoors consuming wild vegetation. The direction and magnitude of grazing impacts on ecosystem properties depends on grazing management such as stocking density, grazing duration and grazer species.","Paz-Kagan, T, Ohana-Levi, N, Herrmann, I et al. 2016. Grazing intensity effects on soil quality: a spatial analysis of a Mediterranean grassland. Catena, 146, 100-110."
Peatland management,Definition of the farming practice10,"Here, grazed peatlands (comprising different management intensities and levels of drainage) are compared to mowed peatlands.",NA
Peatland management,Definition of the farming practice11,"No burning. Burning is a routinely vegetation management practice conducted in some in some areas with the objective of stimulating the growth of grasses, maintaining these areas in young productive successional stages and increasing heterogeneity at the landscape scale and thus, supporting biodiversity.","Stewart, GB, Coles, C F, Pullin, AS. 2005. Applying evidence-based practice in conservation management: Lessons from the First systematic review and dissemination projects, 126, 270-278."
Peatland management,Definition of the farming practice12,"However, peatland burning releases carbon to the atmosphere and banning this practice has been suggested as a measure to reduce GHG emissions.",NA
Peatland management,Definition of the farming practice13,"Low intensity farming comprises a wide variety of farming practices analysed together and that refer mainly to the maintenance of permanent and extensive grasslands and fallowing in peatlands, including extensive livestock grazing, mowing and the lack of fertiliser inputs.","Haddaway, NR, Burden, A, Evans, CD, et al. 2014. Evaluating effects of land management on greenhouse gas fluxes and carbon balances in boreo-temperate lowland peatland systems. Environmental Evidence, 3."
Peatland management,What does the definition of the FP include?1,"These fiches focus on peatlands and the management practices conducted in these habitats. However, some of these farming practices are also explored more broadly without distinguishing the habitat type devoted to agricultural use in other sets of fiches (i.e, organic fertilisation and grazing fiches).",NA
Peatland management,What does the definition of the FP exclude?1,"This review does not include peatland conservation or restoration, which are assessed in separate sets of fiches (i.e., peatland conservation and restoration).",NA
Pesticides reduction strategies,FP ID,Pesticide reduction strategies,NA
Pesticides reduction strategies,Definition of the farming practice1,"The goal of pesticide reduction strategies is to reduce the use of pesticides in cropping systems, while maintaining their productivity and economic profitability compared to systems based on intensive use of pesticides.","A 'pesticide' is something that prevents, destroys, or controls a harmful organism ('pest') or disease, or protects plants or plant products during production, storage and transport. The term includes, amongst others: herbicides, fungicides, insecticides, acaricides, nematicides, molluscicides, rodenticides, growth regulators, repellents, rodenticides and biocides.  https://ec.europa.eu/food/plant/pesticides_en#:~:text=A%20'pesticide'%20is%20something%20that,during%20production%2C%20storage%20and%20transport"
Pesticides reduction strategies,What does the definition of the FP include?1,"Pesticide reduction strategies (vs appropriate comparators) are implemented by combining pesticide reduction with different practices, in particular:",NA
Pesticides reduction strategies,What does the definition of the FP include?2,"• Decision-Support-System-based control strategy (compared to calendar-based control strategy): pesticide applications are scheduled according to information on pest and disease risk levels, in contrast to calendar-based control strategy where the treatments are fixed and planned in advance regardless of local conditions,",NA
Pesticides reduction strategies,What does the definition of the FP include?3,"• Genetically modified (GM) crops (compared to non-GM crops),",NA
Pesticides reduction strategies,What does the definition of the FP include?4,"• Companion plants (compared to weeded control, i.e. systems where weeds are controlled by herbicide applications only): plants sown not to be harvested, but to provide added economic or environmental benefits, such as decreasing the risk of crop failure, controlling weeds and pests, and improving soil fertility","Liebman and Dyck, 1993. Crop rotation and intercropping strategies for weed management. Ecol. Appl. 3, 92"
Pesticides reduction strategies,What does the definition of the FP include?6,"• Low-input systems (compared to conventional systems): systems seeking to minimize the use of purchased production inputs by optimizing the management of internal production inputs to lower production costs, to avoid pollution of surface and ground water, to reduce pesticide residues in food, to reduce the farmer's overall risk, and to increase both short- and long-term farm profitability","Parr et al., 1990. Sustainable agriculture in the United States. In: C.A. Edwards et al., editors, Sustainable agricultural systems.  Soil and  Water  Conserv. Soc., Ankeny, IA. p. 50-67. "
Pesticides reduction strategies,What does the definition of the FP include?8,• Integrated pest management (compared to no-integrated pest management): integrated pest management means careful consideration of all available plant protection methods and subsequent integration of appropriate measures that discourage the development of populations of harmful organisms and keep the use of plant protection products and other forms of intervention to levels that are economically and ecologically justified and reduce or minimise risks to human health and the environment,https://ec.europa.eu/food/plant/pesticides/sustainable_use_pesticides/ipm_en
Pesticides reduction strategies,What does the definition of the FP exclude?1,"• In this review, organic farming was excluded, as its impacts are assessed in a separate set of fiches.",NA
Soil amendment with biochar,FP ID,Soil amendment with biochar,NA
Soil amendment with biochar,Definition of the farming practice1,"Biochar application to soils is being considered as a means to sequester carbon (C) while concurrently improving soil functions. Biochar is charcoal that is produced by pyrolysis of biomass in the absence of oxygen, it is used as a soil ameliorant for both carbon sequestration and soil health benefits. Biochar is a stable solid that is rich in carbon and can endure in soil for thousands of years","Lean, Geoffrey (7 December 2008). ""Ancient skills 'could reverse global warming' "". The Independent. Archived from the original on 13 September 2011. Retrieved 1 October 2011"
Soil amendment with biochar,Definition of the farming practice2,Biochar is being investigated as a means of carbon sequestration,"Lean, Geoffrey (7 December 2008). ""Ancient skills 'could reverse global warming' "". The Independent. Archived from the original on 13 September 2011. Retrieved 1 October 2012"
Soil amendment with biochar,Definition of the farming practice3,", and it may be a means to mitigate global warming and climate change","Yousaf, Balal, Liu, Guijian, Wang, Ruwei, Abbas, Qumber, Imtiaz, Muhammad, Liu, Ruijia (2016). ""Investigating the biochar effects on C-mineralization and sequestration of carbon in soil compared with conventional amendments using stable isotope (?13C) approach"". GCB Bioenergy. 9 (6): 1085-1099. doi:10.1111/gcbb.12401"
Soil amendment with biochar,What does the definition of the FP include?1,"A wide range of biomass types such as manure, sawdust, rice husk, wheat straw, corn cobs, sewage sludge, municipal wastes, crop residues and compost are used as feedstock to produce biochar","Islam MU, Jiang F, Guo Z, Peng X, 2021. Does biochar application improve soil aggregation? A meta-analysis. Soil Tillage Res, 209:104926. Available from: https://doi.org/10.1016/j.still.2020.104926"
Soil amendment with lime and gypsum,FP ID,Soil amendment with lime or gypsum,NA
Soil amendment with lime and gypsum,Definition of the farming practice1,"Soil amendments are the practices used to improve the soil quality in terms of its structure and biochemical function. Most amendments use calcium-containing minerals, such as lime or gypsum. Both types of amendment have  different chemical properties, as explained in Key descriptors.",https://agbmps.osu.edu/bmp/amending-soils-lime-or-gypsum-nrcs-333
Soil amendment with lime and gypsum,What does the definition of the FP include?1,"Different types of calcium-containing minerals are used in practice, in particular:",https://www.kzndard.gov.za/images/Documents/researchandtechnologydevelopment/publications/researchreports/2015_13_Agricultural_uses_of_lime_and_gypsum.pdf
Soil amendment with lime and gypsum,What does the definition of the FP include?2,"Lime refers to a material that can come in different forms, especially calcium carbonate (CaCO3) and magnesium carbonate (MgCO3). It is used to reduce soil acidity and to add calcium or magnesium to the soil. ",http://www.gypsoil.com/news-and-events/gypsum-and-lime
Soil amendment with lime and gypsum,What does the definition of the FP include?3,"Gypsum, or calcium sulfate dihydrate, (CaSO4 ·2H?O), is a neutral salt. It can be used to improve soil calcium and sulphur levels. Gypsum is about 200 times more soluble than agricultural lime, allowing it to move readily down the soil profile where it can help to alleviate a range of subsoil problems. In some acid soils, gypsum can be used to ameliorate subsoil aluminium toxicity, while in saline alkaline soils to alleviate sodium toxicity and to regulate soil pH, bulk density and water infiltration. ",NA
Water-saving irrigation practices in flooded lands,FP ID,Water-saving irrigation practices in flooded lands,NA
Water-saving irrigation practices in flooded lands,Definition of the farming practice1,"Water-saving irrigation practices aim to reduce water use in irrigated fields. In flooded lands, specifically in rice paddy fields, the common feature of water-saving irrigation techniques is to keep the field in a water-free or thin water layer condition at a certain growth stage, by introducing short term drainage of flooding water during the rice cultivation.","Qiu et al., 2022. Effect of Irrigation and Fertilizer Management on Rice Yield and Nitrogen Loss: A Meta-Analysis. Plants, 11(13), 1690, https://doi.org/10.3390/plants11131690"
Water-saving irrigation practices in flooded lands,Definition of the farming practice2,and,"Yagi et al., 2019. Potential and promisingness of technical options for mitigating greenhouse gas emissions from rice cultivation in Southeast Asian countries. SOIL SCIENCE AND PLANT NUTRITION, 66 (1), 37-49, https://doi.org/10.1080/00380768.2019.1683890"
Water-saving irrigation practices in flooded lands,Definition of the farming practice3,Continuous flooding corresponds to flooding rice paddies throughout the growing season.,"Climate and Clean Air Coalition, 2014. https://www.ccacoalition.org/en/activity/paddy-rice-production"
Water-saving irrigation practices in flooded lands,What does the definition of the FP include?1,"In this review, different water-saving irrigation practices applied in flooded lands are compared to continuous flooding.",NA
Water-saving irrigation practices in flooded lands,What does the definition of the FP include?2,Water-saving irrigation practices in flooded lands in this review include:,NA
Water-saving irrigation practices in flooded lands,What does the definition of the FP include?3,"water-saving irrigation practices that vary according to the number of drainages applied during the rice growing season (single or multiple), irrigation water amount, and irrigation schedule (e.g. alternate wet and dry irrigation, intermittent irrigation, mid-season drainage, controlled irrigation, moist irrigation, shallow irrigation and deep storage, thin and wet irrigation),",NA
Water-saving irrigation practices in flooded lands,What does the definition of the FP include?4,"drip irrigation,",NA
Water-saving irrigation practices in flooded lands,What does the definition of the FP include?5,"dry cultivation,",Non-flooded rice but might be irrigated.
Water-saving irrigation practices in flooded lands,What does the definition of the FP include?6,In some studies the effect of water-saving irrigation practice compared to continuous flooding is not provided separately for each water-saving practice.,NA
Water-saving irrigation practices in flooded lands,What does the definition of the FP include?7,"Please, note that this is not an exhaustive list of all water-saving irrigation techniques in flooded lands, but of those found in the synthesis papers that meet the requirements to be included in our review.",NA
Water-saving irrigation practices in flooded lands,What does the definition of the FP include?9,"Please, note that some water-saving irrigation practices included in this review were not clearly defined by the authors (e.g., moist irrigation, shallow irrigation and deep storage, thin and wet irrigation).",NA
Water-saving irrigation practices in flooded lands,What does the definition of the FP exclude?1,"This review does not present the results of the comparisons between water-saving and non-water saving irrigation practices in non-flooded lands and between no irrigation and non-water saving irrigation practices, as these two types of alternative comparisons are presented in two separate sets of fiches.",NA
Water-saving irrigation practices in flooded lands,What does the definition of the FP exclude?2,This review does not include irrigation practices applied in non-agricultural land or in non-flooded lands.,NA
Water-saving irrigation practices in non-flooded lands,FP ID,Water-saving irrigation practices in non-flooded lands,NA
Water-saving irrigation practices in non-flooded lands,Definition of the farming practice1,Water-saving irrigation practices aim to satisfy crop water requirements while improving the timing and reliability of water deliveries to minimize water use.,"FAO, 2017. Does improved irrigation technology save water? Available at: https://www.fao.org/3/I7090EN/i7090en.pdf"
Water-saving irrigation practices in non-flooded lands,Definition of the farming practice2,"Non water-saving irrigation practices are standard techniques of irrigation that supply water to the crop in order to increasing crop productivity, with no intention of minimizing water use.","European Parliamentary Research Service, 2019. Irrigation in EU agriculture. Available at: https://www.europarl.europa.eu/RegData/etudes/BRIE/2019/644216/EPRS_BRI(2019)644216_EN.pdf"
Water-saving irrigation practices in non-flooded lands,What does the definition of the FP include?1,Water-saving irrigation practices in non-flooded lands included in this review are:,NA
Water-saving irrigation practices in non-flooded lands,What does the definition of the FP include?2,aerated irrigation: irrigation practice characterised by the delivery of aerated water directly to the root zone by subsurface drip irrigation.,"Du, Y. D., Niu, W. Q., Gu, X. B., Zhang, Q., Cui, B. J., & Zhao, Y. (2018). Crop yield and water use efficiency under aerated irrigation: A meta-analysis. Agricultural Water Management, 210, 158-164."
Water-saving irrigation practices in non-flooded lands,What does the definition of the FP include?3,deficit irrigation: an irrigation practice whereby water supply is reduced below maximum levels and mild stress is allowed with minimal effects on yield.,"Unlocking the Water Potential of Agriculture, FAO, 2003."
Water-saving irrigation practices in non-flooded lands,What does the definition of the FP include?4,optimised irrigation period: irrigation during crucial stages of the growing season.,"e.g. He, G., Cui, Z., Ying, H., Zheng, H., Wang, Z., & Zhang, F. (2017). Managing the trade-offs among yield increase, water resources inputs and greenhouse gas emissions in irrigated wheat production systems. Journal of Cleaner Production, 164, 567-574, Quemada, M., Baranski, M., Nobel-de Lange, M. N. J., Vallejo, A., & Cooper, J. M. (2013). Meta-analysis of strategies to control nitrate leaching in irrigated agricultural systems and their effects on crop yield. Agriculture, ecosystems & environment, 174, 1-10."
Water-saving irrigation practices in non-flooded lands,What does the definition of the FP include?5,"partial root-zone drying: a modified version of deficit irrigation where approximately half of the root system is in a dry state, while the remaining half is irrigated.","Sonawane, A.V. & Shrivastava, P.K. (2022) Partial root zone drying method of irrigation: A review. Irrigation and Drainage, 71( 3), 574- 588. doi:10.1002/ird.2686"
Water-saving irrigation practices in non-flooded lands,What does the definition of the FP include?6,reduced irrigation amount: reducing the amount of water used for irrigation.,"e.g. He, G., Cui, Z., Ying, H., Zheng, H., Wang, Z., & Zhang, F. (2017). Managing the trade-offs among yield increase, water resources inputs and greenhouse gas emissions in irrigated wheat production systems. Journal of Cleaner Production, 164, 567-574, Du, Y. D., Niu, W. Q., Gu, X. B., Zhang, Q., Cui, B. J., & Zhao, Y. (2018). Crop yield and water use efficiency under aerated irrigation: A meta-analysis. Agricultural Water Management, 210, 158-164, Bai, X., Zhang, Z., Cui, J., Liu, Z., Chen, Z., & Zhou, J. (2020). Strategies to mitigate nitrate leaching in vegetable production in China: a meta-analysis. Environmental Science and Pollution Research, 27, 18382-18391."
Water-saving irrigation practices in non-flooded lands,What does the definition of the FP include?7,drip irrigation: water is dripped onto the soil at very low rates (2-20 litres/hour) from a system of small diameter plastic pipes fitted with outlets called emitters or drippers. Water can be applied at the surface (surface drip irrigation) or underground (subsurface drip irrigation).,"FAO, Irrigation Water Management: Irrigation Methods. Training manual no 5"
Water-saving irrigation practices in non-flooded lands,What does the definition of the FP include?8,"irrigation using water from other source: irrigation using reclaimed, brackish, saline, or treated waste water rather than fresh water.","e.g. Liu, X., Zhang, L., Yang, F., & Zhou, W. (2023). Determining reclaimed water quality thresholds and farming practices to improve food crop yield: A meta-analysis combined with random forest model. Science of The Total Environment, 862, 160774, Cheng, M., Wang, H., Fan, J., Wang, X., Sun, X., Yang, L., ... & Zhang, F. (2021). Crop yield and water productivity under salty water irrigation: A global meta-analysis. Agricultural Water Management, 256, 107105, Gao, Y., Shao, G., Wu, S., Xiaojun, W., Lu, J., & Cui, J. (2021). Changes in soil salinity under treated wastewater irrigation: A meta-analysis. Agricultural Water Management, 255, 106986."
Water-saving irrigation practices in non-flooded lands,What does the definition of the FP include?9,"In this review, these practices are compared to 1) non-water saving irrigation practices in non-flooded lands, such as sprinkler irrigation, furrow irrigation, center pivot irrigation, full or supplemental irrigation, or to 2) an alternative water-saving irrigation practice in non-flooded lands.",NA
Water-saving irrigation practices in non-flooded lands,What does the definition of the FP exclude?1,This review does not present the results of the comparisons between water-saving irrigation practices and continuous flooding in flooded lands and between no irrigation and non-water saving irrigation practices as these comparisons are presented in two separate sets of fiches.,NA
Water-saving irrigation practices in non-flooded lands,What does the definition of the FP exclude?2,This review does not include irrigation practices applied in non-agricultural land.,NA
Wetland conservation and restoration,FP ID,Wetland conservation and restoration,NA
Wetland conservation and restoration,Definition of the farming practice1,"Wetlands are areas where water is the primary factor controlling the environment and the associated plant and animal life. The Ramsar Convention on Wetlands adopts a broad definition of wetlands. It includes lakes and rivers, underground aquifers, swamps and marshes, wet grasslands, peatlands, oases, estuaries, deltas and tidal flats, mangroves and other coastal areas, coral reefs, and all human-made sites such as fish ponds, rice paddies, reservoirs and salt pans.",Ramsar Convention on Wetlands: https://www.ramsar.org/sites/default/files/documents/library/current_convention_text_e.pdf
Wetland conservation and restoration,Definition of the farming practice2,"However, this review does not include all these wetland types either because they are not well represented in the scientific literature or because they are not relevant in a European context. Besides, this review does not include peatlands and carbon rich soils, whose conservation, restoration and management are assessed in separate sets of fiches.",NA
Wetland conservation and restoration,Definition of the farming practice3,  This review includes interventions in wetlands related to:,NA
Wetland conservation and restoration,Definition of the farming practice4,"Conservation refers to the preservation (i.e., no transformation to other land uses) of natural non-disturbed wetlands compared to either degraded or restored wetlands. The degraded wetlands found in this review are mainly affected by alterations in their water regime due to drainage and/or conversion to cropland or pasture, or by their conversion into aquaculture ponds or other constructed wetlands. The restored wetlands found in this review have been subject to different interventions including water flow re-establishment, revegetation or addition of a sediment layer.",NA
Wetland conservation and restoration,Definition of the farming practice5,"Restoration methods found in this review are classified into three main classes: management of invasive plant species, management of water regime and a general class with several restoration methods pooled together. Restoration by managing invasive plant species includes the use of chemical (herbicides) and mechanical (tilling, disking, mowing, crushing, cutting and uprooting) control methods, as well as burning, grazing and replacement of invasive plants with natives. Restoration by managing water regime includes the recovery of the duration, frequency and/or depth of inundation, waterlogging or environmental flow release. The creation of new wetlands is also considered here.",NA
Wetland conservation and restoration,Definition of the farming practice6,"When different restoration methods are analysed together in the reviewed synthesis papers, we report them as several restoration methods analysed together. This pool includes active revegetation, enhancement of in-wetland and structural heterogeneity, habitat creation, passive restoration, restoration of hydrological dynamics, restoration of water quality, addition of soil amendments or wildlife management (i. e. reintroduction of native species and/or elimination of exotic ones).",NA
Wetland conservation and restoration,What does the definition of the FP include?1,"This review includes a wide variety of wetland types in terms of: level of human intervention: natural and human-made, water salinity: fresh, brackish (i.e., intermediate level of salinity) and saline, water regime: lotic (flowing) and lentic (stagnant), permanent and temporary, elevation: alpine and coastal.",NA
Wetland conservation and restoration,What does the definition of the FP include?2,The estimation of wetland conservation impacts is based on the spatial comparison between preserved natural wetlands (intervention) and nearby degraded or restored wetlands (comparator).,NA
Wetland conservation and restoration,What does the definition of the FP include?3,The estimation of wetland restoration impacts is based on the spatial and temporal comparisons between restored wetlands (intervention) and degraded wetlands (comparator). Spatial comparisons are those conducted simultaneously between restored wetlands and nearby degraded wetlands. Temporal comparisons are those conducted in the same wetland before and after restoration.,NA
Wetland conservation and restoration,What does the definition of the FP include?4,"This review focuses on wetland under agricultural land use. However, lands use is not always clearly reported in the synthesis papers. Papers were retained unless clearly specified that studied wetlands were under urban lands use. The underlying reasoning is that many wetlands are in fact disturbed for agricultural purposes. Besides, in the case of restoration, some interventions such as those focused on the eradication or control of invasive species, could be valid experiences for the restoration of other wetlands, irrespectively to the land use.",NA
Wetland conservation and restoration,What does the definition of the FP exclude?1,"This review does not include other management practices conducted in wetlands (i.e, grazing or fertilisation) which are assessed in separate sets of fiches (i.e. wetland management).",NA
Wetland management,FP ID,Wetland management,NA
Wetland management,Definition of the farming practice1,"Wetlands are areas where water is the primary factor controlling the environment and the associated plant and animal life. The Ramsar Convention on Wetlands adopts a broad definition of wetlands. It includes lakes and rivers, underground aquifers, swamps and marshes, wet grasslands, peatlands, oases, estuaries, deltas and tidal flats, mangroves and other coastal areas, coral reefs, and all human-made sites such as fish ponds, rice paddies, reservoirs and salt pans.",Ramsar Convention on Wetlands: https://www.ramsar.org/sites/default/files/documents/library/current_convention_text_e.pdf
Wetland management,Definition of the farming practice2,"However, this review does not include all these wetland types either because they are not well represented in the scientific literature, because they are not relevant in a European context or because they are not under agricultural use. Besides, this review excludes peatlands and carbon rich soils, as their conservation, restoration and management are assessed in a separate set of fiches (i.e., wetland conservation and restoration).",NA
Wetland management,Definition of the farming practice3,"This review focuses on wetlands under agricultural use and thus, and though not clearly stated on the papers reviewed, includes mostly drained wetlands.","Joosten, et al. 2012. Peatlands-Guidance for climate change mitigation, conservation, rehabilitation and sustainable use. Mitigation of climate change in Agriculture Series 5 (FAO)."
Wetland management,Definition of the farming practice4,"This review includes interventions towards an improved and more sustainable management of wetlands. Specific interventions have been proposed such as low tillage, ban of burning, paludiculture, etc.","Joosten, et al. 2012. Peatlands-Guidance for climate change mitigation, conservation, rehabilitation and sustainable use. Mitigation of climate change in Agriculture Series 5 (FAO)."
Wetland management,Definition of the farming practice5,In this literature review we have found evidence for the following management interventions:,NA
Wetland management,Definition of the farming practice6,"No fertilisation. Fertilisers are natural or synthetic substances containing chemical elements such as nitrogen (N), phosphorus (P) and potassium (K) that are applied to soils to improve growth and productiveness of plants.",https://ec.europa.eu/eurostat/statistics-explained/index.php?title=Glossary:Fertiliser
Wetland management,Definition of the farming practice7,"Fertilisation, and in particular N inputs in wetlands, might promote greenhouse gas emissions by changing element cycling.","Chen, M, Chang, L, Zhang, J et al. 2020. Global nitrogen input on wetland ecosystem: The driving mechanism of soil labile carbon and nitrogen on greenhouse gas emissions. Environmental Science and Ecotechnology, 4, 100063."
Wetland management,Definition of the farming practice8,"Here, no fertilised wetlands are compared to fertilised ones.",NA
Wetland management,Definition of the farming practice9,"Grazing is a method of animal husbandry in which livestock are allowed to feed outdoors consuming cultivated or wild vegetation. The direction and magnitude of grazing impacts on ecosystem properties depends on grazing management, such as stocking density, grazing duration and grazer species.","Paz-Kagan, T, Ohana-Levi, N, Herrmann, I et al. 2016. Grazing intensity effects on soil quality: a spatial analysis of a Mediterranean grassland. Catena, 146, 100-110."
Wetland management,Definition of the farming practice10,"Here, grazed wetlands are compared to wetlands with grazing exclusion or where only wild herbivores graze in natural conditions.",NA
Wetland management,What does the definition of the FP include?1,"This review includes a wide variety of wetland types in terms of: level of human intervention: natural and human-made, water salinity: fresh, brackish (i.e., intermediate level of salinity) and saline, water regime: lotic (flowing) and lentic (stagnant), permanent and temporary, elevation: alpine and coastal.",NA
Wetland management,What does the definition of the FP include?2,"These fiches focus on wetlands and the management practices conducted in these habitats. However, some of these farming practices are also explored more broadly without distinguishing the habitat type devoted to agricultural use in other sets of fiches (i.e, organic fertilisation and grazing fiches).",NA
Wetland management,What does the definition of the FP exclude?1,"This review does not include wetland conservation or restoration, which are assessed in separate sets of fiches (i.e, wetlands conservation and restoration).",NA
