"doi","authors","year","title","reference","type"
"10.1111/1365-2664.13124","winter, s; bauer, t; strauss, p; kratschmer, s; paredes, d; popescu, d; landa, b; guzman, g; gomez, ja; guernion, m; zaller, jg; batary, p","2018","effects of vegetation management intensity on biodiversity and ecosystem services in vineyards: a meta-analysis","J APPL ECOL","meta-analysis"
"10.1002/eap.2278","mcclelland, sc; paustian, k; schipanski, me","2021","management of cover crops in temperate climates influences soil organic carbon stocks: a meta-analysis","Ecological applications, 31, 3, e02278","meta-analysis"
"10.1007/s10113-018-1447-y","lee, h; lautenbach, s; nieto, apg; bondeau, a; cramer, w; geijzendorffer, ir","2019","the impact of conservation farming practices on mediterranean agro-ecosystem services provisioning-a meta-analysis","REGIONAL ENVIRONMENTAL CHANGE,	19(8),	2187-2202.","meta-analysis"
"10.1016/j.agee.2021.107356","crystal-ornelas, r; thapa, r; tully, kl","2021","soil organic carbon is affected by organic amendments, conservation tillage, and cover cropping in organic farming systems: a meta-analysis","Agriculture, Ecosystems & Environment 312, 107356","meta-analysis"
"10.1016/j.agsy.2019.102736","morugan-coronado, a; linares, c; gomez-lopez, md; faz, a; zornoza, r","2020","the impact of intercropping, tillage and fertilizer type on soil and crop yield in fruit orchards under mediterranean conditions: a meta-analysis of field studies","AGRICOLTURAL SYSTEMS, 178, 102736.","meta-analysis"
"10.1016/j.jclepro.2020.125736","payen, ft; sykes, a; aitkenhead, m; alexander, p; moran, d; macleod, m","2020","soil organic carbon sequestration rates in vineyard agroecosystems under different soil management practices: a meta-analysis","JOURNAL OF CLEANER PRODUCTION, 290, 125736.","meta-analysis"
"10.1016/j.landusepol.2019.104204","shackelford, ge; kelsey, r; dicks, lv","2019","effects of cover crops on multiple ecosystem services: ten meta-analyses of data from arable farmland in california and the mediterranean","LAND USE POLICY, 88, 104204.","meta-analysis"
"10.1016/j.soilbio.2020.107735","jian, jinshi; du, xuan; reiter, mark s.; stewart, ryan d.","2020","a meta-analysis of global cropland soil carbon changes due to cover cropping","Soil Biol. Biochem. 143, 107735","meta-analysis"
"10.1016/j.still.2017.03.005","alvarez, roberto; steinbach, haydee s.; de paepe, josefina l.","2017","cover crop effects on soils and subsequent crops in the pampas: a meta-analysis","Soil and Tillage Research 170, 53-65","meta-analysis"
"10.1016/j.still.2019.04.020","muhammad, i., sainju, u.m., zhao, f., (...), fu, x., wang, j.","2019","regulation of soil co2 and n2o emissions by cover crops: a meta-analysis","Soil and Tillage Research 192, pp. 103-112","meta-analysis"
"10.1080/03650340.2021.1937607","fang, lf; shi, xj; zhang, y; yang, yh; zhang, xl; wang, xz; zhang, yt","2021","the effects of ground cover management on fruit yield and quality: a meta-analysis","ARCHIVES OF AGRONOMY AND SOIL SCIENCE","meta-analysis"
"10.1111/gcb.14658","bai, xx; huang, yw; ren, w; coyne, m; jacinthe, pa; tao, b; hui, df; yang, j; matocha, c","2019","responses of soil carbon sequestration to climate-smart agriculture practices: a meta-analysis","GLOBAL CHANGE BIOLOGY, 25, 2591-2606.","meta-analysis"
"10.1007/s11104-018-3810-7","hallama, m; pekrun, c; lambers, h; kandeler, e","2019","hidden miners - the roles of cover crops and soil microorganisms in phosphorus cycling through agroecosystems","PLANT SOIL, 434, 7–45.","meta-analysis"
"10.1016/j.agee.2005.07.003","tonitto, c; david, mb; drinkwater, le","2006","replacing bare fallows with cover crops in fertilizer-intensive cropping systems: a meta-analysis of crop yield and n dynamics","AGRICULTURE ECOSYSTEMS & ENVIRONMENT, 112, 58–72.","meta-analysis"
"10.1016/j.agee.2013.04.018","quemada, m; baranski, m; nobel-de lange, mnj; vallejo, a; cooper, jm","2013","meta-analysis of strategies to control nitrate leaching in irrigated agricultural systems and their effects on crop yield","AGRICULTURE ECOSYSTEMS & ENVIRONMENT","meta-analysis"
"10.1016/j.agee.2015.01.023","valkama e, lemola r, känkänen h, turtola e","2015","meta-analysis of the effects of undersown catch crops on nitrogen leaching loss and grain yields in the nordic countries","Agriculture, Ecosystems & Environment 203, 93-101","meta-analysis"
"10.1016/j.agwat.2021.107085","wang, j; zhang, sh; sainju, um; ghimire, r; zhao, fz","2021","a meta-analysis on cover crop impact on soil water storage, succeeding crop yield, and water-use efficiency","Agricultural Water Management, 256, 107085","meta-analysis"
"10.1016/j.still.2020.104575","jian, jinshi; lester, brandon j.; du, xuan; reiter, mark s.; stewart, ryan d.","2020","a calculator to quantify cover crop effects on soil health and productivity","Soil and Tillage Research 199, 104575","meta-analysis"
"10.2134/agronj2017.12.0752","osipitan, oa; dille, ja; assefa, y; knezevic, sz","2018","cover crop for early season weed suppression in crops: systematic review and meta-analysis","Agronomy Journal 110, 6, 2211-2221","meta-analysis"
"10.2134/jeq2018.03.0107","thapa r, mirsky sb, tully kl","2018","cover crops reduce nitrate leaching in agroecosystems:a global meta-analysis ","Journal of Environmental Quality 47, 6, 1400-1411","meta-analysis"
"10.2135/cropsci2018.10.0603","toler, hd; auge, rm; benelli, v; allen, fl; ashworth, aj","2019","global meta-analysis of cotton yield and weed suppression from cover crops","Crop science 59, 3, 1248-1261","meta-analysis"
"10.2489/jswc.72.3.226","marcillo, gs; miguez, fe","2017","corn yield response to winter cover crops: an updated meta-analysis","JOURNAL OF SOIL AND WATER CONSERVATION, 72(3), 226 - 239.","meta-analysis"
"10.1007/s10705-017-9836-z","han, z; walter, mt; drinkwater, le","2017","n2o emissions from grain cropping systems: a meta-analysis of the impacts of fertilizer-based and ecologically-based nutrient management strategies","NUTRIENT CYCLING IN AGROECOSYSTEMS, 107, 335-355.","meta-analysis"
"10.1016/j.atmosenv.2018.12.046","gu, jx; nie, hh; guo, hj; xu, hh; gunnathorn, t","2019","nitrous oxide emissions from fruit orchards: a review","ATMOSPHERIC ENVIRONMENT, 201, 166-172.","meta-analysis"
"10.2489/jswc.69.6.471","basche, ad; miguez, fe; kaspar, tc; castellano, mj;","2014","do cover crops increase or decrease nitrous oxide emissions? a meta-analysis","JOURNAL OF SOIL AND WATER CONSERVATION, 69, 471-482.","meta-analysis"
"10.1007/s11356-020-08322-1","bai, xl; zhang, zb; cui, jj; liu, zj; chen, zj; zhou, jb","2020","strategies to mitigate nitrate leaching in vegetable production in china: a meta-analysis","ENVIRONMENTAL SCIENCE AND POLLUTION RESEARCH, 27, 18382-18391.","meta-analysis"
"10.1007/s13593-016-0397-3","wortman, sam e.","2016","weedy fallow as an alternative strategy for reducing nitrogen loss from annual cropping systems","Agronomy for Sustainable Development 61","meta-analysis"
"10.1016/j.catena.2020.105085","liu, r; thomas, b; shi, xj; zhang, xl; wang, zc; zhang, yt","2021","effects of ground cover management on improving water and soil conservation in tree crop systems: a meta-analysis","CATENA, 199, 105085.","meta-analysis"
"10.1002/ael2.20022","nicholas, v; martinez-feria, r; weisberger, d; carlson, s; basso, b; basche, a","2020","cover crops and weed suppression in the us midwest: a meta-analysis and modeling study","AGR ENV LETT 2020;5, e20022","meta-analysis"
"10.2135/cropsci2018.09.0589","osipitan oa, dille ja, assefa y, radicetti e, ayeni a, knezevic sz","2019","impact of cover crop management on level of weed suppression: a meta-analysis","Crop Science 59, 3, 833-842","meta-analysis"
"10.1016/j.geoderma.2020.114696","muhammad, i; wang, j; sainju, um; zhang, sh; zhao, fz; khan, a","2021","cover cropping enhances soil microbial biomass and affects microbial community structure: a meta-analysis","Geoderma 381, 114696","meta-analysis"
"10.1016/j.soilbio.2019.107701","kim, n; zabaloy, mc; guan, ky; villamil, mb","2020","do cover crops benefit soil microbiome? a meta-analysis of current research","SOIL BIOLOGY & BIOCHEMISTRY, 142,  107701.","meta-analysis"
"10.1016/j.soilbio.2021.108383","puissant, j; villenave, c; chauvin, c; plassard, c; blanchart, e; trap, j","2021","quantification of the global impact of agricultural practices on soil nematodes: a meta-analysis","SOIL BIOLOGY AND BIOCHEMISTRY, 161, 108383.","meta-analysis"
"10.1111/1365-2664.12815","bowles, tm; jackson, le; loeher, m; cavagnaro, tr","2017","ecological intensification and arbuscular mycorrhizas: a meta-analysis of tillage and cover crop effects","JOURNAL OF APPLIED ECOLOGY, 54, 6, 1785-1793.","meta-analysis"
"10.1016/j.scitotenv.2020.139517","chen, j; xiao, hb; li, zw; liu, c; ning, k; tang, cj","2020","how effective are soil and water conservation measures (swcms) in reducing soil and water losses in the red soil hilly region of china? a meta-analysis of field plot data","SCIENCE OF THE TOTAL ENVIRONMENT, 735, 139517.","meta-analysis"
"10.2136/sssaj2017.07.0245","mahal, nk; castellano, mj; miguez, fe","2018","conservation agriculture practices increase potentially mineralizable nitrogen: a meta-analysis","SOIL SCI SOC AM J,  82, 1270–1278","meta-analysis"
"10.5586/aa.1662","pecio, a; jarosz, z","2016","long-term effects of soil management practices on selected indicators of chemical soil quality.","ACTA AGROBOTANICA, 69, 1–18.","meta-analysis"
"10.1371/journal.pone.0215702","basche, ad; delonge, ms","2019","comparing infiltration rates in soils managed with conventional and alternative farming methods: a meta-analysis","PLOS ONE, 14(9), e0215702.","meta-analysis"
"10.2136/sssaj2017.03.0077","basche, ad; delonge, ms","2017","the impact of continuous living cover on soil hydrologic properties: a meta-analysis","SOIL SCI SOC AM J, 81, 5, 1179-1190","meta-analysis"
"10.1007/s13593-018-0546-y","meyer, n; bergez, je; constantin, j; justes, e","2019","cover crops reduce water drainage in temperate climates: a meta-analysis","Agronomy for Sustainable Development 39, 3","meta-analysis"
"10.1016/j.agee.2016.08.019","pan, bb; lam, sk; mosier, a; luo, yq; chen, dl;","2016","ammonia volatilization from synthetic fertilizers and its mitigation strategies: a global synthesis","AGRICULTURE, ECOSYSTEMS AND ENVIRONMENT, 232, 283-289.","meta-analysis"
"10.1016/j.envpol.2021.117844","sha, zp; liu, hj; wang, jx; ma, x; liu, xj; misselbrook, t","2021","improved soil-crop system management aids in nh3 emission mitigation in china","ENVIRONMENTAL POLLUTION, 289, 117844.","meta-analysis"
"10.1016/j.still.2021.105142","yangjin, dz; wu, xw; bai, h; gu, jx","2021","a meta-analysis of management practices for simultaneously mitigating n2o and no emissions from agricultural soils","SOIL AND TILLAGE RESEARCH, 213, 105142.","meta-analysis"
"10.1111/gcb.14466","xia l., lam s.k., wolf b., kiese r., chen d., butterbach-bahl k.","2018","trade-offs between soil carbon sequestration and reactive nitrogen losses under straw return in global agroecosystems","GLOBAL CHANGE BIOLOGY, 24(12), 5919-5932.","meta-analysis"
"10.1002/ldr.3492","zhao x., liu b.-y., liu s.-l., qi j.-y., wang x., pu c., li s.-s., zhang x.-z., yang x.-g., lal r., chen f., zhang h.-l.","2020","sustaining crop production in china's cropland by crop residue retention: a meta-analysis","LAND DEGRADATION & DEVELOPMENT, 31(6), 694-709.","meta-analysis"
"10.1007/s10705-017-9903-5","chen, ys; camps-arbestain, m; shen, qh; singh, b; cayuela, ml","2018","the long-term role of organic amendments in building soil nutrient fertility: a meta-analysis and review","NUTRIENT CYCLING IN AGROECOSYSTEMS, 111, 103-125.","meta-analysis"
"10.1007/s10705-019-09991-2","miao f., li y., cui s., jagadamma s., yang g., zhang q.","2019","soil extracellular enzyme activities under long-term fertilisation management in the croplands of china: a meta-analysis","NUTRIENT CYCLING IN AGROECOSYSTEMS, 114, 125–138.","meta-analysis"
"10.1007/s11104-021-04881-5","xu s., sayer e.j., eisenhauer n., lu x., wang j., liu c.","2021","aboveground litter inputs determine carbon storage across soil profiles: a meta-analysis","PLANT AND SOIL, 462, 429-444.","meta-analysis"
"10.1016/j.agee.2021.107795","dang p., li c., lu c., zhang m., huang t., wan c., wang h., chen y., qin x., liao y., siddique k.h.m.","2022","effect of fertiliser management on the soil bacterial community in agroecosystems across the globe","AGRICULTURE, ECOSYSTEMS AND ENVIRONMENT, 326, 107795.","meta-analysis"
"10.1016/j.scitotenv.2022.154626","zhang f., chen x., yao s., ye y., zhang b.","2022","responses of soil mineral-associated and particulate organic carbon to carbon input: a meta-analysis","SCIENCE OF THE TOTAL ENVIRONMENT, 829, 154626.","meta-analysis"
"10.1016/j.scitotenv.2022.156822","bohoussou y.n., kou y.-h., yu w.-b., lin b.-j., virk a.l., zhao x., dang y.p., zhang h.-l.","2022","impacts of the components of conservation agriculture on soil organic carbon and total nitrogen storage: a global meta-analysis","SCIENCE OF TOTAL ENVIRONMENT,	842, 156822.","meta-analysis"
"10.1016/j.still.2022.105527","lv l., gao z., liao k., zhu q., zhu j.","2023","impact of conservation tillage on the distribution of soil nutrients with depth","SOIL AND TILLAGE RESEARCH, 225, 105527.","meta-analysis"
"10.1038/s41598-021-82739-7","gross a., glaser b.","2021","meta‐analysis on how manure application changes soil organic carbon storage","SCIENTIFIC REPORT, 11, 5516.","meta-analysis"
"10.1111/1745-5871.12389","abdalla k., mutema m., hill t.","2020","soil and organic carbon losses from varying land uses: a global meta-analysis","GEOGRAPHICAL RESEARCH, 58, 167-185.","meta-analysis"
"10.1111/gcbb.12631","xu h., sieverding h., kwon h., clay d., stewart c., johnson j.m.f., qin z., karlen d.l., wang m.","2019","a global meta-analysis of soil organic carbon response to corn stover removal","GLOBAL CHANGE BIOLOGY & BIOENERGY, 11(10), 1215-1233.","meta-analysis"
"10.17221/155/2020-SWR","wang q., liu x., li j., yang x., guo z.","2021","straw application and soil organic carbon change: a meta-analysis","SOIL AND WATER RESEARCH, 16, 112-120.","meta-analysis"
"10.1007/s13593-022-00766-8","liu, by; liu, ws; lin, bj; liu, wx; han, sw; zhao, x; zhang, hl","2022","sustainable management practices to improve the water use efficiency of winter wheat in the north china plain: a meta-analysis","AGRONOMY FOR SUSTAINABLE DEVELOPMENT, 42, 33.","meta-analysis"
"10.1016/j.agee.2018.07.019","wang m., pendall e., fang c., li b., nie m.","2018","a global perspective on agroecosystem nitrogen cycles after returning crop residue","AGRICULTURE, ECOSYSTEMS AND ENVIRONMENT, 266, 49-54.","meta-analysis"
"10.1016/j.agwat.2020.106119","zheng, hf; shao, rx; xue, yf; ying, h; yin, yl; cui, zl; yang, qh","2020","water productivity of irrigated maize production systems in northern china: a meta-analysis","AGRICULTURAL WATER MANAGEMENT, 234, 106119.","meta-analysis"
"10.1016/j.agwat.2021.107128","qin x., huang t., lu c., dang p., zhang m., guan x.-k., wen p.-f., wang t.-c., chen y., siddique k.h.m.","2021","benefits and limitations of straw mulching and incorporation on maize yield, water use efficiency, and nitrogen use efficiency","AGRICULTURAL WATER MANAGEMENT, 256, 107128.","meta-analysis"
"10.1016/j.fcr.2018.08.001","ding, wc; xu, xp; he, p; ullah, s; zhang, jj; cui, zl; zhou, w","2018","improving yield and nitrogen use efficiency through alternative fertilisation options for rice in china: a meta-analysis","FIELD CROPS RESEARCH, 227, 11 - 18.","meta-analysis"
"10.1111/gcb.15796","shang, zy; abdalla, m; xia, ll; zhou, f; sun, wj; smith, p","2021","can cropland management practices lower net greenhouse emissions without compromising yield?","GLOBAL CHANGE BIOLOGY, 27(19), 4657-4670.","meta-analysis"
"10.1371/journal.pone.0231740","lu x.","2020","a meta-analysis of the effects of crop residue return on crop yields and water use efficiency","PLOS ONE, 15(4), e0231740.","meta-analysis"
"10.3390/ijerph19127324","gu, xy; weng, sm; li, ye; zhou, xq","2022","effects of water and fertilizer management practices on methane emissions from paddy soils: synthesis and perspective","INTERNATIONAL JOURNAL OF ENVIRONMENTAL RESEARCH AND PUBLIC HEALTH, 19(12), 7324.","meta-analysis"
"10.3390/land11050645","yang p., dong w., heinen m., qin w., oenema o.","2022","soil compaction prevention, amelioration and alleviation measures are effective in mechanized and smallholder agriculture: a meta-analysis","LAND, 11(5), 645.","meta-analysis"
"10.1007/s13593-021-00715-x","li, zj; reichel, r; xu, zf; vereecken, h; bruggemann, n","2021","return of crop residues to arable land stimulates n2o emission but mitigates no3- leaching: a meta-analysis","AGRONOMY FOR SUSTAINABE DEVELOPMENT, 41(5), 66.","meta-analysis"
"10.1016/j.scitotenv.2021.152532","abalos d., rittl t.f., recous s., thiébeau p., topp c.f.e., van groenigen k.j., butterbach-bahl k., thorman r.e., smith k.e., ahuja i., olesen j.e., bleken m.a., rees r.m., hansen s.","2022","predicting field n2o emissions from crop residues based on their biochemical composition: a meta-analytical approach","SCIENCE OF TOTAL ENVIRONMENT, 812, 152532.","meta-analysis"
"10.1016/j.scitotenv.2022.154388","abalos d., recous s., butterbach-bahl k., de notaris c., rittl t.f., topp c.f.e., petersen s.o., hansen s., bleken m.a., rees r.m., olesen j.e.","2022","a review and meta-analysis of mitigation measures for nitrous oxide emissions from crop residues","SCIENCE OF TOTAL ENVIRONMENT,	828, 154388.","meta-analysis"
"10.2134/jeq2017.11.0445","linquist b.a., marcos m., arlene adviento-borbe m., anders m., harrell d., linscombe s., reba m.l., runkle b.r.k., tarpley l., thomson a.","2018","greenhouse gas emissions and management practices that affect emissions in us rice systems","JOURNAL OF ENVIRONMENTAL QUALITY, 47(3), 395-409.","meta-analysis"
"10.3390/agriculture10110546","essich l., nkebiwe p.m., schneider m., ruser r.","2020","is crop residue removal to reduce n2o emissions driven by quality or quantity? a field study and meta-analysis","AGRICULTURE, 10, 546","meta-analysis"
"10.3390/su11030748","hu n., chen q., zhu l.","2019","the responses of soil n2o emissions to residue returning systems: a meta-analysis","SUSTAINABILITY, 11(3), 748.","meta-analysis"
"10.1007/s11368-019-02498-x","peiris p.u.s., li y., brown p., xu c.","2020","efficacy of organic amendments to control meloidogyne spp. in crops: a systematic review and meta-analysis","JOURNAL OF SOILS AND SEDIMENTS, 20(3),	1584-1598.","meta-analysis"
"10.1016/j.jclepro.2019.119632","liu, by; zhao, x; li, ss; zhang, xz; virk, al; qi, jy; kan, zr; wang, x; ma, st; zhang, hl","2020","meta-analysis of management-induced changes in nitrogen use efficiency of winter wheat in the north china plain","JOURNAL OF CLEANER PRODUCTION, 251, 119632.","meta-analysis"
"10.1016/j.resconrec.2021.105889","liu, by; lin, bj; li, xx; virk, al; n'dri yves, b; zhao, x; dang, yp; zhang, hl","2021","appropriate farming practices of summer maize in the north china plain: reducing nitrogen use to promote sustainable agricultural development","RESOURCES, CONSERVATION AND RECYCLING, 175, 105889.","meta-analysis"
"10.1002/clen.202000386","wang q., cao x., jiang h., guo z.","2021","straw application and soil microbial biomass carbon change: a meta-analysis","CLEAN - SOIL, AIR, WATER , 49(2), 2000386.","meta-analysis"
"10.1002/saj2.20261","xia y., wander m.","2021","responses of β-glucosidase, permanganate oxidizable carbon, and fluorescein diacetate hydrolysis to conservation practices","SOIL SCIENCES SOCIETY OF AMERICA JOURNAL, 85(5), 1649-1662.","meta-analysis"
"10.1016/j.scitotenv.2020.137164","li y., zhang q., cai y., yang q., chang s.x.","2020","minimum tillage and residue retention increase soil microbial population size and diversity: implications for conservation tillage","SCIENCE OF THE TOTAL ENVIRONMENT, 716, 137164.","meta-analysis"
"10.2134/agronj2016.09.0553","zhang q., miao f., wang z., shen y., wang g.","2017","effects of long-term fertilisation management practices on soil microbial biomass in china’s cropland: a meta-analysis","AGRONOMY, 109 (4), 1183-1195.","meta-analysis"
"10.1016/j.iswcr.2021.08.001","du, x; jian, js; du, c; stewart, rd","2022","conservation management decreases surface runoff and soil erosion","INTERNATIONAL SOIL AND WATER CONSERVATION RESEARCH, 10(2), 188-196.","meta-analysis"
"10.3390/agronomy12040890","he, zf; yang, xr; xiang, j; wu, zl; shi, xy; gui, y; liu, mq; kalkhajeh, yk; gao, hj; ma, c","2022","does straw returning amended with straw decomposing microorganism inoculants increase the soil major nutrients in china's farmlands?","AGRONOMY, 12(4), 890.","meta-analysis"
"10.1016/j.still.2019.06.009","li, y; li, z; cui, s; jagadamma, s; zhang, qp","2019","residue retention and minimum tillage improve physical environment of the soil in croplands: a global meta-analysis","SOIL AND TILLAGE RESEARCH, 194, 104292.","meta-analysis"
"10.1002/eap.1648","king, ae; blesh, j","2018","crop rotations for increased soil carbon: perenniality as a guiding principle","ECOL APPL,  28, 249-261.","meta-analysis"
"10.1007/s00374-021-01580-2","audette, y; congreves, ka; schneider, k; zaro, gc; nunes, alp; zhang, hj; voroney, rp","2021","the effect of agroecosystem management on the distribution of c functional groups in soil organic matter: a review","BIOL FERTIL SOILS, 57, 881–894.","meta-analysis"
"10.1890/13-0616.1","mcdaniel, md; tiemann, lk; grandy, as","2014","does agricultural crop diversity enhance soil microbial biomass and organic matter dynamics? a meta-analysis","ECOL APPL,  24, 560–570","meta-analysis"
"10.2136/sssaj2002.1930","west, to; post, wm","2002","soil organic carbon sequestration rates by tillage and crop rotation: a global data analysis","SOIL SCI SOC AM J, 66, 1930-1946","meta-analysis"
"10.2489/jswc.69.5.422","ugarte, cm; kwon, h; andrews, ss; wander, mm","2014","a meta-analysis of soil organic matter response to soil management practices: an approach to evaluate conservation indicators","JOURNAL OF SOIL WATER CONSERVATION, 69, 422-430.","meta-analysis"
"10.4141/CJSS2013-094","congreves, ka; smith, jm; nemeth, dd; hooker, dc; van eerd, ll","2014","soil organic carbon and land use: processes and potential in ontario's long-term agro-ecosystem research sites","CAN J SOIL SCI,  94, 317-336","meta-analysis"
"10.1016/j.fcr.2019.107659","zhao, j; yang, yd; zhang, k; jeong, j; zeng, zh; zang, hd","2020","does crop rotation yield more in china? a meta-analysis","FIELD CROPS RES, 245, 107659","meta-analysis"
"10.2135/cropsci2017.02.0079","assefa, y; prasad, pvv; foster, c; wright, y; young, s; bradley, p; stamm, m; ciampitti, ia","2018","major management factors determining spring and winter canola yield in north america","CROP SCI, 58, 1-16.","meta-analysis"
"ISBN: 978-1-63484-496-3","ma b.-l., wu w.","2016","crop productivity and environment impact in a maize-legume rotation system: a review","Crop rotations: farming practices, monitoring and environmental benefits. Nova Science Publisher Inc, New York, 1-33","meta-analysis"
"10.1021/es4055324","decock, c","2014","mitigating nitrous oxide emissions from corn cropping systems in the midwestern us: potential and data gaps","ENVIRONMENTAL SCIENCE AND TECHNOLOGY, 48(8), 4247–4256.","meta-analysis"
"10.1371/journal.pone.0148527","sainju, um","2016","a global meta-analysis on the impact of management practices on net global warming potential and greenhouse gas intensity from cropland soils","PLOS ONE, 11, e0148527","meta-analysis"
"10.1371/journal.pone.0219847","weisberger, d; nichols, v; liebman, m","2019","does diversifying crop rotations suppress weeds? a meta-analysis","PLOS ONE, 14, e0219847","meta-analysis"
"10.1016/j.pedobi.2016.04.001","venter, zs; jacobs, k; hawkins, hj","2016","the impact of crop rotation on soil microbial diversity: a meta-analysis","PEDOBIOLOGIA,  59, 215-223","meta-analysis"
"10.1111/j.1469-8137.2005.01490.x","lekberg, y; koide, rt","2005","is plant performance limited by abundance of arbuscular mycorrhizal fungi? a meta-analysis of studies published between 1988 and 2003","NEW PHYTOL, 168, 189-204.","meta-analysis"
"10.1007/s10705-012-9498-9","kim, dg; saggar, s; roudier, p","2012","the effect of nitrification inhibitors on soil ammonia emissions in nitrogen managed soils: a meta-analysis.","NUTRIENT CYCLING IN AGROECOSYSTEMS, 93(1), 51-64.","systematic review"
"10.1016/j.atmosenv.2020.117506","mazzetto, am; styles, d; gibbons, j; arndt, c; misselbrook, t; chadwick, d","2020","region-specific emission factors for brazil increase the estimate of nitrous oxide emissions from nitrogen fertiliser application by 21%","ATMOSPHERIC ENVIRONMENT, 230, 117506.","systematic review"
"10.1016/j.envpol.2018.10.124","ti, cp; xia, ll; chang, sx; yan, xy","2019","potential for mitigating global agricultural ammonia emission: a meta-analysis","ENVIRONMENTAL POLLUTION, 245, 141-148.","meta-analysis"
"10.1016/j.fcr.2016.04.023","huang, s; lv, ws; bloszies, s; shi, qh; pan, xh; zeng, yj","2016","effects of fertilizer management practices on yield-scaled ammonia emissions from croplands in china: a meta-analysis","FIELD CROPS RESEARCH, 192, 118-125.","meta-analysis"
"10.1016/j.jclepro.2020.123835","abdo, ai; shi, d; li, j; yang, t; wang, x; li, h; abdel-hamed, emw; merwad, arma; wang, l","2021","ammonia emission from staple crops in china as response to mitigation strategies and agronomic conditions: meta-analytic study","JOURNAL OF CLEANER PRODUCTION, 279 (10), 123835.","meta-analysis"
"10.1038/srep22075","yang, m; fang, yt; sun, d; shi, yl","2016","efficiency of two nitrification inhibitors (dicyandiamide and 3, 4-dimethypyrazole phosphate) on soil nitrogen transformations and plant productivity: a meta-analysis.","SCIENTIFIC REPORTS, 6, 22075.","meta-analysis"
"10.1111/gcb.12802","qiao, c.; liu, l.; hu, s.; compton, ja.; greaver, tl.; li, q.","2015","how inhibiting nitrification affects nitrogen cycle and reduces environmental impacts of anthropogenic nitrogen input.","GLOBAL CHANGE BIOLOGY, 21, 1249–1257.","meta-analysis"
"10.1111/gcb.13455","xia, ll; lam, sk; chen, dl; wang, jy; tang, q; yan, xy","2017","can knowledge-based n management produce more staple grain with lower greenhouse gas emission and reactive nitrogen pollution? a meta-analysis","GLOBAL CHANGE BIOLOGY, 23, 1917–1927.","meta-analysis"
"10.1111/gcb.13485","liu, sw; lin, f; wu, s; ji, c; sun, y; jin, yg; li, sq; li, zf; zou, jw","2017","a meta-analysis of fertilizer-induced soil no and combined no+n2o emissions","GLOBAL CHANGE BIOLOGY, 23(6), 2520-2532.","meta-analysis"
"10.1111/gcb.13918","li, t; zhang, w; yin, j, chadwick, d; norse, d; lu, y; liu, x; chen, x; zhang, f; powlson, d; dou, z","2017","enhanced-efficiency fertilizers are not a panacea for resolving the nitrogen problem","GLOBAL CHANGE BIOLOGY, 24(2), e511-e521.","meta-analysis"
"10.1111/j.1365-2486.2009.02031.x","akiyama, h; yan, xy; yagi, k","2010","evaluation of effectiveness of enhanced-efficiency fertilizers as mitigation options for n2o and no emissions from agricultural soils: meta-analysis","GLOBAL CHANGE BIOLOGY, 16(6), 1837-1846.","meta-analysis"
"10.2134/agronj2016.04.0200","silva, agb; sequeira, ch; sermarini, ra; otto, r","2017","urease inhibitor nbpt on ammonia volatilization and crop productivity: a meta-analysis","AGRONOMY JOURNAL, 109(1), 1-13.","systematic review"
"10.1016/j.agee.2016.01.044","abalos, d; jeffery, s; drury, cf; wagner-riddle, c","2016","improving fertilizer management in the us and canada for n2o mitigation: understanding potential positive and negative side-effects on corn yields","AGRICULTURE ECOSYSTEMS & ENVIRONMENT, 221, 214-221.","meta-analysis"
"10.1016/j.agee.2016.06.038","feng, jf; li, fb; deng, ax; feng, xm; fang, fp; zhang, wj","2016","integrated assessment of the impact of enhanced-efficiency nitrogen fertilizer on n2o emission and crop yield","AGRICULTURE ECOSYSTEMS & ENVIRONMENT, 231, 218-228.","meta-analysis"
"10.1016/j.agee.2017.10.008","rose, tj; wood, rh; rose, mt; van zwieten, l","2018","a re-evaluation of the agronomic effectiveness of the nitrification inhibitors dcd and dmpp and the urease inhibitor nbpt","AGRICULTURE ECOSYSTEMS & ENVIRONMENT, 252, 69-73.","meta-analysis"
"10.2136/sssaj2016.06.0179","thapa, r; chatterjee, a; awale, r; mcgranahan, da; daigh, a","2016","effect of enhanced efficiency fertilizers on nitrous oxide emissions and crop yields: a meta-analysis","SOIL SCIENCE SOCIETY OF AMERICA JOURNAL, 80(5), 1121-1134.","meta-analysis"
"10.22069/IJPP.2014.1371","hu, y; schraml, m; von tucher, s; li, f; schmidhalter, u","2013","influence of nitrification inhibitors on yields of arable crops: a meta-analysis of recent studies in germany.","INTERNATIONAL JOURNAL OF PLANT PRODUCTION, 8(1), 33-50.","meta-analysis"
"10.3390/su9071201","gao, wl; man, xm","2017","evaluation of the agronomic impacts on yield-scaled n2o emission from wheat and maize fields in china","SUSTAINABILITY, 9(7), 1201.","meta-analysis"
"10.1016/j.agee.2015.09.030","gilsanz, c; baez, d; misselbrook, th; dhanoa, ms; cardenas, lm","2016","development of emission factors and efficiency of two nitrification inhibitors, dcd and dmpp","AGRICULTURE ECOSYSTEMS AND ENVIRONMENT, 216, 1-8.","meta-analysis"
"10.1016/j.fcr.2012.06.007","linquist, ba; adviento-borbe, ma; pittelkow, cm; van kessel, c; van groenigen, kj","2012","fertilizer management practices and greenhouse gas emissions from rice systems: a quantitative review and analysis","FIELD CROPS RESEARCH, 135, 10-21.","meta-analysis"
"10.1016/j.scitotenv.2018.05.356","fan, xp; yin, c; yan, gc; cui, py; shen, q; wang, q; chen, h; zhang, n; ye, mj; zhao, yh; li, tq; liang, yc","2018","the contrasting effects of n-(n-butyl) thiophosphoric triamide (nbpt) on n2o emissions in arable soils differing in ph are underlain by complex microbial mechanisms","SCIENCE OF THE TOTAL ENVIRONMENT, 642, 155-167.","meta-analysis"
"10.2136/sssaj2016.09.0281","eagle, aj; olander, lp; locklier, kl; heffernan, jb; bernhardt, es","2017","fertilizer management and environmental factors drive n2o and no3 losses in corn: a meta-analysis","SOIL SCIENCE SOCIETY OF AMERICA JOURNAL, 81(5), 1191-1202.","meta-analysis"
"10.1016/j.agee.2019.106763","sha, zp; ma, x; wang, jx; lv, tt; li, qq; misselbrook, t; liu, xj","2020","effect of n stabilizers on fertilizer-n fate in the soil-crop system: a meta-analysis","AGRICULTURE ECOSYSTEMS & ENVIRONMENT, 290, 106763.","meta-analysis"
"10.1080/01904167.2018.1426018","jenkins, ta; randhawa, p; jenkins, v","2018","how well do fertilizer enhancers work?","JOURNAL OF PLANT NUTRITION, 41(7), 832-845.","meta-analysis"
"10.1111/cobi.13156","koshida, c; katayama, n","2018","meta-analysis of the effects of rice-field abandonment on biodiversity in japan","CONSERVATION BIOLOGY, 32(6), 1392-1402.","meta-analysis"
"10.1111/j.1523-1739.2004.00359.x","van buskirk, j; willi, y","2004","enhancement of farmland biodiversity within set-aside land","CONSERVATION BIOLOGY, 18(4), 987-994.","meta-analysis"
"10.1016/j.scitotenv.2016.05.067","kampf, i; holzel, n; storrle, m; broll, g; kiehl, k","2016","potential of temperate agricultural soils for carbon sequestration: a meta-analysis of land-use effects","SCIENCE OF THE TOTAL ENVIRONMENT, 566, 428-435.","meta-analysis"
"10.1007/s11104-008-9547-y","sileshi, g; akinnifesi, fk; ajayi, oc; place, f","2008","meta-analysis of maize yield response to woody and herbaceous legumes in sub-saharan africa","PLANT AND SOIL, 307, 1-19.","meta-analysis"
"10.1016/j.biocon.2009.11.030","felton, a; knight, e; wood, j; zammit, c; lindenmayer, d","2010","a meta-analysis of fauna and flora species richness and abundance in plantations and pasture lands","BIOLOGICAL CONSERVATION, 143(3), 545-554.","meta-analysis"
"10.1073/pnas.1922266117","nerlekar, an; veldman, jw","2020","high plant diversity and slow assembly of old-growth grasslands","PROCEEDINGS OF THE NATIONAL ACADEMY OF SCIENCES OF THE UNITED STATES OF AMERICA, 117(31), 18550-18556.","meta-analysis"
"10.1111/j.1466-8238.2008.00399.x","attwood, sj; maron, m; house, apn; zammit, c","2008","do arthropod assemblages display globally consistent responses to intensified agricultural land use and management?","GLOBAL ECOLOGY AND BIOGEOGRAPHY, 17(5), 585-599.","meta-analysis"
"10.1016/j.biombioe.2015.05.008","harris, zm; spake, r; taylor, g","2015","land use change to bioenergy: a meta-analysis of soil carbon and ghg emissions","BIOMASS AND BIOENERGY, 82, 27-39.","meta-analysis"
"10.1046/j.1354-1013.2002.00486.x","guo, lb; gifford, rm","2002","soil carbon stocks and land use change: a meta analysis","GLOBAL CHANGE BIOLOGY, 8(4), 345-360.","meta-analysis"
"10.1111/gcb.15315","wu, jj; chen, q; jia, w; long, cy; liu, wz; liu, gh; cheng, xl","2020","asymmetric response of soil methane uptake rate to land degradation and restoration: data synthesis","GLOBAL CHANGE BIOLOGY, 26(11), 6581-6593.","meta-analysis"
"10.1021/acs.est.0c08514","zhang, ys; pan, bb; lam, sk; bai, e; hou, pf; chen, dl","2021","predicting the ratio of nitrification to immobilization to reflect the potential risk of nitrogen loss worldwide","ENVIRONMENTAL SCIENCE AND TECHNOLOGY, 55(11), 7721-7730.","meta-analysis"
"10.1007/s10841-020-00247-x","sexton, an; emery, sm","2020","grassland restorations improve pollinator communities: a meta-analysis","JOURNAL OF INSECT CONSERVATION, 24(4), 719-726.","meta-analysis"
"10.1111/j.1365-2486.2012.02653.x","macdonald, gk; bennett, em; taranu, ze","2012","the influence of time, soil characteristics, and land-use history on soil phosphorus legacies: a global meta-analysis","GLOBAL CHANGE BIOLOGY, 18(6), 553-565.","meta-analysis"
"10.1007/s10531-018-1562-6","talle, m; deak, b; poschlod, p; valko, o; westerberg, l; milberg, p","2018","similar effects of different mowing frequencies on the conservation value of semi-natural grasslands in europe","BIODIVERSITY AND CONSERVATION, 27(10), 2451-2475.","meta-analysis"
"10.1016/j.agee.2016.02.008","talle, m; deak, b; poschlod, p; valko, o; westerberg, l; milberg, p","2016","grazing vs. mowing: a meta-analysis of biodiversity benefits for grassland management","AGRICULTURE ECOSYSTEMS AND ENVIRONMENT, 222, 200-212.","meta-analysis"
"10.1111/avsc.12558","ploughe, lw; akin-fajiye, m; gagnon, a; gardner, wc; fraser, lh","2021","revegetation of degraded ecosystems into grasslands using biosolids as an organic amendment: a meta-analysis","APPLIED VEGETATION SCIENCE, 24(1), e12558.","meta-analysis"
"10.1111/gcb.12986","humbert, jy; dwyer, jm; andrey, a; arlettaz, r","2016","impacts of nitrogen addition on plant biodiversity in mountain grasslands depend on dose, application duration and climate: a systematic review","GLOBAL CHANGE BIOLOGY, 22(1), 110-120.","meta-analysis"
"10.1111/gcb.14535","gravuer, k; gennet, s; throop, hl","2019","organic amendment additions to rangelands: a meta-analysis of multiple ecosystem outcomes","GLOBAL CHANGE BIOLOGY, 25(3), 1152-1170.","meta-analysis"
"10.1111/geb.12856","midolo, g; alkemade, r; schipper, am; benitez-lopez, a; perring, mp; de vries, w","2019","impacts of nitrogen addition on plant species richness and abundance: a global meta-analysis","GLOBAL ECOLOGY AND BIOGEOGRAPHY, 28(3), 398-413.","meta-analysis"
"10.1111/geb.13196","prather, rm; castillioni, k; kaspari, m; souza, l; prather, cm; reihart, rw; welti, ear","2020","micronutrients enhance macronutrient effects in a meta-analysis of grassland arthropod abundance","GLOBAL ECOLOGY AND BIOGEOGRAPHY, 29(12), 2273-2288.","meta-analysis"
"10.1111/j.1466-8238.2011.00652.x","de schrijver, a; de frenne, p; ampoorter, e; van nevel, l; demey, a; wuyts, k; verheyen, k","2011","cumulative nitrogen input drives species loss in terrestrial ecosystems","GLOBAL ECOLOGY AND BIOGEOGRAPHY, 20(6), 803-816.","meta-analysis"
"10.1186/2047-2382-1-9","humbert, jy; pellet, j; buri, p; arlettaz, r","2012","does delaying the first mowing date benefit biodiversity in meadowland?","ENVIRONMENTAL EVIDENCE, 1, 9.","meta-analysis"
"10.1088/1748-9326/abaf88","wang, c; tang, yj; li, xn; zhang, ww; zhao, cq; li, c","2020","negative impacts of plant diversity loss on carbon sequestration exacerbate over time in grasslands","ENVIRONMENTAL RESEARCH LETTERS, 15(10), 104055.","meta-analysis"
"10.1098/rspb.2020.2063","xu, s; eisenhauer, n; ferlian, o; zhang, jl; zhou, gy; lu, xk; liu, cs; zhang, dq","2020","species richness promotes ecosystem carbon storage: evidence from biodiversity-ecosystem functioning experiments","PROCEEDINGS OF THE ROYAL SOCIETY B-BIOLOGICAL SCIENCES, 287, 20202063.","meta-analysis"
"10.1111/brv.12554","chen, xl; chen, hyh; chen, c; ma, zl; searle, eb; yu, zp; huang, zq","2020","effects of plant diversity on soil carbon in diverse ecosystems: a global meta-analysis","BIOLOGICAL REVIEWS, 95(1), 167-183.","meta-analysis"
"10.1016/j.scitotenv.2017.10.229","wang, jy; chadwick, dr; cheng, y; yan, xy","2018","global analysis of agricultural soil denitrification in response to fertilizer nitrogen","SCIENCE OF THE TOTAL ENVIRONMENT, 616, 908-917.","meta-analysis"
"10.1016/j.scitotenv.2021.148863","chen, j; feng, m; cui, y; liu, g","2021","the impacts of nitrogen addition on upland soil methane uptake: a global meta-analysis","SCIENCE OF THE TOTAL ENVIRONMENT, 795, 148863.","meta-analysis"
"10.1080/00380768.2017.1367627","cai, yj; akiyama, h","2017","effects of inhibitors and biochar on nitrous oxide emissions, nitrate leaching, and plant nitrogen uptake from urine patches of grazing animals on grasslands: a meta-analysis","SOIL SCIENCE AND PLANT NUTRITION, 63(4), 405-414.","meta-analysis"
"10.1111/ele.13480","zhang, lh; yuan, fh; bai, jh; duan, ht; gu, xy; hou, ly; huang, y; yang, mg; he, js; zhang, zh; yu, lj; song, cc; lipson, da; zona, d; oechel, w; janssens, ia; xu, xf","2020","phosphorus alleviation of nitrogen-suppressed methane sink in global grasslands","ECOLOGY LETTERS, 23(5), 821-830.","meta-analysis"
"10.1002/ecy.2905","barry, ke; van ruijven, j; mommer, l; bai, yf; beierkuhnlein, c; buchmann, n; de kroon, h; ebeling, a; eisenhauer, n; guimaraes-steinicke, c; hildebrandt, a; isbell, f; milcu, a; nesshover, c; reich, pb; roscher, c; sauheitl, l; scherer-lorenzen, m; schmid, b; tilman, d; von felten, s; weigelt, a","2020","limited evidence for spatial resource partitioning across temperate grassland biodiversity experiments","ECOLOGY, 101(1), e02905.","meta-analysis"
"10.1007/s11104-019-04119-5","jiang, j; wang, yp; yang, yh; yu, mx; wang, c; yan, jh","2019","interactive effects of nitrogen and phosphorus additions on plant growth vary with ecosystem type","PLANT AND SOIL, 440(1-2), 523-537.","meta-analysis"
"10.1038/s41598-017-01728-x","you, cm; wu, fz; gan, ym; yang, wq; hu, zm; xu, zf; tan, b; liu, l; ni, xy","2017","grass and forbs respond differently to nitrogen addition: a meta-analysis of global grassland ecosystems","SCIENTIFIC REPORTS, 7, 1563.","meta-analysis"
"10.1038/s41598-020-74736-z","ros, mbh; koopmans, gf; van groenigen, kj; abalos, d; oenema, o; vos, hmj; van groenigen, jw","2020","towards optimal use of phosphorus fertiliser","SCIENTIFIC REPORTS, 10, 17804.","meta-analysis"
"10.1111/gcb.13125","li, y; niu, sl; yu, gr","2016","aggravated phosphorus limitation on biomass production under increasing nitrogen loading: a meta-analysis","GLOBAL CHANGE BIOLOGY, 22(2), 934-943.","meta-analysis"
"10.1088/1748-9326/11/2/024012","tian, dh; wang, h; sun, j; niu, sl","2016","global evidence on nitrogen saturation of terrestrial ecosystem net primary productivity","ENVIRONMENTAL RESEARCH LETTERS, 11(2), 24012.","meta-analysis"
"10.1016/j.apsoil.2016.04.015","geisseler, d; lazicki, pa; scow, km","2016","mineral nitrogen input decreases microbial biomass in soils under grasslands but not annual crops","APPLIED SOIL ECOLOGY, 106, 1-10.","meta-analysis"
"10.1016/j.geoderma.2020.114256","jia, xy; zhong, yqw; liu, j; zhu, gy; shangguan, zp; yan, wm","2020","effects of nitrogen enrichment on soil microbial characteristics: from biomass to enzyme activities","GEODERMA, 366, 114256.","meta-analysis"
"10.1016/j.soilbio.2017.09.015","zhou, zh; wang, ck; zheng, mh; jiang, lf; luo, yq","2017","patterns and mechanisms of responses by soil microbial communities to nitrogen addition","SOIL BIOLOGY AND BIOCHEMISTRY, 115, 433-441.","meta-analysis"
"10.1038/s41467-019-09258-y","chen, c; chen, hyh; chen, xl; huang, zq","2019","meta-analysis shows positive effects of plant diversity on microbial biomass and respiration","NATURE COMMUNICATIONS, 10, 1332.","meta-analysis"
"10.1111/gcb.13011","thakur, mp; milcu, a; manning, p; niklaus, pa; roscher, c; power, s; reich, pb; scheu, s; tilman, d; ai, f; guo, h; ji, r; pierce, s; ramirez, ng; richter, an; steinauer, k; strecker, t; vogel, a; eisenhauer, n","2015","plant diversity drives soil microbial biomass carbon in grasslands irrespective of global environmental change factors","GLOBAL CHANGE BIOLOGY, 21(11), 4076-4085.","meta-analysis"
"10.1111/gcb.13402","chen, j; luo, yq; li, jw; zhou, xh; cao, jj; wang, rw; wang, yq; shelton, s; jin, z; walker, lm; feng, zz; niu, sl; feng, wt; jian, sy; zhou, ly","2017","costimulation of soil glycosidase activity and soil respiration by nitrogen addition","GLOBAL CHANGE BIOLOGY, 23(3), 1328-1337.","meta-analysis"
"10.1038/s41893-020-00641-y","chen, xl; chen, hyh; searle, eb; chen, c; reich, pb","2021","negative to positive shifts in diversity effects on soil nitrogen over time","NATURE SUSTAINABILITY, 4, 225–232.","meta-analysis"
"10.1111/gcb.14705","zheng, mh; zhou, zh; luo, yq; zhao, p; mo, jm","2019","global pattern and controls of biological nitrogen fixation under nutrient enrichment: a meta-analysis","GLOBAL CHANGE BIOLOGY, 25(9), 3018-3030.","meta-analysis"
"10.1111/1365-2664.13496","mcdonald, se; lawrence, r; kendal, l; rader, r","2019","ecological, biophysical and production effects of incorporating rest into grazing regimes: a global meta-analysis","JOURNAL OF APPLIED ECOLOGY, 56(12), 2723-2731.","meta-analysis"
"10.1002/ece3.3287","dettenmaier, sj; messmer, ta; hovick, tj; dahlgren, dk","2017","effects of livestock grazing on rangeland biodiversity: a meta-analysis of grouse populations","ECOLOGY AND EVOLUTION, 7(19), 7620-7627.","meta-analysis"
"10.1016/j.agee.2020.107072","gao, jj; carmel, y","2020","a global meta-analysis of grazing effects on plant richness","AGRICULTURE ECOSYSTEMS AND ENVIRONMENT, 302, 107072.","meta-analysis"
"10.1016/j.baae.2021.08.007","barzan, fr; bellis, lm; dardanelli, s","2021","livestock grazing constrains bird abundance and species richness: a global meta-analysis","BASIC AND APPLIED ECOLOGY, 56, 289-298.","meta-analysis"
"10.1016/j.biocon.2010.11.024","prieto-benitez, s; mendez, m","2011","effects of land management on the abundance and richness of spiders (araneae): a meta-analysis","BIOLOGICAL CONSERVATION, 144(2), 683-691.","meta-analysis"
"10.1016/j.jnc.2018.08.008","de lima, do; lorini, ml; vieira, mv","2018","conservation of grasslands and savannas: a meta-analysis on mammalian responses to anthropogenic disturbance","JOURNAL FOR NATURE CONSERVATION, 45, 72-78.","meta-analysis"
"10.1016/j.jnc.2020.125863","sartorello, y; pastorino, a; bogliani, g; ghidotti, s; viterbi, r; cerrato, c","2020","the impact of pastoral activities on animal biodiversity in europe: a systematic review and meta-analysis","JOURNAL FOR NATURE CONSERVATION, 56, 125863.","meta-analysis"
"10.1073/pnas.1011013108","alkemade, r; reid, rs; van den berg, m; de leeuw, j; jeuken, m","2013","assessing the impacts of livestock production on biodiversity in rangeland ecosystems","PROCEEDINGS OF THE NATIONAL ACADEMY OF SCIENCES OF THE UNITED STATES OF AMERICA, 110(52), 20900-20905.","meta-analysis"
"10.1088/1748-9326/ab4932","wang, c; tang, yj","2019","a global meta-analyses of the response of multi-taxa diversity to grazing intensity in grasslands","ENVIRONMENTAL RESEARCH LETTERS, 14(11), 114003.","meta-analysis"
"10.1111/1365-2664.12892","davidson, ke; fowler, ms; skov, mw; doerr, sh; beaumont, n; griffin, jn","2017","livestock grazing alters multiple ecosystem properties and services in salt marshes: a meta-analysis","JOURNAL OF APPLIED ECOLOGY, 54(5), 1395-1405.","meta-analysis"
"10.1111/een.13065","oyarzabal, g; guimaraes, m","2021","friend and foe? the effects of grassland management on global patterns of spider diversity","ECOLOGICAL ENTOMOLOGY, 46(5), 1195-1204.","meta-analysis"
"10.1111/geb.13091","doherty, ts; balouch, s; bell, k; burns, tj; feldman, a; fist, c; garvey, tf; jessop, ts; meiri, s; driscoll, da","2020","reptile responses to anthropogenic habitat modification: a global meta-analysis","GLOBAL ECOLOGY AND BIOGEOGRAPHY, 29(7), 1265-1279.","meta-analysis"
"10.1111/oik.04893","herrero-jauregui, c; oesterheld, m","2018","effects of grazing intensity on plant richness and diversity: a meta-analysis","OIKOS, 127(6), 757-766.","meta-analysis"
"10.1186/2047-2382-2-6","bernes, c; bråthen, ka; forbes, bc; hofgaard, a; moen, j; speed, jd","2013","what are the impacts of reindeer/caribou (rangifer tarandus l.) on arctic and alpine vegetation? a systematic review protocol","ENVIRONMENTAL EVIDENCE, 4(4), 1-26.","meta-analysis"
"10.1016/j.agee.2016.01.026","dlamini, p; chivenge, p; chaplot, v","2016","overgrazing decreases soil organic carbon stocks the most under dry climates and low soil ph: a meta-analysis shows","AGRICULTURE ECOSYSTEMS AND ENVIRONMENT, 221, 258-269.","meta-analysis"
"10.1016/j.agee.2017.10.023","abdalla, m; hastings, a; chadwick, dr; jones, dl; evans, cd; jones, mb; rees, rm; smith, p","2018","critical review of the impacts of grazing intensity on soil organic carbon storage and other soil quality indicators in extensively managed grasslands","AGRICULTURE ECOSYSTEMS AND ENVIRONMENT, 253, 62-81.","meta-analysis"
"10.1016/j.ecolind.2021.107881","zhang, q; liu, ks; shao, xq; li, h; he, yx; sirimuji; wang, bj","2021","microbes require a relatively long time to recover in natural succession restoration of degraded grassland ecosystems","ECOLOGICAL INDICATORS, 129, 107881.","meta-analysis"
"10.1016/j.scitotenv.2018.11.082","tang, sm; wang, k; xiang, yz; tian, ds; wang, js; liu, ys; cao, b; guo, d; niu, sl","2019","heavy grazing reduces grassland soil greenhouse gas fluxes: a global meta-analysis","SCIENCE OF THE TOTAL ENVIRONMENT, 654, 1218-1224.","meta-analysis"
"10.1111/gcb.12144","mcsherry, me; ritchie, me","2013","effects of grazing on grassland soil carbon: a global review","GLOBAL CHANGE BIOLOGY, 19(5), 1347-1357.","meta-analysis"
"10.1111/gcb.13431","zhou, gy; zhou, xh; he, yh; shao, jj; hu, zh; liu, rq; zhou, hm; hosseinibai, s","2017","grazing intensity significantly affects belowground carbon and nitrogen cycling in grassland ecosystems: a meta-analysis","GLOBAL CHANGE BIOLOGY, 23(3), 1167-1179.","meta-analysis"
"10.1111/geb.13028","he, m; zhou, gy; yuan, tf; van groenigen, kj; shao, jj; zhou, xh","2020","grazing intensity significantly changes the c : n : p stoichiometry in grassland ecosystems","GLOBAL ECOLOGY AND BIOGEOGRAPHY, 29(2), 355-369.","meta-analysis"
"10.1371/journal.pone.0236638","lai, lm; kumar, s","2020","a global meta-analysis of livestock grazing impacts on soil properties","PLOS ONE, 15(8), e0236638.","meta-analysis"
"10.2134/jeq2017.08.0313","byrnes, rc; eastburn, dj; tate, kw; roche, lm","2018","a global meta-analysis of grazing impacts on soil health indicators","JOURNAL OF ENVIRONMENTAL QUALITY, 47(4), 758-765.","meta-analysis"
"10.1111/oik.01416","jauni, m; gripenberg, s; ramula, s","2015","non-native plant species benefit from disturbance: a meta-analysis","OIKOS, 124(2), 122-129.","meta-analysis"
"10.1111/ele.12128","scheper, j; holzschuh, a; kuussaari, m; potts, sg; rundlf, m; smith, hg; kleijn, d","2013","environmental factors driving the effectiveness of european agri-environmental measures in mitigating pollinator loss – a meta-analysis","ECOLOGY LETTERS, 16(7), 912-20.","meta-analysis"
"10.1890/08-1245.1","winfree, r; aguilar, r; vazquez, dp; lebuhn, g; aizen, ma","2009","a meta-analysis of bees' responses to anthropogenic disturbance","ECOLOGY, 90(8), 2068-2076.","meta-analysis"
"10.1016/j.agee.2017.08.007","zhao, fz; ren', cj; shelton, s; wang, zt; pang, gw; chen, j; wang, j","2017","grazing intensity influence soil microbial communities and their implications for soil respiration","AGRICULTURE ECOSYSTEMS AND ENVIRONMENT, 253, 62-81.","meta-analysis"
"10.1016/j.scitotenv.2019.134553","yang, x; chen, js; shen, y; dong, fy; chen, j","2020","global negative effects of livestock grazing on arbuscular mycorrhizas: a meta-analysis","SCIENCE OF THE TOTAL ENVIRONMENT, 708, 134553.","meta-analysis"
"10.1111/j.1365-2745.2010.01658.x","barto, ek; rillig, mc","2010","does herbivory really suppress mycorrhiza? a meta-analysis","JOURNAL OF ECOLOGY, 98(4), 745-753.","meta-analysis"
"10.1111/1365-2664.13808","yu, rp; zhang, wp; fornara, da; li, l","2021","contrasting responses of nitrogen: phosphorus stoichiometry in plants and soils under grazing: a global meta-analysis","JOURNAL OF APPLIED ECOLOGY, 58(5), 964-975.","meta-analysis"
"10.1002/eco.1934","sirimarco, x; barral, mp; villarino, sh; laterra, p","2018","water regulation by grasslands: a global meta-analysis","ECOHYDROLOGY, 11(4), e1934.","meta-analysis"
"10.1016/j.fcr.2009.11.014","sileshi, g; akinnifesi, fk; debusho, lk; beedy, t; ajayi, oc; mong'omba, s","2010","variation in maize yield gaps with plant nutrient inputs, soil type and climate across sub-saharan africa","FIELD CROPS RESEARCH, 116 1–13.","meta-analysis"
"10.1016/j.jaridenv.2011.10.011","bayala, j; sileshi, gw; coe, r; kalinganire, a; tchoundjeu, z; sinclair, f; garrity, d","2012","cereal yield response to conservation agriculture practices in drylands of west africa: a quantitative synthesis","JOURNAL OF ARID ENVIRONMENTS, 78, 13-25.","meta-analysis"
"10.1038/s41467-018-05956-1","knapp, s; van der heijden, mga","2018","a global meta-analysis of yield stability in organic and conservation agriculture","NATURE COMMUNICATIONS,  9:3632.","meta-analysis"
"10.2135/cropsci2005.0014","miguez, fe; bollero, ga","2005","review of corn yield response under winter cover cropping systems using meta-analytic methods","CROP SCIENCE, 45:2318–2329.","meta-analysis"
"10.1016/j.agsy.2019.102761","daryanto, s; fu, bj; zhao, ww; wang, s; jacinthe, pa; wang, lx","2020","ecosystem service provision of grain legume and cereal intercropping in africa","Agric. Syst. 178, 102761","meta-analysis"
"10.1002/eap.1629","reiss, er; drinkwater, le","2018","cultivar mixtures: a meta-analysis of the effect of intraspecific diversity on crop yield","ECOLOGICAL APPLICATIONS, 28, 62–77.","meta-analysis"
"10.1007/s11104-020-04768-x","tang, xy; zhang, cc; yu, y; shen, jb; van der werf, w; zhang, fs","2021","intercropping legumes and cereals increases phosphorus use efficiency; a meta-analysis","PLANT AND SOIL, 460, 89–104.","meta-analysis"
"10.1016/j.eja.2017.09.009","raseduzzaman, m; jensen, es","2017","does intercropping enhance yield stability in arable crop production ? a meta-analysis","EUROPEAN JOURNAL OF AGRONOMY, 91, 25-33.","meta-analysis"
"10.1016/j.eja.2019.125987","li, cj; hoffland, e; kuyper, tw; yu, y; li, hg; zhang, cc; zhang, fs; van der werf, w","2020","yield gain, complementarity and competitive dominance in intercropping in china: a meta-analysis of drivers of yield gain using additive partitioning","Eur J Agron. 113, 125987","meta-analysis"
"10.1016/j.fcr.2009.09.006","kiaer, lp; skovgaard, im; ostergard, h","2009","grain yield increase in cereal variety mixtures: a meta-analysis of field trials","Field Crops Res. 114, 361–373","meta-analysis"
"10.1016/j.fcr.2015.09.010","yu, y; stomph, tj; makowski, d; van der werf, w","2015","temporal niche differentiation increases the land equivalent ratio of annual intercrops: a meta-analysis","Field Crops Res. 184, 133–144","meta-analysis"
"10.1016/j.fcr.2016.08.001","yu, y; stomph, tj; makowski, d; zhang, lz; van der werf, w","2016","a meta-analysis of relative crop yields in cereal/legume mixtures suggests options for management","FIELD CROPS RESEARCH, 198, 269-279.","meta-analysis"
"10.1016/j.fcr.2017.09.006","borg, j; kiaer, lp; lecarpentier, c; goldringer, i; gauffreteau, a; saint-jean, s; barot, s; enjalbert, j","2018","unfolding the potential of wheat cultivar mixtures: a meta-analysis perspective and identification of knowledge gaps","Field Crops Res. 221, 298-313","meta-analysis"
"10.1016/j.fcr.2019.107661","xu, z; li, cj; zhang, cc; yu, y; van der werf, w; zhang, fs","2020","intercropping maize and soybean increases efficiency of land and fertilizer nitrogen use; a meta-analysis","FIELD CROPS RESEARCH, 246, 107661.","meta-analysis"
"10.1016/j.scitotenv.2017.10.024","martin-guay, mo; paquette, a; dupras, j; rivest, d","2018","the new green revolution: sustainable intensification of agriculture by intercropping","SCIENCE OF THE TOTAL ENVIRONMENT, 615, 767-772.","meta-analysis"
"10.1038/s41477-020-0680-9","li, cj; hoffland, e; kuyper, tw; yu, y; zhang, cc; li, hg; zhang, fs; van der werf, w","2020","syndromes of production in intercropping impact yield gains","Nat. Plants 6, 653–660","meta-analysis"
"10.1080/14735903.2016.1242332","himmelstein, j; ares, a; gallagher, d; myers, j","2017","a meta-analysis of intercropping in africa: impacts on crop yield, farmer income, and integrated pest management effects","INTERNATIONAL JOURNAL OF AGRICULTURAL SUSTAINABILITY, 15(1), 1-10.","meta-analysis"
"10.1093/jxb/ert207","slattery, ra; ainsworth, ea; ort, dr","2013","a meta-analysis of responses of canopy photosynthetic conversion efficiency to environmental factors reveals major causes of yield gap","J. Exp. Bot. 12, 3723–3733","meta-analysis"
"10.1111/1365-2664.12334","iverson, al; marin, le; ennis, kk; gonthier, dj; connor-barrie, bt; remfert, jl; cardinale, bj; perfecto, i","2014","do polycultures promote win-wins or trade-offs in agricultural ecosystem services? a meta-analysis","J. Appl. Ecol.  51, 1593–1602","meta-analysis"
"10.1371/journal.pone.0200274","ashworth, aj; toler, hd; allen, fl; auge, rm","2018","global meta-analysis reveals agro-grassland productivity varies based on species diversity over time","PLOS ONE, 15(5): e0233402.","meta-analysis"
"10.1890/09-2026.1","letourneau, dk; armbrecht, i; rivera, bs; lerma, jm; carmona, ej; daza, mc; escobar, s; galindo, v; gutierrez, c; lopez, sd; mejia, jl; rangel, ama; rangel, jh; rivera, l; saavedra, ca; torres, am; trujillo, ar","2011","does plant diversity benefit agroecosystems? a synthetic review","Ecol. Appl. 21, 9-21.","meta-analysis"
"10.2134/agronj13.0590","pelzer, e; hombert, n; jeuffroy, mh; makowski, d","2014","meta-analysis of the effect of nitrogen fertilization on annual cereal-legume intercrop production","AGRONOMY JOURNAL, 106, 1775 - 1786.","meta-analysis"
"10.2134/agronj2017.09.0544","thapa, r; poffenbarger, h; tully, kl; ackroyd, vj; kramer, m; mirsky, sb","2018","biomass production and nitrogen accumulation by hairy vetch-cereal rye mixtures: a meta-analysis","AGRONOMY JOURNAL, 91, 25 - 33.","meta-analysis"
"10.1002/evl3.206","gibson, ak; nguyen, ae","2021","does genetic diversity protect host populations from parasites? a meta-analysis across natural and agricultural systems","Evol. Lett. 5, 16-32","meta-analysis"
"10.1007/s10658-019-01711-4","zhang, cc; dong, y; tang, l; zheng, y; makowski, d; yu, y; zhang, fs; van der werf, w","2019","intercropping cereals with faba bean reduces plant disease incidence regardless of fertilizer input; a meta-analysis","EUROPEAN JOURNAL OF PLANT PATHOLOGY, 154, 931–942.","meta-analysis"
"10.1016/j.cropro.2011.11.020","huang, c; sun, zy; wang, hg; luo, y; ma, zh","2012","effects of wheat cultivar mixtures on stripe rust: a meta-analysis on field trials","Crop Prot. 33, 52-58","meta-analysis"
"10.1111/1365-2435.13062","koricheva, j; hayes, d","2018","the relative importance of plant intraspecific diversity in structuring arthropod communities: a meta-analysis","Funct. Col. 32, 1704-1717","meta-analysis"
"10.1016/j.eja.2020.126077","rodriguez, c; carlsson, g; englund, je; flohr, a; pelzer, e; jeuffroy, mh; makowski, d; jensen, es","2020","grain legume-cereal intercropping enhances the use of soil-derived and biologically fixed nitrogen in temperate agroecosystems. a meta-analysis","EUROPEAN JOURNAL OF AGRONOMY, 118, 126077.","meta-analysis"
"10.1016/j.scitotenv.2018.07.124","xiong, mq; sun, rh; chen, ld","2018","effects of soil conservation techniques on water erosion control: a global analysis","SCIENCE OF THE TOTAL ENVIRONMENT, 645, 753-760.","meta-analysis"
"10.1016/j.scitotenv.2019.135345","england, jr; ogrady, ap; fleming, a; marais, z; mendham, d","2020","trees on farms to support natural capital: an evidence-based review for grazed dairy systems","SCIENCE OF THE TOTAL ENVIRONMENT, 704, 135345.","systematic review"
"10.1016/j.scitotenv.2019.135839","paiola, a; assandri, g; brambilla, m; zottini, m; pedrini, p; nascimbene, j","2020","exploring the potential of vineyards for biodiversity conservation and delivery of biodiversity-mediated ecosystem services: a global-scale systematic review","SCIENCE OF THE TOTAL ENVIRONMENT, 706, 135839.","systematic review"
"10.1111/cobi.12536","batáry, p; dicks, lv; kleijn, d; sutherland, wj","2015","the role of agri-environment schemes in conservation and environmental management","CONSERVATION BIOLOGY, 29(4), 1006-1016.","meta-analysis"
"10.1111/j.1752-4598.2010.00098.x","haaland, c; naisbit, re; bersier, lf","2011","sown wildflower strips for insect conservation: a review","INSECT CONSERVATION AND DIVERSITY, 4, 60–80.","systematic review"
"10.1002/ldr.3424","abera, w; tamene, l; tibebe, d; adimassu, z; kassa, h; hailu, h; mekonnen, k; desta, g; sommer, r; verchot, l","2020","characterizing and evaluating the impacts of national land restoration initiatives on ecosystem services in ethiopia","LAND DEGRADATION AND DEVELOPMENT, 31(1), 37-52.","meta-analysis"
"10.1007/s10113-021-01798-8","drexler, s; gensior, a; don, a","2021","carbon sequestration in hedgerow biomass and soil in the temperate climate zone","REGIONAL ENVIRONMENTAL CHANGE, 21(3), 74.","meta-analysis"
"10.1007/s11356-020-08988-7","zheng, yl; wang, hy; qin, qq; wang, yg","2020","effect of plant hedgerows on agricultural non-point source pollution: a meta-analysis","ENVIRONMENTAL SCIENCE AND POLLUTION RESEARCH, 27(20), 24831-24847.","meta-analysis"
"10.1016/j.agee.2017.04.015","van vooren, l; reubens, b; broekx, s; de frenne, p; nelissen, v; pardon, p; verheyen, k","2017","ecosystem service delivery of agri-environment measures: a synthesis for hedgerows and grass strips on arable land","AGRICULTURE, ECOSYSTEM AND ENVIRONMENT, 244, 32–51.","meta-analysis"
"10.1016/j.agee.2012.12.010","rivest, d; paquette, a; moreno, g; messier, c","2013","a meta-analysis reveals mostly neutral influence of scattered trees on pasture yield along with some contrasted effects depending on functional groups and rainfall conditions","AGRICULTURE ECOSYSTEMS AND ENVIRONMENT, 165, 74-79.","meta-analysis"
"10.1016/j.agee.2020.107290","lowe, eb; groves, r; gratton, c","2021","impacts of field-edge flower plantings on pollinator conservation and ecosystem service delivery - a meta-analysis","AGRICULTURE ECOSYSTEMS AND ENVIRONMENT, 310, 107290.","meta-analysis"
"10.1016/j.earscirev.2016.06.010","wei, w; chen, d; wang, lx; daryanto, s; chen, ld; yu, y; lu, yl; sun, g; feng, tj","2016","global synthesis of the classifications, distributions, benefits and issues of terracing","EARTH-SCIENCE REVIEWS, 159, 388-403.","systematic review"
"10.1111/ele.13576","albrecht, m; kleijn, d; williams, nm; tschumi, m; blaauw, br; bommarco, r; campbell, aj; dainese, m; drummond, fa; entling, mh; ganser, d","2020","the effectiveness of flower strips and hedgerows on pest control, pollination services and crop yield: a quantitative synthesis","ECOLOGY LETTERS, 23(10), 1488-1498.","meta-analysis"
"10.1111/icad.12454","zamorano, j; bartomeus, i; grez, aa; garibaldi, la","2020","field margin floral enhancements increase pollinator diversity at the field edge but show no consistent spillover into the crop field: a meta-analysis","INSECT CONSERVATION AND DIVERSITY, 13, 519-531.","meta-analysis"
"10.5194/se-8-217-2017","mandal, d; srivastava, p; giri, n; kaushal, r; cerda, a; alam, nm","2017","reversing land degradation through grasses: a systematic meta-analysis in the indian tropics","SOLID EARTH, 8(1), 217-233.","meta-analysis"
"10.1016/j.agee.2006.03.029","dorioz, jm; wang, d; poulenard, j; trévisan, d","2006","the eﬀect of grass buﬀer strips on phosphorus dynamics — a critical review and synthesis as a basis for application in agricultural landscapes in france","AGRICULTURE, ECOSYSTEMS AND ENVIRONMENT, 117(1), 4-21.","systematic review"
"10.2134/jeq2018.03.0120","valkama, e; usva, k; saarinen, m; uusi-kamppa, j","2019","a meta-analysis on nitrogen retention by buffer zones","JOURNAL OF ENVIRONMENTAL QUALITY, 48(2), 270-279.","meta-analysis"
"10.1007/s10980-018-0673-5","duarte, gt; santos, pm; cornelissen, tg; ribeiro, mc; paglia, ap","2018","the effects of landscape patterns on ecosystem services: meta-analyses of landscape services","LANDSCAPE ECOLOGY, 33(8), 1247-1257.","meta-analysis"
"10.1111/brv.12040","shackelford, g; steward, pr; benton, tg; kunin, we; potts, sg; biesmeijer, jc; sait, sm","2013","comparison of pollinators and natural enemies. a meta-analysis of landscape and local effects on abundance and richness in crops","BIOLOGICAL REVIEWS, 88(4), 1002-1021.","meta-analysis"
"10.1111/j.1461-0248.2011.01642.x","chaplin-kramer, r; o'rourke, me; blitzer, ej; kremen, c","2011","a meta-analysis of crop pest and natural enemy response to landscape complexity","ECOLOGY LETTERS, 14(9), 922-932.","meta-analysis"
"10.1016/j.agee.2017.12.025","coutinho, jgd; garibaldi, la; viana, bf","2018","the influence of local and landscape scale on single response traits in bees: a meta-analysis","AGRICULTURE, ECOSYSTEMS AND ENVIRONMENT, 256, 61-73.","meta-analysis"
"10.1111/ele.13339","marja, r; kleijn, d; tscharntke, t; klein, am; frank, t; batáry, p","2019","effectiveness of agri-environmental management on pollinators is moderated more by ecological contrast than by landscape structure or land-use intensity","ECOLOGY LETTERS, 22, 1493-1500.","meta-analysis"
"10.1002/ldr.3258","jia, l; zhao, w; fu, b; daryanto, s; wang, s; liu, y; zhai, r","2019","effects of minimum soil disturbance practices on controlling water erosion in china's slope farmland: a meta-analysis","LAND DEGRADATION AND DEVELOPMENT, 30(6), 706-716.","meta-analysis"
"10.1016/j.earscirev.2012.08.003","maetens, w; poesen, j; vanmaerck, m","2012","how effective are soil conservation techniques in reducing plot runoff and soil loss ineurope and the mediterranean?","EARTH-SCIENCE REVIEWS, 115(1–2), 21-36.","meta-analysis"
"10.1016/j.earscirev.2017.08.007","chen, d; wei, w; chen, l","2017","effects of terracing practices on water erosion control in china: a meta-analysis","EARTH-SCIENCE REVIEWS, 173, 109-121.","meta-analysis"
"10.2134/jeq2007.0437","liu, xm; mang, xy; zhang, mh","2008","major factors influencing the efficacy of vegetated buffers on sediment trapping: a review and analysis","JOURNAL OF ENVIRONMENTAL QUALITY, 37(5), 1667-1674.","systematic review"
"10.2134/jeq2008.0496","zhang, xy; liu, xm; zhang, mh; dahlgren, ra; eitzel, m","2010","review of vegetated buffers and a meta-analysis of their mitigation efficacy in reducing nonpoint source pollution","JOURNAL OF ENVIRONMENTAL QUALITY, 39, 76-84.","meta-analysis"
"10.1016/j.agwat.2019.105849","chen, d; wei, w; chen, l","2020","how can terracing impact on soil moisture variation in china? a meta-analysis","AGRICULTURAL WATER MANAGEMENT, 227, 105849.","meta-analysis"
"10.1007/s13280-020-01345-5","carstensen, mv; hashemi, f; hoffmann, cc; zak, d; audet, j; kronvang, b","2020","efficiency of mitigation measures targeting nutrient losses from agricultural drainage systems: a review","AMBIO, 49, 1820-1837.","meta-analysis"
"10.1007/s13593-015-0301-6","dollinger, j; dagès, c; bailly, js; lagacherie, p; voltz, m","2015","managing ditches for agroecological engineering of landscape. a review","AGRONOMY FOR SUSTAINABLE DEVELOPMENT, 35, 999-1020.","systematic review"
"10.1016/j.agee.2021.107409","shen, w; li, s; mi, m; zhuang, y; zhang, l","2021","what makes ditches and ponds more efficient in nitrogen control?","AGRICULTURE, ECOSYSTEMS AND ENVIRONMENT, 314, 107409.","meta-analysis"
"10.1186/s13750-016-0060-0","land, m; graneli, w; grimvall, a; hoffmann, cc; mitsch, wj; tonderski, ks; verhoeven, jta","2016","how effective are created or restored freshwater wetlands for nitrogen and phosphorus removal? a systematic review","ENVIRONMENTAL EVIDENCE, 5, 9.","meta-analysis"
"10.2134/jeq2006.0462","mayer, pm; reynolds, sk; mccutchen, md; canfield, tj","2007","meta-analysis of nitrogen removal in riparian buffers","JOURNAL OF ENVIRONMENTAL QUALITY, 36(4), 1172-1180.","meta-analysis"
"10.2134/jeq2010.0510","stehle, s; elsaesser, d; gregoire, c; imfeld, g; niehaus, e; passeport, e; payraudeau, s; schafer, rb; tournebize, j; schulz, r","2011","pesticide risk mitigation by vegetated treatment systems: a meta-analysis","JOURNAL OF ENVIRONMENTAL QUALITY, 40(4), 1068-1080.","meta-analysis"
"10.1007/s13593-020-00626-3","paul, bk; koge, j; maass, bl; notenbaert, a; peters, m; groot, jcj; tittonell, p","2020","tropical forage technologies can deliver multiple benefits in sub-saharan africa. a meta-analysis","AGRONOMY FOR SUSTAINABLE DEVELOPMENT 40, 22","meta-analysis"
"10.1007/978-3-319-58789-9_4","bayala, j; kalinganire, a;  sileshi, gw; tondoh, je.","2018","soil organic carbon and nitrogen in agroforestry systems in sub-saharan africa. a review.","Improving the Profitability, Sustainability and Efficiency of Nutrients Through Site Specific Fertilizer Recommendations in West Africa Agro-Ecosystems pp. 51-61, Springer, Cham.","meta-analysis"
"10.1007/s13593-019-0589-8","kuyah, s; whitney, cw; jonsson, m; sileshi, gw; oborn, i; muthuri, cw; luedeling, e.","2019","agroforestry delivers a win-win solution for ecosystem services in sub-saharan africa. a meta-analysis.","AGRONOMY FOR SUSTAINABLE DEVELOPMENT, 39, 47.","meta-analysis"
"10.1016/j.agee.2016.01.005","powlson, ds; stirling, cm; thierfelder, c; white, rp; jat, ml","2016","does conservation agriculture deliver climate change mitigation through soil carbon sequestration in tropical agro-ecosystems?","AGRICULTURE ECOSYSTEMS AND ENVIROMENT, 220, 164-174.","meta-analysis"
"10.1016/j.agee.2020.106899","muchane, mn; sileshi gw; gripenberg, s; jonsson, m; pumariño, l; barrios, e.","2020","agroforestry boosts soil health in the humid and sub-humid tropics: a meta-analysis.","AGRICULTURE, ECOSYSTEMS AND ENVIRONMENT, 295, 106899.","meta-analysis"
"10.1016/j.agee.2022.108017","liu x., tan s., song x., wu x., zhao g., li s., liang g.","2022","response of soil organic carbon content to crop rotation and its controls: a global synthesis","Agriculture, Ecosystems and Environment 335, 108017","meta-analysis"
"10.1016/j.fcr.2021.108146","ma d., yin l., ju w., li x., liu x., deng x., wang s.","2021","meta-analysis of green manure effects on soil properties and crop yield in northern china","FIELD CROPS RESEARCH, 266, 108146.","meta-analysis"
"10.1016/j.jaridenv.2016.03.002","sileshi, gw.","2016","the magnitude and spatial extent of influence of faidherbia albida trees on soil properties and primary productivity in drylands.","Journal of Arid Environments 132: 1-14.","meta-analysis"
"10.1038/srep28974","li, h; shen, hh; chen, ly; liu, ty; hu, hf; zhao, x; zhou, lh; zhang, pj; fang, jy","2016","effects of shrub encroachment on soil organic carbon in global grasslands","Scientific reports 6, 28974","meta-analysis"
"10.1111/1365-2435.12941","zhang, hy; lu, xt; knapp, ak; hartmann, h; bai, e; wang, xb; wang, zw; wang, xg; yu, q; han, xg","2018","facilitation by leguminous shrubs increases along a precipitation gradient","Functional ecology, 32, 1, 203-213","meta-analysis"
"10.1007/978-94-007-0394-0_9","akinnifesi, fk; ajayi, oc; sileshi, g; chirwa, pw; chianu, j.","2011","fertiliser trees for sustainable food security in the maize-based production systems of east and southern africa.","Sustainable Agriculture 2: 129-146","meta-analysis"
"10.1007/s10311-017-0698-z","cernay, c; makowski, d; pelzer, e","2018","preceding cultivation of grain legumes increases cereal yields under low nitrogen input conditions","ENVIRONMENTAL CHEMISTRY LETTERS, 16, 631–636","meta-analysis"
"10.1007/s13593-015-0336-8","tonitto, c; ricker-gilbert, je","2016","nutrient management in african sorghum cropping systems: applying meta-analysis to assess yield and profitability","AGRONOMY FOR SUSTAINABLE DEVELOPMENT, 36, 1-19.","meta-analysis"
"10.1007/s13593-022-00816-1","mudare s., kanomanyanga j., jiao x., mabasa s., lamichhane j.r., jing j., cong w.-f.","2022","yield and fertilizer benefits of maize/grain legume intercropping in china and africa: a meta-analysis","Agronomy for Sustainable Development 42, 5, 81","meta-analysis"
"10.1016/j.agee.2017.09.029","franke a.c., van den brand g.j., vanlauwe b., giller k.e.","2018","sustainable intensification through rotations with grain legumes in sub-saharan africa: a review","Agric Ecosyst Environ,  261, 172-185","meta-analysis"
"10.1016/j.agsy.2018.07.016","macwilliam, s; parker, d; marinangeli, cpf; tremorin, d","2018","a meta-analysis approach to examining the greenhouse gas implications of including dry peas (pisum sativum l.) and lentils (lens culinaris m.) in crop rotations in western canada","AGRIC SYST, 166, 101-110","meta-analysis"
"10.1016/j.fcr.2015.01.012","preissel, s; reckling, m; schlafke, n; zander, p","2015","magnitude and farm-economic value of grain legume pre-crop benefits in europe: a review","FIELD CROPS RESEARCH, 175, 64-79.","meta-analysis"
"10.1016/j.fcr.2021.108208","feng, c; sun, zx; zhang, lz; feng, ls; zheng, jm; bai, w; gu, cf; wang, q; xu, z; van der werf, w","2021","maize/peanut intercropping increases land productivity: a meta-analysis","FIELD CROPS RESEARCH, 270, 108208","meta-analysis"
"10.1016/j.fcr.2022.108504","rodenburg j., mollee e., coe r., sinclair f.","2022","global analysis of yield benefits and risks from integrating trees with rice and implications for agroforestry research in africa","FIELD CROPS RESEARCH, 281, 108504","systematic review"
"10.1038/s41467-022-32464-0","zhao j., chen j., beillouin d., lambers h., yang y., smith p., zeng z., olesen j.e., zang h.","2022","global systematic review with meta-analysis reveals yield advantage of legume-based rotations and its drivers","Nature communications, 13, 1, 4926 ","meta-analysis"
"10.1071/CP14252","angus, jf; kirkegaard, ja; hunt, jr; ryan, mh; ohlander, l; peoples, mb","2015","break crops and rotations for wheat","CROP PASTURE SCI, 66, 523–552","meta-analysis"
"10.1139/cjps-2021-0177","bourgeois b., charles a., van eerd l.l., tremblay n., lynch d., bourgeois g., bastien m., bélanger v., landry c., vanasse a.","2022","interactive effects between cover crop management and the environment modulate benefits to cash crop yields: a meta-analysis","CANADIAN JOURNAL OF PLANT SCIENCE, 102, 656-678.","meta-analysis"
"10.1111/gcb.16269","nouri a., lukas s., singh s., singh s., machado s.","2022","when do cover crops reduce nitrate leaching? a global meta-analysis","Global Change Biology 28, 15, 4736 - 4749","meta-analysis"
"10.1016/j.fcr.2017.01.010","verret, v; gardarin, a; pelzer, e; mediene, s; makowski, d; valantin-morison, m","2017","can legume companion plants control weeds without decreasing crop yield? a meta-analysis","FIELD CROPS RESEARCH, 204, 158-168.","meta-analysis"
"not available","darabighane, b; mandavi, a; aghjehgheshlagh, fm; navidshad, b; yousefi, mh; lee, mrf","2021","the effects of dietary saponins on ruminal methane production and fermentation parameters in sheep: a meta analysis","IRANIAN JOURNAL OF APPLIED ANIMAL SCIENCE, 11(1), 15-21.","meta-analysis"
"10.1371/journal.pone.0246922","salami, sa; moran, ca; warren, he; taylor-pickard, j","2021","meta-analysis and sustainability of feeding slow-release urea in dairy production","PLOS ONE, 16(2), e0246922.","meta-analysis"
"10.1016/j.tvjl.2021.105659","torres, rns; paschoaloto, jr; ezequiel, jmb; da silva, dav; almeida, mtc","2021","meta-analysis of the effects of essential oil as an alternative to monensin in diets for beef cattle","THE VETERINARY JOURNAL, 272, 105659.","meta-analysis"
"10.3390/ani10040620","belanche, a; newbold, cj; morgavi, dp; bach, a; zweifel, b; yanez-ruiz, dr","2020","a meta-analysis describing the effects of the essential oils blend agolin ruminant on performance, rumen fermentation and methane emissions in dairy cows","ANIMALS, 10, 620.","meta-analysis"
"10.3168/jds.2020-18541","feng, xy; dijkstra, j; bannink, a; van gastelen, s; france, j; kebreab, e","2020","antimethanogenic effects of nitrate supplementation in cattle: a meta-analysis","JOURNAL OF DAIRY SCIENCE, 103(12), 11375-11385.","meta-analysis"
"10.5398/tasj.2020.43.3.233","harahap, rp; setiawan, d; nahrowi; suharti, s; obitsu, t; jayanegara, a","2020","enteric methane emissions and rumen fermentation profile treated by dietary chitosan: a meta-analysis of in vitro experiments","TROPICAL ANIMAL SCIENCE JOURNAL, 43(3):233-239.","meta-analysis"
"10.1111/jpn.13341","herremans, s; vanwindekens, f; decruyenaere, v; beckers, y; froidmont, e","2020","effect of dietary tannins on milk yield and composition, nitrogen partitioning and nitrogen use efficiency of lactating dairy cows: a meta-analysis","JOURNAL OF ANIMAL PHYSIOLOGY AND ANIMAL NUTRITION, 104(5), 1209-1218.","meta-analysis"
"10.5187/jast.2020.62.1.31","kim, h; le, hg; beek, yc; lee, s; seo, j","2020","the effects of dietary supplementation with 3-nitrooxypropanol on enteric methane emissions, rumen fermentation, and production performance in ruminants: a meta-analysis","Journal of Animal Science and Technology, 62(1):31-42.","meta-analysis"
"10.13031/aim.202001437","liu z., ariful haque md.,","2020","evaluate the representativeness of the naems air emission data for swine operations in a changing industry","AMERICAN SOCIETY OF AGRICULTURAL AND BIOLOGICAL ENGINEERS","systematic review"
"10.1016/j.agee.2019.106748","wang, hl; long, wt; chadwick, d; velthof, gl; oenema, o; ma, wq; wang, jj; qin, w; hou, y; zhang, fs","2020","can dietary manipulations improve the productivity of pigs with lower environmental and economic cost? a global meta-analysis","AGRICULTURE ECOSYSTEMS AND ENVIRONMENT, 289, 106748.","meta-analysis"
"10.1111/jpn.13367","yanza y.r.; szumacher-strabel m.; jayanegara a.; kasenta a.m.; gao m.; huang h.; patra a.k.; warzych e.; cieślak a.","2020","the effects of dietary medium-chain fatty acids on ruminal methanogenesis and fermentation in vitro and in vivo: a meta-analysis","JOURNAL OF ANIMAL PHYSIOLOGY AND ANIMAL NUTRITION, 00:1–16.","meta-analysis"
"10.3389/fmicb.2019.02648","dai, xx; faciola, ap","2019","evaluating strategies to reduce ruminal protozoa and their impacts on nutrient utilization and animal performance in ruminants - a meta-analysis","FRONTIERS IN MICROBIOLOGY, 10, 2648.","meta-analysis"
"10.1007/s11356-018-3878-x","darabighane, b; salem, azm; aghjehgheshlagh, fm; mahdavi, a; zarei, a; elghandour, mmmy; lopez, s","2019","environmental efficiency of saccharomyces cerevisiae on methane production in dairy and beef cattle via a meta-analysis","ENVIRONMENTAL SCIENCE AND POLLUTION RESEARCH, 26(4), 3651-3658.","meta-analysis"
"10.3168/jds.2018-15785","van gastelen, sanne, dijkstra, jan, bannink, andré","2019","are dietary strategies to mitigate enteric methane emission equally effective across dairy cattle, beef cattle, and sheep?","JOURNAL OF DAIRY SCIENCE, 102(7), 6109-6130.","meta-analysis"
"10.1016/j.wasman.2019.05.019","wang, y; xue, wt; zhu, zp; yang, jf; li, xr; tian, z; dong, hm; zou, gy","2019","mitigating ammonia emissions from typical broiler and layer manure management - a system analysis","WASTE MANAGEMENT, 9(3), 730-743.","meta-analysis"
"10.3168/jds.2018-14456","dijkstra, j; bannink, a; france, j; kebreab, e; van gastelen, s","2018","short communication: antimethanogenic effects of 3-nitrooxypropanol depend on supplementation dose, dietary fiber content, and cattle type","JOURNAL OF DAIRY SCIENCE, 101(10), 9041-9047.","meta-analysis"
"10.1080/1828051X.2017.1404945","jayanegara, a; sarwono, ka; kondo, m; matsui, h; ridla, m; laconi, eb; nahrowi","2018","use of 3-nitrooxypropanol as feed additive for mitigating enteric methane emissions from ruminants: a meta-analysis","ITALIAN JOURNAL OF ANIMAL SCIENCE, 17(3), 650-656.","meta-analysis"
"10.1186/s40104-018-0305-6","li, zj; deng, q; liu, yf; yan, t; li, f; cao, yc; yao, jh","2018","dynamics of methanogenesis, ruminal fermentation and fiber digestibility in ruminants following elimination of protozoa: a meta-analysis","JOURNAL OF ANIMAL SCIENCE AND BIOTECHNOLOGY, 9, 89.","meta-analysis"
"10.1007/s10705-017-9893-3","sajeev, epm; amon, b; ammon, c; zollitsch, w; winiwarter, w","2018","evaluating the potential of dietary crude protein manipulation in reducing ammonia emissions from cattle and pig manure: a meta-analysis","NUTRIENT CYCLING IN AGROECOSYSTEMS, 110, 161–175.","meta-analysis"
"10.2134/jeq2017.05.0199","sajeev, epm; winiwarter, w; amon, b","2018","greenhouse gas and ammonia emissions from different stages of liquid manure management chains: abatement options and emission interactions","JOURNAL OF ENVIRONMENTAL QUALITY, 47, 30-41.","meta-analysis"
"10.1021/acs.est.8b02475","wang, y; li, xr; yang, jf; tian, z; sun, qp; xue, wt; dong, hm","2018","mitigating greenhouse gas and ammonia emissions from beef cattle feedlot production: a system meta-analysis","ENVIRONMENTAL SCIENCE AND TECHNOLOGY, 52, 11232-11242.","meta-analysis"
"10.1088/1748-9326/aa6cd5","clark, m; tilman, d","2017","comparative analysis of environmental impacts of agricultural production systems, agricultural input efficiency, and food choice","ENVIRONMENTAL RESEARCH LETTERS, 12(6), 64016.","meta-analysis"
"10.1111/gcb.12767","hou, y; velthof, gl; oenema, o","2015","mitigation of ammonia, nitrous oxide and methane emissions from manure management chains: a meta-analysis and integrated assessment","GLOBAL CHANGE BIOLOGY, 21(3), 1293-1312.","meta-analysis"
"10.1080/14735903.2014.936189","lewis, ka; tzilivakis, j; green, a; warner, dj","2015","potential of feed additives to improve the environmental impact of european livestock farming: a multi-issue analysis","INTERNATIONAL JOURNAL OF AGRICULTURAL SUSTAINABILITY, 13(1), 55-68.","meta-analysis"
"10.1016/j.agee.2015.04.035","nayak, d; saetnan, e; cheng, k; wang, w; koslowski, f; cheng, yf; zhu, wy; wang, jk; liu, jx; moran, d; yan, xy; cardenas, l; newbold, j; pan, gx; lui, yl; smith, p","2015","management opportunities to mitigate greenhouse gas emissions from chinese agriculture","AGRICULTURE ECOSYSTEMS AND ENVIRONMENT, 209, 108-124.","meta-analysis"
"10.3168/jds.2012-5923","appuhamy, jadrn; strathe, ab; jayasundara, s; wagner-riddle, c; dijkstra, j; france, j; kebreab, e","2013","anti-methanogenic effects of monensin in dairy and beef cattle: a meta-analysis","JOURNAL OF DAIRY SCIENCE, 96, 5161-5173.","meta-analysis"
"10.1016/j.anifeedsci.2011.04.018","ungerfeld, em; forster, rj","2011","a meta-analysis of malate effects on methanogenesis in ruminal batch cultures","ANIMAL FEED SCIENCE AND TECHNOLOGY, 166-167, 282-290.","meta-analysis"
"10.4141/CJAS07112","eugene, m; masse, d; chiquette, j; benchaar, c","2008","meta-analysis on the effects of lipid supplementation on methane production in lactating dairy cows","CANADIAN JOURNAL OF ANIMAL SCIENCE, 88(2), 331-334.","meta-analysis"
"10.2527/jas.2006-674","ungerfeld, em; kohn, ra; wallace, rj; newbold, cj","2007","a meta-analysis of fumarate effects on methane production in ruminal batch cultures","JOURNAL OF ANIMAL SCIENCE, 85(10), 2556-2563.","meta-analysis"
"10.1016/j.algal.2023.103359","narvaez-izquiedo j.; fonseca-de la hoz j.; kannan g.; bohorquez-herrera j.","2024","use of macroalgae as a nutritional supplement for sustainable production of ruminants: a systematic review and an insight on the colombian caribbean region","ALGAL RESEARCH, 77, 103359.","meta-analysis"
"10.3168/jds.2022-22211","kebreab e.; bannink a.; pressman e.m.; walker n.; karagiannis a.; van gastelen s.; dijkstra j.","2023","a meta-analysis of effects of 3-nitrooxypropanol on methane production, yield, and intensity in dairy cattle","Journal of Dairy Science, 106(2), 927-936.","meta-analysis"
"10.17221/124/2022-cjas","qomariyah n.; ella a.; ahmad s.n.; yusriani y.; sholikin m.m.; prihambodo t.r.; retnani y.; jayanegara a.; wina e.; permana i.g.","2023","dietary biochar as a feed additive for increasing livestock performance: a meta-analysis of in vitro and in vivo experiment","CZECK JOURNAL OF ANIMAL SCIENCE, 68(2), 72-86.","meta-analysis"
"10.1111/jpn.13853","irawan a.; jayanegara a.; niderkorn v.","2024","impacts of red clover and sainfoin silages on the performance, nutrient utilization and milk fatty acids profile of ruminants: a meta-analysis","JOURNAL OF ANIMAL PHYSIOLOGY AND ANIMAL NUTRITION, 108(1), 13-26.","meta-analysis"
"10.1016/j.anifeedsci.2023.115806","brutti d.d.; canozzi m.e.a.; sartori e.d.; colombatto d.; barcellos j.o.j.","2023","effects of the use of tannins on the ruminal fermentation of cattle: a meta-analysis and meta-regression","ANIMAL FEED SCIENCE AND TECHNOLOGY, 306, 115806.","meta-analysis"
"10.5713/ab.22.0258","susanto, i; wiryawan, kg; suharti, s; retnani, y; zahera, r; jayanegara, a","2023","evaluation of megasphaera elsdenii supplementation on rumen fermentation, production performance, carcass traits and health of ruminants: a meta-analysis","ANIMAL BIOSCIENCE, 36(6), 879-890.","meta-analysis"
"10.1016/j.anifeedsci.2022.115564","berça a.s.; tedeschi l.o.; da silva cardoso a.; reis r.a.","2023","meta-analysis of the relationship between dietary condensed tannins and methane emissions by cattle","ANIMAL FEED SCIENCE AND TECHNOLOGY, 298, 115564.","meta-analysis"
"10.5398/tasj.2023.46.1.74","abdelbagi m.; ridwan r.; fitri a.; nahrowi; jayanegarac a.","2023","performance, methane emission, nutrient utilization, and the nitrate toxicity of ruminants with dietary nitrate addition: a meta-analysis from in vivo trials","TROPICAL ANIMAL SCIENCE JOURNAL, 46(1), 74-84.","meta-analysis"
"10.1016/j.smallrumres.2023.106919","santos torres r.d.n.; coelho l.d.m.; ghedini c.p.; neto o.r.m.; chardulo l.a.l.; torrecilhas j.a.; de lima valença r.; baldassini w.a.; almeida m.t.c.","2023","potential of nutritional strategies to reduce enteric methane emission in feedlot sheep: a meta-analysis and multivariate analysis","SMALL RUMINANT RESEARCH, 220, 106919.","meta-analysis"
"10.3390/fermentation8060254","orzuna‐orzuna j.f.; dorantes‐iturbide g.; lara‐bueno a.; miranda‐romero l.a.; mendoza‐martínez g.d.; santiago‐figueroa i.","2022","a meta‐analysis of essential oils use for beef cattle feed: rumen fermentation, blood metabolites, meat quality, performance and, environmental and economic impact","FERMENTATION, 8(6), 254.","meta-analysis"
"10.1111/asj.13765","fitri a.; yanza y.r.; jayanegara a.; ridwan r.; astuti w.d.; sarwono k.a.; fidriyanto r.; rohmatussolihat r.; widyastuti y.; obitsu t.","2022","divergence effects between dietary acacia and quebracho tannin extracts on nutrient utilization, performance, and methane emission of ruminants: a meta-analysis","ANIMAL SCIENCE JOURNAL, 93(1), e13765.","meta-analysis"
"10.1016/j.animal.2022.100458","alfonso-avila a.r.; cirot o.; lambert w.; létourneau-montminy m.p.","2022","effect of low-protein corn and soybean meal-based diets on nitrogen utilization, litter quality, and water consumption in broiler chicken production: insight from meta-analysis","ANIMAL, 16(3), 100458.","meta-analysis"
"10.1016/j.smallrumres.2021.106585","torres r.n.s.; ghedini c.p.; paschoaloto j.r.; da silva d.a.v.; coelho l.m.; almeida junior g.a.; ezequiel j.m.b.; machado neto o.r.; almeida m.t.c.","2022","effects of tannins supplementation to sheep diets on their performance, carcass parameters and meat fatty acid profile: a meta-analysis study","SMALL RUMINANT RESEARCH, 206, 106585.","meta-analysis"
"10.1016/j.anifeedsci.2022.115503","sofyan a.; irawan a.; herdian h.; jasmadi; harahap m.a.; sakti a.a.; suryani a.e.; novianty h.; kurniawan t.; darma i.n.g.; windarsih a.; jayanegara a.","2022","effects of various macroalgae species on methane production, rumen fermentation, and ruminant production: a meta-analysis from in vitro and in vivo experiments","ANIMAL FEED SCIENCE AND TECHNOLOGY, 294, 115503.","meta-analysis"
"10.3390/vetsci9090475","dorantes-iturbide g.; orzuna-orzuna j.f.; lara-bueno a.; mendoza-martínez g.d.; miranda-romero l.a.; lee-rangel h.a.","2022","essential oils as a dietary additive for small ruminants: a meta-analysis on performance, rumen parameters, serum metabolites, and product quality","VETERINARY SCIENCES, 9(9), 475.","meta-analysis"
"10.1073/pnas.2111294119","arndt c.; hristov a.n.; price w.j.; mcclelland s.c.; pelaez a.m.; cueva s.f.; oh j.; dijkstra j.; bannink a.; bayat a.r.; crompton l.a.; eugéne m.a.; enahoro d.; kebreab e.; kreuzer m.; mcgee m.; martin c.; newbold c.j.; reynolds c.k.; schwarm a.; shingfield k.j.; veneman j.b.; yáñez-ruiz d.r.; yu z.","2022","full adoption of the most effective strategies to mitigate methane emissions by ruminants can help meet the 1.5 °c target by 2030 but not 2050","PROCEEDINGS OF THE NATIONAL ACADEMY OF SCIENCES OF THE UNITED STATES OF AMERICA, 119(20), E2111294119.","meta-analysis"
"10.1371/journal.pone.0249053","lean i.j.; golder h.m.; grant t.m.d.; moate p.j.","2021","a meta-analysis of effects of dietary seaweed on beef and dairy cattle performance and methane yield","PLoS ONE 16(7): e0249053.","meta-analysis"
"10.1093/tas/txac028","brito a.f.; almeida k.v.; oliveira a.s.","2022","production performance, nutrient use efficiency, and predicted enteric methane emissions in dairy cows under confinement or grazing management system","TRANSLATIONAL ANIMAL SCIENCE, 6(2), txac028.","meta-analysis"
"10.3390/ani12151981","byrne l.; murphy r.a.","2022","relative bioavailability of trace minerals in production animal nutrition: a review","ANIMALS,  12(15), 1981.","meta-analysis"
"10.1016/j.jclepro.2021.128130","zhao, jb; wang, jj; zhang, s","2021","dietary fiber-a double-edged sword for balanced nutrition supply and environment sustainability in swine industry: a meta-analysis and systematic review","JOURNAL OF CLEANER PRODUCTION, 315, 128130.","meta-analysis"
"10.1016/j.vas.2021.100214","cardoso-gutierrez e.; aranda-aguirre e.; robles-jimenez l.e.; castelán-ortega o.a.; chay-canul a.j.; foggi g.; angeles-hernandez j.c.; vargas-bello-pérez e.; gonzález-ronquillo m.","2021","effect of tannins from tropical plants on methane production from ruminants: a systematic review","VETERINARY AND ANIMAL SCIENCE, 14, 100214.","meta-analysis"
"10.3390/su13137410","orzuna-orzuna j.f.; dorantes-iturbide g.; lara-bueno a.; mendoza-martínez g.d.; miranda-romero l.a.; hernández-garcía p.a.","2021","effects of dietary tannins’ supplementation on growth performance, rumen fermentation, and enteric methane emissions in beef cattle: a meta-analysis","SUSTAINABILITY (SWITZERLAND), 13(13), 7410.","meta-analysis"
"10.1088/1755-1315/788/1/012028","ridla m.; laconi e.b.; nahrowi; jayanegara a.","2021","effects of saponin on enteric methane emission and nutrient digestibility of ruminants: an in vivo meta-analysis","IOP CONFERENCE SERIES: EARTH AND ENVIRONMENTAL SCIENCE, 788(1), 12028.","meta-analysis"
"10.1016/j.livsci.2021.104707","pech-cervantes a.a.; terrill t.h.; ogunade i.m.; estrada-reyes z.m.","2021","meta-analysis of the effects of dietary inclusion of sericea lespedeza (lespedeza cuneata) forage on performance, digestibility, and rumen fermentation of small ruminants","LIVESTOCK SCIENCE, 253, 104707.","meta-analysis"
"10.1016/j.aninu.2021.09.005","almeida a.k.; hegarty r.s.; cowie a.","2021","meta-analysis quantifying the potential of dietary additives and rumen modifiers for methane mitigation in ruminant production systems","ANIMAL NUTRITION, 7(4), 1219-1230.","meta-analysis"
"10.1088/1755-1315/902/1/012023","abdelbagi m.; ridwan r.; nahrowi; jayanegara a.","2021","the potential of nitrate supplementation for modulating the fermentation pattern and mitigating methane emission in ruminants: a meta-analysis from in vitro experiments","IOP CONFERENCE SERIES: EARTH AND ENVIRONMENTAL SCIENCE, 902(1), 12023.","meta-analysis"
"10.1016/j.livsci.2021.104551","torres r.d.n.s.; bertoco j.p.a.; de arruda m.c.g.; coelho l.d.m.; paschoaloto j.r.; júnior g.a.d.a.; ezequiel j.m.b.; almeida m.t.c.","2021","meta-analysis to evaluate the effect of including molasses in the diet for dairy cows on performance, milk fat synthesis and milk fatty acid","LIVESTOCK SCIENCE, 250, 104551.","meta-analysis"
"10.3390/ani11113317","yanza, yr; fitri, a; suwignyo, b; elfahmi; hidayatik, n; kumalasari, nr; irawan, a; jayanegara, a","2021","the utilisation of tannin extract as a dietary additive in ruminant nutrition: a meta-analysis","ANIMALS, 11(11), 3317.","meta-analysis"
"10.1021/acs.est.6b06430","wang, y; dong, hm; zhu, zp; gerber, pj; xin, hw; smith, p; opio, c; steinfeld, h; chadwick, d","2017","mitigating greenhouse gas and ammonia emissions from swine manure management: a system analysis","ENVIRONMENTAL SCIENCE AND TECHNOLOGY, 51, 4503-4511.","meta-analysis"
"10.1371/journal.pone.0232853","de toledo, tds; roll, aap; rutz, f; dallmann, hm; pra, mad; leite, fpl; roll, vfb","2020","an assessment of the impacts of litter treatments on the litter quality and broiler performance: a systematic review and meta-analysis","PLOS ONE, 86(5), 1223-1231.","meta-analysis"
"10.1016/j.anireprosci.2020.106278","liu, gj; chen, zf; zhao, xh; li, my; guo, zh","2020","meta-analysis: supplementary artificial light and goose reproduction","ANIMAL REPRODUCTION SCIENCE, 214, 106278.","meta-analysis"
"10.1016/j.livsci.2018.03.012","keane, mp; mcgee, m; o'riordan, eg; kelly, ak; earley, b","2018","effect of floor type on performance, lying time and dirt scores of finishing beef cattle: a meta-analysis","LIVESTOCK SCIENCE, 212, 57-60.","meta-analysis"
"10.1080/00071668.2019.1639143","de toledo, tds; pich, cs; roll, aap; pra, mad; leite, fl; xavier, eg; roll, vfb","2019","the effect of litter materials on broiler performance: a systematic review and meta-analysis","BRITISH POULTRY SCIENCE, 236, 88-98.","meta-analysis"
"10.1080/1828051X.2018.1532327","jimenez, ler; naranjo, a; hernandez, jca; ovalos, jo; ortega, oc; ronquillo, mg","2019","a meta-analysis on the effect of the feeding type and production system on the carcase quality of lambs","ITALIAN JOURNAL OF ANIMAL SCIENCE, 68, 227-239.","meta-analysis"
"10.1590/0103-8478cr20190830","mendes, mfda; de oliveira, dh; cruz, fl; mendes, mada; ribeiro, bpvb; ferreira, ra","2020","evaporative cooling system for gestating and lactating sows: a systematic review","CIÊNCIA RURAL, 50, e20190830.","systematic review"
"10.3390/ani10040565","park, rm; foster, m; daigle, cl","2020","a scoping review: the impact of housing systems and environmental features on beef cattle welfare","ANIMALS, 10(4), 565.","systematic review"
"10.1016/j.fcr.2016.07.018","nkebiwe, pm; weinmann, m; bar-tal, a; muller, t","2016","fertilizer placement to improve crop nutrient acquisition and yield: a review and meta-analysis","FIELD CROPS RESEARCH, 196, 389-401.","meta-analysis"
"10.3390/agronomy10111633","emmerling, c; krein, a; junk, j","2020","meta-analysis of strategies to reduce nh3 emissions from slurries in european agriculture and consequences for greenhouse gas emissions","Agronomy 10, 1633","meta-analysis"
"10.2134/agronj2017.09.0513","lin, yr; watts, db; van santen, e; cao, gq","2018","influence of poultry litter on crop productivity under different field conditions: a meta-analysis","AGRONOMY JOURNAL, 110(3), 807-818.","meta-analysis"
"10.1016/j.scitotenv.2021.146396","zhang j., wang m., yin c., dogot t.","2021","the potential of dairy manure and sewage management pathways towards a circular economy: a meta-analysis from the life cycle perspective","Sci. Total Environ. 779, 146396.","meta-analysis"
"10.1016/j.biosystemseng.2020.02.015","ba, sd; qu, qb; zhang, kq; groot, jcj","2020","meta-analysis of greenhouse gas and ammonia emissions from dairy manure composting","Biosystems engineering","meta-analysis"
"10.1016/j.scitotenv.2019.135401","zhao, sx; schmidt, s; qin, w; li, j; li, gx; zhang, wf","2020","towards the circular nitrogen economy - a global meta-analysis of composting technologies reveals much potential for mitigating nitrogen losses","Sci. Total Environ. 704, 135401","meta-analysis"
"10.1016/j.scitotenv.2021.147103","zhang z., liu d., qiao y., li s., chen y., hu c.","2021","mitigation of carbon and nitrogen losses during pig manure composting: a meta-analysis","Science of the Total Environment 783 147103","meta-analysis"
"10.1111/gcb.12806","pardo, g; moral, r; aguilera, e; del prado, a","2015","gaseous emissions from management of solid waste: a systematic review","Glob. Chang. Biol. 21, 1313–1327","meta-analysis"
"10.1186/s13750-020-0187-x","goulas, a; belhadi, d; descamps, a; andremont, a; benoit, p; courtois, s; dagot, c; grall, n; makowski, d; nazaret, s; nelieu, s; patureau, d; petit, f; roose-amsaleg, c; vittecoq, m; livoreil, b; laouenan, c","2020","how effective are strategies to control the dissemination of antibiotic resistance in the environment? a systematic review","Environmental Evidence 9, 1–32","meta-analysis"
"10.1016/j.scitotenv.2020.139390","xia, f; mei, k; xu, y; zhang, c; dahlgren, ra; zhang, mh","2020","response of n2o emission to manure application in field trials of agricultural soils across the globe","SCIENCE OF THE TOTAL ENVIRONMENT, 733, 139390.","meta-analysis"
"10.1021/acs.est.5b00018","miranda, nd; tuomisto, hl; mcculloch, md","2015","meta-analysis of greenhouse gas emissions from anaerobic digestion processes in dairy farms","Environ. Sci. Technol. 49, 5211–5219","meta-analysis"
"10.1139/cjas-2015-0111","jayasundara, s; appuhamy, jadrn; kebreab, e; wagner-riddle, c","2016","methane and nitrous oxide emissions from canadian dairy farms and mitigation options: an updated review","CANADIAN JOURNAL OF ANIMAL SCIENCE","systematic review"
"10.1186/s13750-020-00211-x","lorick, d; macura, b; ahlstrom, m; grimvall, a; harder, r","2020","effectiveness of struvite precipitation and ammonia stripping for recovery of phosphorus and nitrogen from anaerobic digestate: a systematic review","Environmental Evidence 9, 1–20","meta-analysis"
"10.1016/j.jclepro.2019.06.288","cao y, wang x, bai z, chadwick d, misselbrook t, sommer sg, qin w, ma l","2019","mitigation of ammonia, nitrous oxide and methane emissions during solid waste composting with different additives: a meta-analysis","Journal of Cleaner Production","meta-analysis"
"10.1016/j.wasman.2019.03.054","akdeniz, n","2019","a systematic review of biochar use in animal waste composting","Waste Management","systematic review"
"10.1016/j.agee.2021.107354","ren a.-t., zhou r., mo f., liu s.-t., li j.-y., chen y., zhao l., xiong y.-c.","2021","soil water balance dynamics under plastic mulching in dryland rainfed agroecosystem across the loess plateau","AGRICULTURE, ECOSYSTEMS AND ENVIRONMENT, 312, 107354.","meta-analysis"
"10.1016/j.agwat.2018.02.001","ma d., chen l., qu h., wang y., misselbrook t., jiang r.","2018","impacts of plastic film mulching on crop yields, soil water, nitrate, and organic carbon in northwestern china: a meta-analysis","AGRICULTURAL WATER MANAGEMENT, 202, 166-173.","meta-analysis"
"10.1016/j.catena.2021.105483","yu y., zhang y., xiao m., zhao c., yao h.","2021","a meta-analysis of film mulching cultivation effects on soil organic carbon and soil greenhouse gas fluxes","CATENA, 206, 105483.","meta-analysis"
"10.1016/j.geoderma.2022.115851","li y., xie h., ren z., ding y., long m., zhang g., qin x., siddique k.h.m., liao y.","2022","response of soil microbial community parameters to plastic film mulch: a meta-analysis","GEODERMA, 418, 115851.","meta-analysis"
"10.1016/j.jclepro.2017.10.269","he g., wang z., li s., malhi s.s.","2018","plastic mulch: tradeoffs between productivity and greenhouse gas emissions","JOURNAL OF CLEANER PRODUCTION, 172, 1311-1318.","meta-analysis"
"10.1016/j.jclepro.2020.121470","mo f., yu k.-l., crowther t.w., wang j.-y., zhao h., xiong y.-c., liao y.-c.","2020","how plastic mulching affects net primary productivity, soil c fluxes and organic carbon balance in dry agroecosystems in china","JOURNAL OF CLEANER PRODUCTION, 263, 121470.","meta-analysis"
"10.1002/jsfa.11248","lei t., luo c., zhang r., hu c., xu j., sadras v., yang x., zhang s.","2021","partial-film mulch returns the same gains in yield and water use efficiency as full-film mulch with reduced cost and lower pollution: a meta-analysis","JOURNAL OF THE SCIENCE OF FOOD AND AGRICULTURE, 101(14), 5956-5962.","meta-analysis"
"10.1007/s10333-022-00900-y","mak-mensah e., yeboah f.k., obour p.b., usman s., essel e., bakpa e.p., zhang d., zhou x., wang x., zhao x., zhao w., wang q., adingo s., ahiakpa j.k.","2022","integration of ridge and furrow rainwater harvesting systems and soil amendments improve crop yield under semi-arid conditions","PADDY AND WATER ENVIRONMENT, 20(3), 287-302.","meta-analysis"
"10.1016/j.agwat.2017.05.005","daryanto s., wang l., jacinthe p.-a.","2017","can ridge-furrow plastic mulching replace irrigation in dryland wheat and maize cropping systems?","AGRICULTURAL WATER MANAGEMENT, 190, 1-5.","meta-analysis"
"10.1016/j.agwat.2019.105883","wang j., pan z., pan f., he d., pan y., han g., huang n., zhang z., yin w., zhang j., peng r., wang z.","2020","the regional water-conserving and yield-increasing characteristics and suitability of soil tillage practices in northern china","AGRICULTURAL WATER MANAGEMENT, 228, 105883.","meta-analysis"
"10.1016/j.agwat.2020.106444","zhang s., wang h., sun x., fan j., zhang f., zheng j., li y.","2021","effects of farming practices on yield and crop water productivity of wheat, maize and potato in china: a meta-analysis","AGRICULTURAL WATER MANAGEMENT, 243, 106444.","meta-analysis"
"10.1016/j.agwat.2021.107422","han x., feng y., zhao j., ren a., lin w., sun m., gao z.","2022","hydrothermal conditions impact yield, yield gap and water use efficiency of dryland wheat under different mulching practice in the loess plateau","AGRICULTURAL WATER MANAGEMENT, 264, 107422.","meta-analysis"
"10.1016/j.agwat.2022.107617","minhua y., yanlin m., yanxia k., qiong j., guangping q., jinghai w., changkun y., jianxiong y.","2022","optimized farmland mulching improves alfalfa yield and water use efficiency based on meta-analysis and regression analysis","AGRICULTURAL WATER MANAGEMENT, 267, 107617.","meta-analysis"
"10.1016/j.eja.2018.07.005","yu y.-y., turner n.c., gong y.-h., li f.-m., fang c., ge l.-j., ye j.-s.","2018","benefits and limitations to straw- and plastic-film mulch on maize yield and water use efficiency: a meta-analysis across hydrothermal gradients","EUROPEAN JOURNAL OF AGRONOMY, 99, 138-147.","meta-analysis"
"10.1016/j.fcr.2018.02.017","li q., li h., zhang l., zhang s., chen y.","2018","mulching improves yield and water-use efficiency of potato cropping in china: a meta-analysis","FIELD CROPS RESEARCH, 221, 50-60.","meta-analysis"
"10.1016/j.fcr.2020.108026","he g., wang z., hui x., huang t., luo l.","2021","black film mulching can replace transparent film mulching in crop production","FIELD CROPS RESEARCH, 261, 108026.","meta-analysis"
"10.1016/j.fcr.2021.108210","wang h., zheng j., fan j., zhang f., huang c.","2021","grain yield and greenhouse gas emissions from maize and wheat fields under plastic film and straw mulching: a meta-analysis","FIELD CROPS RESEARCH, 270, 108210.","meta-analysis"
"10.1016/j.fcr.2022.108566","wei h., zhang f., zhang k., qin r., zhang w., sun g., huang j.","2022","effects of soil mulching on staple crop yield and greenhouse gas emissions in china: a meta-analysis","FIELD CROPS RESEARCH, 284, 108566.","meta-analysis"
"10.1016/j.scitotenv.2018.09.105","gao, h; yan, c; liu, q; ding, w; chen, b; li, z;","2019","effects of plastic mulching and plastic residue on agricultural production: a meta-analysis","SCIENCE OF THE TOTAL ENVIRONMENT, 651, 484-492.","meta-analysis"
"10.1016/j.scitotenv.2020.141479","wang l., coulter j.a., li l., luo z., chen y., deng x., xie j.","2020","plastic mulching reduces nitrogen footprint of food crops in china: a meta-analysis","SCIENCE OF TOTAL ENVIRONMENT, 748, 141479.","meta-analysis"
"10.1016/j.still.2020.104676","gu x., cai h., fang h., li y., chen p., li y.","2020","effects of degradable film mulching on crop yield and water use efficiency in china: a meta-analysis","SOIL AND TILLAGE RESEARCH, 202, 104676.","meta-analysis"
"10.1016/j.still.2020.104930","li y., yang j., shi z., pan w., liao y., li t., qin x.","2021","response of root traits to plastic film mulch and its effects on yield","SOIL AND TILLAGE RESEARCH, 209, 104930.","meta-analysis"
"10.1016/j.still.2022.105392","zhang w., dong a., liu f., niu w., siddique k.h.m.","2022","effect of film mulching on crop yield and water use efficiency in drip irrigation systems: a meta-analysis","SOIL AND TILLAGE RESEARCH, 221, 105392.","meta-analysis"
"10.1038/srep16210","qin w., hu c., oenema o.","2015","soil mulching significantly enhances yields and water and nitrogen use efficiencies of maize and wheat: a meta-analysis","SCIENTIFIC REPORTS, 5, 16210.","meta-analysis"
"10.1111/gcb.15043","zhang d., ng e.l., hu w., wang h., galaviz p., yang h., sun w., li c., ma x., fu b., zhao p., zhang f., jin s., zhou m., du l., peng c., zhang x., xu z., xi b., liu x., sun s., cheng z., jiang l., wang y., gong l., kou c., li y., ma y., huang d., zhu j., yao j., lin c., qin s., zhou l., he b., chen d., li h., zhai l., lei q., wu s., zhang y., pan j., gu b., liu h.","2020","plastic pollution in croplands threatens long-term food security","GLOBAL CHANGE BIOLOGY, 26(6), 3356-3367.","meta-analysis"
"10.1371/journal.pone.0262120","guo, c, liu, xf","2022","effect of soil mulching on agricultural greenhouse gas emissions in china: a meta-analysis","PLOS ONE, 17(1), e0262120.","meta-analysis"
"10.3389/fpls.2022.825309","adil m., zhang s., wang j., shah a.n., tanveer m., fiaz s.","2022","effects of fallow management practices on soil water, crop yield and water use efficiency in winter wheat monoculture system: a meta-analysis","FRONTIERS IN PLANT SCIENCE, 13:825309.","meta-analysis"
"10.3390/agronomy10101618","tofanelli m.b.d., wortman s.e.","2020","benchmarking the agronomic performance of biodegradable mulches against polyethylene mulch film: a meta-analysis","AGRONOMY, 10, 1618.","meta-analysis"
"10.3390/agronomy9060295","cuevas, j., daliakopoulos, i.n., del moral, f., hueso, j.j., tsanis, i.k.","2019","a review of soil-improving cropping systems for soil salinization","AGRONOMY, 9(6), 295.","meta-analysis"
"10.3390/agronomy9120793","wang l., coulter j.a., palta j.a., xie j., luo z., li l., carberry p., li q., deng x.","2019","mulching-induced changes in tuber yield and nitrogen use efficiency in potato in china: a meta-analysis","AGRONOMY, 9(12), 793.","meta-analysis"
"10.1016/j.agwat.2021.107293","wang l., li l., xie j., luo z., sumera a., zechariah e., fudjoe s.k., palta j.a., chen y.","2022","does plastic mulching reduce water footprint in field crops in china? a meta-analysis","AGRICULTURAL WATER MANAGEMENT, 260, 107293.","meta-analysis"
"10.1016/j.agee.2018.12.009","zheng, hf; ying, h; yin, yl; wang, yc; he, g; bian, qq; cui, zl; yang, qh","2019","irrigation leads to greater maize yield at higher water productivity and lower environmental costs: a global meta-analysis","Agriculture, Ecosystems & Environment 2019, 273, 62-69","meta-analysis"
"10.1016/j.jclepro.2017.06.085","he, g; cui, zl; ying, h; zheng, hf; wang, zh; zhang, fs","2017","managing the trade-offs among yield increase, water resources inputs and greenhouse gas emissions in irrigated wheat production systems","JOURNAL OF CLEANER PRODUCTION, 164, 567-574.","meta-analysis"
"10.1080/14735903.2018.1523828","magombeyi m.s., taigbenu a.e., barron j.","2018","effectiveness of agricultural water management technologies on rainfed cereals crop yield and runoff in semi-arid catchment: a meta-analysis","International Journal of Agricultural Sustainability 2018, 16:4-5, 418-441","meta-analysis"
"10.15666/aeer/1801_433446","jing, bh; wang, c; khan, s; yuan, yc; yang, wd; feng, mc","2020","yield response of winter wheat (triticum aestivum l.) to water stress in northern china: a meta-analysis","Applied Ecology and Environmental Research 18(1): 433-446.","meta-analysis"
"10.3390/agronomy12030709","yang, zh; hu, y; zhang, s; raza, s; wei, xr; zhao, xn","2022","the thresholds and management of irrigation and fertilization earning yields and water use efficiency in maize, wheat, and rice in china: a meta-analysis (1990-2020)","Agronomy 2022, 12(3), 709","meta-analysis"
"10.3390/agriculture7030027","sharma s., chaubey i.","2017","surface and subsurface transport of nitrate loss from the selected bioenergy crop fields: systematic review, analysis and future directions","Agriculture 2017, 7(3), 27","meta-analysis"
"10.1007/s00271-020-00696-x","mitchell-mccallister, d; cano, a; west, c","2020","meta-analysis of crop water use efficiency by irrigation system in the texas high plains","Irrigation Science 38: 535-546.","meta-analysis"
"10.1016/j.fcr.2022.108787","zhang, gx; zhang, y; zhao, dh; liu, sj; wen, xx; han, j; liao, yc","2023","quantifying the impacts of agricultural management practices on the water use efficiency for sustainable production in the loess plateau region: a meta-analysis","Field Crops Research, 291: 108787","meta-analysis"
"10.1002/ldr.3470","mondal, s; chakraborty, d; bandyopadhyay, k; aggarwal, p; rana, ds","2020","a global analysis of the impact of zero-tillage on soil physical condition, organic carbon content, and plant root response","LAND DEGRADATION & DEVELOPMENT 31, 557-567","meta-analysis"
"10.1002/saj2.20260","nicoloso, rs; rice, cw","2021","intensification of no-till agricultural systems: an opportunity for carbon sequestration","SOIL SCIENCE SOCIETY OF AMERICA JOURNAL 85, 1395–1409","meta-analysis"
"10.1007/s10533-004-0360-2","ogle, sm; breidt, fj; paustian, k","2005","agricultural management impacts on soil organic carbon storage under moist and dry climatic conditions of temperate and tropical regions","BIOGEOCHEMISTRY","meta-analysis"
"10.1007/s10533-011-9600-4","virto, i; barre, p; burlot, a; chenu, c","2012","carbon input differences as the main factor explaining the variability in soil organic c storage in no-tilled compared to inversion tilled agrosystems","BIOGEOCHEMISTRY","meta-analysis"
"10.1007/s13593-016-0354-1","cooper, j; baranski, m; stewart, g; nobel-de lange, m; barberi, p; fliessbach, a; peigne, j; berner, a; brock, c; casagrande, m; crowley, o; david, c; de vliegher, a; doring, tf; dupont, a; entz, m; grosse, m; haase, t; halde, c; hammerl, v; huiting, h; leithold, g; messmer, m; schloter, m; sukkel, w; van der heijden, mga; willekens, k; wittwer, r; mader, p","2016","shallow non-inversion tillage in organic farming maintains crop yields and increases soil c stocks: a meta-analysis","AGRONOMY FOR SUSTAINABLE DEVELOPMENT 36, 22","meta-analysis"
"10.1016/j.agee.2010.08.006","luo, zk; wang, el; sun, oj","2010","can no-tillage stimulate carbon sequestration in agricultural soils? a meta-analysis of paired experiments","AGRICULTURE ECOSYSTEMS & ENVIRONMENT","meta-analysis"
"10.1016/j.agee.2013.02.003","aguilera, e; lassaletta, l; gattinger, a; gimeno, bs","2013","managing soil carbon for climate change mitigation and adaptation in mediterranean cropping systems: a meta-analysis","AGRICULTURE ECOSYSTEMS & ENVIRONMENT, 168, 25-36.","meta-analysis"
"10.1016/j.earscirev.2017.12.015","meurer, khe; haddaway, nr; bolinder, ma; katterer, t","2018","tillage intensity affects total soc stocks in boreo-temperate regions only in the topsoil-a systematic review using an esm approach","EARTH-SCIENCE REVIEWS","meta-analysis"
"10.1016/j.scitotenv.2018.02.238","li, sq; zheng, xh; liu, cy; yao, zs; zhang, w; han, sh","2018","influences of observation method, season, soil depth, land use and management practice on soil dissolvable organic carbon concentrations: a meta-analysis","SCIENCE OF THE TOTAL ENVIRONMENT","meta-analysis"
"10.1016/j.scitotenv.2020.140147","li, y; li, z; chang, sx; cui, s; jagadamma, s; zhang, qp; cai, yj","2020","residue retention promotes soil carbon accumulation in minimum tillage systems: implications for conservation agriculture","SCIENCE OF THE TOTAL ENVIRONMENT 740, 140147","meta-analysis"
"10.1016/j.still.2021.104939","kan, zr; liu, qy; virk, al; he, c; qi, jy; dang, yp; zhao, x; zhang, hl","2021","effects of experiment duration on carbon mineralization and accumulation under no-till","SOIL & TILLAGE RESEARCH 209, 104939","meta-analysis"
"10.1017/S0021859614001002","mangalassery, s; sjogersten, s; sparkes, dl; mooney, sj","2015","examining the potential for climate change mitigation from zero tillage","JOURNAL OF AGRICULTURAL SCIENCE","meta-analysis"
"10.1111/gcb.13513","kopittke, pm; dalal, rc; finn, d; menzies, nw","2017","global changes in soil stocks of carbon, nitrogen, phosphorus, and sulphur as influenced by long-term agricultural production","GLOBAL CHANGE BIOLOGY, 2, 2509-2519.","meta-analysis"
"10.1111/gcb.15001","sun, wj; canadell, jg; yu, lj; yu, lf; zhang, w; smith, p; fischer, t; huang, y","2020","climate drives global soil carbon sequestration and crop yield changes under conservation agriculture","GLOBAL CHANGE BIOLOGY 26, 3325-3335","meta-analysis"
"10.1186/s13750-017-0108-9","haddaway, nr; hedlund, k; jackson, le; katterer, t; lugato, e; thomsen, ik; jorgensen, hb; isberg, pe","2017","how does tillage intensity affect soil organic carbon? a systematic review","ENVIRONMENTAL EVIDENCE 6","meta-analysis"
"10.2136/sssaj2007.0342","angers, da; eriksen-hamel, ns","2008","full-inversion tillage and organic carbon distribution in soil profiles: a meta-analysis","SOIL SCIENCE SOCIETY OF AMERICA JOURNAL","meta-analysis"
"10.5194/bg-13-3619-2016","abdalla, k; chivenge, p; ciais, p; chaplot, v","2016","no-tillage lessens soil co2 emissions the most under arid and sandy soil conditions: results from a meta-analysis","BIOGEOSCIENCES 13, 3619-3633","meta-analysis"
"10.1016/j.agee.2018.09.002","huang, yw; ren, w; wang, lx; hui, df; grove, jh; yang, xj; tao, b; goff, b","2018","greenhouse gas emissions and crop yield in no-tillage systems: a meta- analysis","AGRICULTURE ECOSYSTEMS AND ENVIRONMENT 268: 144-153.","meta-analysis"
"10.1016/j.fcr.2015.07.020","pittelkow, cm; linquist, ba; lundy, me; liang, xq; van groenigen, kj; lee, j; van gestel, n; six, j; venterea, rt; van kessel, c","2015","when does no-till yield more? a global meta-analysis","FIELD CROPS RESEARCH","meta-analysis"
"10.1016/j.fcr.2015.07.023","lundy, me; pittelkow, cm; linquist, ba; liang, xq; van groenigen, kj; lee, j; six, j; venterea, rt; van kessel, c","2015","nitrogen fertilization reduces yield declines following no-till adoption","FIELD CROPS RESEARCH","meta-analysis"
"10.1016/j.scitotenv.2020.142299","shakoor, a; shahbaz, m; farooq, th; sahar, ne; shahzad, sm; altaf, mm; ashraf, m","2021","a global meta-analysis of greenhouse gases emission and crop yield under no-tillage as compared to conventional tillage","SCIENCE OF THE TOTAL ENVIRONMENT 750, 142299","meta-analysis"
"10.1038/nature13809","pittelkow, cm; liang, xq; linquist, ba; van groenigen, kj; lee, j; lundy, me; van gestel, n; six, j; venterea, rt; van kessel, c","2015","productivity limits and potentials of the principles of conservation agriculture","NATURE","meta-analysis"
"10.1038/s41598-017-09742-9","chakraborty, d; ladha, jk; rana, ds; jat, ml; gathala mk; yadav, s; rao, an; ramesha, ms; raman, a","2017","a global analysis of alternative tillage and crop establishment practices for economically and environmentally efficient rice production","Scientific Reports","meta-analysis"
"10.1111/j.1365-2486.2012.02779.x","van kessel, c; venterea, r; six, j; adviento-borbe, ma; linquist, b; van groenigen, kj","2013","climate, duration, and n placement determine n2o emissions in reduced tillage systems: a meta-analysis","GLOBAL CHANGE BIOLOGY","meta-analysis"
"10.1016/j.still.2018.05.006","mei, k; wang, zf; huang, h; zhang, c; shang, x; dahlgren, ra; zhang, mh; xia, f","2018","stimulation of n2o emission by conservation tillage management in agricultural lands: a meta-analysis","SOIL & TILLAGE RESEARCH","meta-analysis"
"10.1016/j.still.2021.105042","maucieri, c; tolomio, m; mcdaniel, md; zhang, yj; robatjazi, j; borin, m","2021","no-tillage effects on soil ch4 fluxes: a meta-analysis","SOIL & TILLAGE RESEARCH 212, 105042","meta-analysis"
"10.1371/journal.pone.0196703","feng, jf; li, fb; zhou, xy; xu, cc; ji, l; chen, zd; fang, fp","2018","impact of agronomy practices on the effects of reduced tillage systems on ch4 and n2o emissions from agricultural fields: a global meta-analysis","PLOS ONE 13 (5)","meta-analysis"
"10.2134/jeq2017.03.0121","daryanto, s; wang, lx; jacinthe, pa","2017","meta-analysis of phosphorus loss from no-till soils","JOURNAL OF ENVIRONMENTAL QUALITY","meta-analysis"
"10.1016/j.agee.2020.106849","rowen, ek; regan, kh; barbercheck, me; tooker, jf","2020","is tillage beneficial or detrimental for insect and slug management? a meta-analysis","AGRICULTURE ECOSYSTEMS & ENVIRONMENT 294, 106849","meta-analysis"
"10.1016/j.soilbio.2018.02.024","li, y; chang, sx; tian, lh; zhang, qp","2018","conservation agriculture practices increase soil microbial biomass carbon and nitrogen in agricultural soils: a global meta-analysis","SOIL BIOLOGY & BIOCHEMISTRY","meta-analysis"
"10.1016/j.still.2020.104721","li, yz; song, dp; liang, sh; dang, pf; qin, xl; liao, yc; siddique, khm","2020","effect of no-tillage on soil bacterial and fungal community diversity: a meta-analysis","SOIL & TILLAGE RESEARCH 204, 104721","meta-analysis"
"10.1111/gcb.13744","briones, mji; schmidt, o","2017","conventional tillage decreases the abundance and biomass of earthworms and alters their community structure in a global meta-analysis","GLOBAL CHANGE BIOLOGY","meta-analysis"
"10.3220/LBF1512114926000","moos, jh; schrader, s; paulsen, hm","2017","reduced tillage enhances earthworm abundance and biomass in organic farming: a meta-analysis","LANDBAUFORSCHUNG-JOURNAL OF SUSTAINABLE AND ORGANIC AGRICULTURAL SYSTEMS 67, 123-128","meta-analysis"
"10.1016/j.agee.2016.04.033","mhazo, n; chivenge, p; chaplot, v","2016","tillage impact on soil erosion by water: discrepancies due to climate and soil characteristics","AGRICULTURE ECOSYSTEMS & ENVIRONMENT","meta-analysis"
"10.1016/j.still.2015.04.007","sun, yn; zeng, yj; shi, qh; pan, xh; huang, s","2015","no-tillage controls on runoff: a meta-analysis","SOIL & TILLAGE RESEARCH","meta-analysis"
"10.1016/j.geoderma.2019.114099","li, y; li, z; cui, s; zhang, qp","2020","trade-off between soil ph, bulk density and other soil physical properties under global no-tillage agriculture","GEODERMA 361, 114099","meta-analysis"
"10.1111/j.1365-2664.2005.01005.x","bengtsson, j; ahnstrom, j; weibull, ac.","2005","the effects of organic agriculture on biodiversity and abundance: a meta-analysis.","Journal of Applied Ecology 42: 261-269.","meta-analysis"
"10.1890/12-0110.1","crowder, dw; northfield, td; gomulkiewicz, r; snyder, we.","2012","conserving and promoting evenness: organic farming and fire-based wildland management as case studies.","Ecology 93: 2001–2007.","meta-analysis"
"10.1016/j.agsy.2011.12.004","de ponti t., rijk b., van ittersum m.k.","2012","the crop yield gap between organic and conventional agriculture.","AGRICULTURAL SYSTEMS 108, 1–9","meta-analysis"
"10.5344/ajev.2019.18047","doring, j; collins, c; frisch, m; kauer, r","2019","organic and biodynamic viticulture affect biodiversity and properties of vine and wine: a systematic quantitative review","AMERICAN JOURNAL OF ENOLOGY AND VITICULTURE, 70(3), 221-242.","meta-analysis"
"10.1111/1365-2664.13113","garcia-palacios, p; gattinger, a; bracht-jorgensen, h; brussaard, l; carvalho, f; castro, h; clement, jc; de deyn, g; d'hertefeldt, t; foulquier, a; hedlund, k; lavorel, s; legay, n; lori, m; mader, p; martinez-garcia, lb; da silva, p; muller, a; nascimento, e; reis, f; symanczik, s; sousa, j; milla, r.","2018","crop traits drive soil carbon sequestration under organic farming","Journal of Applied Ecology 30, 1–10.","meta-analysis"
"10.1016/j.agee.2011.03.014","garratt, mpd; wright, dj; leather, sr.","2011","the effects of farming system and fertilisers on pests and natural enemies: a synthesis of current research","AGRICULTURE ECOSYSTEMS & ENVIRONMENT 141, 261-270.","meta-analysis"
"10.1073/pnas.1209429109","gattinger a; muller a; haeni m; skinner c; fliessbach a; buchmann n; mäder p; stolze m; smith p; el-hage scialabba n; niggli u.","2012","enhanced top soil carbon stocks under organic farming","PNAS 109 (44), 18226-18231.","meta-analysis"
"10.1016/j.soilbio.2009.08.020","kaschuk, g;  alberton, o;  hungria, m.","2010","three decades of soil microbial biomass studies in brazilian ecosystems: lessons learned about soil quality and indications for improving sustainability.","Soil Biology & Biochemistry 42: 1–13.","systematic review"
"10.1016/j.biocon.2018.11.020","katayama, n; bouam, i; koshida, c; baba, yg","2019","biodiversity and yield under different land-use types in orchard/vineyard landscapes: a meta-analysis","BIOLOGICAL CONSERVATION 229, 125-133.","meta-analysis"
"10.1016/j.jenvman.2015.07.021","lee k.s., choe y.c., park s.h.","2015","measuring the environmental effects of organic farming: a meta-analysis of structural variables in empirical research","JOURNAL OF ENVIRONMENTAL MANAGEMENT 162, 263-274.","meta-analysis"
"10.1007/s13593-017-0455-5","lesur-dumoulin, c; malezieux, e; ben-ari, t; langlais, c; makowski, d.","2017","lower average yields but similar yield variability in organic versus conventional horticulture. a meta-analysis.","Agronomy for Sustainable Development 37, 45","meta-analysis"
"10.1111/gcb.13714","lichtenberg, em; kennedy, cm; kremen, c; batary, p; berendse, f; bommarco, r; bosque-perez, na; carvalheiro, lg; snyder, we; williams, nm; winfree, r; klatt, bk; astrom, s; benjamin, f; brittain, c; chaplin-kramer, r; clough, y; danforth, b; diekotter, t; eigenbrode, sd; ekroos, j; elle, e; freitas, bm; fukuda, y; gaines-day, hr; grab, h; gratton, c; holzschuh, a; isaacs, r; isaia, m; jha, s; jonason, d; jones, vp; klein, am; krauss, j; letourneau, dk; macfadyen, s; mallinger, re; martin, ea; martinez, e; memmott, j; morandin, l; neame, l; otieno, m; park, mg; pfiffner, l; pocock, mjo; ponce, c; potts, sg; poveda, k; ramos, m; rosenheim, ja; rundlof, m; sardinas, h; saunders, me; schon, nl; sciligo, ar; sidhu, cs; steffan-dewenter, i; tscharntke, t; vesely, m; weisser, ww; wilson, jk; crowder, dw.","2017","a global synthesis of the effects of diversified farming systems on arthropod diversity within fields and across agricultural landscapes.","GLOBAL CHANGE BIOLOGY, 23, 11,  4946-4957.","meta-analysis"
"10.1108/00070700910992925","mondelaers, k; aertsens, j; van huylenbroeck, g.","2009","a meta-analysis of the differences in environmental impacts between organic and conventional farming","BRITISH FOOD JOURNAL 111 10, 1098-1119","meta-analysis"
"www.scielo.org.co/scielo.php?pid=S0120-04882014000200001&script=sci_abstract","montañez, mn; amarillo-suárez, a.","2014","impact of organic crops on the diversity of insects: a review of recent research.","Revista Colombiana de Entomología 40: 131 - 142.","meta-analysis"
"10.1038/s41893-018-0102-4","muneret, l; mitchell, m; seufert, v; aviron, s; djoudi, e; petillon, j; plantegenest, m; thiery, d; rusch, a.","2018","evidence that organic farming promotes pest control","Nature Sustainability 1, 361-368","meta-analysis"
"10.1098/rspb.2014.1396","ponisio, lc; m'gonigle, lk; mace, kc; palomino, j; de valpine, p; kremen, c","2015","diversification practices reduce organic to conventional yield gap","Proc. R. Soc. B 282, 20141396","meta-analysis"
"10.1038/nature11069","seufert, v; ramankutty, n; foley, ja","2012","comparing the yields of organic and conventional agriculture","NATURE 485, 229–232.","meta-analysis"
"10.1016/j.scitotenv.2013.08.098","skinner, c; gattinger, a; muller, a; mader, p; fliessbach, a; stolze, m; ruser, r; niggli, u.","2014","greenhouse gas fluxes from agricultural soils under organic and non-organic management - a global meta-analysis","Science of the Total Environment 468–469, 553–563","meta-analysis"
"10.1073/pnas.1906909117","smith, om; cohen, al; reganold, jp; jones, ms; orpet, rj; taylor, jm; thurman, jh; cornell, ka; olsson, rl; ge, y; kennedy, cm; crowder, dw","2020","landscape context affects the sustainability of organic farming systems","PROCEEDINGS OF THE NATIONAL ACADEMY OF SCIENCES OF THE UNITED STATES OF AMERICA, 117(6), 2870-2878.","meta-analysis"
"10.3389/fsufs.2019.00082","smith, om; cohen, al; rieser, cj; davis, ag; taylor, jm; adesanya, aw; jones, ms; meier, ar; reganold, jp; orpet, rj; northfield, td; crowder, dw","2019","organic farming provides reliable environmental benefits but increases variability in crop yields: a global meta-analysis","FRONTIERS IN SUSTAINABLE FOOD SYSTEMS, 3,","meta-analysis"
"10.1111/1365-2664.12219","tuck, sl; winqvist, c; mota, f; ahnstrom, j; turnbull, la; bengtsson, j.","2014","land-use intensity and the effects of organic farming on biodiversity: a hierarchical meta-analysis.","Journal of Applied Ecology 51: 746-755.","meta-analysis"
"10.1016/j.jenvman.2012.08.018","tuomisto hl; hodge id; riordana p; macdonald dw","2012","does organic farming reduce environmental impacts? – a meta-analysis of european research","JOURNAL OF ENVIRONMENTAL MANAGEMENT, 112, 309-320.","meta-analysis"
"10.1007/978-3-319-00915-5_3","wilcox, jc; barbottin, a; durant, d; tichit, m; makowski, d.","2013","farmland birds and arable farming, a meta-analysis.","Sustainable Agriculture Reviews 13: 35-63.","meta-analysis"
"10.1080/03650340.2021.1946040","alvarez, r","2022","comparing productivity of organic and conventional farming systems: a quantitative review","ARCHIVES OF AGRONOMY AND SOIL SCIENCE","meta-analysis"
"10.1071/SR21098","alvarez, r","2021","organic farming does not increase soil organic carbon compared to conventional farming if there is no carbon transfer from other agroecosystems. a meta-analysis","Soil Research 60(3) 211-223","meta-analysis"
"10.3390/agronomy10081149","wei, zb; ying, h; guo, xw; zhuang, mh; cui, zl; zhang, fs","2020","substitution of mineral fertilizer with organic fertilizer in maize systems: a meta-analysis of reduced nitrogen and carbon emissions","AGRONOMY, 10, 1149.","meta-analysis"
"10.1016/j.agee.2016.10.024","vicente-vicente, jl; garcia-ruiz, r; francaviglia, r; aguilera, e; smith, p","2016","soil carbon sequestration rates under mediterranean woody crops using recommended management practices: a meta-analysis","AGRICULTURE ECOSYSTEMS & ENVIRONMENT, 235, 204-214.","meta-analysis"
"10.1016/j.scitotenv.2020.141003","liu, s; wang, j; pu, s; blagodatskaya, e; kuzyakov, y; razavi, bs","2020","impact of manure on soil biochemical properties: a global synthesis","SCIENCE OF THE TOTAL ENVIRONMENT, 745, 141003.","meta-analysis"
"10.1016/S2095-3119(17)61673-3","dai, sy; wang, j; cheng, y; zhang, jb; cai, zc","2017","effects of long-term fertilization on soil gross n transformation rates and their implications","JOURNAL OF INTEGRATIVE AGRICULTURE, 16, 2863-2870.","meta-analysis"
"10.1038/srep27199","han, pf; zhang, w; wang, gc; sun, wj; huang, y","2016","changes in soil organic carbon in croplands subjected to fertilizer management: a global meta-analysis","SCIENTIFIC REPORTS, 6 27199.","meta-analysis"
"10.1111/gcb.12438","maillard, é; angers, da","2014","animal manure application and soil organic carbon stocks: a meta-analysis","GLOBAL CHANGE BIOLOGY, 20, 666–679.","meta-analysis"
"10.1007/s13593-019-0579-x","blouin, m; barrere, j; meyer, n; lartigue, s; barot, s; mathieu, j","2019","vermicompost significantly affects plant growth. a meta-analysis","AGRONOMY FOR SUSTAINABLE DEVELOPMENT, 39, 34.","meta-analysis"
"10.1111/gcbb.12507","fabio, es; smart, lb","2018","effects of nitrogen fertilization in shrub willow short rotation coppice production - a quantitative review","GLOBAL CHANGE BIOLOGY BIOENERGY, 10(8), 548-564.","meta-analysis"
"10.2134/ael2019.07.0024","luo, wq; o'brien, pl; hatfield, jl","2019","crop yield and nitrous oxide emissions following swine manure application: a meta-analysis","AGRICULTURAL & ENVIRONMENTAL LETTERS, 4(1), 190024.","meta-analysis"
"10.2134/agronj2016.10.0627","wortman, se; holmes, aa; miernicki, e; knoche, k; pittelkow, cm","2017","first‐season crop yield response to organic soil amendments: a meta‐analysis","AGRONOMY JOURNAL, 109(4), 1210–1217.","meta-analysis"
"10.1016/j.agee.2012.09.006","aguilera, e; lassaletta, l; sanz-cobena, a; garnier, j; vallejo, a","2013","the potential of organic fertilizers and water management to reduce n2o emissions in mediterranean climate cropping systems. a review","AGRICULTURE ECOSYSTEMS & ENVIRONMENT, 164, 32-52.","meta-analysis"
"10.1016/j.agee.2016.11.021","charles, a; rochette, p; whalen, jk; angers, da; chantigny, mh; bertrand, n","2017","global nitrous oxide emission factors from agricultural soils after addition of organic amendments: a meta-analysis","AGRICULTURE ECOSYSTEMS & ENVIRONMENT, 236, 88-98.","meta-analysis"
"10.1016/j.jclepro.2020.124019","shakoor, a; shakoor, s; rehman, a; ashraf, f; abdullah, m; shahzad, sm; farooq, th; ashraf, m; manzoor, ma; altaf, mm; altaf, ma","2021","effect of animal manure, crop type, climate zone, and soil attributes on greenhouse gas emissions from agricultural soils—a global meta-analysis","JOURNAL OF CLEANER PRODUCTION, 278, 124019.","meta-analysis"
"10.1016/j.scitotenv.2020.141795","yang, l; deng, y; wang, x; zhang, w; shi, x; chen, x; lakshmanan, p; zhang, f","2021","global direct nitrous oxide emissions from the bioenergy crop sugarcane (saccharum spp. inter-specific hybrids)","SCIENCE OF THE TOTAL ENVIRONMENT, 752, 141795.","meta-analysis"
"10.1111/gcb.13648","zhou, mh; zhu, b; wang, sj; zhu, xy; vereecken, h; bruggemann, n","2017","stimulation of n2o emission by manure application to agricultural soils may largely offset carbon benefits: a global meta-analysis","GLOBAL CHANGE BIOLOGY, 23, 4068-4083.","meta-analysis"
"10.13031/2013.41918","liu, z; powers, w","2012","meta-analysis of greenhouse gas emissions from swine manure land application","AMERICAN SOCIETY OF AGRICULTURAL AND BIOLOGICAL ENGINEERS, 2012 Annual International Meeting, 5, 3829-3843.","meta-analysis"
"10.2760/373351","huygens, d; orveillon, g; lugato, e; tavazzi, s; comero, s; jones, a; gawlik, b; saveyn, hgm","2020","technical proposals for the safe use of processed manure above the threshold established for nitrate vulnerable zones by the nitrates directive (91/676/eec).","EUR 30363 EN, Publications Office of the European Union, Luxembourg","meta-analysis"
"10.1016/j.agee.2011.08.020","kallenbach, c; grandy, as","2011","controls over soil microbial biomass responses to carbon amendments in agricultural systems: a meta-analysis","AGRICULTURE ECOSYSTEMS & ENVIRONMENT, 144(1), 241-252.","meta-analysis"
"10.1016/j.agee.2016.07.015","liu, t; chen, xy; hu, f; ran, w; shen, qr; li, hx; whalen, jk","2016","carbon-rich organic fertilizers to increase soil biodiversity: evidence from a meta-analysis of nematode communities","AGRICULTURE ECOSYSTEMS & ENVIRONMENT, 232, 199-207.","meta-analysis"
"10.1016/j.soilbio.2019.107632","luo, gw; sun, b; li, l; li, mh; liu, mq; zhu, yy; guo, sw; ling, n; shen, qr","2019","understanding how long-term organic amendments increase soil phosphatase activities: insight into phod- and phoc-harboring functional microbial populations","SOIL BIOLOGY & BIOCHEMISTRY, 139, 107632.","meta-analysis"
"10.1016/j.apsoil.2017.03.011","liu, xja; van groenigen, kj; dijkstra, p; hungate, ba","2017","increased plant uptake of native soil nitrogen following fertilizer addition - not a priming effect?","APPLIED SOIL ECOLOGY, 114, 105-110.","meta-analysis"
"10.1016/j.geoderma.2020.114784","cao, y; he, z; zhu, t; zhao, f","2021","organic-c quality as a key driver of microbial nitrogen immobilization in soil: a meta-analysis","GEODERMA, 383, 114784.","meta-analysis"
"10.1016/j.geoderma.2019.03.036","xu, sq; liu, x; li, xj; tian, cj","2019","soil organic carbon changes following wetland cultivation: a global meta-analysis","GEODERMA, 347, 49-58.","meta-analysis"
"10.1016/j.geoderma.2019.06.027","xu, sq; liu, x; li, xj; tian, cj","2019","soil organic carbon changes following wetland restoration: a global meta-analysis","GEODERMA, 353, 89-96.","meta-analysis"
"10.1002/ece3.2469","abdalla, m; hastings, a; truu, j; espenberg, m; mander, u; smith, p","2016","emissions of methane from northern peatlands: a review of management impacts and implications for future management options","ECOLOGY AND EVOLUTION, 6(19), 7080-7102.","meta-analysis"
"10.1038/s41558-021-01059-w","huang, y; ciais, p; luo, y; zhu, d; wang, y; qiu, c; goll, ds; guenet, b; makowski, d; de graaf, i; leifeld, j","2021","tradeoff of co2 and ch4 emissions from global peatlands under water-table drawdown","NATURE CLIMATE CHANGE, 11, 618-622.","meta-analysis"
"10.1111/gcb.14933","tan, ls; ge, zm; zhou, xh; li, sh; li, xz; tang, jw","2020","conversion of coastal wetlands, riparian wetlands, and peatlands increases greenhouse gas emissions: a global meta-analysis","GLOBAL CHANGE BIOLOGY, 26(3), 1638-1653.","meta-analysis"
"10.1186/2047-2382-3-5","haddaway, nr; burden, a; evans, cd; healey, jr; jones, dl; dalrymple, se; pullin, as","2014","evaluating effects of land management on greenhouse gas fluxes and carbon balances in boreo-temperate lowland peatland systems","ENVIRONMENTAL EVIDENCE, 3(1), 1-30.","meta-analysis"
"10.1016/j.biocon.2005.06.003","stewart, gb; coles, cf; pullin, as","2005","applying evidence-based practice in conservation management: lessons from the first systematic review and dissemination projects","BIOLOGICAL CONSERVATION, 126, 270-278.","systematic review"
"10.1016/j.agee.2008.12.004","valkama, e; uusitalo, r; ylivainio, k; virkajarvi, p; turtola, e","2009","phosphorus fertilization: a meta-analysis of 80 years of research in finland","AGRICULTURE ECOSYSTEMS AND ENVIRONMENT, 130, 75-85.","meta-analysis"
"10.1016/j.ese.2020.100063","chen, m; chang, l; zhang, j; guo, f; vymazal, j; he, q; chen, y","2020","global nitrogen input on wetland ecosystem: the driving mechanism of soil labile carbon and nitrogen on greenhouse gas emissions","ENVIRONMENTAL SCIENCE AND ECOTECHNOLOGY, 4, 100063.","meta-analysis"
"10.1017/wsc.2018.25","davis s., mangold j., menalled f., orloff n., miller z., lehnhoff e.a","2018","a meta-analysis of field bindweed (convolvulus arvensis) management in annual and perennial systems","Weed Science 66 (4), 540-547","meta-analysis"
"10.1017/wsc.2018.6","davis s., mangold j., menalled f., orloff n., miller z., lehnhoff e.b","2018","a meta-analysis of canada thistle (cirsium arvense) management","Weed Science 66 (4), 548-557","meta-analysis"
"10.1371/journal.pone.0200131","fleming d., musser f., reisig d., greene j., taylor s., parajulee m., lorenz g., catchot a., gore j., kerns d., stewart s., boykin d., caprio m., little n.","2018","effects of transgenic bacillus thuringiensis cotton on insecticide use, heliothine counts, plant damage, and cotton yield: a meta-analysis, 1996-2015","Plos one 13, 7","meta-analysis"
"10.2134/agronj2015.0512","hossard l., archer d.w., bertrand m., colnenne-david c., debaeke p., ernfors m., jeuffroy m.-h., munier-jolain n., nilsson c., sanford g.r., snapp s.s., jensen e.s., makowski d.","2016","a meta-analysis of maize and wheat yields in low-input vs. conventional and organic systems","Agronomy Journal 108 (3), 1155-1167","meta-analysis"
"10.1371/journal.pone.0111629","klümper w., qaim m.","2014","a meta-analysis of the impacts of genetically modified crops","Plos one 9, 11","meta-analysis"
"10.3390/agronomy10040560","lázaro e., makowski d., martínez-minaya j., vicent a.","2020","comparison of frequentist and bayesian meta-analysis models for assessing the efficacy of decision support systems in reducing fungal disease incidence","Agronomy 10, 4","meta-analysis"
"10.1126/science.1139208","marvier m., mccreedy c., regetz j., kareiva p.","2007","a meta-analysis of effects of bt cotton and maize on nontarget invertebrates","Science 316, 1475-1477","meta-analysis"
"10.1007/s11104-018-3619-4","liu, q; zhang, yh; liu, bj; amonette, je; lin, zb; liu, g; ambus, p; xie, zb","2018","how does biochar influence soil n cycle? a meta-analysis","Plant Soil 426:211–25","meta-analysis"
"10.1016/j.scitotenv.2018.11.316","sha, zp; li, qq; lv, tt; misselbrook, t; liu, xj","2019","response of ammonia volatilization to biochar addition: a meta-analysis","Sci Total Environ. 655:1387–96.","meta-analysis"
"10.1016/j.scitotenv.2020.142582","albert, ha; li, x; jeyakumar, p; wei, l; huang, lx; huang, q; kamran, m; shaheen, sm; hou, dy; rinklebe, j; liu, zz; wang, hl","2021","influence of biochar and soil properties on soil and plant tissue concentrations of cd and pb: a meta-analysis","Sci Total Environ. 755:142582.","meta-analysis"
"10.1111/gcbb.12194","maestrini, b; nannipieri, p; abiven, s","2015","a meta-analysis on pyrogenic organic matter induced priming effect","GCB Bioenergy. 7(4):577-90","meta-analysis"
"10.1111/gcbb.12265","liu, sw; zhang, yj; zong, yj; hu, zq; wu, s; zhou, j; jin, yg; zou, jw","2016","response of soil carbon dioxide fluxes, soil organic carbon and microbial biomass carbon to biochar amendment: a meta-analysis","GCB Bioenergy 8:392–406.","meta-analysis"
"10.1111/gcbb.12266","wang, jy; xiong, zq; kuzyakov, y","2016","biochar stability in soil: meta-analysis of decomposition and priming effects","GLOBAL CHANGE BIOLOGY AND BIOENERGY, 8(3), 512-523.","meta-analysis"
"10.1007/s11056-015-9491-7","thomas sc, gale n. biochar and forest restoration: a review and meta-analysis of tree growth responses.","2015","biochar and forest restoration: a review and meta-analysis of tree growth responses.","New For 46:931–46.","meta-analysis"
"10.1016/bs.agron.2017.11.005","awad, ym; wang, jy; igalavithana, ad; tsang, dcw; kim, kh; lee, ss; ok, ys","2018","biochar effects on rice paddy: meta-analysis","ADVANCES IN AGRONOMY, 148, 1-32.","meta-analysis"
"10.1016/j.agrformet.2019.107625","wu, z; zhang, x; dong, yb; li, b; xiong, zq","2019","biochar amendment reduced greenhouse gas intensities in the rice-wheat rotation system: six-year field observation and meta-analysis","Agric For Meteorol. 278:107625.","meta-analysis"
"10.1016/j.fcr.2020.108049","liu l, li h, zhu s, gao y, zheng x, xu y.","2021","the response of agronomic characters and rice yield to organic fertilization in subtropical china: a three-level meta-analysis","F Crop Res. 263:108049.","meta-analysis"
"10.1016/j.scitotenv.2018.08.392","zhao, x; pu, c; ma, st; liu, sl; xue, jf; wang, x; wang, yq; li, ss; lal, r; chen, f; zhang, hl","2019","management-induced greenhouse gases emission mitigation in global rice production","SCIENCE OF THE TOTAL ENVIRONMENT 2019, 649, 1299-1306.","meta-analysis"
"10.1016/j.scitotenv.2020.136635","dai, yh; zheng, h; jiang, zx; xing, bs","2020","combined effects of biochar properties and soil conditions on plant growth: a meta-analysis","Sci Total Environ. 713:136635.","meta-analysis"
"10.1016/j.scitotenv.2020.140696","gu, jx; wu, yy; tian, zy; xu, hh","2020","nitrogen use efficiency, crop water productivity and nitrous oxide emissions from chinese greenhouse vegetables: a meta-analysis","SCIENCE OF THE TOTAL ENVIRONMENT, 743, 140696.","meta-analysis"
"10.1088/1748-9326/aa67bd","jeffery, s; abalos, d; prodana, m; bastos, ac; van groenigen, jw; hungate, ba; verheijen, f","2017","biochar boosts tropical but not temperate crop yields","Environ. Res. Lett. 053001.","meta-analysis"
"10.1111/gcbb.12720","he, yh; yao, yx; ji, yh; deng, j; zhou, gy; liu, rq; shao, jj; zhou, ly; li, n; zhou, xh; bai, sh","2020","biochar amendment boosts photosynthesis and biomass in c(3)but not c(4)plants: a global synthesis","GCB Bioenergy 12:605–17","meta-analysis"
"10.3390/su12083436","zhang, q; xiao, j; xue, jh; zhang, l","2020","quantifying the effects of biochar application on greenhouse gas emissions from agricultural soils: a global meta-analysis","Sustainability 12:3436. .","meta-analysis"
"10.1007/s10021-018-0248-y","ji, c; jin, yg; li, c; chen, j; kong, dl; yu, k; liu, sw; zou, jw","2018","variation in soil methane release or uptake responses to biochar amendment: a separate meta-analysis","Agric For Meteorol. 278:107625.","meta-analysis"
"10.1016/j.scitotenv.2018.10.060","borchard, n; schirrmann, m; cayuela, ml; kammann, c; wrage-monnig, n; estavillo, jm; fuertes-mendizabal, t; sigua, g; spokas, k; ippolito, ja; novak, j","2019","biochar, soil and land-use interactions that reduce nitrate leaching and n2o emissions: a meta-analysis","Sci. Total Environ. 2354–64.","meta-analysis"
"10.1016/j.scitotenv.2018.11.396","liu, x; mao, pn; li, lh; ma, j","2019","impact of biochar application on yield-scaled greenhouse gas intensity: a meta-analysis","Sci. Total Environ. p. 969–76.","meta-analysis"
"10.1039/c8em00278a","cong, ww; meng, j; ying, sc","2018","impact of soil properties on the soil methane flux response to biochar addition: a meta-analysis","Agric For Meteorol. 278:107625.","meta-analysis"
"10.1007/s11368-020-02726-9","hu, ym; zhang, p; yang, m; liu, yq; zhang, x; feng, ss; guo, dw; dang, xl","2020","biochar is an effective amendment to remediate cd-contaminated soils-a meta-analysis","Agric For Meteorol. 278:107625.","meta-analysis"
"10.1016/j.jenvman.2018.05.004","chen, d; liu, xy; bian, rj; cheng, k; zhang, xh; zheng, jf; joseph, s; crowley, d; pan, gx; li, lq","2018","effects of biochar on availability and plant uptake of heavy metals - a meta-analysis","Agric For Meteorol. 278:107625.","meta-analysis"
"10.1016/j.scitotenv.2017.10.222","peng, x; deng, ye; peng, y; yue, k","2018","effects of biochar addition on toxic element concentrations in plants: a meta-analysis","Agric For Meteorol. 278:107625.","meta-analysis"
"10.1016/j.scitotenv.2020.143117","tian x, wang d, chai g, zhang j, zhao x.","2021","does biochar inhibit the bioavailability and bioaccumulation of as and cd in co-contaminated soils? a meta-analysis.","Sci Total Environ. 762:143117.","meta-analysis"
"10.1016/j.scitotenv.2018.12.381","li z, song z, singh bp, wang h","2019","the impact of crop residue biochars on silicon and nutrient cycles in croplands.","Sci Total Environ 659:673–80","meta-analysis"
"10.1016/j.agee.2017.01.006","zhou, hm; zhang, dx; wang, p; liu, xy; cheng, k; li, lq; zheng, jw; zhang, xh; zheng, jf; crowley, d; van zwieten, l; pan, gx","2017","changes in microbial biomass and the metabolic quotient with biochar addition to agricultural soils: a meta-analysis","Sci Total Environ. 643:926–35.","meta-analysis"
"10.1016/j.scitotenv.2018.06.231","zhang, ly; jing, ym; xiang, yz; zhang, rd; lu, hb","2018","responses of soil microbial community structure changes and activities to biochar addition: a meta-analysis","Sci Total Environ. 643:926–35.","meta-analysis"
"10.1016/j.scitotenv.2020.141593","li, xn; wang, t; chang, sx; jiang, x; song, y","2020","biochar increases soil microbial biomass but has variable effects on microbial diversity: a meta-analysis","Sci Total Environ. 643:926–35.","meta-analysis"
"10.1111/gcbb.12773","xu, wh; whitman, wb; gundale, mj; chien, cc; chiu, cy","2021","functional response of the soil microbial community to biochar applications","GCB Bioenergy 13:269–81","meta-analysis"
"10.1016/j.geoderma.2016.03.029","omondi, mo; xia, x; nahayo, a; liu, xy; korai, pk; pan, gx","2016","quantification of biochar effects on soil hydrological properties using meta-analysis of literature data","Geoderma 274:28–34.","meta-analysis"
"10.1016/j.scitotenv.2020.136857","edeh, ig; masek, o; buss, w","2020","a meta-analysis on biochar's effects on soil water properties - new insights and future research challenges","Sci Total Environ. 643:926–35.","meta-analysis"
"10.1016/j.still.2020.104926","islam mu, jiang f, guo z, peng x.","2021","does biochar application improve soil aggregation? a meta-analysis","Soil Tillage Res 209:104926","meta-analysis"
"10.1016/j.geoderma.2019.114055","razzaghi, f; obour, pb; arthur, e","2020","does biochar improve soil water retention? a systematic review and meta-analysis","Geoderma 274:28–34.","meta-analysis"
"10.1016/j.fcr.2020.107763","gao, y; shao, gc; lu, j; zhang, k; wu, sq; wang, zy","2020","effects of biochar application on crop water use efficiency depend on experimental conditions: a meta-analysis","F Crop Res. 249:107763","meta-analysis"
"10.1016/j.chemosphere.2021.130345","wang y, wang z, liang f, jing x, feng w","2021","application of flue gas desulfurization gypsum improves multiple functions of saline-sodic soils across china.","Chemosphere. 277:130345","meta-analysis"
"10.1016/j.jenvman.2018.06.013","eze, s; palmer, sm; chapman, pj.","2018","soil organic carbon stock in grasslands: effects of inorganic fertilizers, liming and grazing in different climate settings","Journal of Environmental Management 223, 74-84","meta-analysis"
"10.1002/agj2.20125","pias, ohd; tiecher, t; cherubin, mr; silva, agb; bayer, c","2020","does gypsum increase crop grain yield on no-tilled acid soils? a meta-analysis","Agronomy Journal 112, 675–692.","meta-analysis"
"10.1007/s11368-018-2120-2","li y.; cui s.; chang s.x., zhang q.","2019","liming effects on soil ph and crop yield depend on lime material type, application method and rate, and crop species: a global meta-analysis. journal of soils and sediments 19(4)","J Soils Sediments 19:1393–406","meta-analysis"
"10.1016/j.agsy.2021.103095","r.hijbeek; m.p.van loon; w.ouaret; b.boekelo; m.k.van ittersum","2021","liming agricultural soils in western kenya: can long-term economic and environmental benefits pay off short term investments?","Agricultural Systems 190, 103095","meta-analysis"
"10.1590/18069657rbcs20170025","tiecher, t; pias, ohd; bayer, c; martins, ap; denardin, lgd; anghinoni, i","2018","crop response to gypsum application to subtropical soils under no-till in brazil: a systematic review","Revista Brasileira de Ciencia do Solo 42:170025","systematic review"
"10.1016/j.scitotenv.2021.146477","kong l, guo z, peng c, xiao x, he y","2021","factors influencing the effectiveness of liming on cadmium reduction in rice: a meta-analysis and decision tree analysis","Sci Total Environ. 779:146477","meta-analysis"
"10.3390/plants11131690","qiu, hn; yang, sh; jiang, zw; xu, y; jiao, xy","2022","effect of irrigation and fertilizer management on rice yield and nitrogen loss: a meta-analysis","Plants 2022, 11(13), 1690","meta-analysis"
"10.1088/1748-9326/ab2108","livsey, j; katterer, t; vico, g; lyon, sw; lindborg, r; scaini, a; da, ct; manzoni, s","2019","do alternative irrigation strategies for rice cultivation decrease water footprints at the cost of long-term soil health?","Environ. Res. Lett. 14 074011","meta-analysis"
"10.1016/j.agee.2012.10.009","feng, jf; chen, cq; zhang, y; song, zw; deng, ax; zheng, cy; zhang, wj","2013","impacts of cropping practices on yield-scaled greenhouse gas emissions from rice fields in china: a meta-analysis","AGRICULTURE ECOSYSTEMS & ENVIRONMENT 2013, 164, 220-228","meta-analysis"
"10.1016/j.fcr.2016.12.002","carrijo, dr; lundy, me; linquist, ba","2017","rice yields and water use under alternate wet and dry irrigation: a meta-analysis","FIELD CROPS RESEARCH 2017, 203, 173-180","meta-analysis"
"10.1016/j.fcr.2019.02.010","jiang y., carrijo d., huang s., chen j., balaine n., zhang w., van groenigen k.j., linquist b.","2019","water management to mitigate the global warming potential of rice systems: a global meta-analysis","Field Crops Research 2019, 234, 47-54","meta-analysis"
"10.1016/j.jclepro.2019.118928","he, g; wang, zh; cui, zl","2020","managing irrigation water for sustainable rice production in china","JOURNAL OF CLEANER PRODUCTION 245: 118928","meta-analysis"
"10.1038/s41598-022-24055-2","chan, k; bottomley, c; saito, k; lines, j; tusting, ls","2022","the control of malaria vectors in rice fields: a systematic review and meta-analysis","Sci Rep 12, 19694 (2022)","meta-analysis"
"10.1080/00380768.2019.1683890","yagi, k; sriphirom, p; cha-un, n; fusuwankaya, k; chidthaisong, a; damen, b; towprayoon, s","2020","potential and promisingness of technical options for mitigating greenhouse gas emissions from rice cultivation in southeast asian countries","Soil Science and Plant Nutrition, 66:1, 37-49","meta-analysis"
"10.1007/s11269-022-03278-y","li, q; chen, y; sun, sk; zhu, my; xue, j; gao, zh; zhao, jf; tang, yh","2022","research on crop irrigation schedules under deficit irrigation-a meta-analysis","Water Resources Management, 36(12), 4799-4817","meta-analysis"
"10.1016/j.agwat.2017.11.019","adu, mo; yawson, do; armah, fa; asare, pa; frimpong, ka","2018","meta-analysis of crop yields of full, deficit, and partial root-zone drying irrigation","Agricultural Water Management, 197, 79-90","meta-analysis"
"10.1016/j.agwat.2018.07.038","du, yd; niu, wq; gu, xb; zhang, q; cui, bj; zhao, y","2018","crop yield and water use efficiency under aerated irrigation: a meta-analysis","Agricultural Water Management, 210, 158-164","meta-analysis"
"10.1016/j.agwat.2018.08.035","du, yd; niu, wq; gu, xb; zhang, q; cui, bj","2018","water- and nitrogen-saving potentials in tomato production: a meta-analysis","Agricultural Water Management, 210, 158-164","meta-analysis"
"10.1016/j.agwat.2019.06.008","lu, j; shao, gc; cui, jt; wang, xj; keabetswe, l","2019","yield, fruit quality and water use efficiency of tomato for processing under regulated deficit irrigation: a meta-analysis","Agricultural Water Management, 222, 301-312","meta-analysis"
"10.1016/j.agwat.2019.105906","yu, ly; zhao, xn; gao, xd; siddique, khm","2020","improving/maintaining water-use efficiency and yield of wheat by deficit irrigation: a global meta-analysis","Agricultural Water Management, 228, 105906","meta-analysis"
"10.1016/j.agwat.2021.106771","cheng, mh; wang, hd; fan, jl; zhang, sh; liao, zq; zhang, fc; wang, yl","2021","a global meta-analysis of yield and water use efficiency of crops, vegetables and fruits under full, deficit and alternate partial root-zone irrigation","AGRICULTURAL WATER MANAGEMENT 248, 106771","meta-analysis"
"10.1016/j.agwat.2021.106986","gao, y; shao, gc; wu, sq; xiaojun, w; lu, j; cui, jt","2021","changes in soil salinity under treated wastewater irrigation: a meta-analysis","Agricultural Water Management, 255, 106986","meta-analysis"
"10.1016/j.agwat.2021.107027","cheng, mh; wang, hd; fan, jl; zhang, sh; wang, yl; li, yp; sun, x; yang, l; zhang, fc","2021","water productivity and seed cotton yield in response to deficit irrigation: a global meta-analysis","AGRICULTURAL WATER MANAGEMENT 255, 107027","meta-analysis"
"10.1016/j.agwat.2021.107105","cheng, mh; wang, hd; fan, jl; wang, xk; sun, x; yang, l; zhang, sh; xiang, yz; zhang, fc","2021","crop yield and water productivity under salty water irrigation: a global meta-analysis","Agricultural Water Management, 256, 107105","meta-analysis"
"10.1016/j.agwat.2021.107321","tong, xy; wu, pt; liu, xf; zhang, l; zhou, w; wang, zg","2022","a global meta-analysis of fruit tree yield and water use efficiency under deficit irrigation","Agricultural Water Management, 260, 107321","meta-analysis"
"10.1016/j.agwat.2022.107645","wang, hd; wang, nj; quan, h; zhang, fc; fan, jl; feng, h; cheng, mh; liao, zq; wang, xk; xiang, yz","2022","yield and water productivity of crops, vegetables and fruits under subsurface drip irrigation: a global meta-analysis","Agricultural Water Management, 269, 107645","meta-analysis"
"10.1016/j.agwat.2022.107746","allakonon m.g.b., zakari s., tovihoudji p.g., fatondji a.s., akponikpè p.b.i.","2022","grain yield, actual evapotranspiration and water productivity responses of maize crop to deficit irrigation: a global meta-analysis","Agricultural Water Management, 270, 107746","meta-analysis"
"10.1016/j.scitotenv.2022.160774","liu, xf; zhang, l; yang, fh; zhou, w","2023","determining reclaimed water quality thresholds and farming practices to improve food crop yield: a meta-analysis combined with random forest model","Science of The Total Environment, 862, 160774","meta-analysis"
"10.1038/s41598-018-32964-4","zheng, hf; bian, qq; yin, yl; ying, h; yang, qh; cui, zl","2018","closing water productivity gaps to achieve food and water security for a global maize supply","Scientific Reports, 8(1), 14762","meta-analysis"
"10.1038/s41598-021-01433-w","singh, m; singh, p; singh, s; saini, rk; angadi, sv","2021","a global meta-analysis of yield and water productivity responses of vegetables to deficit irrigation","SCIENTIFIC REPORTS 11, 22095","meta-analysis"
"10.3390/agronomy12102305","yao, cc; wu, xw; bai, h; gu, jx","2022","nitrous oxide emission and grain yield in chinese winter wheat-summer maize rotation: a meta-analysis","Agronomy, 12(10), 2305","meta-analysis"
"10.1111/gcb.15636","kuang, wn; gao, xp; tenuta, m; zeng, fj","2021","a global meta-analysis of nitrous oxide emission from drip-irrigated cropping system","GLOBAL CHANGE BIOLOGY 27, 3244-3256","meta-analysis"
"10.1016/j.jclepro.2020.122307","zhang, y; liu, xj; you, lz; zhang, fs","2020","improving potential of nitrogen linked gray water footprint in china's intensive cropping systems","Journal of Cleaner Production, 269, 122307","meta-analysis"
"10.1007/s00271-008-0141-0","sadras, vo","2009","does partial root-zone drying improve irrigation water productivity in the field? a meta-analysis","Irrigation Science, 27, 183-190","meta-analysis"
"10.1007/s11273-014-9360-8","kuiper, jj; janse, jh; teurlincx, s; verhoeven, jta; alkemade, r","2014","the impact of river regulation on the biodiversity intactness of floodplain wetlands","WETLANDS ECOLOGY AND MANAGEMENT, 22(6), 647-658.","meta-analysis"
"10.1007/s12237-019-00536-y","ebbets, al; lane, dr; dixon, p; hollweg, ta; huisenga, mt; gurevitch, j","2020","using meta-analysis to develop evidence-based recovery trajectories of vegetation and soils in restored wetlands in the northern gulf of mexico","ESTUARIES AND COASTS, 43(7), 1692-1710.","meta-analysis"
"10.1007/s12237-019-00630-1","hollweg, ta; christman, mc; lipton, j; wallace, bp; huisenga, mt; lane, dr; benson, kg","2020","meta-analysis of nekton rrecovery following marsh restoration in the northern gulf of mexico","ESTUARIES AND COASTS, 43(7), 1746-1763.","meta-analysis"
"10.1016/j.aquabot.2012.06.003","webb, ja; wallis, em; stewardson, mj","2012","a systematic review of published evidence linking wetland plants to water regime components","AQUATIC BOTANY, 103, 1-4.","systematic review"
"10.1016/j.biocon.2007.11.006","valkama, e; lyytinen, s; koricheva, j","2008","the impact of reed management on wildlife: a meta-analytical review of european studies","BIOLOGICAL CONSERVATION, 141, 364-374.","meta-analysis"
"10.1111/1365-2664.12518","moreno-mateos, d; meli, p; vara-rodríguez, mi; aronson, j","2015","ecosystem response to interventions: lessons from restored and created wetland ecosystems","JOURNAL OF APPLIED ECOLOGY, 52, 1528-1537.","meta-analysis"
"10.1111/gcb.15765","ning, zh; chen, c; xie, t; zhu, zc; wang, q; cui, bs; bai, jh","2021","can the native faunal communities be restored from removal of invasive plants in coastal ecosystems? a global meta-analysis","GLOBAL CHANGE BIOLOGY, 27, 4644-4656.","meta-analysis"
"10.1111/rec.12435","yang, w; sun, t; yang, zf","2016","does the implementation of environmental flows improve wetland ecosystem services and biodiversity? a literature review","RESTORATION ECOLOGY, 24, 731-742.","meta-analysis"
"10.1371/journal.pone.0093507","meli, p; benayas, jmr; balvanera, p; ramos, mm","2014","restoration enhances wetland biodiversity and ecosystem service supply, but results are context-dependent: a meta-analysis","PLOS ONE, 9(4), e93507.","meta-analysis"
"10.1007/s10530-021-02540-5","wails, cn; baker, k; blackburn, r; del valle, a; heise, j; herakovich, h; holthuijzen, wa; nissenbaum, mp; rankin, l; savage, k; vanek, jp; jones, hp","2021","assessing changes to ecosystem structure and function following invasion by spartina alterniflora and phragmites australis: a meta-analysis","BIOLOGICAL INVASIONS, 23, 2695-2709.","meta-analysis"
"10.1002/aqc.889","roberts, pd; pullin, as","2008","the effectiveness of management interventions for the control of spartina species: a systematic review and meta-analysis","AQUATIC CONSERVATION: MARINE AND FRESHWATER ECOSYSTEMS, 18, 592-618.","meta-analysis"
"10.1002/ecm.1221","he, q; silliman, br","2016","consumer control as a common driver of coastal vegetation worldwide","ECOLOGICAL MONOGRAPHS, 86(3), 278-294.","meta-analysis"
"10.1016/j.soilbio.2021.108467","wu, jj; cheng, xl; xing, w; liu, gh","2022","soil-atmosphere exchange of ch4 in response to nitrogen addition in diverse upland and wetland ecosystems: a meta-analysis","SOIL BIOLOGY AND BIOCHEMISTRY, 164, 108467.","meta-analysis"
"10.1111/j.1461-0248.2009.01351.x","liu, l; greaver, tl","2009","a review of nitrogen enrichment effects on three biogenic ghgs: the co2 sink may be largely offset by stimulated n2o and ch4 emission","ECOLOGY LETTERS, 12(10), 1103-1117.","meta-analysis"
"10.3389/fanim.2023.1214076","de rauglaudre, t; méda, b; fontaine, s; lambert, w; fournel, s; létourneau-montminy, mp","2023","meta-analysis of the effect of low-protein diets on the growth performance, nitrogen excretion, and fat deposition in broilers","FRONTIERS IN ANIMAL SCIENCE, 4, 1214076.","meta-analysis"
"10.1038/s43016-020-0114-x","corbeels, m; naudin, k; whitbread, am; kuhne, r; letourmy, p","2020","limits of conservation agriculture to overcome low crop yields in sub-saharan africa ","Nature Food volume 1, pages447–454","meta-analysis"
"10.1038/s41893-020-0500-2","jat, ml; chakraborty, d; ladha, jk; rana, ds; gathala, mk; mcdonald, a; gerard, b","2020","conservation agriculture for sustainable intensification in south asia ","Nature Sustainability volume 3, pages336–343","meta-analysis"
"10.1016/j.jenvman.2020.110773","kumara, tmk; kandpal, a; pal, s","2020","a meta-analysis of economic and environmental benefits of conservation agriculture in south asia ","Journal of Environmental Management 269, 110773","meta-analysis"
"10.1111/j.1523-1739.2009.01350.x","najera, a; simonetti, ja;","2010","enhancing avifauna in commercial plantations.","CONSERVATION BIOLOGY, 24, 319–324.","meta-analysis"
"10.1016/j.baae.2015.08.006","pumarino, l; sileshi, gw; gripenberg, s; kaartinen, r; barrios, e; muchane, mn; midega, c; jonsson, m.","2015","effects of agroforestry on pest, disease and weed control: a meta-analysis.","BASIC AND APPLIED ECOLOGY, 16, 573-582.","meta-analysis"
"10.1016/j.agee.2016.06.002","torralba, m; fagerholm, n; burgess, pj; moreno, g; plieninger, t.","2016","do european agroforestry systems enhance biodiversity and ecosystem services? a meta-analysis.","AGRICULTURE, ECOSYSTEM AND ENVIRONMENT, 230, 150-161.","meta-analysis"
"10.1016/j.agee.2016.04.011","kim, dg; kirschbaum, mu; beedy, tl.","2016","carbon sequestration and net emissions of ch4 and n2o under agroforestry. synthesizing available data and suggestions for future studies.","AGRICULTURE, ECOSYSTEM AND ENVIRONMENT, 226, 65-78.","meta-analysis"
"10.1016/j.agsy.2016.06.007","van vooren, l; reubens, b; broekx, s; pardon, p; reheul, d; van winsen, f; verheyen, k; wauters, e; lauwers, l","2016","greening and producing: an economic assessment framework for integrating trees in cropping systems","AGRICULTURAL SYSTEMS, 148, 44-57.","meta-analysis"
"10.1002/ldr.3136","shi, ll; feng, wt; xu, jc; kuzyakov, y.","2018","agroforestry systems. meta_analysis of soil carbon stocks, sequestration processes, and future potentials.","LAND DEGRADATION & DEVELOPMENT, 29(11), 3886-3897.","meta-analysis"
"10.1016/j.agee.2017.11.032","feliciano, d; ledo, a; hillier, j; nayak, dr.","2018","which agroforestry options give the greatest soil and above ground carbon benefits in different world regions?","AGRICULTURE, ECOSYSTEM AND ENVIRONMENT, 254, 117-129.","meta-analysis"
"10.1016/j.jaridenv.2017.11.017","plexida, s; solomou, a; poirazidis, k; sfougaris, a.","2018","factors affecting biodiversity in agrosylvopastoral ecosystems with in the mediterranean basin: a systematic review.","JOURNAL OF ARID ENVIRONMENTS, 151, 125-133.","meta-analysis"
"10.1016/j.scitotenv.2018.01.104","sun, d; yang, h; guan, dx; yang, m; wu, jb; yuan, fh; jin, cj; wang, az; zhang, ys.","2018","the effects of land use change on soil infiltration capacity in china: a meta-analysis.","SCIENCE OF THE TOTAL ENVIRONMENT, 626, 1394-1401.","meta-analysis"
"10.1016/j.agee.2018.07.014","chatterjee, n; nair, pkr; chakraborty, s; nair, vd.","2018","changes in soil carbon stocks across the forest-agroforest-agriculture/pasture continuum in various agroecological regions: a meta-analysis","AGRICULTURE, ECOSYSTEM AND ENVIRONMENT, 266, 55-67.","meta-analysis"
"10.1007/s10457-017-0147-9","de stefano, a; jacobson, mg.","2018","soil carbon sequestration in agroforestry systems: a meta-analysis.","AGROFORESTRY SYSTEMS, 92, 285-299.","meta-analysis"
"10.1088/1748-9326/aaeb5f","cardinael, r; umulisa, v; toudert, a; olivier, a; bockel, l; bernoux, m","2018","revisiting ipcc tier 1 coefficients for soil organic and biomass carbon storage in agroforestry systems.","ENVIRONMENTAL RESEARCH LETTERS, 13(12), 124020.","meta-analysis"
"10.1111/1365-2664.12943","prevedello, ja; almeida-gomes, m; lindenmayer, db","2018","the importance of scattered trees for biodiversity conservation: a global meta-analysis","JOURNAL OF APPLIED ECOLOGY, 55(1), 205-214.","meta-analysis"
"10.1016/j.agsy.2019.102676","staton, t; walters, rj; smith, j; girling, rd.","2019","evaluating the effects of integrating trees into temperate arable systems on pest control and pollination.","AGRICULTURAL SYSTEMS, 176, 102676.","meta-analysis"
"10.1007/s10457-020-00494-6","pent, gj","2020","over-yielding in temperate silvopastures: a meta-analysis","AGRICULTURAL SYSTEMS, 94, 1741–1758.","meta-analysis"
"10.1007/s11104-019-04377-3","zhu, xa; liu, wj; chen, j; bruijnzeel, la; mao, z; yang, xd; cardinael, r; meng, fr; sidle, rc; seitz, s; nair, vd; nanko, k; zou, x; chen, cf; jiang, xj","2020","reductions in water, soil and nutrient losses and pesticide pollution in agroforestry practices: a review of evidence and processes.","PLANT AND SOIL, 453, 45–86.","systematic review"
"10.1111/geb.13145","ma, zl; chen, hyh; bork, ew; carlyle, cn; chang, sx","2020","carbon accumulation in agroforestry systems is affected by tree species diversity, age and regional climate: a global meta-analysis","GLOBAL ECOLOGY AND BIOGEOGRAPHY, 29(10), 1817-1828.","meta-analysis"
"10.3733/ca.2020a0015","carey, cj; gravuer, k; gennet, s; osleger, d; wood, sa","2020","supporting evidence varies for rangeland management practices that seek to improve soil properties and forage production in california","CALIFORNIA AGRICULTURE, 74(2), 101-11.","meta-analysis"
"10.1016/j.agee.2021.107437","hubner, r; kuhnel, a; lu, j; dettmann, h; wang, wq; wiesmeier, m","2021","soil carbon sequestration by agroforestry systems in china: a meta-analysis","AGRICULTURE, ECOSYSTEMS AND ENVIRONMENT, 315, 107437.","meta-analysis"
"10.1186/s12862-021-01911-9","mupepele, ac; keller, m; dormann, cf","2021","biodiversity","BMC ECOLOGY AND EVOLUTION, 21, 193.","meta-analysis"
"10.3389/fsufs.2021.606631","ivezic, v; yu, y; van der werf, w","2021","crop yields in european agroforestry systems: a meta-analysis","FRONTIERS IN SUSTAINABLE FOOD SYSTEMS, 5, 606631.","meta-analysis"
"10.1016/j.agee.2021.107689","mayer, s; wiesmeier, m; sakamoto, e; hubner, r; cardinael, r; kuhnel, a; kogel-knabner, i","2022","soil organic carbon sequestration in temperate agroforestry systems - a meta-analysis","AGRICULTURE, ECOSYSTEMS AND ENVIRONMENT, 323, 107689.","systematic review"
"10.3389/fenvs.2022.949185","hernandez-salmeron, ir; holmgren, m","2022","global meta-analysis: sparse tree cover increases grass biomass in dry pastures","FRONTIERS IN ENVIRONMENTAL SCIENCE, 10, 949185.","meta-analysis"
"10.3390/su14031296","ivezic, v; lorenz, k; lal, r","2022","soil organic carbon in alley cropping systems: a meta-analysis","SUSTAINABILITY, 14(3), 1296.","meta-analysis"
"10.1007/s13593-023-00927-3","scordia, d; corinzia, sa; coello, j; ventura, rv; jiménez-de-santiago, de; just, bs; castaño-sánchez, o; arcarons, cc; tchamitchian, m; garreau, l; emran, m; mohamed, sz; khedr, m; rashad, m; lorilla, rs; parizel, a; mancini, g; iurato, a; ponsa, s; dimauro, c; gresta, f; cosentino, sl; testa, g","2023","are agroforestry systems more productive than monocultures in mediterranean countries? a meta-analysis","AGRONOMY FOR SUSTAINABLE DEVELOPMENT, 43(6), 73.","meta-analysis"
"10.1016/j.agsy.2023.103705","yang, t; ouyang, xy; wang, b; tian, d; xu, c; lin, zy; ge, xm; tang, lz","2023","understanding the effects of tree-crop intercropping systems on crop production in china by combining field experiments with a meta-analysis","AGRICULTURAL SYSTEMS, 210, 103705.","meta-analysis"
"10.1016/j.ecoser.2023.101537","kiran, ktm; pal, s; chand, p; kandpal, a","2023","carbon sequestration potential of agroforestry systems in indian agricultural landscape: a meta-analysis","ECOSYSTEM SERVICES, 62, 101537.","meta-analysis"
"10.1016/j.scitotenv.2023.164094","mónica quevedo-cascante, lisbeth mogensen, anne grete kongsted, marie trydeman knudsen","2023","how does life cycle assessment capture the environmental impacts of agroforestry? a systematic review ","SCIENCE OF THE TOTAL ENVIRONMENT, 890, 164094.","systematic review"
"10.3389/fsufs.2023.1167686","baier, c; gross, a; thevs, n; glaser, b","2023","effects of agroforestry on grain yield of maize (zea mays l.)-a global meta-analysis","FRONTIERS IN SUSTAINABLE FOOD SYSTEMS, 7, 1167686.","meta-analysis"
"10.1007/s11104-023-06385-w","ngaba m.j.y., mgelwa a.s., gurmesa g.a., uwiragiye y., zhu f., qiu q., fang y., hu b., rennenberg h.","2024","meta-analysis unveils differential effects of agroforestry on soil properties in different zonobiomes","PLANT AND SOIL, 496(1), 589-607.","meta-analysis"
"10.1111/gcb.17036","visscher, am; meli, p; fonte, sj; bonari, g; zerbe, s; wellstein, c","2024","agroforestry enhances biological activity, diversity and soil-based ecosystem functions in mountain agroecosystems of latin america: a meta-analysis","GLOBAL CHANGE BIOLOGY, 30(1), e17036.","meta-analysis"
