fpid,doi,list_of_std,selection_criteria,ma_specified_objective,search_databases,search_string,nb_std_per_step,quantitative_results_described,statistical_methods_described,individual_effect_sizes,individual_std_weighted,dataset_available,confidence_intervals,method_of_data_extraction,heterogeneity_of_results_analyzed,funding_sources_mentioned,publication_bias_analyzed,quality_score_perc,impact_matrix
cover and catch crops,10.1111/1365-2664.13124,1,"1) less than three spatially independent replicates per treatment level, (2) vineyards under plastic or in greenhouses, and (3) treatments not directly manipulating soil or vegetation management in the vineyards (e.g. application of synthetic or external mulches or the use of different fungicide or insecticide treatments) were excluded. in addition, only studies, which reported means and any dispersion measure of the dependent variable (e.g. sd or sem), were used. we contacted the authors of recently published papers with missing data of variance or additional information like irrigation regime of the treatments.",1,1,1,1,1,1,1,1,0,1,1,1,1,1,0.9375,biodiversity
cover and catch crops,10.1002/eap.2278,1,"(1) field-based experiments that contained a cover crop treatment or (2) outside the scope of the review. publications included in the first category were from peer-reviewed journals that contained original data from field experiments. these publications included a cover crop (or catch crop or green manure) treatment. studies in the first category also met the following criteria:
1. the cover crop was not harvested and was grown during fallow periods between cash crops, or, in the case of orchard and vineyard systems, in the rows between trees/vines.
2. the control treatment was (a) a treatment with no cover crop (fallow) or (b) a management system with no cover crop.
3. all other management practices between the treatment and control were similar, e.g., tillage, cash crop rotation, soil amendments. however, there were a few cases where tillage was done in the control and not the experimental treatments to maintain bare ground. we included these studies in our analyses.
4. the experiment occurred in a country within temperate latitude zones, i.e., latitudes from 23.5° to 66.5° north and south of the equator.
5. the response variable or variables measured was soil organic c or soil organic matter.
6. means and sample size were reported for each treatment.
7. the publication included enough management details and data to be recorded. the authors excluded studies that did not meet the criteria above. other studies in the second category included publication types such as book chapters and fact sheets. we also omitted publications where the cover crop was grown and sampled in a lab or greenhouse including incubation, mesocosm, or pot experiments.",1,1,0,0,1,1,1,1,1,1,1,1,1,1,0.875,carbon sequestration
cover and catch crops,10.1007/s10113-018-1447-y,1,"we selected empirical case studies which measured ecosystem services-related properties both for conservation (treatment) and conventional (control) management options. this step excluded pure simulation modeling studies and reviews. we focused on papers reporting results from the mediterranean basin but included six well-designed papers (see the caption of supplementary fig. sf1) reporting from mediterranean climate regions outside the basin (i.e., south and south west australia, the cape of south africa, central chile, and california.",1,1,1,1,0,0,1,0,1,0,1,0,1,0,0.625,carbon sequestration
cover and catch crops,10.1016/j.agee.2021.107356,1,"published research on organic farming systems (population): the authors included articles in english that reported soil health metrics (soc, mbc) in organic farming systems with and without best management practices (bmps). articles could be published in any year and any location. we only included organic farming systems that had been organically managed for at least 3 years in alignment with usda organic farming criteria (usda, 2019b).
organic farming systems with bmps (treatment): articles had to investigate at least one bmps (e.g., organic amendments, conservation tillage, cover crops, rotation length and complexity). if an article contained multiple levels of a single bmps or investigated multiple bmps, we extracted data for each treatment separately.
organic farming systems without bmps, i.e. organically-managed control groups (control): organically-managed control groups refers to organic systems with the same management except the bmps under investigation (e.g., no organic amendments, conventional tillage, no cover crops, shortened crop rotation).
measured soil health metrics (outcome): articles had to include quantitative measurements for at least one of the following soil health metrics:
1. soil organic carbon (soc) concentrations (g kg−1 soil; %c), 2. soc stocks (kg ha−1),  3. soil organic matter (g kg−1), 4. microbial biomass c (μg g−1)",1,1,1,0,1,1,1,1,0,1,1,0,1,1,0.8125,carbon sequestration
cover and catch crops,10.1016/j.agsy.2019.102736,1,"1) laboratory or greenhouse studies were excluded, and only studies performed in field conditions and carried out in a mediterranean climate were chosen; 2) when several papers included data from the same experiment, the longest study with the most soil and crop variables was chosen.",1,1,1,0,1,1,1,1,1,1,1,0,1,0,0.8125,carbon sequestration
cover and catch crops,10.1016/j.jclepro.2020.125736,1,"selected studies fulfilled the following criteria: 1) they included experiments measuring soc or som levels within existing vineyards or through experimental manipulation of vineyard management practices; 2) they were performed under field conditions (laboratory studies and pot experiments were excluded) for a minimum period of three years; and 3) they were published in or after 2000. when several studies contained data from the same field experiment, only the longest study was selected to avoid redundancy in the data.",1,1,1,0,1,1,1,1,1,1,1,1,1,1,0.9375,carbon sequestration
cover and catch crops,10.1016/j.landusepol.2019.104204,1,"1) it reported the results of an experiment in the mediterranean forests, woodlands, and scrub biome or the central valley of california
2) it compared a winter cover crop with a winter fallow, followed by a food crop in spring or summer (annual food crops in arable fields, including cereals, fruits, and vegetables, but not perennial food crops in orchards
or vineyards)
3) it reported the mean effect on an ecosystem service metric.",1,1,1,1,1,1,0,1,1,1,1,0,1,1,0.875,carbon sequestration
cover and catch crops,10.1016/j.soilbio.2020.107735,1,"(1) experiments were conducted in the field or at a research station; (2) the publications reported comparisons between controls (e.g., nc control plots; baseline soc) and treatments (i.e., with ccs); (3) the publications were either peer-reviewed journal articles, conference collections, theses, or dissertations; and (4) the publications were written in english or chinese.",1,1,0,0,1,1,0,1,1,1,1,1,1,0,0.75,carbon sequestration
cover and catch crops,10.1016/j.still.2017.03.005,1,"an experiment had to meet the following criteria: 1) it had to be performed by an official institution under field conditions, 2) management practices had to be similar to those applied under production scenarios, 3) a control treatment under bare fallow had to be compared against at least one cover crop treatment, 4) the cover crop species had to be identified, 5) treatments could differ only in fallow-cover crop management and all other factors (grain crop, varieties, fertilization, etc.) had to be similar, 6) the experimental design had to be clearly described (in three cases we contacted the authors of the experiments for some additional missing information), 7) average and number of replications of the control and the cover crop treatments had to be reported for at least one of the following variables: soil bulk density, soil penetration resistance, structural stability, infiltration, organic carbon content, nitrate-n level, available water content, or yield of soybean or corn, 8) experiment duration and time of measurement had to be indicated, 9) sampling depth of soil properties had to be specified. report of treatment variances was not considered as a requisite in this selection because these were not included in many sources and this would have made the meta-analysis impossible. in around 12% of cases (across all variables and experiments) standard deviation or standard errors were available for the control and cover crop treatments, in which case they were extracted. usually, variability of the reported means was included in one or two studies for each addressed variable.",1,1,1,0,1,1,0,1,1,1,1,1,1,0,0.8125,carbon sequestration
cover and catch crops,10.1016/j.still.2019.04.020,1,"only studies that reported both n2o and co2 emissions, cover crops grown between harvesting and planting of cash crops, and cash crops with similar management practices, such as irrigation, fertilization, and tillage practices were selected for the study. studies that lack mean values, replications, and standard error or standard deviation ofthe mean were discarded.",1,1,1,0,1,1,0,1,0,1,1,0,1,0,0.6875,carbon sequestration
cover and catch crops,10.1080/03650340.2021.1937607,1,"(a) at least one of the targeted fruit tree variables (yield and quality indicators) was reported under both ground cover management and clean tillage (bare soil) management; (b) only field studies were chosen; (c) only the latest observations were taken to meet the standard of independence of samples, when variables were measured at multiple time points; (d) multiple ground cover management types, cover crop species, fruit tree species, cultivation durations, and tree ages in one study were considered as independent observations.",1,1,0,0,1,1,0,1,0,1,1,1,1,0,0.6875,carbon sequestration
cover and catch crops,10.1111/1365-2664.13124,1,"1) less than three spatially independent replicates per treatment level, (2) vineyards under plastic or in greenhouses, and (3) treatments not directly manipulating soil or vegetation management in the vineyards (e.g. application of synthetic or external mulches or the use of different fungicide or insecticide treatments) were excluded. in addition, only studies, which reported means and any dispersion measure of the dependent variable (e.g. sd or sem), were used. we contacted the authors of recently published papers with missing data of variance or additional information like irrigation regime of the treatments.",1,1,1,1,1,1,1,1,0,1,1,1,1,1,0.9375,carbon sequestration
cover and catch crops,10.1111/gcb.14658,1,"1) soc was measured in field experiments (to estimate the potential of biochar to increase soil carbon, we also included soil incubation and pot experiments with regard to biochar use); 2) observations were conducted on croplands excluding orchards and pastures; 3) ancillary information was provided, such as experiment duration, replication, and sampling depth; and 4) other agronomic management practices were included besides the three target management practices in this study.",1,1,0,0,1,1,0,1,0,1,1,1,1,1,0.75,carbon sequestration
cover and catch crops,10.1007/s10113-018-1447-y,1,"we selected empirical case studies which measured ecosystem services-related properties both for conservation (treatment) and conventional (control) management options. this step excluded pure simulation modeling studies and reviews. we focused on papers reporting results from the mediterranean basin but included six well-designed papers (see the caption of supplementary fig. sf1) reporting from mediterranean climate regions outside the basin (i.e., south and south west australia, the cape of south africa, central chile, and california.",1,1,1,1,0,0,1,0,1,0,1,0,1,0,0.625,crop yield
cover and catch crops,10.1007/s11104-018-3810-7,1,"the authors selected those studies that reported the effects on main crop yield and p uptake/p concentration, soil p and/or soil biological parameters related to p cycling (phosphatase activity, microbial biomass p, or abundance of amf) and included a control treatment without cover crops. phosphorus-mobilizing carboxylates are rarely measured in field studies and could not be included in the meta-analysis. we used only studies with cover crops and main crops grown in rotation, excluding intercropping or living mulch. greenhouse experiments were excluded, as were agroforestry and grassland studies. soil biological properties and available p were determined after termination of the cover crop or during growth of the main crop. experimental factors such as main crop species and/or other factors (e.g., soils, tillage) and data from different years were treated as separate experiments within a study.",1,1,1,0,1,1,0,1,1,1,1,1,1,0,0.8125,crop yield
cover and catch crops,10.1016/j.agee.2005.07.003,1,"studies compiled in our legume covercrop yield database had the following characteristics: (1) winter legume cover crop followed by an unfertilized cash crop compared to the control, (2) cash crop production every year, (3) no manure or other n additions applied during any phase of the diversified rotation, and (4) cover crop biomass incorporated into the soil or killed before crop planting, with no biomass removal. they excluded studies  if  legume  treatments  had  excessive applications of inorganic n fertilizer or if the green manures were being compared to a zero n control. 
only legume cover crops are considered for this analysis (cash crop after non-legume cover crops is fertilized, so non-legume cover crop were removed in our analysis).",1,1,0,0,1,1,0,0,0,0,1,0,1,0,0.5,crop yield
cover and catch crops,10.1016/j.agee.2013.04.018,1,"(i) study of nitrate leaching (nl) in an irrigated agricultural cropping system; (ii) study for at least one growing season; (iii) conducted under field conditions; (iv) nl was measured in terms of mass of n lost (i.e. no3-n concentration and the volume of water leached were both considered). studies that determined the risk of nl through soil or soil solution no3-n concentrations, were not considered as these might give a skewed view of nl. even if the study relied on computer modeling to simulate components of the water balance or solute transport, the studies were selected if data collected under field conditions were the major component of the results. a further selection was conducted by critical examination of these papers for inclusion and exclusion from the data-set, following quality criteria that ensure statistical power avoiding unconscious bias (hedges et al., 1999). these criteria were that: (i) the experimental design had to be sufficiently detailed to determine all critical aspects of the treatments, plot size and recent history, irrigation systems and fertilizer management; (ii) studies reflected typical regional practice; and (iii) in most cases included treatment replicates. in some cases exceptions were made to this final criterion.",1,1,0,1,1,1,0,1,0,1,1,0,1,0,0.6875,crop yield
cover and catch crops,10.1016/j.agee.2015.01.023,1,"1. the study was carried out in denmark, sweden, finland or norway. 2. the main crops were spring wheat, spring barley, and oats. 3. catch crops were undersown in spring. 4. the study had an appropriate control group (i.e., one with no catch crop). 5. the study assessed the effects of undersown catch crops on total n leaching, nitrate n leaching, soil nitrate n or inorganic n, grain yield, or grain n content. 6. responses to catch crops were recorded as either original data for each experimental year or as means of treatments (i.e., with undersown catch crops) and controls (i.e., with no catch crops) for the duration of the experiment with standard deviations and sample sizes (number of years).",1,1,1,0,1,1,1,1,0,1,1,1,1,0,0.8125,crop yield
cover and catch crops,10.1016/j.agsy.2019.102736,1,"1) laboratory or greenhouse studies were excluded, and only studies performed in field conditions and carried out in a mediterranean climate were chosen; 2) when several papers included data from the same experiment, the longest study with the most soil and crop variables was chosen.",1,1,1,0,1,1,1,1,1,1,1,0,1,0,0.8125,crop yield
cover and catch crops,10.1016/j.agwat.2021.107085,1,"i. field studies that reported soil water content, cover crops grown between the harvesting of a previous cash crop and planting of a succeeding cash crop, and cash crops with similar management practices, such as irrigation, fertilization, and tillage, were selected for the study. studies conducted on greenhouse and pot experiments were excluded. studies that included cover crop as an intercrop with other crops were also excluded.
ii. data included comparison of cover crops vs. no cover crop (fallow) in a region with similar soil and climatic conditions. studies with the no control treatment were discarded.
iii. treatments were replicated at least three times, and mean values were shown with standard deviation (sd) or standard error (se).
iv. in humid and subhumid regions, two to three crops could be grown in a year. in such cases, only data for those crops that were exclusively stated as cover crops were used for analysis. data for crops used as supplemental cash crops in a year were excluded.
subjected to these criteria, 117 studies from 99 publications from studies conducted across the world were selected for the meta-analysis",1,1,0,0,1,1,0,1,0,1,1,1,1,0,0.6875,crop yield
cover and catch crops,10.1016/j.landusepol.2019.104204,1,"1) it reported the results of an experiment in the mediterranean forests, woodlands, and scrub biome or the central valley of california
2) it compared a winter cover crop with a winter fallow, followed by a food crop in spring or summer (annual food crops in arable fields, including cereals, fruits, and vegetables, but not perennial food crops in orchards
or vineyards)
3) it reported the mean effect on an ecosystem service metric.",1,1,1,1,1,1,0,1,1,1,1,0,1,1,0.875,soil nutrients
cover and catch crops,10.1016/j.landusepol.2019.104204,1,"1) it reported the results of an experiment in the mediterranean forests, woodlands, and scrub biome or the central valley of california
2) it compared a winter cover crop with a winter fallow, followed by a food crop in spring or summer (annual food crops in arable fields, including cereals, fruits, and vegetables, but not perennial food crops in orchards
or vineyards)
3) it reported the mean effect on an ecosystem service metric.",1,1,1,1,1,1,0,1,1,1,1,0,1,1,0.875,crop yield
cover and catch crops,10.1016/j.still.2017.03.005,1,"an experiment had to meet the following criteria: 1) it had to be performed by an official institution under field conditions, 2) management practices had to be similar to those applied under production scenarios, 3) a control treatment under bare fallow had to be compared against at least one cover crop treatment, 4) the cover crop species had to be identified, 5) treatments could differ only in fallow-cover crop management and all other factors (grain crop, varieties, fertilization, etc.) had to be similar, 6) the experimental design had to be clearly described (in three cases we contacted the authors of the experiments for some additional missing information), 7) average and number of replications of the control and the cover crop treatments had to be reported for at least one of the following variables: soil bulk density, soil penetration resistance, structural stability, infiltration, organic carbon content, nitrate-n level, available water content, or yield of soybean or corn, 8) experiment duration and time of measurement had to be indicated, 9) sampling depth of soil properties had to be specified. report of treatment variances was not considered as a requisite in this selection because these were not included in many sources and this would have made the meta-analysis impossible. in around 12% of cases (across all variables and experiments) standard deviation or standard errors were available for the control and cover crop treatments, in which case they were extracted. usually, variability of the reported means was included in one or two studies for each addressed variable.",1,1,1,0,1,1,0,1,1,1,1,1,1,0,0.8125,crop yield
cover and catch crops,10.1016/j.still.2020.104575,1,not specified,1,1,0,0,1,1,0,0,1,1,1,1,1,0,0.625,crop yield
cover and catch crops,10.1080/03650340.2021.1937607,1,"(a) at least one of the targeted fruit tree variables (yield and quality indicators) was reported under both ground cover management and clean tillage (bare soil) management; (b) only field studies were chosen; (c) only the latest observations were taken to meet the standard of independence of samples, when variables were measured at multiple time points; (d) multiple ground cover management types, cover crop species, fruit tree species, cultivation durations, and tree ages in one study were considered as independent observations.",1,1,0,0,1,1,0,1,0,1,1,1,1,0,0.6875,crop yield
cover and catch crops,10.1111/1365-2664.13124,1,"1) less than three spatially independent replicates per treatment level, (2) vineyards under plastic or in greenhouses, and (3) treatments not directly manipulating soil or vegetation management in the vineyards (e.g. application of synthetic or external mulches or the use of different fungicide or insecticide treatments) were excluded. in addition, only studies, which reported means and any dispersion measure of the dependent variable (e.g. sd or sem), were used. we contacted the authors of recently published papers with missing data of variance or additional information like irrigation regime of the treatments.",1,1,1,1,1,1,1,1,0,1,1,1,1,1,0.9375,crop yield
cover and catch crops,10.2134/agronj2017.12.0752,1,"research results reported weed biomass, density, or percentage control following a cover crop (cc) and for another weed control option.
the other weed control option (no cover crop, ncc) was specified and could be use of herbicide or tillage for weed control. all physical weed control methods were grouped as tillage including weeding by hand or hoeing.
time periods of evaluating weed control were indicated; specifically weed data collected at time of cc termination through to 7 wap.
studies conducted in field settings and treatments were randomized with replications.  the experimental designs of these studies were either randomized complete blocks or split-plot designs with three to eight replications. 
yield data for main crop following the use of cover crop for weed control might be reported; study was not excluded if no yield was reported.
sufficient information was provided to estimate standard deviation (sd) of mean values for weed biomass, weed density, weed control (%), and/or main crop yield as treatment effects of cc and ncc.",1,1,1,1,1,1,1,0,0,1,1,1,0,0,0.75,crop yield
cover and catch crops,10.2134/jeq2018.03.0107,1,"238 observations from 28 studies.  (i) the study compared winter cover crop treatments with no cover crop (control); (ii) no3− leaching was measured during at least the cover crop growth period or for the entire year (during both cover crop and cash crop phases); (iii) cumulative no3− leaching was calculated using both no3− concentrations in the soil solution and the drainage volume; (iv) the study was conducted under natural field conditions (i.e., model-based simulation and indoor lysimeter studies were excluded); (v) all other factors (soil, management, and climate) for each pairwise comparison between no cover crop and cover crop treatments were the same; and (vi) the experimental design, approach, and sampling protocols were clearly described. we excluded studies in which the potential risk of no3− leaching was assessed by comparing profile soil n over the cover crop season. studies with a long history of pasture prior to the experimental year were also excluded because of the potential legacy effect of previous pasture or forage crops on no3− leaching that could mask the true cover crop effect. similarly, studies that were conducted on recently constructed drainage lysimeters or monoliths using disturbed soils were also discarded because the disturbed soil structure in these monoliths could influence drainage characteristics and, hence, no3− leaching. we also excluded studies in which the treatment combinations impeded sole comparison between no cover crop and cover crop treatments.",1,1,1,0,1,1,1,1,0,1,1,1,1,1,0.875,crop yield
cover and catch crops,10.2135/cropsci2018.10.0603,1,"exclusion criteria: means for cover crop or no-cover crop treatments were not included, cotton yield or weed growth were not reported, article was a duplicate, article did not contain primary data (review or book), or they were not obtainable using interlibrary loan services (five articles). we did not include intercropping (cover crops grown simultaneously with cotton) studies, nor did we include studies that used weed count as the response variable. for the weed biomass effect size (es), if an experiment included both weed and weed-free fallow no-cover-crop controls, we used the weed fallow no-cover-crop control in our analysis. if an experiment included herbicides applied over all treatments in season, we excluded the weed biomass es but included the cotton biomass es. we identified 104 articles that met our screening criteria (a full citation list and details of primary studies are provided in the supplemental material). papers spanned 48 yr and were in english and portuguese languages. treatment means and number of replications (sample sizes) were collected for each study. for publications reporting means for more than one no-cover-crop (control) treatment in a nonfactorial experiment, we used the no-cover-crop control that most closely approximated the cover crop treatment. if replications were given as a range, we used the smallest value. for studies that did not report number of replications, we used n = 1 unless lsd or ses were provided, in which case we used n = 2.",1,1,0,0,1,1,0,1,0,1,1,1,0,1,0.6875,crop yield
cover and catch crops,10.2489/jswc.72.3.226,0,"1. yield records came from corn following a cover crop treatment, and corn following no cover (nc). 2. yields were reported in more than one year or location. 3. enough information was provided to compute study variances. 4. the studies were conducted in the
united states or canada.",1,1,1,1,1,1,1,1,0,1,1,1,1,1,0.875,crop yield
cover and catch crops,10.1007/s10705-017-9836-z,1,"only studies conducted in field conditions that were at least one growing season in duration were included. the authors included cover crop studies that measured n2o emissions from cover crop growth periods, cash crop growth periods or both, and examined these sub-groups separately.",1,1,1,0,1,1,0,0,1,1,1,0,1,0,0.6875,ghg emissions
cover and catch crops,10.1016/j.atmosenv.2018.12.046,1,"the field measurements were usually conducted by using non steady-state chambers. a study that used an intact soil cores technique in an olive orchard (maris et al., 2015) was also included. the consecutive measurement periods ranged from one whole growing season to four years in respective studies. gas fluxes were measured in tree rows and the alleyways between tree rows to account for spatial variation; and area-weighted cumulative emissions and efs were calculated. in cases where cumulative emissions were not reported directly (ge et al., 2015; pang et al., 2019), mean fluxes on an hourly or daily basis were extrapolated to the whole year or growing season.",1,1,0,0,1,1,0,1,1,1,1,0,1,0,0.6875,ghg emissions
cover and catch crops,10.1016/j.still.2019.04.020,1,"only studies that reported both n2o and co2 emissions, cover crops grown between harvesting and planting of cash crops, and cash crops with similar management practices, such as irrigation, fertilization, and tillage practices were selected for the study. studies that lack mean values, replications, and standard error or standard deviation ofthe mean were discarded.",1,1,1,0,1,1,0,1,0,1,1,0,1,0,0.6875,ghg emissions
cover and catch crops,10.1016/j.still.2020.104575,1,not specified,1,1,0,0,1,1,0,0,1,1,1,1,1,0,0.625,ghg emissions
cover and catch crops,10.2489/jswc.69.6.471,1,"this combination of key terms resulted in approximately  five  thousand  papers. to reduce the number of papers included in the meta-analysis, the following criteria were applied: 
1) studies in which the cover crop is not harvested and is grown between the harvest and planting of cash crops. 
2) studies reporting n2o measurements. 
3) studies with a control treatment varying only in the inclusion of a cover crop and keeping all other management practices such as tillage and n additions equal. 
4) studies that provided enough information (standard errors, standard deviations, coefficients of variation, etc.) about experimental error either in the published paper or in information that was provided by the authors when contacted to allow for an estimate of within study variance.
5) studies published before december of 2012.",1,1,1,1,1,1,1,1,0,1,1,0,1,0,0.8125,ghg emissions
cover and catch crops,10.1007/s11356-020-08322-1,1,"(1) studied nitrate leaching in vegetable fields rather than in soil columns or pot experiments; (2) carried out study for at least one growing season; and (3) measured nitrate leaching in terms of mass of n lost by suction cup, lysimeter, or soil sample methods.",1,1,0,0,1,1,0,1,1,1,1,0,1,0,0.6875,nutrient leaching and run-off
cover and catch crops,10.1007/s13593-016-0397-3,0,"(1) a measure of potential nitrogen loss during (i.e., leachate nitrogen) or at the conclusion (i.e., inorganic soil nitrogen) of a fallow period in annual croplands (this included most grain and vegetable crops but excluded most forages, cellulosic bioenergy crops, and tree fruits) and (2) a comparison of at least one planted annual cover crop treatment and a weedy fallow treatment that did not receive any tillage or chemical application to suppress weed growth. studies were included regardless of tillage (conservation vs. conventional tillage) or management (organic vs. conventional) system, although conservation tillage and organic systems were under-represented in the final data set (two studies for each system). other studies were culled because the measure of inorganic soil nitrogen occurred after cover crops and weeds had been terminated and incorporated into the soil (the decomposition of residues confounded estimates of potential nitrogen losses). the species of cover crop and dominant weed species in the weedy fallow treatment were extracted from each study when available; cover crop species were later grouped by legumes and nonlegumes for analysis. in cases where mixtures of cover crops were planted, the treatment was grouped according to the dominant species in the mixture (e.g., a mixture of 70 % nonlegume cover crops and 30 % legume cover crops was grouped with nonlegumes for analysis).",1,1,1,0,1,1,0,1,0,1,1,1,1,0,0.6875,nutrient leaching and run-off
cover and catch crops,10.1016/j.agee.2005.07.003,1,"studies compiled in our legume covercrop yield database had the following characteristics: (1) winter legume cover crop followed by an unfertilized cash crop compared to the control, (2) cash crop production every year, (3) no manure or other n additions applied during any phase of the diversified rotation, and (4) cover crop biomass incorporated into the soil or killed before crop planting, with no biomass removal. they excluded studies  if  legume  treatments  had  excessive applications of inorganic n fertilizer or if the green manures were being compared to a zero n control. 
only legume cover crops are considered for this analysis (cash crop after non-legume cover crops is fertilized, so non-legume cover crop were removed in our analysis).",1,1,0,0,1,1,0,0,0,0,1,0,1,0,0.5,nutrient leaching and run-off
cover and catch crops,10.1016/j.agee.2013.04.018,1,"(i) study of nitrate leaching (nl) in an irrigated agricultural cropping system; (ii) study for at least one growing season; (iii) conducted under field conditions; (iv) nl was measured in terms of mass of n lost (i.e. no3-n concentration and the volume of water leached were both considered). studies that determined the risk of nl through soil or soil solution no3-n concentrations, were not considered as these might give a skewed view of nl. even if the study relied on computer modeling to simulate components of the water balance or solute transport, the studies were selected if data collected under field conditions were the major component of the results. a further selection was conducted by critical examination of these papers for inclusion and exclusion from the data-set, following quality criteria that ensure statistical power avoiding unconscious bias (hedges et al., 1999). these criteria were that: (i) the experimental design had to be sufficiently detailed to determine all critical aspects of the treatments, plot size and recent history, irrigation systems and fertilizer management; (ii) studies reflected typical regional practice; and (iii) in most cases included treatment replicates. in some cases exceptions were made to this final criterion.",1,1,0,1,1,1,0,1,0,1,1,0,1,0,0.6875,nutrient leaching and run-off
cover and catch crops,10.1016/j.agee.2015.01.023,1,"1. the study was carried out in denmark, sweden, finland or norway. 2. the main crops were spring wheat, spring barley, and oats. 3. catch crops were undersown in spring. 4. the study had an appropriate control group (i.e., one with no catch crop). 5. the study assessed the effects of undersown catch crops on total n leaching, nitrate n leaching, soil nitrate n or inorganic n, grain yield, or grain n content. 6. responses to catch crops were recorded as either original data for each experimental year or as means of treatments (i.e., with undersown catch crops) and controls (i.e., with no catch crops) for the duration of the experiment with standard deviations and sample sizes (number of years).",1,1,1,0,1,1,1,1,0,1,1,1,1,0,0.8125,nutrient leaching and run-off
cover and catch crops,10.1016/j.catena.2020.105085,1,"the case studies were chosen following the strict quality criteria: (a) the experiments or observations were conducted under field conditions (i.e., no laboratory, rainfall simulation or runoff simulation experiments, etc.); (b) both the ground cover and control (clean tillage or bare ground management) treatments were included in each case study, and the two treatments were exposed to the same environmental conditions; (c) the targeted article contained at least one response variable (runoff or soil loss or nutrients loss observations); (d) when the variable was measured at multiple time points, the average value was calculated to meet the accurate observation results; (e) multiple ground cover species in one study were considered as independent observations.",1,1,1,0,1,1,1,0,1,1,1,1,1,0,0.8125,nutrient leaching and run-off
cover and catch crops,10.1016/j.landusepol.2019.104204,1,"1) it reported the results of an experiment in the mediterranean forests, woodlands, and scrub biome or the central valley of california
2) it compared a winter cover crop with a winter fallow, followed by a food crop in spring or summer (annual food crops in arable fields, including cereals, fruits, and vegetables, but not perennial food crops in orchards
or vineyards)
3) it reported the mean effect on an ecosystem service metric.",1,1,1,1,1,1,0,1,1,1,1,0,1,1,0.875,nutrient leaching and run-off
cover and catch crops,10.1016/j.still.2020.104575,1,not specified,1,1,0,0,1,1,0,0,1,1,1,1,1,0,0.625,nutrient leaching and run-off
cover and catch crops,10.2134/jeq2018.03.0107,1,"238 observations from 28 studies.  (i) the study compared winter cover crop treatments with no cover crop (control); (ii) no3− leaching was measured during at least the cover crop growth period or for the entire year (during both cover crop and cash crop phases); (iii) cumulative no3− leaching was calculated using both no3− concentrations in the soil solution and the drainage volume; (iv) the study was conducted under natural field conditions (i.e., model-based simulation and indoor lysimeter studies were excluded); (v) all other factors (soil, management, and climate) for each pairwise comparison between no cover crop and cover crop treatments were the same; and (vi) the experimental design, approach, and sampling protocols were clearly described. we excluded studies in which the potential risk of no3− leaching was assessed by comparing profile soil n over the cover crop season. studies with a long history of pasture prior to the experimental year were also excluded because of the potential legacy effect of previous pasture or forage crops on no3− leaching that could mask the true cover crop effect. similarly, studies that were conducted on recently constructed drainage lysimeters or monoliths using disturbed soils were also discarded because the disturbed soil structure in these monoliths could influence drainage characteristics and, hence, no3− leaching. we also excluded studies in which the treatment combinations impeded sole comparison between no cover crop and cover crop treatments.",1,1,1,0,1,1,1,1,0,1,1,1,1,1,0.875,nutrient leaching and run-off
cover and catch crops,10.2489/jswc.69.6.471,1,"this combination of key terms resulted in approximately  five  thousand  papers. to reduce the number of papers included in the meta-analysis, the following criteria were applied: 
1) studies in which the cover crop is not harvested and is grown between the harvest and planting of cash crops. 
2) studies reporting n2o measurements. 
3) studies with a control treatment varying only in the inclusion of a cover crop and keeping all other management practices such as tillage and n additions equal. 
4) studies that provided enough information (standard errors, standard deviations, coefficients of variation, etc.) about experimental error either in the published paper or in information that was provided by the authors when contacted to allow for an estimate of within study variance.
5) studies published before december of 2012.",1,1,1,1,1,1,1,1,0,1,1,0,1,0,0.8125,nutrient leaching and run-off
cover and catch crops,10.1002/ael2.20022,1,"the authors included weed biomass (wbio), weed density (wden), and cash-crop yield as response variables. they recorded values in a paired format, requiring each pair of response variables to be measured in the same crop at the same time with all aspects
of management held constant except for a treatment of a fall-planted cc. ancillary data included geographical location, climate, and soil characteristics of the study site; cashcrop and cc management including species, tillage system, planting and termination methods and dates; and experimental information such as timing of weed measurements and type of weed. the complete database is published and available on iowa state university’s datashare platform. fifteen articles fit our criteria, producing 123 response
ratios for wbio and 119 response ratios for wden.",1,1,1,1,1,1,1,1,1,1,1,1,1,1,1,pests and diseases
cover and catch crops,10.1016/j.landusepol.2019.104204,1,"1) it reported the results of an experiment in the mediterranean forests, woodlands, and scrub biome or the central valley of california
2) it compared a winter cover crop with a winter fallow, followed by a food crop in spring or summer (annual food crops in arable fields, including cereals, fruits, and vegetables, but not perennial food crops in orchards
or vineyards)
3) it reported the mean effect on an ecosystem service metric.",1,1,1,1,1,1,0,1,1,1,1,0,1,1,0.875,pests and diseases
cover and catch crops,10.1016/j.still.2020.104575,1,not specified,1,1,0,0,1,1,0,0,1,1,1,1,1,0,0.625,pests and diseases
cover and catch crops,10.1111/1365-2664.13124,1,"1) less than three spatially independent replicates per treatment level, (2) vineyards under plastic or in greenhouses, and (3) treatments not directly manipulating soil or vegetation management in the vineyards (e.g. application of synthetic or external mulches or the use of different fungicide or insecticide treatments) were excluded. in addition, only studies, which reported means and any dispersion measure of the dependent variable (e.g. sd or sem), were used. we contacted the authors of recently published papers with missing data of variance or additional information like irrigation regime of the treatments.",1,1,1,1,1,1,1,1,0,1,1,1,1,1,0.9375,pests and diseases
cover and catch crops,10.2134/agronj2017.12.0752,1,"research results reported weed biomass, density, or percentage control following a cover crop (cc) and for another weed control option. the other weed control option (no cover crop, ncc) was specified and could be use of herbicide or tillage for weed control. all physical weed control methods were grouped as tillage including weeding by hand or hoeing. time periods of evaluating weed control were indicated; specifically weed data collected at time of cc termination through to 7 wap. studies conducted in field settings and treatments were  randomized with replications.  the experimental designs of these studies were either randomized complete blocks or split-plot designs with three to eight replications. yield data for main crop following the use of cover crop for weed control might be reported; study was not excluded if no yield was reported. sufficient information was provided to estimate standard deviation (sd) of mean values for weed biomass, weed density, weed control (%), and/or main crop yield as treatment effects of cc and ncc.",1,1,1,1,1,1,1,0,0,1,1,1,0,0,0.75,pests and diseases
cover and catch crops,10.2135/cropsci2018.09.0589,1,"(i) study was conducted in the field, (ii) treatments were randomized with replications, (iii) results reported weed biomass, density, or percentage weed control after cover crop and no cover crop treatments, (iv) time of collecting weed data was specified, and (v) sufficient information was provided to estimate variance of mean values for weed biomass or density.",1,1,0,0,1,1,1,1,0,1,1,1,0,0,0.6875,pests and diseases
cover and catch crops,10.2135/cropsci2018.10.0603,1,"exclusion criteria: means for cover crop or no-cover crop treatments were not included, cotton yield or weed growth were not reported, article was a duplicate, article did not contain primary data (review or book), or they were not obtainable using interlibrary loan services (five articles). we did not include intercropping (cover crops grown simultaneously with cotton) studies, nor did we include studies that used weed count as the response variable. for the weed biomass effect size (es), if an experiment included both weed and weed-free fallow no-cover-crop controls, we used the weed fallow no-cover-crop control in our analysis. if an experiment included herbicides applied over all treatments in season, we excluded the weed biomass es but included the cotton biomass es. we identified 104 articles that met our screening criteria (a full citation list and details of primary studies are provided in the supplemental material). papers spanned 48 yr and were in english and portuguese languages. treatment means and number of replications (sample sizes) were collected for each study. for publications reporting means for more than one no-cover-crop (control) treatment in a nonfactorial experiment, we used the no-cover-crop control that most closely approximated the cover crop treatment. if replications were given as a range, we used the smallest value. for studies that did not report number of replications, we used n = 1 unless lsd or ses were provided, in which case we used n = 2.",1,1,0,0,1,1,0,1,0,1,1,1,0,1,0.6875,pests and diseases
cover and catch crops,10.1016/j.agee.2013.04.018,1,"(i) study of nitrate leaching (nl) in an irrigated agricultural cropping system; (ii) study for at least one growing season; (iii) conducted under field conditions; (iv) nl was measured in terms of mass of n lost (i.e. no3-n concentration and the volume of water leached were both considered). studies that determined the risk of nl through soil or soil solution no3-n concentrations, were not considered as these might give a skewed view of nl. even if the study relied on computer modeling to simulate components of the water balance or solute transport, the studies were selected if data collected under field conditions were the major component of the results. a further selection was conducted by critical examination of these papers for inclusion and exclusion from the data-set, following quality criteria that ensure statistical power avoiding unconscious bias (hedges et al., 1999). these criteria were that: (i) the experimental design had to be sufficiently detailed to determine all critical aspects of the treatments, plot size and recent history, irrigation systems and fertilizer management; (ii) studies reflected typical regional practice; and (iii) in most cases included treatment replicates. in some cases exceptions were made to this final criterion.",1,1,0,1,1,1,0,1,0,1,1,0,1,0,0.6875,plant nutrient uptake
cover and catch crops,10.1111/1365-2664.13124,1,"1) less than three spatially independent replicates per treatment level, (2) vineyards under plastic or in greenhouses, and (3) treatments not directly manipulating soil or vegetation management in the vineyards (e.g. application of synthetic or external mulches or the use of different fungicide or insecticide treatments) were excluded. in addition, only studies, which reported means and any dispersion measure of the dependent variable (e.g. sd or sem), were used. we contacted the authors of recently published papers with missing data of variance or additional information like irrigation regime of the treatments.",1,1,1,1,1,1,1,1,0,1,1,1,1,1,0.9375,pollination
cover and catch crops,10.1007/s11104-018-3810-7,1,"the authors selected those studies that reported the effects on main crop yield and p uptake/p concentration, soil p and/or soil biological parameters related to p cycling (phosphatase activity, microbial biomass p, or abundance of amf) and included a control treatment without cover crops. phosphorus-mobilizing carboxylates are rarely measured in field studies and could not be included in the meta-analysis. we used only studies with cover crops and main crops grown in rotation, excluding intercropping or living mulch. greenhouse experiments were excluded, as were agroforestry and grassland studies. soil biological properties and available p were determined after termination of the cover crop or during growth of the main crop. experimental factors such as main crop species and/or other factors (e.g., soils, tillage) and data from different years were treated as separate experiments within a study.",1,1,1,0,1,1,0,1,1,1,1,1,1,0,0.8125,soil biological quality
cover and catch crops,10.1016/j.geoderma.2020.114696,1,"i. experiments should be conducted in the field and data for legume, nonlegume, and/or mixed cover crops should be compared with no cover crop (fallow) in a region with similar soil and climatic conditions. studies with no control treatment (or fallow) were discarded.
ii. data comparing the effect of legume, nonlegume, and/or mixed (legume + nonlegume + oilseed crops) cover crops on soil microbial properties were selected.
iii. treatments should be replicated at least three times and mean values shown with standard deviation (sd) or standard error (se).
iv. where different rates of fertilization were applied to crops following cover crops, only treatments with the recommended fertilizer rates based on the regions were selected. if different fertilizer types were used to supply nutrients, mean values of nutrients among fertilizer types were calculated and used for the study.",1,1,0,0,1,1,0,1,0,1,1,1,1,1,0.75,soil biological quality
cover and catch crops,10.1016/j.landusepol.2019.104204,1,"1) it reported the results of an experiment in the mediterranean forests, woodlands, and scrub biome or the central valley of california
2) it compared a winter cover crop with a winter fallow, followed by a food crop in spring or summer (annual food crops in arable fields, including cereals, fruits, and vegetables, but not perennial food crops in orchards
or vineyards)
3) it reported the mean effect on an ecosystem service metric.",1,1,1,1,1,1,0,1,1,1,1,0,1,1,0.875,soil biological quality
cover and catch crops,10.1016/j.soilbio.2019.107701,1,"this collection was refined for studies that met the criteria for this meta-analysis: i) experimental design allowed pairwise com- parison between cover cropping treatments and bare fallow controls, ii) defined cover cropping as crops that are not harvested nor removed, thereby excluding studies with crop residues, iii) field or greenhouse studies, iv) the study reported sample sizes, means, and standard errors; if these statistics were not reported, authors were contacted or the sta- tistics were calculated if possible.",1,1,1,1,1,1,0,1,0,1,1,1,1,1,0.875,soil biological quality
cover and catch crops,10.1016/j.soilbio.2021.108383,1,"(1) data should be available in the articles either in table or in graphical forms. in the case of graphics, the programme getdata graph digitizer (version 2.26 http://getdata-graph-digitizer.com/), was used to extract data from figures.
(2) nematode data should be a measurement of the abundance of nematode trophic groups, that is bacterial feeding (bf), fungal feeding (ff), omnivores and predators (op) and plant feeding nematodes (pf), and/or nematode diversity and/or nematode indices. diversity indices were taxonomic richness (s) and shannon diversity (h′). nematode indices were the maturity index (mi), plant-parasitic index (ppi), structure index (si), enrichment index (ei), and nematode channel ratio (ncr). studies had to report at least one of the abovementioned nematode parameters to be included in this synthesis.
(3) studies needed to evaluate the effect of the conversion of conventional agriculture to organic agriculture. conventional systems use pesticide, mineral fertilizers and tillage. organic agriculture does not use synthetic pesticide and mineral fertilizers. tillage is used for weed management.
(4) the samples should be collected from the topsoil layer (soil depth between 0 and 30 cm maximum).
(5) studies needed to report means (x ̅), standard deviations (sd) or standard errors (se) and sample size (n, number of true replications) of nematode variables in control and treatment groups. when sd, se or sample size were missing, articles were discarded as these data are required to compute the effect size. a total of 103 articles, i.e. 30% of articles, met these inclusion criteria and were used in the meta-analysis, corresponding to a total of 1338 unique observations (control + treatment, fig. 2).",1,1,1,1,1,1,1,1,0,1,1,1,1,1,0.9375,soil biological quality
cover and catch crops,10.1016/j.still.2020.104575,1,not specified,1,1,0,0,1,1,0,0,1,1,1,1,1,0,0.625,soil biological quality
cover and catch crops,10.1111/1365-2664.12815,1,"(i) a field trial comparing (a) bare winter fallow (i.e. unplanted) vs. cover crop(s), or (b) multiple types of tillage, including a comparison between a ‘conventional’ type (usually a mouldboard plough, i.e. soil inversion) and an alternative (e.g. no-till, chisel till); and (ii) data on amf colonization rates (i.e. per cent root length colonized) on roots of the subsequent annual cash crop. we also examined studies that analysed amf community composition from soil or root samples (by spore morphological identification or genetic analysis) following incorporation of the cover crop and/or tillage. only studies with imposed, replicated treatments at one or more sites were included.",1,1,1,0,1,1,0,0,0,1,1,1,1,1,0.75,soil biological quality
cover and catch crops,10.1111/1365-2664.13124,1,"1) less than three spatially independent replicates per treatment level, (2) vineyards under plastic or in greenhouses, and (3) treatments not directly manipulating soil or vegetation management in the vineyards (e.g. application of synthetic or external mulches or the use of different fungicide or insecticide treatments) were excluded. in addition, only studies, which reported means and any dispersion measure of the dependent variable (e.g. sd or sem), were used. we contacted the authors of recently published papers with missing data of variance or additional information like irrigation regime of the treatments.",1,1,1,1,1,1,1,1,0,1,1,1,1,1,0.9375,soil biological quality
cover and catch crops,10.1007/s10113-018-1447-y,1,"we selected empirical case studies which measured ecosystem services-related properties both for conservation (treatment) and conventional (control) management options. this step excluded pure simulation modeling studies and reviews. we focused on papers reporting results from the mediterranean basin but included six well-designed papers (see the caption of supplementary fig. sf1) reporting from mediterranean climate regions outside the basin (i.e., south and south west australia, the cape of south africa, central chile, and california.",1,1,1,1,0,0,1,0,1,0,1,0,1,0,0.625,soil erosion
cover and catch crops,10.1016/j.catena.2020.105085,1,"the case studies were chosen following the strict quality criteria: (a) the experiments or observations were conducted under field conditions (i.e., no laboratory, rainfall simulation or runoff simulation experiments, etc.); (b) both the ground cover and control (clean tillage or bare ground management) treatments were included in each case study, and the two treatments were exposed to the same environmental conditions; (c) the targeted article contained at least one response variable (runoff or soil loss or nutrients loss observations); (d) when the variable was measured at multiple time points, the average value was calculated to meet the accurate observation results; (e) multiple ground cover species in one study were considered as independent observations.",1,1,1,0,1,1,1,0,1,1,1,1,1,0,0.8125,soil erosion
cover and catch crops,10.1016/j.scitotenv.2020.139517,1,"(i) plots were observed under natural rainfall conditions and located in the rshr of china; (ii) the same response variables, including at least one soil loss or erosion rate or runoff depth or runoff coefficient, were compared between plots with swcms and plots without swcms; (iii) one of the factors was recorded associated with plots, such as location, precipitation, field area, slope length, slope gradient, land use, soil properties and monitoring period; (iv) the number of replications, mean values, standard deviations or standard errors of plots with swcms and plots without swcms were reported; (v) at least two data pairs were contained in each group (a plot with swcms and a plot without swcms); (vi) identical plot data reported in different articles were included only once. the duration of observations of study plots ranged from 1 to 15 years, but most studies were conducted for <5 years (approximately 82%). slope gradients varied from 2.7° (4.7%) to 30° (57.7%), with the largest number within a range of 10° (17.6%) to 15° (26.8%) (fig. 2c). these field plots investigations were conducted on relatively steep slopes (mean = 14.26° (25.4%), sd = 5.48° (9.6%), n = 431) compared to the standard rusle plot gradient of 5.1° (9%).",1,1,1,0,1,1,0,1,0,1,1,0,1,0,0.6875,soil erosion
cover and catch crops,10.1016/j.still.2020.104575,1,not specified,1,1,0,0,1,1,0,0,1,1,1,1,1,0,0.625,soil erosion
cover and catch crops,10.1111/1365-2664.13124,1,"1) less than three spatially independent replicates per treatment level, (2) vineyards under plastic or in greenhouses, and (3) treatments not directly manipulating soil or vegetation management in the vineyards (e.g. application of synthetic or external mulches or the use of different fungicide or insecticide treatments) were excluded. in addition, only studies, which reported means and any dispersion measure of the dependent variable (e.g. sd or sem), were used. we contacted the authors of recently published papers with missing data of variance or additional information like irrigation regime of the treatments.",1,1,1,1,1,1,1,1,0,1,1,1,1,1,0.9375,soil erosion
cover and catch crops,10.1016/j.agsy.2019.102736,1,"1) laboratory or greenhouse studies were excluded, and only studies performed in field conditions and carried out in a mediterranean climate were chosen; 2) when several papers included data from the same experiment, the longest study with the most soil and crop variables was chosen.",1,1,1,0,1,1,1,1,1,1,1,0,1,0,0.8125,soil nutrients
cover and catch crops,10.1016/j.still.2019.04.020,1,"only studies that reported both n2o and co2 emissions, cover crops grown between harvesting and planting of cash crops, and cash crops with similar management practices, such as irrigation, fertilization, and tillage practices were selected for the study. studies that lack mean values, replications, and standard error or standard deviation ofthe mean were discarded.",1,1,1,0,1,1,0,1,0,1,1,0,1,0,0.6875,soil nutrients
cover and catch crops,10.1016/j.still.2020.104575,1,not specified,1,1,0,0,1,1,0,0,1,1,1,1,1,0,0.625,soil nutrients
cover and catch crops,10.1080/03650340.2021.1937607,1,"(a) at least one of the targeted fruit tree variables (yield and quality indicators) was reported under both ground cover management and clean tillage (bare soil) management; (b) only field studies were chosen; (c) only the latest observations were taken to meet the standard of independence of samples, when variables were measured at multiple time points; (d) multiple ground cover management types, cover crop species, fruit tree species, cultivation durations, and tree ages in one study were considered as independent observations.",1,1,0,0,1,1,0,1,0,1,1,1,1,0,0.6875,soil nutrients
cover and catch crops,10.2136/sssaj2017.07.0245,1,"exclusion criteria: studies that were not relevant in the context of this paper or were not found to include sufficient information regarding soil, crop management, or crops. conference abstracts and studies not providing quantitative results were also rejected.",1,1,1,0,1,1,1,1,0,1,1,1,1,0,0.8125,soil nutrients
cover and catch crops,10.5586/aa.1662,0,"long term experiments (ltes) in europe, as well as from ltes held by the catch-c consortium partners from 10 european countries.",1,0,0,0,1,1,0,0,0,0,0,0,1,0,0.25,soil nutrients
cover and catch crops,10.1016/j.still.2017.03.005,1,"an experiment had to meet the following criteria: 1) it had to be performed by an official institution under field conditions, 2) management practices had to be similar to those applied under production scenarios, 3) a control treatment under bare fallow had to be compared against at least one cover crop treatment, 4) the cover crop species had to be identified, 5) treatments could differ only in fallow-cover crop management and all other factors (grain crop, varieties, fertilization, etc.) had to be similar, 6) the experimental design had to be clearly described (in three cases we contacted the authors of the experiments for some additional missing information), 7) average and number of replications of the control and the cover crop treatments had to be reported for at least one of the following variables: soil bulk density, soil penetration resistance, structural stability, infiltration, organic carbon content, nitrate-n level, available water content, or yield of soybean or corn, 8) experiment duration and time of measurement had to be indicated, 9) sampling depth of soil properties had to be specified. report of treatment variances was not considered as a requisite in this selection because these were not included in many sources and this would have made the meta-analysis impossible. in around 12% of cases (across all variables and experiments) standard deviation or standard errors were available for the control and cover crop treatments, in which case they were extracted. usually, variability of the reported means was included in one or two studies for each addressed variable.",1,1,1,0,1,1,0,1,1,1,1,1,1,0,0.8125,soil physico-chemical quality
cover and catch crops,10.1016/j.still.2020.104575,1,not specified,1,1,0,0,1,1,0,0,1,1,1,1,1,0,0.625,soil physico-chemical quality
cover and catch crops,10.1371/journal.pone.0215702,1,"the main criteria for inclusion were field experiments that: 1. measured and reported steady-state infiltration rates, defined as the volume of water entering the soil over a designated period; 2. compared one of the alternative practices of interest relative to select conventional controls in a standardized way.",1,1,1,1,1,1,0,1,1,1,1,1,1,1,0.9375,soil physico-chemical quality
cover and catch crops,10.2136/sssaj2017.03.0077,1,"(i) studies compared land managed with continuous plant growth (including cases of actively restored perennial landscapes) versus annual crop systems that did not include continuous plant cover and (ii) studies measured at least one of two indicators of soil hydrology: water retained at field capacity (the maximum level of plant available soil water, hereafter referred to as field capacity) or total porosity (the maximum volume of water that soil can hold).",1,1,1,0,1,0,1,0,0,0,1,0,1,0,0.5625,soil physico-chemical quality
cover and catch crops,10.1007/s13593-018-0546-y,1,"(1) contain data on water drainage, which we defined as water unavailable to plant roots and likely to recharge groundwater, i.e., measured at a depth of 90 cm or more
(2) compare the impact of cover crops to that of fallow bare soil, without plant cover
(3) cover crops sown in summer or autumn after the cash crop harvest and destroyed (soil tillage) or terminated (crushing or herbicide) before sowing the next cash crop
(4) provide drained plot or lysimeter measurements or soil-crop model outputs
(5) perform studies under climates of class b, c, or d of the köppen-geiger classification (peel et al. 2007) in order to represent temperate climates
(6) studies performed at the field scale",1,1,1,1,1,1,0,1,0,1,1,1,1,1,0.875,soil physico-chemical quality
cover and catch crops,10.1016/j.agwat.2021.107085,1,"i. field studies that reported soil water content, cover crops grown between the harvesting of a previous cash crop and planting of a succeeding cash crop, and cash crops with similar management practices, such as irrigation, fertilization, and tillage, were selected for the study. studies conducted on greenhouse and pot experiments were excluded. studies that included cover crop as an intercrop with other crops were also excluded.
ii. data included comparison of cover crops vs. no cover crop (fallow) in a region with similar soil and climatic conditions. studies with the no control treatment were discarded.
iii. treatments were replicated at least three times, and mean values were shown with standard deviation (sd) or standard error (se).
iv. in humid and subhumid regions, two to three crops could be grown in a year. in such cases, only data for those crops that were exclusively stated as cover crops were used for analysis. data for crops used as supplemental cash crops in a year were excluded.
subjected to these criteria, 117 studies from 99 publications from studies conducted across the world were selected for the meta-analysis",1,1,0,0,1,1,0,1,0,1,1,1,1,0,0.6875,soil water retention
cover and catch crops,10.1016/j.landusepol.2019.104204,1,"1) it reported the results of an experiment in the mediterranean forests, woodlands, and scrub biome or the central valley of california
2) it compared a winter cover crop with a winter fallow, followed by a food crop in spring or summer (annual food crops in arable fields, including cereals, fruits, and vegetables, but not perennial food crops in orchards
or vineyards)
3) it reported the mean effect on an ecosystem service metric.",1,1,1,1,1,1,0,1,1,1,1,0,1,1,0.875,soil water retention
cover and catch crops,10.1016/j.still.2017.03.005,1,"an experiment had to meet the following criteria: 1) it had to be performed by an official institution under field conditions, 2) management practices had to be similar to those applied under production scenarios, 3) a control treatment under bare fallow had to be compared against at least one cover crop treatment, 4) the cover crop species had to be identified, 5) treatments could differ only in fallow-cover crop management and all other factors (grain crop, varieties, fertilization, etc.) had to be similar, 6) the experimental design had to be clearly described (in three cases we contacted the authors of the experiments for some additional missing information), 7) average and number of replications of the control and the cover crop treatments had to be reported for at least one of the following variables: soil bulk density, soil penetration resistance, structural stability, infiltration, organic carbon content, nitrate-n level, available water content, or yield of soybean or corn, 8) experiment duration and time of measurement had to be indicated, 9) sampling depth of soil properties had to be specified. report of treatment variances was not considered as a requisite in this selection because these were not included in many sources and this would have made the meta-analysis impossible. in around 12% of cases (across all variables and experiments) standard deviation or standard errors were available for the control and cover crop treatments, in which case they were extracted. usually, variability of the reported means was included in one or two studies for each addressed variable.",1,1,1,0,1,1,0,1,1,1,1,1,1,0,0.8125,soil water retention
cover and catch crops,10.1016/j.still.2020.104575,1,not specified,1,1,0,0,1,1,0,0,1,1,1,1,1,0,0.625,soil water retention
cover and catch crops,10.1080/03650340.2021.1937607,1,"(a) at least one of the targeted fruit tree variables (yield and quality indicators) was reported under both ground cover management and clean tillage (bare soil) management; (b) only field studies were chosen; (c) only the latest observations were taken to meet the standard of independence of samples, when variables were measured at multiple time points; (d) multiple ground cover management types, cover crop species, fruit tree species, cultivation durations, and tree ages in one study were considered as independent observations.",1,1,0,0,1,1,0,1,0,1,1,1,1,0,0.6875,soil water retention
cover and catch crops,10.1111/1365-2664.13124,1,"1) less than three spatially independent replicates per treatment level, (2) vineyards under plastic or in greenhouses, and (3) treatments not directly manipulating soil or vegetation management in the vineyards (e.g. application of synthetic or external mulches or the use of different fungicide or insecticide treatments) were excluded. in addition, only studies, which reported means and any dispersion measure of the dependent variable (e.g. sd or sem), were used. we contacted the authors of recently published papers with missing data of variance or additional information like irrigation regime of the treatments.",1,1,1,1,1,1,1,1,0,1,1,1,1,1,0.9375,soil water retention
cover and catch crops,10.2136/sssaj2017.03.0077,1,"(i) studies compared land managed with continuous plant growth (including cases of actively restored perennial landscapes) versus annual crop systems that did not include continuous plant cover and (ii) studies measured at least one of two indicators of soil hydrology: water retained at field capacity (the maximum level of plant available soil water, hereafter referred to as field capacity) or total porosity (the maximum volume of water that soil can hold).",1,1,1,0,1,0,1,0,0,0,1,0,1,0,0.5625,soil water retention
cover and catch crops,10.1016/j.agwat.2021.107085,1,"i. field studies that reported soil water content, cover crops grown between the harvesting of a previous cash crop and planting of a succeeding cash crop, and cash crops with similar management practices, such as irrigation, fertilization, and tillage, were selected for the study. studies conducted on greenhouse and pot experiments were excluded. studies that included cover crop as an intercrop with other crops were also excluded.
ii. data included comparison of cover crops vs. no cover crop (fallow) in a region with similar soil and climatic conditions. studies with the no control treatment were discarded.
iii. treatments were replicated at least three times, and mean values were shown with standard deviation (sd) or standard error (se).
iv. in humid and subhumid regions, two to three crops could be grown in a year. in such cases, only data for those crops that were exclusively stated as cover crops were used for analysis. data for crops used as supplemental cash crops in a year were excluded.
subjected to these criteria, 117 studies from 99 publications from studies conducted across the world were selected for the meta-analysis",1,1,0,0,1,1,0,1,0,1,1,1,1,0,0.6875,water use
crop residue management,10.1016/j.agee.2016.08.019,1,1) the sample sizes and means of nh3 volatilization had to be reported for control and treatment plots; 2) details on experimental location; year; design and conditions must be provided to enable the cross checking of duplicate publication; 3) multiple observations from the same experimental site over sampling time or year of study were averaged.,1,1,0,0,1,1,0,1,0,1,1,1,1,0,0.6875,air pollutants emissions
crop residue management,10.1016/j.envpol.2021.117844,1,"1) only experiments conducted in china were included; 2) studies must have reported a mean value of cumulative soil nh3 volatilization after fertilisation; 3) field, in-situ pot or lysimeter studies were included.",1,1,0,0,1,1,0,1,0,1,0,1,1,0,0.625,air pollutants emissions
crop residue management,10.1016/j.still.2021.105142,1,"(i) the n2o and no emissions were simultaneously measured during at least a whole growing season; (ii) only the field measurements were included, without considering incubation, pot and lysimeter experiments or modelling results; (iii) the experiments on upland soils and paddy soils during the non-waterlogging period were included, without considering those on the flooded paddy soils; and (iv) the spatial replicates and standard deviation of each treatment were clearly recorded.",1,1,1,0,1,0,0,1,1,1,0,0,1,0,0.625,air pollutants emissions
crop residue management,10.1111/gcb.14466,1,"1) the control (mineral n fertilisation) and straw treatment (mineral n fertilisation plus straw return) received equal mineral n fertilisation rates, which indicated that the straw treatment provided additional straw n supply to soils; 2) publications needed to report on at least one of the target variables and sample sizes for the con- trol and treatment plots. multiple observations that were conducted at the same experimental site over several sampling years were aver- aged; 3) the observation duration of the experiment must have covered the main discharge period of various nr losses.",1,1,1,0,1,1,0,1,0,1,1,1,1,0,0.75,air pollutants emissions
crop residue management,10.1002/ldr.3492,0,"(a) the experiment was designed as side-by-side paired-plot field studies with well-defined control composing of crop residues removal treatment as rr in china's croplands (mainland china); (b) other field managements that were clearly stated or described as 'similar field managements were conducted involving both controls and treatments' (e.g., the same cropping intensity, irrigation, and fertilisation); (c) one or more variables of soil quality, crop production, and environmental impacts parameters were obtainable with the same sampling and measuring methods under rr and residues removed treatments; and (d) location for each field experiment was provided.",1,1,1,0,1,1,0,1,1,1,1,1,1,1,0.8125,carbon sequestration
crop residue management,10.1007/s10705-017-9903-5,1,"1) studies that reported crop yield, soil organic carbon, microbial biomass (mb) and/or plant-available p data for at least two types of treatments: (a) those that did not receive any fertiliser (‘nil control’); or (b) those where only inorganic npk fertiliser (if, ‘standard control’) was applied, and (c) where organic amendments (oa) with or without supplemental if was used. we defined oa as raw or composted materials derived from animals (e.g., manure), plant (e.g., straw) and municipal waste (e.g., sludge). the standard control did not always receive equivalent nutrient rates to those in oa and oa + if treatments; 2) crop yield data were included only for wheat, barley, corn, and rice grain in order to minimise differences in nutrient needs and rooting systems.",1,1,1,1,1,1,0,1,0,1,1,0,1,0,0.75,carbon sequestration
crop residue management,10.1007/s10705-019-09991-2,1,"1)  studies were carried out in the territory of mainland china. six fertilisation practices were primarily focused on, including unbalanced application of one or two types of chemical fertiliser (ucf); balanced chemical fertilisation with n, p and k (cf); straw residue retention combined with the application of chemical fertilisers (cfs); straw residue retention only (s); application of manure and chemical fertilisers (cfm); and manure application only (m). 2) the mean and standard deviation (sd) or standard error (se) of the enzyme activities were provided either as part of the experimental design or in figure captions. 3) if an individual study had more than one treatment type (e.g. inorganic fertiliser, straw residue, manure), measurements from different treatment types were considered as independent observations to evaluate the effects of fertiliser management on soil enzymes; 4) studies were based on field trials, with an experimental duration lasting 3 years as a minimum; 5) studies had clear specifications of the experimental design and a minimum of three replications (or blocks); 6) if results were from multiple soil depths, measurements from the uppermost soil layer (0–100, 0–150, 0–200 and 100–200 mm in 15, 9, 70 and 6% of studies, respectively) were used for comparison; 7) published general methodologies were used to measure enzyme activities; 8) experiments had at least one control (no fertilisation) and one fertilisation treatment.",1,1,1,0,1,1,0,1,0,1,1,1,1,0,0.75,carbon sequestration
crop residue management,10.1007/s11104-021-04881-5,1,"xe only included results for crop residue man- agement that were comparable with litter manipulation treatments in other ecosystems. we thus excluded the results of manure, fertiliser or plastic mulch applica- tions, as well as studies focusing only on the effect of crop rotations or the type of cover crops on soil c storage.",1,1,1,0,1,1,1,0,1,1,1,1,1,1,0.875,carbon sequestration
crop residue management,10.1016/j.agee.2021.107795,1,"studies were selected according to the following criteria: 1) included mineral nitrogen, straw, or manure addition; 2) field trial duration ≥ 1 year; 3) reported bacterial alpha-diversity (shannon or chao1) and/or sensitive bacterial phyla for mineral nitrogen, straw or manure addition and non-fertilized (i.e., control) treatments.",1,1,0,0,1,1,0,0,0,1,1,1,1,0,0.625,carbon sequestration
crop residue management,10.1016/j.jclepro.2020.125736,1,"(i) they included experiments measuring soc or som levels within existing vine- yards or through experimental manipulation of vineyard manage- ment practices; (ii) they were performed under field conditions (laboratory studies and pot experiments were excluded) for a minimum period of three years; and (iii) they were published in or after 2000. when several studies contained data from the same field experiment, only the longest study was selected to avoid redundancy in the data.",1,1,1,0,1,0,0,1,0,1,0,1,1,0,0.625,carbon sequestration
crop residue management,10.1016/j.scitotenv.2022.154626,1,"1) the study included the control without sub- strate containing c input and the treatment with substrate containing c input; 2) all experimental conditions were equal between control and treatment; 3) the studies reported soil maoc content or poc content or maoc decomposition under control and treatment; 4) means, standard deviations (sds) or standard errors (ses), and the number of replicates for control and treatment can be obtained from text, tables or digitized graphs.",1,1,1,1,1,1,0,1,0,1,1,1,1,1,0.875,carbon sequestration
crop residue management,10.1016/j.scitotenv.2022.156822,1,"i) three ca practices (minimal soil disturbance, crop rotation/diversification, residue return) must be compared with con- trol using conventional tillage; ii) experimentation must have taken place in the field; iii) the experiments on fertiliser inputs need to have the types of nitrogen inputs used well defined (manure, inorganic or mixed); iv) experiments on tillage must have compared tillage operations (no-till, tillage, tillage with residue) and their association with cropping systems must be clear; v) all studies must report both soc and tn content; vi) the control and treatment must be well defined and the number of replications reported.",1,1,1,0,1,1,0,1,0,1,1,1,1,0,0.75,carbon sequestration
crop residue management,10.1016/j.still.2022.105527,1,"1) the articles included paired observations comparing conventional tillage with (cts) or without straw stubble covering (ct) and conservation tillage practices based on field trials; 2) other agronomic measures, such as the planting intensity and returning to farmland, fertiliser management, research duration, and irrigation, must be similar between the paired control (ct) and treat- ment (nt, rt, or mt); 3) the meta-analysis used the mean value and standard error of results obtained from repeated field plots (≥ 3 repetitions).",1,1,0,0,1,1,0,1,0,1,1,1,1,0,0.6875,carbon sequestration
crop residue management,10.1038/s41598-021-82739-7,1,"studies were included if they were performed under field conditions and if the effect and control size was expressed as content of total organic carbon (toc) or quantified as soc or toc stocks. if som rather than soc information were given in a study, we calculated soc as som multiplied by 0.58. all treatments with a duration of≤3 years were removed to exclude short-term effects and the influence of the cultivated crops.",1,1,1,0,1,0,1,0,1,1,0,1,1,0,0.6875,carbon sequestration
crop residue management,10.1111/1745-5871.12389,0,"the published papers considered for the current analysis reported on (i) field experiments under natural rainfall conditions at plot scale, (ii) soil and/or soil carbon losses (mass per unit area per unit time), (iii) specific land use or land uses where experimentswere carried out, and (iv) experiments that lasted at least one full rainfall season. in addition, preferred papers were those that published results of experiments carried out in the last 25 years; this choice wasmade to limit the potential impact of climate change on the results. moreover, it was assumed that these reports most likely used closely similar methods for analyses.",1,1,0,0,1,0,0,0,0,0,1,1,1,0,0.4375,carbon sequestration
crop residue management,10.1111/gcb.14466,1,"1) the control (mineral n fertilisation) and straw treatment (mineral n fertilisation plus straw return) received equal mineral n fertilisation rates, which indicated that the straw treatment provided additional straw n supply to soils; 2) publications needed to report on at least one of the target variables and sample sizes for the con- trol and treatment plots. multiple observations that were conducted at the same experimental site over several sampling years were aver- aged; 3) the observation duration of the experiment must have covered the main discharge period of various nr losses.",1,1,1,0,1,1,0,1,0,1,1,1,1,0,0.75,carbon sequestration
crop residue management,10.1111/gcbb.12631,1,"(a) corn was the predominant rotational crop (e.g., continuous corn, corn–soybean, corn–wheat, and corn–millet); both corn grain (48) and corn silage studies were included in the database. partial corn silage removal studies and sweet corn cultivars were excluded from this analysis. (b) measurements or experiments were conducted 3 years or longer. (c) the study had to be field experiments. (d) modeling, simulation studies, and laboratory incubations were excluded. (e) soil organic carbon was measured. (f) defined corn stover (residue) removal treatments were included in the experiment. (g) the experimental design included both control (non-removal) and treatment (removal) groups.
",1,1,1,1,1,1,0,1,0,1,0,1,1,0,0.75,carbon sequestration
crop residue management,10.17221/155/2020-SWR,1,table 1 lists the studies that,1,1,1,1,1,1,0,1,0,1,1,1,1,0,0.8125,carbon sequestration
crop residue management,10.1002/ldr.3492,0,were excluded for various reasons. when the data,1,1,1,0,1,1,0,1,1,1,1,1,1,1,0.8125,crop yield
crop residue management,10.1007/s10705-017-9903-5,1,"required an estimation from the graphs, datathief",1,1,1,1,1,1,0,1,0,1,1,0,1,0,0.75,crop yield
crop residue management,10.1007/s13593-022-00766-8,1,software was used (maillard & angers 2014). when,1,1,1,0,1,1,1,1,0,1,1,1,1,0,0.8125,crop yield
crop residue management,10.1016/j.agee.2018.07.019,1,two articles presented the same experiment and the,1,1,0,0,1,1,1,1,0,1,0,1,1,1,0.75,crop yield
crop residue management,10.1016/j.agwat.2020.106119,1,"same data, the older study was excluded.",1,1,1,0,1,1,1,0,1,1,1,0,1,0,0.75,crop yield
crop residue management,10.1016/j.agwat.2021.107128,0,"to avoid any bias, the authors selected publications with the following criteria: 1) field experiment; 2) cropping system includes maize; 3) included control (no straw returning; ck) and treatments (straw mulching or straw incorporation); 4) means, standard deviations (or standard error), and number of replications available or can be calculated; 5) included yield or water use efficiency measurements.",1,1,0,1,1,1,0,1,0,1,1,1,1,0,0.6875,crop yield
crop residue management,10.1016/j.fcr.2018.08.001,1,1) the fertilisation measures were conducted under field conditions in china; no pot or greenhouse experiments were included; 2) the study reported yield and the number of field replication; 3) conventional chemical fertiliser application was included as a control treatment; 4) the experimental and control treatments had to be applied to the same agricultural system and site.,1,1,1,0,1,1,0,1,0,1,0,0,1,0,0.625,crop yield
crop residue management,10.1111/gcb.14466,1,"1) the control (mineral n fertilisation) and straw treatment (mineral n fertilisation plus straw return) received equal mineral n fertilisation rates, which indicated that the straw treatment provided additional straw n supply to soils; 2) publications needed to report on at least one of the target variables and sample sizes for the con- trol and treatment plots. multiple observations that were conducted at the same experimental site over several sampling years were aver- aged; 3) the observation duration of the experiment must have covered the main discharge period of various nr losses.",1,1,1,0,1,1,0,1,0,1,1,1,1,0,0.75,crop yield
crop residue management,10.1111/gcb.15796,1,"studies related to the management practices investigated were then selected. each study selected contains measurements of ghg emissions for both control and treatment management practices. studies with the following measurements were excluded: (i) measurements made in pot, laboratories or greenhouses and (ii) measurements conducted in organic (peaty) soils where n2o are much higher than those in mineral soils and where soil carbon fluxes are different (ipcc, 2006).",1,1,1,0,1,0,0,0,0,1,0,1,1,0,0.5625,crop yield
crop residue management,10.1371/journal.pone.0231740,1,"the studies were selected using the following criteria: 1) the experiment must have been conducted in the field; 2) the experimental duration must have been >= 2 years; 3) there were >= 3 replicates; 4) the test site and year were clearly identified; 5) the test treatments included both crop residue return and no return; 6) in cases where many years of production data were included, only the most recent year was used.",1,1,0,1,1,1,0,1,1,1,0,1,1,1,0.8125,crop yield
crop residue management,10.3390/ijerph19127324,1,"(1) the study conducted in situ soil ch4 flux measurements for one growing season at least; (2) soil ch4 flux could be extracted from the text, tables, and figures directly, or could be calculated from the cumulative soil ch4 emissions and the rice growth period; (3) the study clearly described the fertilisation practice used. when one publication applied multiple fertilisation and water management regimes, different data under the same water management conditions were chosen and considered to be different observations.",1,1,1,0,1,0,0,0,0,0,1,0,1,0,0.5,crop yield
crop residue management,10.3390/land11050645,1,"in web of science, conference proceedings and non-english publications were excluded. the search process was followed by a screening procedure that was based on the following criteria: 1) field studies must include side by side comparisons of soil compaction prevention, remediation and/or alleviation treatments, and control (or reference) treatments; 2) for each paired comparison, treatments and reference treatments have the same location, cropping system, cropping management, and year; 3) grain yields and/or biomass yields were reported; 4) soil bulk density and/or soil penetration index data were reported; 5) the test crops were cereals, including wheat, maize, barley, oat, and sorghum; 6) location(s), year(s), and basic soil information of the experiment(s) were stated. only studies with cereal crops as test crops were included. one",1,1,1,0,1,1,0,1,1,1,1,1,1,0,0.8125,crop yield
crop residue management,10.1002/ldr.3492,0,"(a) the experiment was designed as side-by-side paired-plot field studies with well-defined control composing of crop residues removal treatment as rr in china's croplands (mainland china); (b) other field managements that were clearly stated or described as 'similar field managements were conducted involving both controls and treatments' (e.g., the same cropping intensity, irrigation, and fertilisation); (c) one or more variables of soil quality, crop production, and environmental impacts parameters were obtainable with the same sampling and measuring methods under rr and residues removed treatments; and (d) location for each field experiment was provided.",1,1,1,0,1,1,0,1,1,1,1,1,1,1,0.8125,ghg emissions
crop residue management,10.1007/s13593-021-00715-x,0,"(a) the study was based on practice-relevant field, mesocosm, and lysimeter experiments, excluding lab experiments; (b) n losses (n2o emission or no3− leaching) in the experiment were measured for at least one growing season (observations made over several growing seasons were averaged); (c) experimental and control plots had been established in the same ecosystem and included at least one comparison of n losses; (d) statistical information such as mean values of n2o emission and no3− leaching, standard deviation (sd), and samples size in the experiment were directly extractable from the tables of the published articles, or were extracted from the graphs with the getdata graph digitizer software (version 2.26: http://getdata-graph-digitizer.com/download.php).",1,1,1,0,1,1,1,1,0,1,1,1,1,1,0.8125,ghg emissions
crop residue management,10.1016/j.agee.2018.07.019,1,"1) the experimental duration and land use were clearly recorded and the measurements of treatment and control groups were conducted within the same temporal and spatial scales; 2) crop residue was added di-rectly to the agroecosystem and paired data (control and treatment) for at least one of the chosen variables was reported; 3) studies with an experimental duration less than one year were excluded to avoid short-term noise; 4) the control and treatment plots started with the same soil type, n fertiliser application rate, climatic conditions, crop species, and other conditions; (5) the primary data—from which means, standard deviations (sd), or standard errors (se), and sample sizes (n) could be calculated—were directly provided or these statistics could be calculated from the results.",1,1,0,0,1,1,1,1,0,1,0,1,1,1,0.75,ghg emissions
crop residue management,10.1016/j.scitotenv.2021.152532,1,"(i) the experimental design had to be sufficiently detailed regarding the treatments and recent history; (ii) included treat- ment replicates; and (iii) were conducted under realistic field conditions. all the studies included pairwise comparisons in which all factors (e.g., fertilisation, irrigation, tillage practices) were the same for the treat- ment (with crop residue retention) and control (with crop residue removal) groups. for grassland, we compared permanent grassland (control) to grassland termination (treatment), the analogous practice to crop residue incorporation in these systems.",1,1,1,0,1,1,0,1,0,1,1,1,1,0,0.75,ghg emissions
crop residue management,10.1016/j.scitotenv.2022.154388,1,"the autors conducted a meta-analysis using an extended version (as described below) ofthe database compiled by rittl et al. (2022). crop residues are considered as any above- ground plant component of a crop returned to the soil. the database consisted of 367 selected pairwise comparisons reported in 78 studies, which met predetermined quality criteria (only studies with replication, with detailed information, and performed under realistic field conditions). pairwise comparisons only included observations where a treatment (i.e., with crop residue retention) and a control (i.e., with crop residue removal) could be compared with all other factors unchanged.",1,1,1,0,1,1,0,1,1,1,1,1,1,0,0.8125,ghg emissions
crop residue management,10.1016/j.still.2021.105142,1,"(i) the n2o and no emissions were simultaneously measured during at least a whole growing season; (ii) only the field measurements were included, without considering incubation, pot and lysimeter experiments or modelling results; (iii) the experiments on upland soils and paddy soils during the non-waterlogging period were included, without considering those on the flooded paddy soils; and (iv) the spatial replicates and standard deviation of each treatment were clearly recorded.",1,1,1,0,1,0,0,1,1,1,0,0,1,0,0.625,ghg emissions
crop residue management,10.1111/gcb.14466,1,"1) the control (mineral n fertilisation) and straw treatment (mineral n fertilisation plus straw return) received equal mineral n fertilisation rates, which indicated that the straw treatment provided additional straw n supply to soils; 2) publications needed to report on at least one of the target variables and sample sizes for the con- trol and treatment plots. multiple observations that were conducted at the same experimental site over several sampling years were aver- aged; 3) the observation duration of the experiment must have covered the main discharge period of various nr losses.",1,1,1,0,1,1,0,1,0,1,1,1,1,0,0.75,ghg emissions
crop residue management,10.1111/gcb.15796,1,"studies related to the management practices investigated were then selected. each study selected contains measurements of ghg emissions for both control and treatment management practices. studies with the following measurements were excluded: (i) measurements made in pot, laboratories or greenhouses and (ii) measurements conducted in organic (peaty) soils where n2o are much higher than those in mineral soils and where soil carbon fluxes are different (ipcc, 2006).",1,1,1,0,1,0,0,0,0,1,0,1,1,0,0.5625,ghg emissions
crop residue management,10.2134/jeq2017.11.0445,1,1) the experiments had to be conducted in the united states; 2) ch4 fluxes must have been measured under field conditions for at least the entire flooded portion of the growing season; 3) seasonal fluxes had to be reported or easily extracted from figures or tables.,1,1,0,0,1,1,0,1,0,1,1,1,1,0,0.6875,ghg emissions
crop residue management,10.3390/agriculture10110546,1,"studies from rice paddies were not included. data were included in the meta-analysis database if the publication met the following four criteria: 1. peer-reviewed publication; 2. field study (no  lab studies and lysimeter studies) 3. n2o flux measurements conducted for at least 60 days 4. at least one treatment in which crop residues were retained on or returned to the experimental plot (control, c)",1,1,0,1,1,1,0,1,1,1,0,1,1,1,0.8125,ghg emissions
crop residue management,10.3390/ijerph19127324,1,"(1) the study conducted in situ soil ch4 flux measurements for one growing season at least; (2) soil ch4 flux could be extracted from the text, tables, and figures directly, or could be calculated from the cumulative soil ch4 emissions and the rice growth period; (3) the study clearly described the fertilisation practice used. when one publication applied multiple fertilisation and water management regimes, different data under the same water management conditions were chosen and considered to be different observations.",1,1,1,0,1,0,0,0,0,0,1,0,1,0,0.5,ghg emissions
crop residue management,10.3390/su11030748,1,1) only field scale studies were selected for this meta-analysis; 2) field scale studies on n2o emission were performed using the closed chamber-gas chromatography method in agroecosystem; 3) tillage and residue returning were clearly stated; 4) cumulative n2o emission could be obtained from each study.,1,1,1,0,1,1,0,1,1,1,1,1,1,0,0.8125,ghg emissions
crop residue management,10.1007/s13593-021-00715-x,0,"(a) the study was based on practice-relevant field, mesocosm, and lysimeter experiments, excluding lab experiments; (b) n losses (n2o emission or no3− leaching) in the experiment were measured for at least one growing season (observations made over several growing seasons were averaged); (c) experimental and control plots had been established in the same ecosystem and included at least one comparison of n losses; (d) statistical information such as mean values of n2o emission and no3− leaching, standard deviation (sd), and samples size in the experiment were directly extractable from the tables of the published articles, or were extracted from the graphs with the getdata graph digitizer software (version 2.26: http://getdata-graph-digitizer.com/download.php).",1,1,1,0,1,1,1,1,0,1,1,1,1,1,0.8125,nutrient leaching and run-off
crop residue management,10.1016/j.agee.2018.07.019,1,"1) the experimental duration and land use were clearly recorded and the measurements of treatment and control groups were conducted within the same temporal and spatial scales; 2) crop residue was added di-rectly to the agroecosystem and paired data (control and treatment) for at least one of the chosen variables was reported; 3) studies with an experimental duration less than one year were excluded to avoid short-term noise; 4) the control and treatment plots started with the same soil type, n fertiliser application rate, climatic conditions, crop species, and other conditions; (5) the primary data—from which means, standard deviations (sd), or standard errors (se), and sample sizes (n) could be calculated—were directly provided or these statistics could be calculated from the results.",1,1,0,0,1,1,1,1,0,1,0,1,1,1,0.75,nutrient leaching and run-off
crop residue management,10.1111/gcb.14466,1,"1) the control (mineral n fertilisation) and straw treatment (mineral n fertilisation plus straw return) received equal mineral n fertilisation rates, which indicated that the straw treatment provided additional straw n supply to soils; 2) publications needed to report on at least one of the target variables and sample sizes for the con- trol and treatment plots. multiple observations that were conducted at the same experimental site over several sampling years were aver- aged; 3) the observation duration of the experiment must have covered the main discharge period of various nr losses.",1,1,1,0,1,1,0,1,0,1,1,1,1,0,0.75,nutrient leaching and run-off
crop residue management,10.1007/s11368-019-02498-x,0,"articles were included in systematic review and meta-analysis if they met the following inclusion criteria: (i) the original research articles published from year 2008 to 2018; (ii) presented original and quantitative data on at least one of the rkn damage attributes such as number of soil or root rkn, root galls and eggs/eggmasses; (iii) conducted glass- house/greenhouse/ screen house or field trials; (iv) the articles written in english. articles were excluded if (i) those were review articles, books and book chapters; (ii) conducted only as in vitro experiments/laboratory assays; (iii) experiment on- ly with commercial products; and (iv) data were not in extractable forms. commercial products did not consider be- cause ofunavailability of the products worldwide in the same trade names.",1,1,0,1,1,1,0,0,0,1,1,1,1,1,0.6875,pests and diseases
crop residue management,10.1016/j.agee.2018.07.019,1,"1) the experimental duration and land use were clearly recorded and the measurements of treatment and control groups were conducted within the same temporal and spatial scales; 2) crop residue was added di-rectly to the agroecosystem and paired data (control and treatment) for at least one of the chosen variables was reported; 3) studies with an experimental duration less than one year were excluded to avoid short-term noise; 4) the control and treatment plots started with the same soil type, n fertiliser application rate, climatic conditions, crop species, and other conditions; (5) the primary data—from which means, standard deviations (sd), or standard errors (se), and sample sizes (n) could be calculated—were directly provided or these statistics could be calculated from the results.",1,1,0,0,1,1,1,1,0,1,0,1,1,1,0.75,plant nutrient uptake
crop residue management,10.1016/j.agwat.2021.107128,0,"to avoid any bias, the authors selected publications with the following criteria: 1) field experiment; 2) cropping system includes maize; 3) included control (no straw returning; ck) and treatments (straw mulching or straw incorporation); 4) means, standard deviations (or standard error), and number of replications available or can be calculated; 5) included yield or water use efficiency measurements.",1,1,0,1,1,1,0,1,0,1,1,1,1,0,0.6875,plant nutrient uptake
crop residue management,10.1016/j.fcr.2018.08.001,1,1) the fertilisation measures were conducted under field conditions in china; no pot or greenhouse experiments were included; 2) the study reported yield and the number of field replication; 3) conventional chemical fertiliser application was included as a control treatment; 4) the experimental and control treatments had to be applied to the same agricultural system and site.,1,1,1,0,1,1,0,1,0,1,0,0,1,0,0.625,plant nutrient uptake
crop residue management,10.1016/j.jclepro.2019.119632,1,"1) the field experiment must have been conducted in the north china plain; 2) the cropping system in field experiment must contain winter wheat; 3) one or more of the following practice comparisons (e.g., no n versus n input, rain fed versus irrigated, rotary tillage versus other tillage methods, and straw removed versus straw return, with the former as the control and the later as the treatment) must be included; 4) data including the number of replications, nar, and yield must be presented or could be directly computed.",1,1,0,0,1,1,0,1,0,1,1,1,1,0,0.6875,plant nutrient uptake
crop residue management,10.1016/j.resconrec.2021.105889,1,"a) the research object must be summer maize in the winter wheat-summer maize cropping system; b) the experiments described in the literature must be field experiments conducted in ncp (excluding pot experiments, laboratory experiments, and model studies); c) the research must focus on one or more of the four main farming practices (e.g., no n input versus n input, rain-fed versus irrigation, no-till versus other tillage methods, and straw removed versus straw return, with the former as the control and the later as the treatment; and d) each set of study data must include the number of trial replications (minimum of three) and the yield.",1,1,1,1,1,1,0,1,0,1,1,1,1,0,0.8125,plant nutrient uptake
crop residue management,10.1111/gcb.14466,1,"1) the control (mineral n fertilisation) and straw treatment (mineral n fertilisation plus straw return) received equal mineral n fertilisation rates, which indicated that the straw treatment provided additional straw n supply to soils; 2) publications needed to report on at least one of the target variables and sample sizes for the con- trol and treatment plots. multiple observations that were conducted at the same experimental site over several sampling years were aver- aged; 3) the observation duration of the experiment must have covered the main discharge period of various nr losses.",1,1,1,0,1,1,0,1,0,1,1,1,1,0,0.75,plant nutrient uptake
crop residue management,10.1002/clen.202000386,1,"criteria for inclusion: 1) straw included; 2) in english; 3) control group included, straw treatments and controls had the same soil type and management; 4) microbial biomass carbon (mbc) data included (for biological community diversity, shannon index data included); 5)
original research. criteria for exclusion: 1) straw not used; biochar or biogas residue used; 2) non-english; 3) no control group; 4) no mbc data (for biological community diversity, no shannon index data included); 5) review.",1,1,1,1,1,1,1,0,0,1,0,1,1,0,0.75,soil biological quality
crop residue management,10.1002/ldr.3492,0,"(a) the experiment was designed as side-by-side paired-plot field studies with well-defined control composing of crop residues removal treatment as rr in china's croplands (mainland china); (b) other field managements that were clearly stated or described as 'similar field managements were conducted involving both controls and treatments' (e.g., the same cropping intensity, irrigation, and fertilisation); (c) one or more variables of soil quality, crop production, and environmental impacts parameters were obtainable with the same sampling and measuring methods under rr and residues removed treatments; and (d) location for each field experiment was provided.",1,1,1,0,1,1,0,1,1,1,1,1,1,1,0.8125,soil biological quality
crop residue management,10.1002/saj2.20261,0,the retrieved articles were screened to retain studies containing pairwise comparisons of sqi values in soils maintained under conservation and conventional practices.,1,1,0,0,1,0,0,1,1,1,1,1,1,0,0.5625,soil biological quality
crop residue management,10.1007/s10705-017-9903-5,1,"1) studies that reported crop yield, soil organic carbon, microbial biomass (mb) and/or plant-available p data for at least two types of treatments: (a) those that did not receive any fertiliser (‘nil control’); or (b) those where only inorganic npk fertiliser (if, ‘standard control’) was applied, and (c) where organic amendments (oa) with or without supplemental if was used. we defined oa as raw or composted materials derived from animals (e.g., manure), plant (e.g., straw) and municipal waste (e.g., sludge). the standard control did not always receive equivalent nutrient rates to those in oa and oa + if treatments; 2) crop yield data were included only for wheat, barley, corn, and rice grain in order to minimise differences in nutrient needs and rooting systems.",1,1,1,1,1,1,0,1,0,1,1,0,1,0,0.75,soil biological quality
crop residue management,10.1007/s10705-019-09991-2,1,"1)  studies were carried out in the territory of mainland china. six fertilisation practices were primarily focused on, including unbalanced application of one or two types of chemical fertiliser (ucf); balanced chemical fertilisation with n, p and k (cf); straw residue retention combined with the application of chemical fertilisers (cfs); straw residue retention only (s); application of manure and chemical fertilisers (cfm); and manure application only (m). 2) the mean and standard deviation (sd) or standard error (se) of the enzyme activities were provided either as part of the experimental design or in figure captions. 3) if an individual study had more than one treatment type (e.g. inorganic fertiliser, straw residue, manure), measurements from different treatment types were considered as independent observations to evaluate the effects of fertiliser management on soil enzymes; 4) studies were based on field trials, with an experimental duration lasting 3 years as a minimum; 5) studies had clear specifications of the experimental design and a minimum of three replications (or blocks); 6) if results were from multiple soil depths, measurements from the uppermost soil layer (0–100, 0–150, 0–200 and 100–200 mm in 15, 9, 70 and 6% of studies, respectively) were used for comparison; 7) published general methodologies were used to measure enzyme activities; 8) experiments had at least one control (no fertilisation) and one fertilisation treatment.",1,1,1,0,1,1,0,1,0,1,1,1,1,0,0.75,soil biological quality
crop residue management,10.1016/j.agee.2018.07.019,1,"1) the experimental duration and land use were clearly recorded and the measurements of treatment and control groups were conducted within the same temporal and spatial scales; 2) crop residue was added di-rectly to the agroecosystem and paired data (control and treatment) for at least one of the chosen variables was reported; 3) studies with an experimental duration less than one year were excluded to avoid short-term noise; 4) the control and treatment plots started with the same soil type, n fertiliser application rate, climatic conditions, crop species, and other conditions; (5) the primary data—from which means, standard deviations (sd), or standard errors (se), and sample sizes (n) could be calculated—were directly provided or these statistics could be calculated from the results.",1,1,0,0,1,1,1,1,0,1,0,1,1,1,0.75,soil biological quality
crop residue management,10.1016/j.agee.2021.107795,1,"studies were selected according to the following criteria: 1) included mineral nitrogen, straw, or manure addition; 2) field trial duration ≥ 1 year; 3) reported bacterial alpha-diversity (shannon or chao1) and/or sensitive bacterial phyla for mineral nitrogen, straw or manure addition and non-fertilized (i.e., control) treatments.",1,1,0,0,1,1,0,0,0,1,1,1,1,0,0.625,soil biological quality
crop residue management,10.1016/j.scitotenv.2020.137164,1,"(1) paired observations between ct or ct with residue retention (cts) and conservation tillage under field conditions were included in the study. specific practices chosen for comparison were reduced tillage with surface residue removed after crop harvest (rt), no-tillage with surface residue removed after crop harvest (nt), and nt with residue retention (nts). the experiments selected for inclusion in this meta-analysis were established on the same experimental site, i.e., with the same microclimate, vegetation and soil type among the treatments described above. if an individual study used different sampling times at the same site, we used the data collected from the last sampling in a study. if a study used more than one form of conservation tillage practice at the same site, the study separately paired different conservation tillage practices with the ct treatment. (2) included studies had at least three replicates. (3) at least one microbial parameter was reported, such as soil microbial count (bacteria, fungi, and actinomycetes), total microbial biomass [total soil microbial phospholipid fatty acid (plfa) concentrations], or microbial community structure (fungi to bacteria ratio and gram-positive to gram-negative bacteria ratio). the potential response of soil microorganisms varied across depths (joergensen and wichern, 2018), and thus only data from the uppermost 0-10 cm (depending on the study) soil layer were included in this analysis when studies reported data from several soil layers (jian et al., 2016). (4) the main objective of the included studies was to evaluate the effect of conservation tillage practices, with other essential agronomic practices such as crop rotation, study duration, fertiliser management, and irrigation being similar between the paired treatments (i.e., nt, rt, or nts) and control (ct). because available studies did not meet all criteria, the study results of rt with residue retention were excluded.",1,1,1,0,1,1,0,1,0,1,1,1,1,1,0.8125,soil biological quality
crop residue management,10.1111/gcb.14466,1,"1) the control (mineral n fertilisation) and straw treatment (mineral n fertilisation plus straw return) received equal mineral n fertilisation rates, which indicated that the straw treatment provided additional straw n supply to soils; 2) publications needed to report on at least one of the target variables and sample sizes for the con- trol and treatment plots. multiple observations that were conducted at the same experimental site over several sampling years were aver- aged; 3) the observation duration of the experiment must have covered the main discharge period of various nr losses.",1,1,1,0,1,1,0,1,0,1,1,1,1,0,0.75,soil biological quality
crop residue management,10.2134/agronj2016.09.0553,1,"to avoid bias in the publication selection process, the following criteria were used: 1. studies were performed in china's farmland soils, involving production of wheat, maize, soybean, and rice. soil cmic and nmic concentrations data were based on the 30-cm top soil (tillage layer). 2. studies were based on field trials and the experimental duration was at least 3 yr (tian et al., 2015). 3. experiments had at least one control (no fertilisation) and a fertilisation treatment. data were obtained from 14 types of inorganic fertiliser, straw, and manure treatments. inorganic fertilisation treatments included inorganic n only (n); n and p (np); n and k (nk); p and k (pk); and n, p, and k (npk). straw treatments included straw return only (s); n plus straw return (ns); n and p plus straw return (nps); and n, p, and k plus straw return (npks). manure treatments included manure only (m); n plus manure (nm); n and p plus manure (npm); n and k plus manure (nkm); and n, p, and k plus manure (npkm).",1,1,1,0,1,1,1,1,0,1,1,1,1,0,0.8125,soil biological quality
crop residue management,10.1016/j.iswcr.2021.08.001,0,"only those publications that met quality control re- quirements (for specifics please refer to jian et al., 2020b) were included.",1,1,0,0,1,1,0,0,0,1,0,1,1,0,0.4375,soil erosion
crop residue management,10.1111/1745-5871.12389,0,"the published papers considered for the current analysis reported on (i) field experiments under natural rainfall conditions at plot scale, (ii) soil and/or soil carbon losses (mass per unit area per unit time), (iii) specific land use or land uses where experimentswere carried out, and (iv) experiments that lasted at least one full rainfall season. in addition, preferred papers were those that published results of experiments carried out in the last 25 years; this choice wasmade to limit the potential impact of climate change on the results. moreover, it was assumed that these reports most likely used closely similar methods for analyses.",1,1,0,0,1,0,0,0,0,0,1,1,1,0,0.4375,soil erosion
crop residue management,10.1002/ldr.3492,0,"(a) the experiment was designed as side-by-side paired-plot field studies with well-defined control composing of crop residues removal treatment as rr in china's croplands (mainland china); (b) other field managements that were clearly stated or described as 'similar field managements were conducted involving both controls and treatments' (e.g., the same cropping intensity, irrigation, and fertilisation); (c) one or more variables of soil quality, crop production, and environmental impacts parameters were obtainable with the same sampling and measuring methods under rr and residues removed treatments; and (d) location for each field experiment was provided.",1,1,1,0,1,1,0,1,1,1,1,1,1,1,0.8125,soil nutrients
crop residue management,10.1007/s10705-019-09991-2,1,"1)  studies were carried out in the territory of mainland china. six fertilisation practices were primarily focused on, including unbalanced application of one or two types of chemical fertiliser (ucf); balanced chemical fertilisation with n, p and k (cf); straw residue retention combined with the application of chemical fertilisers (cfs); straw residue retention only (s); application of manure and chemical fertilisers (cfm); and manure application only (m). 2) the mean and standard deviation (sd) or standard error (se) of the enzyme activities were provided either as part of the experimental design or in figure captions. 3) if an individual study had more than one treatment type (e.g. inorganic fertiliser, straw residue, manure), measurements from different treatment types were considered as independent observations to evaluate the effects of fertiliser management on soil enzymes; 4) studies were based on field trials, with an experimental duration lasting 3 years as a minimum; 5) studies had clear specifications of the experimental design and a minimum of three replications (or blocks); 6) if results were from multiple soil depths, measurements from the uppermost soil layer (0–100, 0–150, 0–200 and 100–200 mm in 15, 9, 70 and 6% of studies, respectively) were used for comparison; 7) published general methodologies were used to measure enzyme activities; 8) experiments had at least one control (no fertilisation) and one fertilisation treatment.",1,1,1,0,1,1,0,1,0,1,1,1,1,0,0.75,soil nutrients
crop residue management,10.1016/j.agee.2018.07.019,1,"1) the experimental duration and land use were clearly recorded and the measurements of treatment and control groups were conducted within the same temporal and spatial scales; 2) crop residue was added di-rectly to the agroecosystem and paired data (control and treatment) for at least one of the chosen variables was reported; 3) studies with an experimental duration less than one year were excluded to avoid short-term noise; 4) the control and treatment plots started with the same soil type, n fertiliser application rate, climatic conditions, crop species, and other conditions; (5) the primary data—from which means, standard deviations (sd), or standard errors (se), and sample sizes (n) could be calculated—were directly provided or these statistics could be calculated from the results.",1,1,0,0,1,1,1,1,0,1,0,1,1,1,0.75,soil nutrients
crop residue management,10.1016/j.agee.2021.107795,1,"studies were selected according to the following criteria: 1) included mineral nitrogen, straw, or manure addition; 2) field trial duration ≥ 1 year; 3) reported bacterial alpha-diversity (shannon or chao1) and/or sensitive bacterial phyla for mineral nitrogen, straw or manure addition and non-fertilized (i.e., control) treatments.",1,1,0,0,1,1,0,0,0,1,1,1,1,0,0.625,soil nutrients
crop residue management,10.1016/j.scitotenv.2022.156822,1,"i) three ca practices (minimal soil disturbance, crop rotation/diversification, residue return) must be compared with con- trol using conventional tillage; ii) experimentation must have taken place in the field; iii) the experiments on fertiliser inputs need to have the types of nitrogen inputs used well defined (manure, inorganic or mixed); iv) experiments on tillage must have compared tillage operations (no-till, tillage, tillage with residue) and their association with cropping systems must be clear; v) all studies must report both soc and tn content; vi) the control and treatment must be well defined and the number of replications reported.",1,1,1,0,1,1,0,1,0,1,1,1,1,0,0.75,soil nutrients
crop residue management,10.1016/j.still.2022.105527,1,"1) the articles included paired observations comparing conventional tillage with (cts) or without straw stubble covering (ct) and conservation tillage practices based on field trials; 2) other agronomic measures, such as the planting intensity and returning to farmland, fertiliser management, research duration, and irrigation, must be similar between the paired control (ct) and treat- ment (nt, rt, or mt); 3) the meta-analysis used the mean value and standard error of results obtained from repeated field plots (≥ 3 repetitions).",1,1,0,0,1,1,0,1,0,1,1,1,1,0,0.6875,soil nutrients
crop residue management,10.1111/gcb.14466,1,"1) the control (mineral n fertilisation) and straw treatment (mineral n fertilisation plus straw return) received equal mineral n fertilisation rates, which indicated that the straw treatment provided additional straw n supply to soils; 2) publications needed to report on at least one of the target variables and sample sizes for the con- trol and treatment plots. multiple observations that were conducted at the same experimental site over several sampling years were aver- aged; 3) the observation duration of the experiment must have covered the main discharge period of various nr losses.",1,1,1,0,1,1,0,1,0,1,1,1,1,0,0.75,soil nutrients
crop residue management,10.3390/agronomy12040890,0,"1) the experiments should have been conducted in chinese croplands; 2) the experiments should have involved the application of sdmi-amended straw to the soil but not in situ sdmi application to straw; 3) the studies should have reported the relevant data of total and available n, p, k in both sdmi and non-sdmi (i.e., control) amended soils; 4) both sdmi and non- sdmi treatments should have been under identical management (e.g., irrigation frequency, fertilisation scheme, rate of straw returning, and experimental duration).",1,1,1,1,1,1,0,0,0,1,1,1,1,1,0.75,soil nutrients
crop residue management,10.1002/ldr.3492,0,"(a) the experiment was designed as side-by-side paired-plot field studies with well-defined control composing of crop residues removal treatment as rr in china's croplands (mainland china); (b) other field managements that were clearly stated or described as 'similar field managements were conducted involving both controls and treatments' (e.g., the same cropping intensity, irrigation, and fertilisation); (c) one or more variables of soil quality, crop production, and environmental impacts parameters were obtainable with the same sampling and measuring methods under rr and residues removed treatments; and (d) location for each field experiment was provided.",1,1,1,0,1,1,0,1,1,1,1,1,1,1,0.8125,soil physico-chemical quality
crop residue management,10.1016/j.still.2019.06.009,1,"to minimize bias, the following criteria were followed to select and include articles: (1) selected articles included paired observations comparing conventional tillage with (cts) or without residue retention (ct), and a conservation tillage practice based on field experiments. specific conservation tillage practices selected for comparison in this study were reduced tillage with (rts) or without residue retention (rt), and no tillage with (nts) or without residue retention (nt). if a study used more than one conservation tillage practice at the same site, the study separately paired different conservation tillage practices with the ct or cts. additionally, during the selection process, other agronomic practices such as cropping intensity, fertiliser management, study duration, and irrigation had to be similar between paired control (ct, or cts) and treatments (nt, rt, nts, or rts). (2) the meta-analysis used mean and standard error of the results obtained from replicated field plots (≥3 replications). (3) the residue retention and tillage practices were considered to be the main treatments; other agronomic practices, such as cropping intensity, study duration, fertiliser management, and irrigation, were considered to be similar within the main treatments.",1,1,1,0,1,1,1,1,1,1,1,1,1,0,0.875,soil physico-chemical quality
crop residue management,10.1111/gcb.14466,1,"1) the control (mineral n fertilisation) and straw treatment (mineral n fertilisation plus straw return) received equal mineral n fertilisation rates, which indicated that the straw treatment provided additional straw n supply to soils; 2) publications needed to report on at least one of the target variables and sample sizes for the con- trol and treatment plots. multiple observations that were conducted at the same experimental site over several sampling years were aver- aged; 3) the observation duration of the experiment must have covered the main discharge period of various nr losses.",1,1,1,0,1,1,0,1,0,1,1,1,1,0,0.75,soil physico-chemical quality
crop residue management,10.3390/land11050645,1,"in web of science, conference proceedings and non-english publications were excluded. the search process was followed by a screening procedure that was based on the following criteria: 1) field studies must include side by side comparisons of soil compaction prevention, remediation and/or alleviation treatments, and control (or reference) treatments; 2) for each paired comparison, treatments and reference treatments have the same location, cropping system, cropping management, and year; 3) grain yields and/or biomass yields were reported; 4) soil bulk density and/or soil penetration index data were reported; 5) the test crops were cereals, including wheat, maize, barley, oat, and sorghum; 6) location(s), year(s), and basic soil information of the experiment(s) were stated. only studies with cereal crops as test crops were included. one",1,1,1,0,1,1,0,1,1,1,1,1,1,0,0.8125,soil physico-chemical quality
crop residue management,10.1002/ldr.3492,0,"(a) the experiment was designed as side-by-side paired-plot field studies with well-defined control composing of crop residues removal treatment as rr in china's croplands (mainland china); (b) other field managements that were clearly stated or described as 'similar field managements were conducted involving both controls and treatments' (e.g., the same cropping intensity, irrigation, and fertilisation); (c) one or more variables of soil quality, crop production, and environmental impacts parameters were obtainable with the same sampling and measuring methods under rr and residues removed treatments; and (d) location for each field experiment was provided.",1,1,1,0,1,1,0,1,1,1,1,1,1,1,0.8125,soil water retention
crop residue management,10.1016/j.still.2019.06.009,1,"to minimize bias, the following criteria were followed to select and include articles: (1) selected articles included paired observations comparing conventional tillage with (cts) or without residue retention (ct), and a conservation tillage practice based on field experiments. specific conservation tillage practices selected for comparison in this study were reduced tillage with (rts) or without residue retention (rt), and no tillage with (nts) or without residue retention (nt). if a study used more than one conservation tillage practice at the same site, the study separately paired different conservation tillage practices with the ct or cts. additionally, during the selection process, other agronomic practices such as cropping intensity, fertiliser management, study duration, and irrigation had to be similar between paired control (ct, or cts) and treatments (nt, rt, nts, or rts). (2) the meta-analysis used mean and standard error of the results obtained from replicated field plots (≥3 replications). (3) the residue retention and tillage practices were considered to be the main treatments; other agronomic practices, such as cropping intensity, study duration, fertiliser management, and irrigation, were considered to be similar within the main treatments.",1,1,1,0,1,1,1,1,1,1,1,1,1,0,0.875,soil water retention
crop residue management,10.1111/gcb.14466,1,"1) the control (mineral n fertilisation) and straw treatment (mineral n fertilisation plus straw return) received equal mineral n fertilisation rates, which indicated that the straw treatment provided additional straw n supply to soils; 2) publications needed to report on at least one of the target variables and sample sizes for the con- trol and treatment plots. multiple observations that were conducted at the same experimental site over several sampling years were aver- aged; 3) the observation duration of the experiment must have covered the main discharge period of various nr losses.",1,1,1,0,1,1,0,1,0,1,1,1,1,0,0.75,soil water retention
crop residue management,10.1007/s13593-022-00766-8,1,"(i) the research object must be field experiments conducted in the ncp, excluding pot and laboratory experiments and model simulations; (ii) the cropping system must be the winter wheat-summer maize cropping sys- tem; (iii) the studies must be about one or more of the four leading management practices (e.g., no nitrogen versus nitrogen input, no irrigation versus irrigation, rotary tillage versus other tillage methods, and straw removal versus straw return, with the former as the control and the later as the treatment); and (iv) the data must include the number of trial replications, crop yield, wue, or seasonal crop evapotranspiration (etc). the studies that met the criteria and could be used for meta- analysis are shown in the meta-analysis references.",1,1,1,0,1,1,1,1,0,1,1,1,1,0,0.8125,water use
crop residue management,10.1016/j.agwat.2020.106119,1,"(1) all data were from field experiments, so laboratory experiments, pot experiments, experiments under rain-proof shelter conditions, and model simulations were excluded; (2) data were required to include maize yield, seasonal water supply and wp in the maize growth period.",1,1,1,0,1,1,1,0,1,1,1,0,1,0,0.75,water use
crop residue management,10.1016/j.agwat.2021.107128,0,"to avoid any bias, the authors selected publications with the following criteria: 1) field experiment; 2) cropping system includes maize; 3) included control (no straw returning; ck) and treatments (straw mulching or straw incorporation); 4) means, standard deviations (or standard error), and number of replications available or can be calculated; 5) included yield or water use efficiency measurements.",1,1,0,1,1,1,0,1,0,1,1,1,1,0,0.6875,water use
crop residue management,10.1111/gcb.14466,1,"1) the control (mineral n fertilisation) and straw treatment (mineral n fertilisation plus straw return) received equal mineral n fertilisation rates, which indicated that the straw treatment provided additional straw n supply to soils; 2) publications needed to report on at least one of the target variables and sample sizes for the con- trol and treatment plots. multiple observations that were conducted at the same experimental site over several sampling years were aver- aged; 3) the observation duration of the experiment must have covered the main discharge period of various nr losses.",1,1,1,0,1,1,0,1,0,1,1,1,1,0,0.75,water use
crop residue management,10.1371/journal.pone.0231740,1,"the studies were selected using the following criteria: 1) the experiment must have been conducted in the field; 2) the experimental duration must have been >= 2 years; 3) there were >= 3 replicates; 4) the test site and year were clearly identified; 5) the test treatments included both crop residue return and no return; 6) in cases where many years of production data were included, only the most recent year was used.",1,1,0,1,1,1,0,1,1,1,0,1,1,1,0.8125,water use
crop rotation,10.1002/eap.1648,1,"criteria for inclusion were at least two levels of crop species diversity (e.g., one and two species or two and four species), or at least two levels of functional group diversity (e.g., cereals and cereals + perennial crop). all crop rotations included at least one grain crop; agroforestry and pasture systems were beyond the scope of the study.",1,1,1,0,1,1,0,0,1,1,1,1,1,0,0.75,carbon sequestration
crop rotation,10.1007/s00374-021-01580-2,0,authors collected a total of pairwise data from articles on the effect of agricultural management practices on the distribution of c functional groups measured by solid-state 13c nmr spectroscopy published from 1995 to 2020 worldwide,1,1,0,0,1,1,0,0,0,0,1,0,1,0,0.4375,carbon sequestration
crop rotation,10.1890/13-0616.1,1,"authors selected only studies that included a monoculture treatment, were in place for a minimum of three years, and reported the effects of crop rotations on total soil c or n, microbial biomass c or n, or a combination of these variables. studies that included a fallow period in rotation, characterized by no crop production and frequently intensive tillage or herbicide use to control weeds, were excluded from our analysis because of the wide variation in specific fallow management practices. authors included both field and vegetable crops in our analysis.",1,1,0,0,1,1,1,0,1,1,1,1,1,1,0.8125,carbon sequestration
crop rotation,10.2136/sssaj2002.1930,1,long-term experiments in the published literature that recorded the response of soc to changes in agricultural management.,1,0,0,0,1,0,0,0,0,1,1,0,1,0,0.4375,carbon sequestration
crop rotation,10.2489/jswc.69.5.422,0,only articles that report results from field-based studies or on-farm research conducted in the continental united states were considered.,1,1,0,0,1,1,0,0,0,1,1,1,0,0,0.5,carbon sequestration
crop rotation,10.4141/CJSS2013-094,1,criteria: the research experiments were longterm trials (10 yr) that were maintained with consistent treatments as well as recently established trials expected to have a long-term duration. long-term crop cultivar or watershed experiments were excluded.,1,0,0,0,1,0,1,0,1,1,1,0,0,0,0.5,carbon sequestration
crop rotation,10.1016/j.fcr.2019.107659,0,"to be included, an experiment had to meet the following criteria 1) it was performed under field conditions in china and treatments were randomized with replications; 2) the succeeding crop was a field crop; 3) means and standard deviations were provided or could be calculated; 4) a continuous monoculture control and at least one rotation treatment were included; 5) the preceding and succeeding crop species were identified; and 6) treatments differed only in rotation and monoculture crop management. we also excluded multiple publications reporting on the same trials to avoid duplication.",1,1,0,0,1,1,1,1,0,1,1,1,1,1,0.75,crop yield
crop rotation,10.2135/cropsci2017.02.0079,1,the main criteria for inclusion of a publication were mainly availability of canola yield information and north american geographical location. availability of yield data “with” and “without” the management factor was among selection criterion.,1,1,1,0,1,0,1,0,0,1,0,0,1,0,0.5625,crop yield
crop rotation,10.2136/sssaj2017.07.0245,1,"exclusion criteria: studies that were not relevant in the context of this paper or were not found to include sufficient information regarding soil, crop management, or crops. conference abstracts and studies not providing quantitative results were also rejected.",1,1,1,0,1,1,1,1,0,1,1,1,1,0,0.8125,crop yield
crop rotation,ISBN: 978-1-63484-496-3,1,"the criterion for including an article in the meta-analysis database was whether it contained detailed data on maize yield, comparing maize-grain legume rotation (mainly including maize-soybean/cowpea rotation and maize-alfalfa/green manure rotation) with cc from field experiments, which had been conducted in an acceptable scientific manner.",1,1,0,0,1,1,1,0,0,1,0,1,1,0,0.625,crop yield
crop rotation,10.1007/s10705-017-9836-z,1,only studies conducted in field conditions that were at least one growing season in durationwere included.,1,1,0,0,1,1,1,0,1,1,1,0,1,0,0.6875,ghg emissions
crop rotation,10.1021/es4055324,1,"n2o emissions had to represent at least a full growing season, covering emissions across furrows and seedbeds, and capturing anticipated n2o emissions peaks after tillage, fertilization and wetting. (22) only data from field experiments was included. in addition to growing-season or annual n2o emissions (in kg n2o–n ha–1 yr–1) for each of the field-treatment-year combinations in each study, data for a suite of ancillary variables pertaining to management practices and environmental characteristics were recorded.",1,1,0,0,1,1,1,1,1,1,1,1,1,1,0.875,ghg emissions
crop rotation,10.1371/journal.pone.0148527,1,"1. all experiments should be conducted in croplands in the field. croplands included both  uplands and lowlands under all agricultural irrigated and dryland crops. number of crops grown in a year should be two or less. data on gwp and ghgi estimated by models were excluded for analysis. 2. treatments in the experiments should be replicated, randomized, and arranged in a proper experimental design. 3. for gwp and ghgi calculated by using the soc method, soil c sequestration should have occur to a depth of 20 cm from the initiation of the experiment to the end of ghg measurement period. in the soil respiration method, experiments should have started in the previous year where the amount of crop residue returned to the soil was known. 4. measurement of ghg emissions should occur at regular events. 5. a time horizon of 100 yr should be used to calculate the co2 equivalents of n2o and ch4 emissions. 6. carbon dioxide emissions associated with use of farm equipment for irrigation, tillage, fertilization, planting, herbicide and pesticide application, and harvest as well as manufacture and application of fertilizers and other chemical inputs should be either calculated based on the number of hours the equipment were used multiplied by co2 emissions per liter of fuel
or estimated as shown by various researchers. 7. for comparing the effects of individual and combined management practices on gwp and ghgi, the soc method was used to calculate these parameters.",1,1,0,1,1,0,1,0,1,1,1,1,1,0,0.75,global warming potential (lca)
crop rotation,10.1371/journal.pone.0219847,1,"criteria: (a) articles were published in peer-reviewed journals (as opposed to book chapters or conference abstracts), (b) articles were based on studies conducted with structured experimental designs in a field setting, (c) articles reported one or both of the following response variables: weed biomass and weed density, (d) studies included a simplified rotation (control) and a diversified rotation (treatment).",1,1,1,1,1,1,1,1,1,1,1,1,1,1,1,pests and diseases
crop rotation,10.1016/j.pedobi.2016.04.001,1,"criteria: (1) only peer reviewed articles in journals; and (2) studies with sufficient sample size to determine both a mean and standard error. studies were excluded because they did not (1) contain the control, experimental treatment/s and diversity measures as listed above, (2) contain purely agricultural cash crops, or (3) metadata was not available upon request.",1,1,1,0,1,1,1,1,0,1,1,1,1,1,0.875,soil biological quality
crop rotation,10.1016/j.soilbio.2021.108383,1,"authors discarded articles considering only one plant-parasitic nematode species (e.g., meloidogyne sp.), review articles, studies conducted in greenhouses, in unmanaged ecosystems and articles not on the soil system (e.g., fresh water). inclusion
criteria: (1) data should be available in the articles either in table or in graphical forms. (2) nematode data should be a measurement of the abundance of nematode trophic groups, and studies had to report at least one diversity indices. (3) studies needed to evaluate the effects of at least one of the four main agricultural practices: managing plant diversity (rotation, cover crop and association), pesticide input (herbicide, biocides and nematicide), tillage, organic and mineral fertilization. (4) the samples should be collected from the topsoil layer. (5) studies needed to report means, standard deviation or standard errors and sample size of nematode variables in control and treatment groups.",1,1,1,1,1,1,1,1,1,1,1,1,1,1,1,soil biological quality
crop rotation,10.1111/j.1469-8137.2005.01490.x,1,"all glasshouse and field studies that reported colonization were included except when either (1) fumigation or other soil sterilizing methods were used, because sterilization of the soil can result in the destruction of more than mycorrhizal fungi, or (2) seedlings were inoculated prior to outplanting, because small differences between mycorrhizal and nonmycorrhizal plants established early, prior to outplanting, could be the sole cause of the mycorrhizal effect observed at the harvest.",1,1,1,0,1,1,0,1,0,1,1,1,1,0,0.75,soil biological quality
crop rotation,10.1890/13-0616.1,1,"authors selected only studies that included a monoculture treatment, were in place for a minimum of three years, and reported the effects of crop rotations on total soil c or n, microbial biomass c or n, or a combination of these variables. studies that included a fallow period in rotation, characterized by no crop production and frequently intensive tillage or herbicide use to control weeds, were excluded from our analysis because of the wide variation in specific fallow management practices. authors included both field and vegetable crops in our analysis.",1,1,0,0,1,1,1,0,1,1,1,1,1,1,0.8125,soil biological quality
crop rotation,10.1890/13-0616.1,1,"authors selected only studies that included a monoculture treatment, were in place for a minimum of three years, and reported the effects of crop rotations on total soil c or n, microbial biomass c or n, or a combination of these variables. studies that included a fallow period in rotation, characterized by no crop production and frequently intensive tillage or herbicide use to control weeds, were excluded from our analysis because of the wide variation in specific fallow management practices. authors included both field and vegetable crops in our analysis.",1,1,0,0,1,1,1,0,1,1,1,1,1,1,0.8125,soil nutrients
crop rotation,10.2136/sssaj2017.07.0245,1,"exclusion criteria: studies that were not relevant in the context of this paper or were not found to include sufficient information regarding soil, crop management, or crops. conference abstracts and studies not providing quantitative results were also rejected.",1,1,1,0,1,1,1,1,0,1,1,1,1,0,0.8125,soil nutrients
enhanced efficiency fertilisers,10.1007/s10705-012-9498-9,1,not specified,1,0,0,0,0,0,0,0,1,0,1,0,0,0,0.25,air pollutants emissions
enhanced efficiency fertilisers,10.1016/j.agee.2016.08.019,1,1)the sample sizes and means of nh3 volatilization had to be reported for control and treatment plots. 2) details on experimental location; year; design and conditions must be provided to enable the cross checking of duplicate publication.,1,1,0,0,1,1,0,1,1,1,1,0,1,0,0.6875,air pollutants emissions
enhanced efficiency fertilisers,10.1016/j.atmosenv.2020.117506,1,1)studies have to be published in peer-reviewed journals; 2) performed in brazil; 3) not conducted in greenhouses or manipulated weather conditions.,0,1,0,0,0,1,0,0,1,0,1,0,1,0,0.4375,air pollutants emissions
enhanced efficiency fertilisers,10.1016/j.envpol.2018.10.124,1,"1)data from field-, pilot-, and laboratory-scale studies; 2) control treatments must be reported to allow assessment of treatment effects, with mean values of nh3 emission for each treatment available.",1,1,0,0,1,1,0,1,1,1,1,0,1,0,0.6875,air pollutants emissions
enhanced efficiency fertilisers,10.1016/j.fcr.2016.04.023,1,"1)side-by-side field experiments in which the effects of various fertilizer management practices on nh3 emissions, with pot and lysimeter studies excluded; 2) annual crops, with perennial crops and orchards excluded; 3) nh3 emissions over the course of the entire growing season and the number of field replications had to be reported; 4) the only differences between the control and treatments were management practices, while other conditions had to be identical; 5) a minimum of two studies per category was needed to be included in the meta-analysis.",1,1,0,0,1,1,0,1,0,1,0,0,1,0,0.5625,air pollutants emissions
enhanced efficiency fertilisers,10.1016/j.jclepro.2020.123835,1,not specified,1,1,0,1,1,1,0,0,1,1,0,1,1,1,0.6875,air pollutants emissions
enhanced efficiency fertilisers,10.1038/srep22075,1,"1)field studies were selected and laboratory incubation studies were excluded; 2) at least one of the selected variables were measured; 3) means and sample sizes had to be reported; 4) treatment replicates were at least of three, etc.",1,1,0,0,1,1,0,1,0,1,1,0,1,0,0.625,air pollutants emissions
enhanced efficiency fertilisers,10.1111/gcb.12802,1,"1)for soil ph and concentrations of nh4+ , no3- and din, the average value across a whole crop rotation had to be reported. 2) for leaching loss of nh4+, no3- and din, and emissions of n2o, ch4, no and nh3, the cumulative values for a whole crop rotation had to be reported, or the reported data allows to estimate the cumulative values for a whole crop rotation.",1,1,0,0,1,1,0,0,0,1,1,1,1,1,0.6875,air pollutants emissions
enhanced efficiency fertilisers,10.1111/gcb.13455,1,"1)only the field, pot, and lysimeter studies on rice, wheat, or corn growth were included. the crop grain had to be harvested and weighted at the physiological mature stage. 2) means and samples size had to be reported with a minimum of three replicates. 3) the application rates of agricultural materials had to be reported, such as fertilizers (n, p, and k) and inhibitors (ni and ui), for the consideration of the cost-benefit analysis.",1,1,0,0,1,1,0,1,0,1,0,0,1,0,0.5625,air pollutants emissions
enhanced efficiency fertilisers,10.1111/gcb.13485,1,"1) publications enclosing individual field measurements with only soil no data or in the cases that both no and n2o fluxes were simultaneously measured; 2) only field measurement data were included in this analysis, without considering laboratory or pot experimental data, vertical profile monitoring data over vegetation canopy or modeling results; 3) for data from croplands, the consecutive measurement period covers at least one whole cropping season.",1,1,1,0,1,1,0,1,1,1,1,1,1,0,0.8125,air pollutants emissions
enhanced efficiency fertilisers,10.1111/gcb.13918,1,"1)one or more of the efficacy indicators had to be reported; 2) data must have originated from field experiments (i.e. laboratory-based studies were excluded); 3) the experiments must have been replicated; 4) information needed to be provided regarding cropping systems, inhibitor type or the coating material of controlled release fertilizer; 5) management practices such as n fertilizer type, application rate, method, and placement, crop residue management (retention or removal), tillage, irrigation, and use of other agricultural chemicals had to be the same for the eef treatment and control.",1,1,0,0,1,1,0,0,0,1,1,1,1,0,0.625,air pollutants emissions
enhanced efficiency fertilisers,10.1111/j.1365-2486.2009.02031.x,1,1)only field experiment data were included; small-scale experiments such as incubation or soil column experiments were excluded; 2) papers those emission data with the same total nitrogen application rate for treatment and control; 3) studies with no replication or no reported number of replications were excluded from the analysis.,1,0,0,0,1,1,0,1,1,1,1,0,1,1,0.6875,air pollutants emissions
enhanced efficiency fertilisers,10.2134/agronj2016.04.0200,1,1)nh3 losses according to time have to be reported and not only cumulative loss to compare the volatilization curves; 2) crop yield have to be reported; 3) at least three repetitions,1,0,0,0,0,1,0,0,0,0,1,0,0,0,0.3125,air pollutants emissions
enhanced efficiency fertilisers,10.1016/j.agee.2016.01.044,1,1)studies containing sufficient information about the experimental design; 2) field experiments; 3) include a minimum of three replicates; 4) report a measure of variance. for the n2o dataset an additional criteria was added: 5) have utilised a suitable sampling methodology to robustly account for temporal and spatial variations. only studies reporting side-by-side comparisons of specific practices were used.,1,1,0,1,1,1,0,1,0,1,1,0,1,1,0.75,crop yield
enhanced efficiency fertilisers,10.1016/j.agee.2016.06.038,1,"1)n2o emission had to be reported from upland cropping systems including maize, wheat and barley (horticulture crops were excluded); 2) the measurements were conducted under field conditions; 3) n2o flux rate must have been measured for an entire crop growth period; 4) the nitrogen source and application rate were same for the treatment and control; and 5) the grain yields were reported.",1,1,0,0,1,1,0,1,0,1,0,0,1,0,0.5625,crop yield
enhanced efficiency fertilisers,10.1016/j.agee.2017.10.008,1,meta-analyses on the agronomic efficiency of eenfs would be greatly improved if only data sets where conventional n fertilisers and eenfs were applied using at least one sub-optimal n rate were included in the analysis.,1,0,0,0,1,1,0,0,0,1,0,0,0,0,0.375,crop yield
enhanced efficiency fertilisers,10.1016/j.fcr.2016.04.023,1,"1)side-by-side field experiments in which the effects of various fertilizer management practices on nh3 emissions, with pot and lysimeter studies excluded; 2) annual crops, with perennial crops and orchards excluded; 3) nh3 emissions over the course of the entire growing season and the number of field replications had to be reported; 4) the only differences between the control and treatments were management practices, while other conditions had to be identical; 5) a minimum of two studies per category was needed to be included in the meta-analysis.",1,1,0,0,1,1,0,1,0,1,0,0,1,0,0.5625,crop yield
enhanced efficiency fertilisers,10.1038/srep22075,1,"1)field studies were selected and laboratory incubation studies were excluded; 2) at least one of the selected variables were measured; 3) means and sample sizes had to be reported; 4) treatment replicates were at least of three, etc.",1,1,0,0,1,1,0,1,0,1,1,0,1,0,0.625,crop yield
enhanced efficiency fertilisers,10.1111/gcb.12802,1,"1)for soil ph and concentrations of nh4+ , no3- and din, the average value across a whole crop rotation had to be reported. 2) for leaching loss of nh4+, no3- and din, and emissions of n2o, ch4, no and nh3, the cumulative values for a whole crop rotation had to be reported, or the reported data allows to estimate the cumulative values for a whole crop rotation.",1,1,0,0,1,1,0,0,0,1,1,1,1,1,0.6875,crop yield
enhanced efficiency fertilisers,10.1111/gcb.13455,1,"1)only the field, pot, and lysimeter studies on rice, wheat, or corn growth were included. the crop grain had to be harvested and weighted at the physiological mature stage. 2) means and samples size had to be reported with a minimum of three replicates. 3) the application rates of agricultural materials had to be reported, such as fertilizers (n, p, and k) and inhibitors (ni and ui), for the consideration of the cost-benefit analysis.",1,1,0,0,1,1,0,1,0,1,0,0,1,0,0.5625,crop yield
enhanced efficiency fertilisers,10.1111/gcb.13918,1,"1)one or more of the efficacy indicators had to be reported; 2) data must have originated from field experiments (i.e. laboratory-based studies were excluded); 3) the experiments must have been replicated; 4) information needed to be provided regarding cropping systems, inhibitor type or the coating material of controlled release fertilizer; 5) management practices such as n fertilizer type, application rate, method, and placement, crop residue management (retention or removal), tillage, irrigation, and use of other agricultural chemicals had to be the same for the eef treatment and control.",1,1,0,0,1,1,0,0,0,1,1,1,1,0,0.625,crop yield
enhanced efficiency fertilisers,10.2134/agronj2016.04.0200,1,1)nh3 losses according to time have to be reported and not only cumulative loss to compare the volatilization curves; 2) crop yield have to be reported; 3) at least three repetitions,1,0,0,0,1,1,0,0,0,1,1,0,0,0,0.4375,crop yield
enhanced efficiency fertilisers,10.2136/sssaj2016.06.0179,1,"1)field studies on rice, corn, and/or wheat production (any additional components such as laboratory incubation or greenhouse experiments were excluded);  2) studies measuring n2o emissions for at least one complete growing season without missing n2o fluxes during the days following fertilization, tillage, and rainfall or irrigation events; 3) means and number of replicates for each treatment comparison reported.",1,1,0,0,1,1,0,1,0,1,1,0,0,0,0.5625,crop yield
enhanced efficiency fertilisers,10.22069/IJPP.2014.1371,1,not specified,1,0,0,0,1,1,0,1,0,1,1,0,1,0,0.5,crop yield
enhanced efficiency fertilisers,10.3390/su9071201,1,1)measurements were conducted under field conditions; 2) n2o flux rates were measured during an entire crop growth period using the static chamber method; 3) n2o emission and grain yield were determined simultaneously.,1,1,0,0,1,1,0,1,1,1,1,0,1,0,0.6875,crop yield
enhanced efficiency fertilisers,10.1016/j.agee.2015.09.030,1,"1)measurements have to be made under field conditions; laboratory incubation and soil column experiments were excluded. 2) the reported results had to include emissions for the treatment with and without ni for the inhibitor efficiency determination, or the control and treatment with ni for determination of the emission factor, or both. 3) environmental conditions and management (e.g., fertiliser application rates) were equal for the treatments with/without ni.",1,1,0,0,0,0,0,0,1,0,0,0,1,0,0.375,ghg emissions
enhanced efficiency fertilisers,10.1016/j.agee.2016.01.044,1,1)studies containing sufficient information about the experimental design; 2) field experiments; 3) include a minimum of three replicates; 4) report a measure of variance. for the n2o dataset an additional criteria was added: 5) have utilised a suitable sampling methodology to robustly account for temporal and spatial variations. only studies reporting side-by-side comparisons of specific practices were used.,1,1,0,1,1,1,0,1,0,1,1,0,1,1,0.75,ghg emissions
enhanced efficiency fertilisers,10.1016/j.agee.2016.06.038,1,"1)n2o emission had to be reported from upland cropping systems including maize, wheat and barley (horticulture crops were excluded); 2) the measurements were conducted under field conditions; 3) n2o flux rate must have been measured for an entire crop growth period; 4) the nitrogen source and application rate were same for the treatment and control; and 5) the grain yields were reported.",1,1,0,0,1,1,0,1,0,1,0,0,1,0,0.5625,ghg emissions
enhanced efficiency fertilisers,10.1016/j.atmosenv.2020.117506,1,1)studies have to be published in peer-reviewed journals; 2) performed in brazil; 3) not conducted in greenhouses or manipulated weather conditions.,0,1,0,0,0,1,0,0,1,0,1,0,1,0,0.4375,ghg emissions
enhanced efficiency fertilisers,10.1016/j.fcr.2012.06.007,1,"studies needed to meet several criteria to be included in our analysis. first, n2o and/or ch4 fluxes must have been measured under field conditions for the entire growing season

(i.e. planting to harvest). second, seasonal fluxes and the number of field replications had to be reported for both control and treatment plots. third, growing conditions in the control and treatment plots had to be identical(except for the management practice being studied). 

to be included, exact fertilizer n rates needed to be reported and the grm treatment received the same total n rate as the control treatment. the n amount contributed from grm

ranged from 20 to 60 kg n ha−1 and represented 25–100% of the total n rate.",1,1,0,0,1,1,0,1,0,1,1,0,1,0,0.625,ghg emissions
enhanced efficiency fertilisers,10.1016/j.scitotenv.2018.05.356,1,not specified,1,1,1,0,1,1,1,1,0,1,1,1,1,0,0.75,ghg emissions
enhanced efficiency fertilisers,10.1021/es4055324,1,"1)n2o emissions had to represent at least a full growing season, covering emissions across furrows and seedbeds, and capturing anticipated n2o emissions peaks after tillage, fertilization and wetting; 2) only data from field experiments were included.",1,1,0,0,1,1,0,1,1,1,1,1,0,1,0.75,ghg emissions
enhanced efficiency fertilisers,10.1038/srep22075,1,"1)field studies were selected and laboratory incubation studies were excluded; 2) at least one of the selected variables were measured; 3) means and sample sizes had to be reported; 4) treatment replicates were at least of three, etc.",1,1,0,0,1,1,0,1,0,1,1,0,1,0,0.625,ghg emissions
enhanced efficiency fertilisers,10.1111/gcb.12802,1,"1)for soil ph and concentrations of nh4+ , no3- and din, the average value across a whole crop rotation had to be reported. 2) for leaching loss of nh4+, no3- and din, and emissions of n2o, ch4, no and nh3, the cumulative values for a whole crop rotation had to be reported, or the reported data allows to estimate the cumulative values for a whole crop rotation.",1,1,0,0,1,1,0,0,0,1,1,1,1,1,0.6875,ghg emissions
enhanced efficiency fertilisers,10.1111/gcb.13455,1,"1)only the field, pot, and lysimeter studies on rice, wheat, or corn growth were included. the crop grain had to be harvested and weighted at the physiological mature stage. 2) means and samples size had to be reported with a minimum of three replicates. 3) the application rates of agricultural materials had to be reported, such as fertilizers (n, p, and k) and inhibitors (ni and ui), for the consideration of the cost-benefit analysis.",1,1,0,0,1,1,0,1,0,1,0,0,1,0,0.5625,ghg emissions
enhanced efficiency fertilisers,10.1111/gcb.13918,1,"1)one or more of the efficacy indicators had to be reported; 2) data must have originated from field experiments (i.e. laboratory-based studies were excluded); 3) the experiments must have been replicated; 4) information needed to be provided regarding cropping systems, inhibitor type or the coating material of controlled release fertilizer; 5) management practices such as n fertilizer type, application rate, method, and placement, crop residue management (retention or removal), tillage, irrigation, and use of other agricultural chemicals had to be the same for the eef treatment and control.",1,1,0,0,1,1,0,0,0,1,1,1,1,0,0.625,ghg emissions
enhanced efficiency fertilisers,10.1111/j.1365-2486.2009.02031.x,1,1)only field experiment data were included; small-scale experiments such as incubation or soil column experiments were excluded; 2) papers those emission data with the same total nitrogen application rate for treatment and control; 3) studies with no replication or no reported number of replications were excluded from the analysis.,1,0,0,0,1,1,0,1,1,1,1,0,1,1,0.6875,ghg emissions
enhanced efficiency fertilisers,10.2136/sssaj2016.06.0179,1,"1)field studies on rice, corn, and/or wheat production (any additional components such as laboratory incubation or greenhouse experiments were excluded);  2) studies measuring n2o emissions for at least one complete growing season without missing n2o fluxes during the days following fertilization, tillage, and rainfall or irrigation events; 3) means and number of replicates for each treatment comparison reported.",1,1,0,0,1,1,0,1,0,1,1,0,0,0,0.5625,ghg emissions
enhanced efficiency fertilisers,10.2136/sssaj2016.09.0281,1,"1)papers about agriculture or n losses, addressed n losses and transport after the field; 2) papers that examine n fertilizer management; 3) performed in north america;  4) performed in corn systems; 5) not conducted in laboratory or greenhouse.",1,1,0,1,1,1,0,1,0,1,0,0,1,0,0.625,ghg emissions
enhanced efficiency fertilisers,10.3390/su9071201,1,1)measurements were conducted under field conditions; 2) n2o flux rates were measured during an entire crop growth period using the static chamber method; 3) n2o emission and grain yield were determined simultaneously.,1,1,0,0,1,1,0,1,1,1,1,0,1,0,0.6875,ghg emissions
enhanced efficiency fertilisers,10.1111/gcb.12802,1,"1)for soil ph and concentrations of nh4+ , no3- and din, the average value across a whole crop rotation had to be reported. 2) for leaching loss of nh4+, no3- and din, and emissions of n2o, ch4, no and nh3, the cumulative values for a whole crop rotation had to be reported, or the reported data allows to estimate the cumulative values for a whole crop rotation.",1,1,0,0,1,1,0,0,0,1,1,1,1,1,0.6875,grassland production
enhanced efficiency fertilisers,10.1038/srep22075,1,"1)field studies were selected and laboratory incubation studies were excluded; 2) at least one of the selected variables were measured; 3) means and sample sizes had to be reported; 4) treatment replicates were at least of three, etc.",1,1,0,0,1,1,0,1,0,1,1,0,1,0,0.625,nutrient leaching and run-off
enhanced efficiency fertilisers,10.1111/gcb.12802,1,"1)for soil ph and concentrations of nh4+ , no3- and din, the average value across a whole crop rotation had to be reported. 2) for leaching loss of nh4+, no3- and din, and emissions of n2o, ch4, no and nh3, the cumulative values for a whole crop rotation had to be reported, or the reported data allows to estimate the cumulative values for a whole crop rotation.",1,1,0,0,1,1,0,0,0,1,1,1,1,1,0.6875,nutrient leaching and run-off
enhanced efficiency fertilisers,10.1111/gcb.13455,1,"1)only the field, pot, and lysimeter studies on rice, wheat, or corn growth were included. the crop grain had to be harvested and weighted at the physiological mature stage. 2) means and samples size had to be reported with a minimum of three replicates. 3) the application rates of agricultural materials had to be reported, such as fertilizers (n, p, and k) and inhibitors (ni and ui), for the consideration of the cost-benefit analysis.",1,1,0,0,1,1,0,1,0,1,0,0,1,0,0.5625,nutrient leaching and run-off
enhanced efficiency fertilisers,10.1111/gcb.13918,1,"1)one or more of the efficacy indicators had to be reported; 2) data must have originated from field experiments (i.e. laboratory-based studies were excluded); 3) the experiments must have been replicated; 4) information needed to be provided regarding cropping systems, inhibitor type or the coating material of controlled release fertilizer; 5) management practices such as n fertilizer type, application rate, method, and placement, crop residue management (retention or removal), tillage, irrigation, and use of other agricultural chemicals had to be the same for the eef treatment and control.",1,1,0,0,1,1,0,0,0,1,1,1,1,0,0.625,nutrient leaching and run-off
enhanced efficiency fertilisers,10.1016/j.agee.2019.106763,1,"1)field, pot or lysimeter studies; 2) 15n tracer method had to be used to determine fertilizer nitrogen uptake by the crop or retained in the soil ; 3) n derived from fertilizer (ndff) or fertilizer n recovery in the crop and the soil have to be reported; 4) control (fertilizer without inhibitors) and treatments (fertilizer with inhibitors) have to be subjected to the same management (such as fertilizer type and application rate, irrigation, or micro-plot size).",1,1,0,0,1,1,0,1,0,1,1,1,1,0,0.6875,plant nutrient uptake
enhanced efficiency fertilisers,10.1038/srep22075,1,"1)field studies were selected and laboratory incubation studies were excluded; 2) at least one of the selected variables were measured; 3) means and sample sizes had to be reported; 4) treatment replicates were at least of three, etc.",1,1,0,0,1,1,0,1,0,1,1,0,1,0,0.625,plant nutrient uptake
enhanced efficiency fertilisers,10.1080/01904167.2018.1426018,0,the current study analyzed all trials that metthe stated criteria of edmeades and mcbride (2012).,1,1,0,0,1,0,0,0,0,1,0,0,1,0,0.375,plant nutrient uptake
enhanced efficiency fertilisers,10.1111/gcb.12802,1,"1)for soil ph and concentrations of nh4+ , no3- and din, the average value across a whole crop rotation had to be reported. 2) for leaching loss of nh4+, no3- and din, and emissions of n2o, ch4, no and nh3, the cumulative values for a whole crop rotation had to be reported, or the reported data allows to estimate the cumulative values for a whole crop rotation.",1,1,0,0,1,1,0,0,0,1,1,1,1,1,0.6875,plant nutrient uptake
enhanced efficiency fertilisers,10.1111/gcb.13455,1,"1)only the field, pot, and lysimeter studies on rice, wheat, or corn growth were included. the crop grain had to be harvested and weighted at the physiological mature stage. 2) means and samples size had to be reported with a minimum of three replicates. 3) the application rates of agricultural materials had to be reported, such as fertilizers (n, p, and k) and inhibitors (ni and ui), for the consideration of the cost-benefit analysis.",1,1,0,0,1,1,0,1,0,1,0,0,1,0,0.5625,plant nutrient uptake
enhanced efficiency fertilisers,10.1111/gcb.13918,1,"1)one or more of the efficacy indicators had to be reported; 2) data must have originated from field experiments (i.e. laboratory-based studies were excluded); 3) the experiments must have been replicated; 4) information needed to be provided regarding cropping systems, inhibitor type or the coating material of controlled release fertilizer; 5) management practices such as n fertilizer type, application rate, method, and placement, crop residue management (retention or removal), tillage, irrigation, and use of other agricultural chemicals had to be the same for the eef treatment and control.",1,1,0,0,1,1,0,0,0,1,1,1,1,0,0.625,plant nutrient uptake
enhanced efficiency fertilisers,10.1016/j.agee.2019.106763,1,"1)field, pot or lysimeter studies; 2) 15n tracer method had to be used to determine fertilizer nitrogen uptake by the crop or retained in the soil ; 3) n derived from fertilizer (ndff) or fertilizer n recovery in the crop and the soil have to be reported; 4) control (fertilizer without inhibitors) and treatments (fertilizer with inhibitors) have to be subjected to the same management (such as fertilizer type and application rate, irrigation, or micro-plot size).",1,1,0,0,1,1,0,1,0,1,1,1,1,0,0.6875,soil nutrients
fallowing,10.1111/cobi.13156,1,"1) reports data on species richness or abundance in any 2 of 3 rice-field management states: cultivated, fallow (or recently abandoned field: tilled or mowed once every 1–3 years), and abandoned; 2) only abundance data for nonpest species was acepted.",1,1,1,1,1,1,1,1,1,1,1,1,1,1,1,biodiversity
fallowing,10.1111/j.1523-1739.2004.00359.x,0,"1) studies contained identifiable replicates of at least two treatments or land-use types, one conventional agriculture and the other set-aside land. conventional fields included row crops, grains, and intensively managed meadows; 2) the studies presented means and some measure of variation among replicates for either population density or the number of species of at least one plant or animal taxon, defined narrowly or broadly (e.g., skylarks or birds); 3) studies monitored farmland managed under locally accepted standards for set-aside and conventional agriculture. set-aside parcels in about 11% of the studies were established at unnaturally small spatial scales for experimental purposes but were included because they enabled to evaluate biodiversity responses across a broad range of field sizes.",0,1,0,0,1,1,0,0,0,1,1,1,1,1,0.5625,biodiversity
fallowing,10.1016/j.scitotenv.2016.05.067,1,"1) restricted to terrestrial mineral soils of the temperate zone such as retisols, luvisols, cambisols, phaeozems, chernozems and kastanozems; 2) every study used in the dataset had to provide at least two carbon values for different land-use types measured in one or several soil depths.",1,0,0,0,1,1,0,0,0,1,1,1,1,1,0.5625,carbon sequestration
fallowing,10.1007/s11104-008-9547-y,1,"1) have been published in a refereed journal, book chapter or peer-reviewed proceeding; 2) have originated from sub-saharan africa; 3) have reported maize yield from at least one legume species used for green manure or improved fallow (treatment) and a corresponding maize yield from an unfertilized plot (control); 4) be a well designed, randomized and replicated experiment either on a research station or on farmers’ fields; 5) have reported the mean (and if possible the standard deviation or variance) as numerical or graphical data or this was available by personal communication.",1,0,0,0,1,1,1,1,0,1,1,1,1,1,0.75,crop yield
grassland conservation and restoration,10.1016/j.biocon.2009.11.030,1,"1)  studies comparing the species richness and abundance of plantations and pasture lands for five taxonomic groups: plants, invertebrates, reptiles/amphibians, mammals, and birds; 2) studies that provided estimates of mean species richness and/or abundance, and the corresponding estimates of standard deviations and sample sizes.",1,1,1,1,1,1,1,0,0,1,1,1,1,0,0.8125,biodiversity
grassland conservation and restoration,10.1073/pnas.1922266117,1,"1) study sites were grasslands, broadly defined to include savannas and open-canopy grassy woodlands. as such, the studies in this analysis encompass herbaceous-dominated ecosystems with scattered trees that are often called “forests” or “woodlands”. 2) studies included old-growth grasslands that were either clearly described in the article or that we were able to verify through correspondence with the authors. 3) studies included secondary grasslands on sites previously occupied by old-growth grasslands that had been destroyed by tillage agriculture, tree plantations, or other intensive land uses. 4) studies reported data for herbaceous plant species richness for both old-growth and secondary grasslands. 5) study plots were not treated with nutrient additions (e.g., nitrogen or phosphorous fertilizers). 6) studies were conducted in a unique location. 7) studies on “actively restored” grasslands (i.e., restoration treatments such as sowing seed mixtures, soil, or hay transfer) were only included if they had a control treatment of “passive restoration” (i.e., secondary grassland communities assembling without propagule additions). for such studies, only data from the passively restored secondary grasslands and the paired old-growth grasslands were extracted.",1,1,1,1,1,1,1,1,1,1,1,1,1,1,1,biodiversity
grassland conservation and restoration,10.1111/j.1466-8238.2008.00399.x,1,not provided,1,1,1,0,1,1,0,1,0,1,1,1,1,0,0.6875,biodiversity
grassland conservation and restoration,10.1016/j.biombioe.2015.05.008,1,"1) appropriate response metrics must be measured in the publications: soc measures as c (carbon) in units of t ha-1 y-1 (or a convertible figure) and ghg emissions for crop life cycle, partitioned into co2, n2o, ch4 or ‘all’ measured as carbon dioxide equivalents (co2e) in units of t ha-1 y-1 (or convertible figures); 2) studies featured transitions of interest; 3) studies had to report both pre-existing (control) and post-conversion land-use (treatment) values for the response metric(s) of interest. studies were also eligible if they documented a land conversion not strictly for use as bioenergy, but used similar land management practices as would be used for bioenergy cultivation; 4) study locations were relevant to a temperate climate i.e. within the 23.5º and 66.5º latitudinal band; and 5) the species were inclusive of first and second generation bioenergy crops, but only those able to be cultivated in a temperate region.",1,0,0,0,1,1,1,1,0,1,1,1,1,1,0.75,carbon sequestration
grassland conservation and restoration,10.1016/j.scitotenv.2016.05.067,1,"1) every study in the dataset had to provide at least two carbon values for different land-use types measured in one or several soil depths. these two values were used as paired values for the calculation of effect sizes. 2) the paired values were comparable because the chosen case studies selected paired sampling locations with similar soil conditions, slope and aspect. to avoid the comparison of carbon stocks from sites with contrasting environmental conditions, effect sizes were only calculated from the comparison between different studies but not from different publications.",1,0,0,0,1,1,0,0,0,1,1,1,1,1,0.625,carbon sequestration
grassland conservation and restoration,10.1046/j.1354-1013.2002.00486.x,0,1) studies had to report soil carbon concentrations or stocks per unit land area both before and after land use change with means and number of replicates from specific experiment designs (mainly paired-site studies); 2) reporting of standard deviations was preferred but not essential; 3) any study lacking replication was not considered.,1,1,0,0,1,1,0,0,0,1,1,1,1,0,0.5625,carbon sequestration
grassland conservation and restoration,10.1111/gcb.15315,1,1) studies should be carried out in the uplands; 2) only field studies were selected; 3) the measurement duration of soil ch4 uptake rate should be at least one growing season or an entire year; 4) the standard deviation about the data had to be reported or could be calculated from the information provided.,1,1,1,0,1,1,1,1,0,1,1,1,1,0,0.8125,ghg emissions
grassland conservation and restoration,10.1021/acs.est.0c08514,0,1) gross nitrification and immobilization rates were reported simultaneously; 2) details on experimental design and conditions were given to enable cross-checking for duplicate publication.,1,1,0,0,1,1,0,1,0,1,1,1,1,0,0.625,nutrient leaching and run-off
grassland conservation and restoration,10.1007/s10841-020-00247-x,1,"studies were excluded if: 1) focused on land remediation of coal mines or quarries; 2) were small-scale studies that took place within a larger agricultural or urban context, such as wildflower strips or pollinator gardens; 3) focused on floral resources within the plant community and did not measure pollinator responses directly; 4) used small-scale experiments (plots only a few meters in size).",1,1,1,0,1,1,1,1,1,1,1,1,0,0,0.8125,pollination
grassland conservation and restoration,10.1111/j.1365-2486.2012.02653.x,1,"1) studies had to report labile or total p measurements for non-agricultural sites previously used for arable cropping, grazing, or forage grass production (at least 1 year since cessation of use), as well as a comparable reference site that best represented pre-agriculture soil or late-succession ecosystem conditions for a given location (e.g., ‘primary forest’) and had no reported agricultural history or minimal disturbance. also studies that reported soil p measurements for both contemporary and former agricultural sites that had comparable land use and management histories. 2) all studies had to contain the following methodological information: soil sampling depths and p measurement methods that were equivalent between the reference/current agriculture and abandoned agriculture sites; the dominant type of agriculture practiced prior to abandonment; the approximate time since cessation and vegetation type established after abandonment; as well as the number of study sites, replicates, and soil samples collected. 3) studies reporting fertilization, experimental manipulation of soils or extensive forest harvest after cessation of agriculture were omitted.",1,1,0,0,1,1,1,0,0,1,1,0,1,1,0.6875,soil nutrients
grassland management,10.1007/s10705-012-9498-9,1,not specified,1,0,0,0,0,0,0,0,1,0,1,0,1,0,0.3125,air pollutants emissions
grassland management,10.1007/s10531-018-1562-6,1,"1) studies has to compare at least two different mowing frequencies. studies comparing the timing of different mowing events during the same year (e.g., beginning and end of summer) were excluded. mowing once per year was chosen as the reference treatment and therefore had to be used as a treatment in all included studies. 2) studies had to examine a relevant outcome for the conservation of semi-natural grasslands. 3) only studies where the desired outcome was clear from a conservation viewpoint, e.g. a higher mean species richness, were included. 4) studies had to contain data in the form of estimates with a measure of variation (e.g. means and variance). 5) studies where fertilizers were used during the study period were excluded, as well as studies where grasslands were grazed before or after mowing.",1,1,0,1,1,1,1,1,0,1,1,1,0,1,0.8125,biodiversity
grassland management,10.1016/j.agee.2016.02.008,1,"articles eligible for inclusion in the meta-analysis had to 1) compare grazing vs. mowing or grazing vs. mowing with aftermath grazing. only studies where mowing was performed once a year were included.  2) the goal of the sutudy was to preserve the high conservation value of grasslands, e.g. management for high species richness. therefore, studies which only reported e.g. annual yield were excluded from further analysis. 3) the management had to be considered to directly affect the effect measures e.g. studies only measuring soil nutrients were excluded but not e.g. studies reporting species richness. 4) studies had to contain data in the form of estimates with a measure of variation (e.g. means and variance) and sample size.",1,1,0,1,1,1,0,1,0,1,1,1,1,1,0.8125,biodiversity
grassland management,10.1111/avsc.12558,1,only field studies were included in this analysis.,1,1,1,1,1,1,1,0,1,1,1,1,1,0,0.8125,biodiversity
grassland management,10.1111/gcb.12986,1,"1) relevant subjects: natural or seminatural grasslands in temperate mountain zones. mediterranean, subtropical and arid climates that occur within the temperate latitudes were excluded; 2) types of intervention: addition of nitrogen (alone or in combination with other nutrients); 3) types of comparator: non fertilized control plots (experimental studies) or suitable reference areas that have not been fertilized (observational studies). control plots had to be managed in the same way as treatment plots with the exception; types of outcome: species richness or shannon index of diversity (h0) of at least one taxonomic group. changes in biomass production or absolute abundance of functional groups were also recorded if provided. the authors limit this review to vascular plants.",1,1,1,1,1,1,0,1,1,1,1,1,1,1,0.9375,biodiversity
grassland management,10.1111/gcb.14535,1,"1) field experiment with control [no amendment) and treatment [amendment) plots; 2) non forested ecosystem with sufficient plant biomass to support livestock grazing; 3) carbon-based amendment to which synthetic nutrients had not been added; 4) soil not subjected to “severe disturbance” within the 20-year period prior to experiment initiation [as reported by the paper's authors). the authors considered severe disturbance to include activities such as mining, roadcuts, and agricultural tillage; 5) arid, semiarid, or mediterranean köppen–geiger climate zone; 6) reported effect of amendment addition on at least one of 20 prospective response variables.",1,1,1,1,1,1,0,0,0,1,1,1,1,0,0.75,biodiversity
grassland management,10.1111/geb.12856,1,"1) data from plots where n addition was performed together with watering, temperature increase, litter removal, grazing or fire manipulation or where n was added in combination with other nutrients were excluded. 2) selection was limited to experiments conducted on natural or semi‐natural vegetation, excluding studies conducted on crops, mono‐cultures or where species were artificially introduced in plots. 3) studies that reported the same data as other studies already included in the database were excluded.",1,1,1,0,1,1,1,1,0,1,1,1,1,1,0.875,biodiversity
grassland management,10.1111/geb.13196,1,"the authors included only those studies that were non-cage field experiments in non-agricultural grassland ecosystems (although the experimental area could be mowed, grazed, or have been previously used for agriculture). additionally, the authors selected only studies that included both a fertilization treatment and a control (no fertilization) treatment, and from which they were able to obtain either raw arthropod abundances or both means and standard deviations of arthropod abundances in treatment and control plots.",1,1,1,1,1,1,0,0,0,1,1,1,1,0,0.75,biodiversity
grassland management,10.1111/j.1466-8238.2011.00652.x,1,"1) only data from in situ n addition experiments were incorporated into the database. ex situ n addition experiments or papers considering vegetation change as a consequence of atmospheric depositions were not considered; 2) the authors included studies performed in terrestrial ecosystems and classiﬁed them into forest understoreys, heathlands, grasslands and three types of wetland. grassland studies were only included if the area had been continuously grassland for the last 20 years. 3) only experiments in which inorganic n was added (to be comparable with n additions through atmospheric depositions) were included. simultaneous additions of phosphorus or potassium were omitted, as the impact of these nutrients may interfere with the effect of n. 4) to unravel the relative impact of n addition from all other environmental variables being randomly assigned to treatments, only studies reporting results for both n-treated and control plots were selected. 5) the authors focused on articles reporting data on the impact of n addition on biomass or species richness or on both variables.",1,1,0,1,1,1,0,0,1,1,1,1,1,0,0.75,biodiversity
grassland management,10.1186/2047-2382-1-9,1,"1) relevant subjects: semi-natural grasslands that are mown annually, including conventionally managed grasslands, agri-environmental schemes meadows, hay or litter meadows. 2) types of intervention: first mowing date delayed (treatment). 3) types of comparator: comparison with similar meadows or plots that are first mown on an earlier date (control). treatment and control plots must be similar in all management respects, except the date of the first cut, and must be located in the same habitat type. 3) types of outcome: species richness and/or abundance (any taxa). 4) both experimental and observational studies to be included, but excluded studies that provided only qualitative evidence.",1,1,1,1,1,1,1,1,0,1,1,1,0,1,0.875,biodiversity
grassland management,10.1088/1748-9326/abaf88,1,"1) experiments had at least one pair of data at the same temporal and spatial scales (under monoculture and mixtures), including carbon pools and fluxes; 2) the effect of diversity was clearly described, including diversity level (species richness) and experimental duration; 3) the means, standard deviations/errors and samples size of variables in the monoculture and mixtures groups could be extracted directly from the context, tables, or digitized graphs.",1,1,0,0,1,1,0,1,0,1,1,1,1,0,0.6875,carbon sequestration
grassland management,10.1098/rspb.2020.2063,1,"papers were excluded if were 1) natural diversity gradient studies, 2) controlled global change experiments, in which plant diversity has been altered by global change factors, but not having a direct diversity treatment, 3) meta-analysis studies or review studies, 4) papers not including c storage and other variables that were in the focus of this study. authors kept the papers from biodiversity-ecosystem functioning experiments and experiments that had one-species and mixed-species plantations.",1,1,1,0,1,1,1,0,0,1,1,1,1,1,0.8125,carbon sequestration
grassland management,10.1111/brv.12554,1,"1) papers were purposely designed to test the effects of plant diversity on soc content, soc stock, and smbc in mineral soils; 2) they had at least one species mixture treatment and corresponding monocultures; 3) they had the same initial climatic and soil properties in the monoculture and mixture treatment plots.",1,1,1,1,1,1,1,1,0,1,1,1,1,1,0.9375,carbon sequestration
grassland management,10.1111/gcb.14535,1,"1) field experiment with control (no amendment) and treatment (amendment) plots; 2) non forested ecosystem with sufficient plant biomass to support livestock grazing; 3) carbon-based amendment to which synthetic nutrients had not been added; 4) soil not subjected to “severe disturbance” within the 20-year period prior to experiment initiation (as reported by the paper's authors). the authors considered severe disturbance to include activities such as mining, roadcuts, and agricultural tillage; 5) arid, semiarid, or mediterranean köppen–geiger climate zone; 6) reported effect of amendment addition on at least one of 20 prospective response variables.",1,1,1,1,1,1,0,0,0,1,1,1,1,0,0.75,carbon sequestration
grassland management,10.1016/j.agee.2015.09.030,1,"1) measurements have to be made under field conditions; laboratory incubation and soil column experiments were excluded. 2) the reported results had to include emissions for the treatment with and without nitrification inhibitors (ni) for the inhibitor efficiency determination, or the control and treatment with ni for determination of the emission factor, or both. 3) environmental conditions and management (e.g., fertiliser application rates) were equal for the treatments with/without ni.",1,1,0,0,1,0,0,0,1,1,0,1,1,0,0.5625,ghg emissions
grassland management,10.1016/j.scitotenv.2017.10.229,1,"1) only focused on studies that were conducted on agricultural soils; 2) to better represent the response of soil denitrification to n fertilization under natural conditions, only those studies that were performed under field conditions or used undisturbed soil cores in the laboratory were included; 3) the plant species and soil types between the treatment and control plots had to be identical.",1,1,1,0,1,1,0,1,1,1,1,1,1,1,0.875,ghg emissions
grassland management,10.1016/j.scitotenv.2021.148863,1,"1) both control and treatment experiments are included; (2) n addition experiments are conducted in the field, rather than in laboratory incubation; 3) the means, standard errors (se) or standard deviations (sd), and sample sizes are clearly reported or can be determined arbitrarily; 4) n addition duration is longer than a growing season or a full year; 5) the data obtained under different n addition levels, durations, forms, and experimental locations are independent.",1,1,1,0,1,1,0,1,0,1,1,1,1,0,0.75,ghg emissions
grassland management,10.1080/00380768.2017.1367627,1,"the inhibitor types considered for the analysis were dcd (a ni), pyrazole derivatives (pd, a ni), and n-(n-butyl) thiophosphoric triamide (nbpt, a ui). only direct measurements were included and no data were obtained from modeling studies. studies performed under laboratory, greenhouse, and field conditions were all included. only studies with a measurement period that lasted longer than 30 days were considered.",1,1,1,0,1,1,0,0,0,1,1,1,1,1,0.75,ghg emissions
grassland management,10.1111/ele.13480,0,"1) manipulation experiments with either external n and/or p addition; 2) the ﬁeld measurements must cover at least one full growing season, which makes the estimation of annual budget more reliable; 3) the studies report clear information for the ﬁeld site that is useful when extracting edaphic and meteorological data from global datasets.",1,1,0,1,1,1,0,0,0,1,1,0,1,0,0.5625,ghg emissions
grassland management,10.1111/j.1365-2486.2009.02031.x,1,1) only field experiment data were included; small-scale experiments such as incubation or soil column experiments were excluded; 2) papers those emission data with the same total nitrogen application rate for treatment and control; 3) studies with no replication or no reported number of replications were excluded from the analysis.,1,0,1,0,1,1,0,1,1,1,1,1,1,1,0.8125,ghg emissions
grassland management,10.1002/ecy.2905,1,authors collected data sets from an experimental species richness gradient greater than four species in a field or large controlled environment facility (ecotron) context with typical grassland species (including both grasses and forbs).,1,0,0,0,1,1,1,0,1,1,1,0,1,0,0.625,grassland production
grassland management,10.1007/s11104-019-04119-5,1,"1) observations were only compiled from field manipulative experiments that conducted in natural terrestrial ecosystems; 2) at least one 2 × 2 full-factorial experimental design was applied to evaluate the effects of fertilizer applications; 3) at least one of the selected target variables (e.g., agb) was examined; 4) initial environmental conditions, vegetation types, and soil properties were the same in the treated and control plots; 5) measurements of the target variables in the experimental and control groups were performed at the same temporal and spatial scales; 6) n and p application form/rate, and experimental duration were clearly stated; 7) the means, standard deviations, and samples sizes of the target variables were reported or can be estimated from the reported results; 8) for multiple measurements at different time, only the last values were used to satisfy the assumption of statistical independence among observations.",1,1,0,1,1,1,0,1,1,1,1,1,1,1,0.875,grassland production
grassland management,10.1038/s41598-017-01728-x,0,"1) the experimental data must be collected from field experiments involving n addition and conducted in natural grasslands; 2) experiments must include n-addition treatments and a control treatment; if the field experiment only had n addition as a treatment, the original experimental control was used to estimate the response ratio of only n addition for agb, agbgrass and agbforb; if the n-addition treatments were combined with p or w, the treatments with only p or w addition were regarded as the control treatments to eliminate the effects of other factors on agb, agbgrass and agbforb; 3) agb was measured during the peak growing season, and these data were compiled into a database; data not obtained during the peak growing season were excluded; 4) if experimental data from a particular site was published in different journal articles, the most recent paper or the paper with the longest record was chosen; 5) the means, sample sizes, standard deviations (sds) and/or standard errors (ses) of the treatments and controls were collected or calculated for each case study.",1,1,0,0,1,1,1,1,1,1,1,1,1,1,0.8125,grassland production
grassland management,10.1038/s41598-020-74736-z,1,"1) field studies with an experimental duration of at least one growing season; 2) studies reporting yield of grass and/or grass/legume mixtures as response variable; 3) studies with experimental treatments for which a suitable control treatment could be identified. control treatments were deemed suitable if experimental factors (i.e. site, sampling time, soil characteristics, and n application rate) were identical to those in the experimental treatment, and the control treatment did not receive any p fertilisation.",1,1,1,0,1,1,0,1,0,1,1,1,1,1,0.8125,grassland production
grassland management,10.1080/00380768.2017.1367627,1,"the inhibitor types considered for the analysis were dcd (a ni), pyrazole derivatives (pd, a ni), and n-(n-butyl) thiophosphoric triamide (nbpt, a ui). only direct measurements were included and no data were obtained from modeling studies. studies performed under laboratory, greenhouse, and field conditions were all included. only studies with a measurement period that lasted longer than 30 days were considered.",1,1,1,0,1,1,0,0,0,1,1,1,1,1,0.75,grassland production
grassland management,10.1088/1748-9326/abaf88,1,"1) experiments had at least one pair of data at the same temporal and spatial scales (under monoculture and mixtures), including carbon pools and fluxes; 2) the effect of diversity was clearly described, including diversity level (species richness) and experimental duration; 3) the means, standard deviations/errors and samples size of variables in the monoculture and mixtures groups could be extracted directly from the context, tables, or digitized graphs.",1,1,0,0,1,1,0,1,0,1,1,1,1,0,0.6875,grassland production
grassland management,10.1098/rspb.2020.2063,1,"papers were excluded if were 1) natural diversity gradient studies, 2) controlled global change experiments, in which plant diversity has been altered by global change factors, but not having a direct diversity treatment, 3) meta-analysis studies or review studies, 4) papers not including c storage and other variables that were in the focus of this study. authors kept the papers from biodiversity-ecosystem functioning experiments and experiments that had one-species and mixed-species plantations.",1,1,1,0,1,1,1,0,0,1,1,1,1,1,0.8125,grassland production
grassland management,10.1111/avsc.12558,1,only field studies were included in this analysis.,1,1,1,1,1,1,1,0,1,1,1,1,1,0,0.8125,grassland production
grassland management,10.1111/gcb.12986,1,"1) relevant subjects: natural or seminatural grasslands in temperate mountain zones. mediterranean, subtropical and arid climates that occur within the temperate latitudes were excluded; 2) types of intervention: addition of nitrogen (alone or in combination with other nutrients); 3) types of comparator: non fertilized control plots (experimental studies) or suitable reference areas that have not been fertilized (observational studies). control plots had to be managed in the same way as treatment plots with the exception; types of outcome: species richness or shannon index of diversity (h0) of at least one taxonomic group. changes in biomass production or absolute abundance of functional groups were also recorded if provided. the authors limit this review to vascular plants.",1,1,1,1,1,1,0,1,1,1,1,1,1,1,0.9375,grassland production
grassland management,10.1111/gcb.13125,1,"1) measurements and data were only collected from field manipulative experiments of p addition that conducted in natural terrestrial ecosystems; 2) the examined variables were plant biomass production at the community level, plant n and p concentration, and soil n and p concentration; 3) when data from the same site were presented in multiple publications, a single measurement from the latest sample date was used to meet the statistical assumption of independence among observations.",1,1,0,0,1,1,0,1,0,1,1,1,1,0,0.6875,grassland production
grassland management,10.1111/gcb.14535,1,"1) field experiment with control (no amendment) and treatment (amendment) plots; 2) non forested ecosystem with sufficient plant biomass to support livestock grazing; 3) carbon-based amendment to which synthetic nutrients had not been added; 4) soil not subjected to “severe disturbance” within the 20-year period prior to experiment initiation (as reported by the paper's authors). the authors considered severe disturbance to include activities such as mining, roadcuts, and agricultural tillage; 5) arid, semiarid, or mediterranean köppen–geiger climate zone; 6) reported effect of amendment addition on at least one of 20 prospective response variables.",1,1,1,1,1,1,0,0,0,1,1,1,1,0,0.75,grassland production
grassland management,10.1111/geb.13196,1,"the authors included only those studies that were non-cage field experiments in non-agricultural grassland ecosystems (although the experimental area could be mowed, grazed, or have been previously used for agriculture). additionally, the authors selected only studies that included both a fertilization treatment and a control (no fertilization) treatment, and from which they were able to obtain either raw arthropod abundances or both means and standard deviations of arthropod abundances in treatment and control plots.",1,1,1,1,1,1,0,0,0,1,1,1,1,0,0.75,grassland production
grassland management,10.1111/j.1466-8238.2011.00652.x,1,"1) only data from in situ n addition experiments were incorporated into the database. ex situ n addition experiments or papers considering vegetation change as a consequence of atmospheric depositions were not considered; 2) the authors included studies performed in terrestrial ecosystems and classiﬁed them into forest understoreys, heathlands, grasslands and three types of wetland. grassland studies were only included if the area had been continuously grassland for the last 20 years. 3) only experiments in which inorganic n was added (to be comparable with n additions through atmospheric depositions) were included. simultaneous additions of phosphorus or potassium were omitted, as the impact of these nutrients may interfere with the effect of n. 4) to unravel the relative impact of n addition from all other environmental variables being randomly assigned to treatments, only studies reporting results for both n-treated and control plots were selected. 5) the authors focused on articles reporting data on the impact of n addition on biomass or species richness or on both variables.",1,1,0,1,1,1,0,0,1,1,1,1,1,0,0.75,grassland production
grassland management,10.1111/gcb.14535,1,"1) field experiment with control (no amendment) and treatment (amendment) plots; 2) non forested ecosystem with sufficient plant biomass to support livestock grazing; 3) carbon-based amendment to which synthetic nutrients had not been added; 4) soil not subjected to “severe disturbance” within the 20-year period prior to experiment initiation (as reported by the paper's authors). the authors considered severe disturbance to include activities such as mining, roadcuts, and agricultural tillage; 5) arid, semiarid, or mediterranean köppen–geiger climate zone; 6) reported effect of amendment addition on at least one of 20 prospective response variables.",1,1,1,1,1,1,0,0,0,1,1,1,1,0,0.75,heavy metals pollution
grassland management,10.1080/00380768.2017.1367627,1,"the inhibitor types considered for the analysis were dcd (a ni), pyrazole derivatives (pd, a ni), and n-(n-butyl) thiophosphoric triamide (nbpt, a ui). only direct measurements were included and no data were obtained from modeling studies. studies performed under laboratory, greenhouse, and field conditions were all included. only studies with a measurement period that lasted longer than 30 days were considered.",1,1,1,0,1,1,0,0,0,1,1,1,1,1,0.75,nutrient leaching and run-off
grassland management,10.1111/gcb.14535,1,"1) field experiment with control (no amendment) and treatment (amendment) plots; 2) non forested ecosystem with sufficient plant biomass to support livestock grazing; 3) carbon-based amendment to which synthetic nutrients had not been added; 4) soil not subjected to “severe disturbance” within the 20-year period prior to experiment initiation (as reported by the paper's authors). the authors considered severe disturbance to include activities such as mining, roadcuts, and agricultural tillage; 5) arid, semiarid, or mediterranean köppen–geiger climate zone; 6) reported effect of amendment addition on at least one of 20 prospective response variables.",1,1,1,1,1,1,0,0,0,1,1,1,1,0,0.75,nutrient leaching and run-off
grassland management,10.1111/avsc.12558,1,only field studies were included in this analysis.,1,1,1,1,1,1,1,0,1,1,1,1,1,0,0.8125,pests and diseases
grassland management,10.1088/1748-9326/11/2/024012,1,"1) the studies must be implemented in terrestrial ecosystems, not including agricultural systems; 2) the experiments include at least two levels of n addition plus a control treatment under the same condition; 3) the means and sample sizes for the response variables are explicitly shown.",1,1,0,0,1,1,0,0,0,1,1,1,1,0,0.625,plant nutrient uptake
grassland management,10.1016/j.apsoil.2016.04.015,1,1) the data were from field trials with annual crops (except lowland rice cropping systems in paddy soils) or permanent grassland; 2) the study reported microbial biomass both from an unfertilized control and a treatment with mineral n addition; 3) trials in which fertilization treatments were discontinued more than a year before soil sampling were not included in the analysis.,1,1,0,0,1,1,1,0,1,1,1,1,1,0,0.75,soil biological quality
grassland management,10.1016/j.geoderma.2020.114256,1,"1) experiments included at least two treatments (control and n treatment) at the same site; 2) only field-based experiments were included; 3) the means, standard deviations (sds) or standard errors (ses) and sample sizes could be directly extracted from content, tables or digitized graphs of the publication; 4) the biomass of fungi, bacteria, actinomycetes and amf was determined by measuring the level of phospholipid fatty acids (plfas), and microbial biomass carbon (mbc) and microbial biomass nitrogen (mbn) were measured by chloroform fumigation extraction.",1,1,1,1,1,1,0,1,1,1,1,1,1,0,0.875,soil biological quality
grassland management,10.1016/j.scitotenv.2021.148863,1,"1) both control and treatment experiments are included; (2) n addition experiments are conducted in the field, rather than in laboratory incubation; 3) the means, standard errors (se) or standard deviations (sd), and sample sizes are clearly reported or can be determined arbitrarily; 4) n addition duration is longer than a growing season or a full year; 5) the data obtained under different n addition levels, durations, forms, and experimental locations are independent.",1,1,1,0,1,1,0,1,0,1,1,1,1,0,0.75,soil biological quality
grassland management,10.1016/j.soilbio.2017.09.015,1,"1) only field experiments were included; 2) experimental and control plots must be established within the same experimental site (same microclimate, vegetation and soil types between the treatments); 3) the n addition rates were clearly reported.",1,1,1,0,1,1,0,1,1,1,1,1,1,0,0.8125,soil biological quality
grassland management,10.1038/s41467-019-09258-y,1,"1) studies isolated the effects of plant diversity from other factors, such as stand age and topography; 2) the microbial attributes could be extracted directly from the text, tables, and figures.",1,1,1,1,1,1,1,1,0,1,1,1,1,0,0.875,soil biological quality
grassland management,10.1098/rspb.2020.2063,1,"papers were excluded if were 1) natural diversity gradient studies, 2) controlled global change experiments, in which plant diversity has been altered by global change factors, but not having a direct diversity treatment, 3) meta-analysis studies or review studies, 4) papers not including c storage and other variables that were in the focus of this study. authors kept the papers from biodiversity-ecosystem functioning experiments and experiments that had one-species and mixed-species plantations.",1,1,1,0,1,1,1,0,0,1,1,1,1,1,0.8125,soil biological quality
grassland management,10.1111/brv.12554,1,"1) papers were purposely designed to test the effects of plant diversity on soc content, soc stock, and smbc in mineral soils; 2) they had at least one species mixture treatment and corresponding monocultures; 3) they had the same initial climatic and soil properties in the monoculture and mixture treatment plots.",1,1,1,1,1,1,1,1,0,1,1,1,1,1,0.9375,soil biological quality
grassland management,10.1111/gcb.13011,1,1) each study had at least three levels of plant species richness and two levels of global environmental change factor treatment.,1,0,0,0,1,1,1,1,0,1,1,1,1,0,0.625,soil biological quality
grassland management,10.1111/gcb.13402,1,"1) only field experiments were included, and only studies with durations longer than 1 year. control and n-addition treatments had to be at the same experimental site; that is, the microclimate and vegetation and soil types had to be similar between treatments; 2) standard deviations (sds) and numbers of replicates were reported.",1,1,1,0,1,1,0,1,0,1,1,1,1,1,0.8125,soil biological quality
grassland management,10.1111/gcb.14535,1,"1) field experiment with control (no amendment) and treatment (amendment) plots; 2) non forested ecosystem with sufficient plant biomass to support livestock grazing; 3) carbon-based amendment to which synthetic nutrients had not been added; 4) soil not subjected to “severe disturbance” within the 20-year period prior to experiment initiation (as reported by the paper's authors). the authors considered severe disturbance to include activities such as mining, roadcuts, and agricultural tillage; 5) arid, semiarid, or mediterranean köppen–geiger climate zone; 6) reported effect of amendment addition on at least one of 20 prospective response variables.",1,1,1,1,1,1,0,0,0,1,1,1,1,0,0.75,soil erosion
grassland management,10.1038/s41598-017-01728-x,0,"1) the experimental data must be collected from field experiments involving n addition and conducted in natural grasslands; 2) experiments must include n-addition treatments and a control treatment; if the field experiment only had n addition as a treatment, the original experimental control was used to estimate the response ratio of only n addition for agb, agbgrass and agbforb; if the n-addition treatments were combined with p or w, the treatments with only p or w addition were regarded as the control treatments to eliminate the effects of other factors on agb, agbgrass and agbforb; 3) agb was measured during the peak growing season, and these data were compiled into a database; data not obtained during the peak growing season were excluded; 4) if experimental data from a particular site was published in different journal articles, the most recent paper or the paper with the longest record was chosen; 5) the means, sample sizes, standard deviations (sds) and/or standard errors (ses) of the treatments and controls were collected or calculated for each case study.",1,1,0,0,1,1,1,1,1,1,1,1,1,1,0.8125,soil nutrients
grassland management,10.1038/s41893-020-00641-y,1,"1) papers that purposely designed to test the effects of plant diversity on soil total n (both total n content and stock), total inorganic n, no3–, nh4+ and net n mineralization rate in mineral soils; 2) had at least one species mixture treatment and constituent monocultures; 3) had the same initial climatic and soil properties in the monoculture and mixture treatment plots. to better represent responses of soil n under natural conditions,  greenhouse and mesocosms studies were not included.",1,1,1,1,1,1,1,1,1,1,1,1,1,1,1,soil nutrients
grassland management,10.1098/rspb.2020.2063,1,"papers were excluded if were 1) natural diversity gradient studies, 2) controlled global change experiments, in which plant diversity has been altered by global change factors, but not having a direct diversity treatment, 3) meta-analysis studies or review studies, 4) papers not including c storage and other variables that were in the focus of this study. authors kept the papers from biodiversity-ecosystem functioning experiments and experiments that had one-species and mixed-species plantations.",1,1,1,0,1,1,1,0,0,1,1,1,1,1,0.8125,soil nutrients
grassland management,10.1111/gcb.14705,1,"1) control and fertilization plots had to be established within the same study sites, that is, same microclimate, vegetation, and soil types; 2) field studies with at least one of the three treatments, including n addition (e.g., urea, hh4no3, nh4cl), p addition (e.g., nah2po4, kh2po4, ca(h2po4)2), and micro addition (either single or combined additions of mo, fe, copper [cu], manganese [mn], boron [b], and zinc [zn]; note that studies with a combination of multiple treatments [e.g., n + p fertilization and elevated co2 + n fertilization] were excluded); 3) variables of bnf rates in soil, litter, moss, lichen, leaf, and plant nodule samples; 4) bnf rates measured using acetylene reduction assay (ara) or 15n tracing methods; 5) measurements in different sites and compartments (soil, litter, moss, lichen, leaf, and nodule) or under different treatments that were considered to be independent experiments; and 6) the last time point selected if multiple time points of measurements were available (because the bnf responses may be unstable right after nutrient addition).",1,1,1,0,1,1,0,1,0,1,1,1,1,0,0.75,soil nutrients
grassland management,10.1038/s41598-017-01728-x,0,"1) the experimental data must be collected from field experiments involving n addition and conducted in natural grasslands; 2) experiments must include n-addition treatments and a control treatment; if the field experiment only had n addition as a treatment, the original experimental control was used to estimate the response ratio of only n addition for agb, agbgrass and agbforb; if the n-addition treatments were combined with p or w, the treatments with only p or w addition were regarded as the control treatments to eliminate the effects of other factors on agb, agbgrass and agbforb; 3) agb was measured during the peak growing season, and these data were compiled into a database; data not obtained during the peak growing season were excluded; 4) if experimental data from a particular site was published in different journal articles, the most recent paper or the paper with the longest record was chosen; 5) the means, sample sizes, standard deviations (sds) and/or standard errors (ses) of the treatments and controls were collected or calculated for each case study.",1,1,0,0,1,1,1,1,1,1,1,1,1,1,0.8125,soil water retention
grassland management,10.1111/gcb.14535,1,"1) field experiment with control (no amendment) and treatment (amendment) plots; 2) non forested ecosystem with sufficient plant biomass to support livestock grazing; 3) carbon-based amendment to which synthetic nutrients had not been added; 4) soil not subjected to “severe disturbance” within the 20-year period prior to experiment initiation (as reported by the paper's authors). the authors considered severe disturbance to include activities such as mining, roadcuts, and agricultural tillage; 5) arid, semiarid, or mediterranean köppen–geiger climate zone; 6) reported effect of amendment addition on at least one of 20 prospective response variables.",1,1,1,1,1,1,0,0,0,1,1,1,1,0,0.75,soil water retention
grazing management,10.1111/1365-2664.13496,1,"1) studies where grazing animals were domesticated ruminants (e.g. cattle, sheep, goats, deer), 2) were published in english, and 3) reported above‐ground biotic or animal production variables; 4) studies based on models or simulations were not included.",1,1,1,0,1,1,0,1,0,1,1,1,0,1,0.75,animal production
grazing management,10.1002/ece3.3287,0,"only papers that compared grouse population metrics within ≥2 grazing intensities (e.g., heavy grazing, reduced grazing, or no grazing) were retained for the meta-analysis.",1,1,1,1,1,1,0,1,0,1,1,1,1,1,0.8125,biodiversity
grazing management,10.1016/j.agee.2020.107072,1,"1) studies that reported species richness and its standard error or standard deviation, and sample size under both grazing exclusion and grazing. grazing treatments may include several grazing intensities. 2) studies whose grazing animals are livestock, e.g. cattle, goats, sheep, horse, etc. 3) studies that were conducted in terrestrial ecosystems, excluding aquatic ecosystems. salt marshes were included. 4) studies that reported geographic location, in order to document their aridity.",1,1,1,0,1,1,0,1,0,1,1,1,1,1,0.8125,biodiversity
grazing management,10.1016/j.baae.2021.08.007,1,the authors select only those studies that report bird species richness or abundance for ungrazed (i.e. control) and grazed (i.e. treatment) areas by domestic livestock in natural habitats.,1,1,1,1,1,1,0,0,0,1,1,1,1,1,0.8125,biodiversity
grazing management,10.1016/j.biocon.2010.11.024,1,not provided,1,1,1,0,1,1,0,1,0,1,1,1,0,1,0.6875,biodiversity
grazing management,10.1016/j.jnc.2018.08.008,1,"exclusion criteria: 1) field analyses on a forest-like ecosystem; 2) analyzing the effect of an anthropogenic disturbance on other taxonomic groups other than mammals; 3) not analyzing the effect of an anthropogenic disturbance; 4) presenting analyses that could not be used for meta-analysis, 5) their vegetation is not dominated by grasses (poaceae) or other graminoids (e.g. cyperaceae, juncaceae), that is, plant communities mostly composed of woody species are excluded; 6) papers analyzing alien species; 7) articles that had the word pleistocene in their title.",1,1,1,0,1,1,0,1,0,1,1,1,1,1,0.8125,biodiversity
grazing management,10.1016/j.jnc.2020.125863,1,"articles not directly linked to pastoral activities on biodiversity were excluded, for example: grazing made by invertebrates (animal phyla other than chordata); studies performed on other continents; studies wrongly identified by isi web of science (e.g. studies focused on gas production by cattle). even though the authors did not search explicitly for the topic “plants”, a high number of studies were actually found (many articles analysed both animals and plants, despite several only being about plants), so the authors decided to include them.",1,1,1,1,1,1,1,0,0,1,1,1,1,0,0.8125,biodiversity
grazing management,10.1073/pnas.1011013108,1,the authors selected papers from 10 journals with >10 papers that met the search criteria and rejected those that were obviously not of interest according to title and abstract. from the 49 remaining papers only those were selected that met the following criteria: 1) does the paper contain data on species abundance? 2) could one of the land-use categories studied be considered natural or close to natural? 3) does the paper describe the effect of grazing?,1,0,0,1,1,1,0,1,0,1,1,1,1,1,0.75,biodiversity
grazing management,10.1088/1748-9326/ab4932,1,"1) experiments were conducted in the field using both enclosed and grazing treatments at the same temporal and spatial scales; experiments also included an analyses of species richness and shannon wiener index; 2) grazing intensity was clearly described in the paper, such as light, moderate, and heavy; 3) the means, standard deviations/errors, and samples sizes of variables in the enclosed and grazing treatments could be extracted directly from the text, tables or digitized graphs.",1,1,1,0,1,1,0,1,1,1,1,1,1,0,0.8125,biodiversity
grazing management,10.1111/1365-2664.12892,1,"1) studies must have measured an ecosystem property on a grazed and ungrazed area of salt marsh. 2) only ungulate grazers were considered. 3) both observational and experimental studies were included, as were those that replicated the effects of livestock by clipping or trampling.",1,1,1,1,1,1,1,1,1,1,1,1,1,1,1,biodiversity
grazing management,10.1111/1365-2664.13496,1,"1) studies where grazing animals were domesticated ruminants (e.g. cattle, sheep, goats, deer), 2) were published in english, and 3) reported above‐ground biotic or animal production variables; 4) studies based on models or simulations were not included.",1,1,1,0,1,1,0,1,0,1,1,1,0,1,0.75,biodiversity
grazing management,10.1111/een.13065,1,the authors excluded papers by incompatible topic and outcome. they excluded grey literature.,1,1,1,1,1,1,0,0,1,1,1,1,1,0,0.8125,biodiversity
grazing management,10.1111/geb.13091,1,"1) be a peer-reviewed journal article containing data on squamate abundance at the species level. 2) data needed to be collected using standardized sampling methods from at least one modified habitat treatment and an unmodified reference treatment and standardized for sampling effort. habitat modification treatments were classified as livestock grazing, agriculture, logging, plantations, mining, patch size reduction or “other”.  3) “unmodified” reference areas needed to be situated in the same vegetation and landform types as disturbed areas in order to provide a suitable representation of the original fauna. reference areas in many studies were not completely unmodified because no such areas exist in many ecosystems. thus, reference treatments often represent areas that were less disturbed or modified than the modified treatments. 4) studies where data were presented only for species that exhibited a statistically significant response to disturbance were excluded because this represents a reporting bias. 5) unreplicated studies (only one survey site in each treatment) and studies where it was not possible to calculate sample sizes or standard deviations were excluded.",1,1,1,1,1,1,0,1,0,1,1,1,1,1,0.875,biodiversity
grazing management,10.1111/oik.04893,1,"1) at least two stocking rates other than grazing exclusion had been experimentally manipulated; 2) plant species richness or a species diversity index was used as response variable; 3) vegetation physiognomy was either grassland or shrubland that had not been sown in the past; 4) grazers had to be domestic herbivores, thus excluding small rodents and other non-comparable grazers.",1,1,0,0,1,1,0,0,1,1,1,1,1,0,0.6875,biodiversity
grazing management,10.1186/2047-2382-2-6,1,"articles sorted under the categories listed below were considered to have high susceptibility to bias and were therefore excluded from the review: 1) methodology inadequately described; 2) inappropriate comparator (comparison between different seasons, use of small-mesh exclosures that prevented grazing by small mammals as well as reindeer, or comparator difficult to interpret for the purposes of this review). studies that compare grazing in different seasons have usually been made in areas where summer and winter ranges are separated by a fence. since the effects of grazing on bare and snow-covered ground are entirely different, such a study design makes it difficult to judge which of the two ranges that is more heavily grazed, even if reindeer densities are known in both of them; 3) no replication at lowest level (no replication of exclosures or site comparators). studies based on comparison of so-called reindeer-herding districts or regions have not been excluded, however, even though study units representing such a district may be seen as pseudoreplicates in a strict statistical sense. since the study units represent different geographical contexts within the district and thus also differ in terms of biology and reindeer impact, the interpretation of them as pseudoreplicates is not justified in an ecological sense; 4) no data on variability; 5) vegetation data difficult to interpret (such as when methods used to assess vegetation have differed between sites or sampling seasons); 6) reindeer data difficult to interpret (such as when conclusions on the presence of reindeer have been based on weak and circumstantial evidence).",1,1,1,1,1,1,1,1,1,1,1,1,1,1,1,biodiversity
grazing management,10.1016/j.agee.2016.01.026,1,1) studies that reported the concentration of soc for a grazed grassland compared to a non-grazed grassland and the soc was expressed as proportion of the total soil mass and the soil bulk density (rb); 2) reported soc stock; which is the quantity of carbon per unit area expressed in kg c m-2 or kg c ha-1; 3) determined soc by dry combustion using the c and n elemental analyzer.,1,1,0,0,1,1,0,1,1,1,1,1,0,0,0.6875,carbon sequestration
grazing management,10.1016/j.agee.2017.10.023,1,only studies which were longer than one year and measured soc or tn were selected. the authors also accounted for the differences in grass growing seasons at each experimental site.,1,1,0,0,1,1,0,0,0,1,1,1,1,0,0.625,carbon sequestration
grazing management,10.1016/j.ecolind.2021.107881,0,"1) the research object was a grassland ecosystem; 2) the article clearly mentioned the number of restoration years; 3) in the study method, the control group and the treatment group were in the same location with no less than three replicates; 4) each parameter in the selected article displayed information of average values, standard deviations or standard errors, and repetitions; and 5) restoration succession studies were conducted under natural conditions without other treatment or interference.",1,1,1,0,1,1,0,1,0,1,1,1,1,0,0.6875,carbon sequestration
grazing management,10.1016/j.scitotenv.2018.11.082,1,"1) only field experiments were included with the same condition between control and grazing plots, such as microclimate, vegetation and soil types. the authors also excluded other confounding treatments (i.e. fertilization and land conversion), focusing on grazing impacts alone; 2) simulated grazing experiments were eliminated, such as mowing and trampling studies; 3) soil ghg fluxes were explicitly indicated by their means, variances and number of replicates; 4) grazing intensity, duration, animals and ecosystem type need to be clearly described.",1,1,1,0,1,1,0,1,1,1,1,1,1,0,0.8125,carbon sequestration
grazing management,10.1111/1365-2664.12892,1,"1) studies must have measured an ecosystem property on a grazed and ungrazed area of salt marsh. 2) only ungulate grazers were considered. 3) both observational and experimental studies were included, as were those that replicated the effects of livestock by clipping or trampling.",1,1,1,1,1,1,1,1,1,1,1,1,1,1,1,carbon sequestration
grazing management,10.1111/gcb.12144,0,"the authors were including only those studies that compared a grazed sample plot to an ungrazed plot and reported grazer effects on soil carbon density (mass per unit area), or % c together with bulk density, from which the authors could calculate carbon density, and by including only the most recent results from any ongoing long-term experiments.",1,1,1,0,1,1,0,0,0,1,0,1,1,0,0.5625,carbon sequestration
grazing management,10.1111/gcb.13431,1,"1) experiments were conducted in the field and had at least one pair of data (under control and treatment); 2) grazing regimes were clearly defined with both quantitative and/or qualitative descriptions for grazing intensity, experimental duration and livestock type (i.e., cattle, sheep or others); 3) to avoid short-term noise, experiments with durations less than one growing season were excluded; 4) initial environmental and climate conditions, soil parameters and species compositions in the control and treatments were the same; 5) the mean, standard error (se) or standard deviation (sd) and sample size (n) of selected variables in control and treatment groups could be extracted directly from tables, digitized graphs or contexts.",1,1,0,0,1,1,0,1,0,1,1,1,1,0,0.6875,carbon sequestration
grazing management,10.1111/geb.13028,1,"1) the experiment was conducted in the field and included non-grazed plots and at least one grazing treatment, 2) experimental duration was longer than one growing season; 3) the initial climatic conditions, soil properties, and species compositions in the non-grazed and grazing treatments were the same; 4) all plots were free of grazing for at least 10 years prior to the start of the experiment; 5) the dominant species were clearly described and the grazing intensity was quantitatively and/or qualitatively reported; 6) the mean, standard error (se) or standard deviation (sd), and sample size (n) of the relevant variables could be extracted from the tables, digitized graphs or the text.",1,1,1,0,1,1,0,1,0,1,1,1,1,0,0.75,carbon sequestration
grazing management,10.1371/journal.pone.0236638,1,"1) soil property data under various grazing intensities (>3) and the un-grazing from different field sites at 0–30 cm depth were collected. because grazing data cannot be compared to un-grazing at the same time, this study excluded temporal comparisons data (before and after grazing) of the same site; 2) data at sites grazed by domestic animals such as cattle (bos taurus l.), sheep (ovis aries l.) (including goat and deer), or their mixture were selected; 3) this study defined non-adjacent sites to have a distance greater than 46 km (an approximate distance of 25’ in lat- itude range). non-adjacent site data were considered independent and included in the database. adjacent site data were only limited to one site to avoid dependent data with different sites; 4) data collected within a year for each site were averaged. data collected over multiple years could be time-dependent. as a result, only the data from the most recent year were included; 5) site information including grazing intensity, overgrazing, grazing animals, grazing period, land-use, sampling year, soil depth, latitude, longitude, altitude, country, soil texture, mean annual precipitation, and mean daily temperature were all collected.",1,1,0,1,1,1,0,0,1,1,1,1,1,0,0.75,carbon sequestration
grazing management,10.2134/jeq2017.08.0313,1,"1) at least one field season of treatment and control monitoring; 2) experimentally manipulated ruminant livestock grazing only; 3) grazing strategy (continuous and/or rotational) and intensity (heavy, moderate, and/or light) that were clearly identified either quantitatively or qualitatively; 4) at least one paired response of treatment (grazing strategy or intensity) and control (no grazing or continuous grazing) mean and variance for either soil organic carbon (soc), bulk density (bd), c/n ratio (cn), or total n (tn) that was extractable from text, tables, charts, or appendices.",1,1,0,0,1,1,0,0,0,1,1,1,1,0,0.625,carbon sequestration
grazing management,10.1016/j.scitotenv.2018.11.082,1,"1) only field experiments were included with the same condition between control and grazing plots, such as microclimate, vegetation and soil types. the authors also excluded other confounding treatments (i.e. fertilization and land conversion), focusing on grazing impacts alone; 2) simulated grazing experiments were eliminated, such as mowing and trampling studies; 3) soil ghg fluxes were explicitly indicated by their means, variances and number of replicates; 4) grazing intensity, duration, animals and ecosystem type need to be clearly described.",1,1,1,0,1,1,0,1,1,1,1,1,1,0,0.8125,ghg emissions
grazing management,10.1016/j.ecolind.2021.107881,0,"1) the research object was a grassland ecosystem; 2) the article clearly mentioned the number of restoration years; 3) in the study method, the control group and the treatment group were in the same location with no less than three replicates; 4) each parameter in the selected article displayed information of average values, standard deviations or standard errors, and repetitions; and 5) restoration succession studies were conducted under natural conditions without other treatment or interference.",1,1,1,0,1,1,0,1,0,1,1,1,1,0,0.6875,grassland production
grazing management,10.1016/j.scitotenv.2018.11.082,1,"1) only field experiments were included with the same condition between control and grazing plots, such as microclimate, vegetation and soil types. the authors also excluded other confounding treatments (i.e. fertilization and land conversion), focusing on grazing impacts alone; 2) simulated grazing experiments were eliminated, such as mowing and trampling studies; 3) soil ghg fluxes were explicitly indicated by their means, variances and number of replicates; 4) grazing intensity, duration, animals and ecosystem type need to be clearly described.",1,1,1,0,1,1,0,1,1,1,1,1,1,0,0.8125,grassland production
grazing management,10.1111/1365-2664.12892,1,"1) studies must have measured an ecosystem property on a grazed and ungrazed area of salt marsh. 2) only ungulate grazers were considered. 3) both observational and experimental studies were included, as were those that replicated the effects of livestock by clipping or trampling.",1,1,1,1,1,1,1,1,1,1,1,1,1,1,1,grassland production
grazing management,10.1111/1365-2664.13496,1,"1) studies where grazing animals were domesticated ruminants (e.g. cattle, sheep, goats, deer), 2) were published in english, and 3) reported above‐ground biotic or animal production variables; 4) studies based on models or simulations were not included.",1,1,1,0,1,1,0,1,0,1,1,1,0,1,0.75,grassland production
grazing management,10.1186/2047-2382-2-6,1,"articles sorted under the categories listed below were considered to have high susceptibility to bias and were therefore excluded from the review: 1) methodology inadequately described; 2) inappropriate comparator (comparison between different seasons, use of small-mesh exclosures that prevented grazing by small mammals as well as reindeer, or comparator difficult to interpret for the purposes of this review). studies that compare grazing in different seasons have usually been made in areas where summer and winter ranges are separated by a fence. since the effects of grazing on bare and snow-covered ground are entirely different, such a study design makes it difficult to judge which of the two ranges that is more heavily grazed, even if reindeer densities are known in both of them; 3) no replication at lowest level (no replication of exclosures or site comparators). studies based on comparison of so-called reindeer-herding districts or regions have not been excluded, however, even though study units representing such a district may be seen as pseudoreplicates in a strict statistical sense. since the study units represent different geographical contexts within the district and thus also differ in terms of biology and reindeer impact, the interpretation of them as pseudoreplicates is not justified in an ecological sense; 4) no data on variability; 5) vegetation data difficult to interpret (such as when methods used to assess vegetation have differed between sites or sampling seasons); 6) reindeer data difficult to interpret (such as when conclusions on the presence of reindeer have been based on weak and circumstantial evidence).",1,1,1,1,1,1,1,1,1,1,1,1,1,1,1,grassland production
grazing management,10.1111/oik.01416,1,"1) studies had to include a quantitative comparison of the diversity and/or abundance of non-native plant species in both disturbed and undisturbed plots in natural or semi-natural ecosystems; 2) importantly, they usually contained at least some non-native plant species and therefore represented invaded rather than pristine plant communities; 3) the studies, which could be either observational or experimental, had to report the response of non-native plant communities to one or more of the following six biotic or abiotic disturbance types: fire, plant removal, grazing, soil disturbance, nutrient addition, and anthropogenic disturbance.",1,1,1,0,0,0,0,1,0,1,1,1,1,1,0.6875,pests and diseases
grazing management,10.1111/ele.12128,1,"1) studies that compared the species richness and/or abundance of the focal taxa (apiformes, lepidoptera, syrphidae) between sites with agrienvironmental measures (not necessarily need to be part of a formal agri-environmental scheme as long as they included environmentally friendly practices that could potentially benefit pollinators) and conventionally managed control sites; 2) reported means, sd, sem or ci and sample sizes for both treatment and control (in the text, tables, graphs or after requesting the authors) to allow calculation of effect sizes; 3) included at least four spatial replicates; 4) were geographically restricted to europe.",1,1,0,0,1,1,1,0,0,1,0,1,1,1,0.6875,pollination
grazing management,10.1890/08-1245.1,1,"1) presents data on how pollinator abundance or species richness changes with anthropogenic disturbance; 2) includes replication; 3) reports the sample size; and 4) reports either the mean and standard deviation of each treatment (for categorical independent variables), or statistics such as correlation or regression coefficients (for continuous independent variables), as these are necessary to calculate effect sizes.",1,1,1,0,1,1,0,1,1,1,1,1,1,1,0.875,pollination
grazing management,10.1016/j.agee.2017.08.007,1,"1) all results were from field experiments; 2) grazing and grazing exclusion treatments had to be made at the same experimental sites; 3) data collection was limited to results in which means, standard deviations (sds), and replicate numbers were reported; 4) grazing protocols (grazing intensity, grazing exclusion year) had to be clearly described or accessible from the cited articles; 5) if more than one grazing experiment was reported in the same article but with different environmental variables, each was regarded as an independent study.",1,1,0,0,1,1,1,1,0,1,1,1,1,1,0.8125,soil biological quality
grazing management,10.1016/j.ecolind.2021.107881,0,"1) the research object was a grassland ecosystem; 2) the article clearly mentioned the number of restoration years; 3) in the study method, the control group and the treatment group were in the same location with no less than three replicates; 4) each parameter in the selected article displayed information of average values, standard deviations or standard errors, and repetitions; and 5) restoration succession studies were conducted under natural conditions without other treatment or interference.",1,1,1,0,1,1,0,1,0,1,1,1,1,0,0.6875,soil biological quality
grazing management,10.1016/j.scitotenv.2019.134553,1,"1) field experiments were selected in which conditions, such as microclimate, soil parameters and species composition, were the same in control and grazing plots; 2) the studies must have control and grazing treatments. the authors eliminated other confounding experimental treatments, such as fertilisation, to focus on grazing effects alone; 3) features of the grazing regimes were clearly described, including grazing intensity, duration of the experiment, identity of the livestock and ecosystem type; 4) to avoid short-term noise, the authors excluded experiments in which grazing duration was less than one growing season; 5) simulated grazing experiments, such as defoliation and trampling experiments, were excluded; 6) the mean, standard error (se) and sample size (n) in the control and grazing treatments could be collected from tables or digitised figures.",1,1,1,0,1,1,0,1,0,1,1,1,1,0,0.75,soil biological quality
grazing management,10.1088/1748-9326/ab4932,1,"1) experiments were conducted in the field using both enclosed and grazing treatments at the same temporal and spatial scales; experiments also included an analyses of species richness and shannon wiener index; 2) grazing intensity was clearly described in the paper, such as light, moderate, and heavy; 3) the means, standard deviations/errors, and samples sizes of variables in the enclosed and grazing treatments could be extracted directly from the text, tables or digitized graphs.",1,1,1,0,1,1,0,1,1,1,1,1,1,0,0.8125,soil biological quality
grazing management,10.1111/gcb.13431,1,"1) experiments were conducted in the field and had at least one pair of data (under control and treatment); 2) grazing regimes were clearly defined with both quantitative and/or qualitative descriptions for grazing intensity, experimental duration and livestock type (i.e., cattle, sheep or others); 3) to avoid short-term noise, experiments with durations less than one growing season were excluded; 4) initial environmental and climate conditions, soil parameters and species compositions in the control and treatments were the same; 5) the mean, standard error (se) or standard deviation (sd) and sample size (n) of selected variables in control and treatment groups could be extracted directly from tables, digitized graphs or contexts.",1,1,0,0,1,1,0,1,0,1,1,1,1,0,0.6875,soil biological quality
grazing management,10.1111/geb.13028,1,"1) the experiment was conducted in the field and included non-grazed plots and at least one grazing treatment, 2) experimental duration was longer than one growing season; 3) the initial climatic conditions, soil properties, and species compositions in the non-grazed and grazing treatments were the same; 4) all plots were free of grazing for at least 10 years prior to the start of the experiment; 5) the dominant species were clearly described and the grazing intensity was quantitatively and/or qualitatively reported; 6) the mean, standard error (se) or standard deviation (sd), and sample size (n) of the relevant variables could be extracted from the tables, digitized graphs or the text.",1,1,1,0,1,1,0,1,0,1,1,1,1,0,0.75,soil biological quality
grazing management,10.1111/j.1365-2745.2010.01658.x,0,"in order to be considered a separate system, experiments had to differ in at least one of the following factors: study site, plant species, amf species, fertilization treatment (yes or no) and method or degree of defoliation. where multiple experiments differed only in treatment duration, only the longest time period was considered.",1,1,0,1,1,1,0,1,0,1,1,1,1,1,0.75,soil biological quality
grazing management,10.1371/journal.pone.0236638,1,"1) soil property data under various grazing intensities (>3) and the un-grazing from different field sites at 0–30 cm depth were collected. because grazing data cannot be compared to un-grazing at the same time, this study excluded temporal comparisons data (before and after grazing) of the same site; 2) data at sites grazed by domestic animals such as cattle (bos taurus l.), sheep (ovis aries l.) (including goat and deer), or their mixture were selected; 3) this study defined non-adjacent sites to have a distance greater than 46 km (an approximate distance of 25’ in lat- itude range). non-adjacent site data were considered independent and included in the database. adjacent site data were only limited to one site to avoid dependent data with different sites; 4) data collected within a year for each site were averaged. data collected over multiple years could be time-dependent. as a result, only the data from the most recent year were included; 5) site information including grazing intensity, overgrazing, grazing animals, grazing period, land-use, sampling year, soil depth, latitude, longitude, altitude, country, soil texture, mean annual precipitation, and mean daily temperature were all collected.",1,1,0,1,1,1,0,0,1,1,1,1,1,0,0.75,soil biological quality
grazing management,10.1016/j.agee.2017.10.023,1,only studies which were longer than one year and measured soc or tn were selected. the authors also accounted for the differences in grass growing seasons at each experimental site.,1,1,0,0,1,1,0,0,0,1,1,1,1,0,0.625,soil nutrients
grazing management,10.1016/j.ecolind.2021.107881,0,"1) the research object was a grassland ecosystem; 2) the article clearly mentioned the number of restoration years; 3) in the study method, the control group and the treatment group were in the same location with no less than three replicates; 4) each parameter in the selected article displayed information of average values, standard deviations or standard errors, and repetitions; and 5) restoration succession studies were conducted under natural conditions without other treatment or interference.",1,1,1,0,1,1,0,1,0,1,1,1,1,0,0.6875,soil nutrients
grazing management,10.1016/j.scitotenv.2018.11.082,1,"1) only field experiments were included with the same condition between control and grazing plots, such as microclimate, vegetation and soil types. the authors also excluded other confounding treatments (i.e. fertilization and land conversion), focusing on grazing impacts alone; 2) simulated grazing experiments were eliminated, such as mowing and trampling studies; 3) soil ghg fluxes were explicitly indicated by their means, variances and number of replicates; 4) grazing intensity, duration, animals and ecosystem type need to be clearly described.",1,1,1,0,1,1,0,1,1,1,1,1,1,0,0.8125,soil nutrients
grazing management,10.1111/1365-2664.13808,1,"1) plant species must be vascular plants; 2) ungulate herbivore species must belong to artiodactyla and perissodactyla taxa; 3) studies were carried out in rangeland ecosystems (including grasslands and pastures) that directly compared plant and/or soil nutrient in response to grazing and grazing exclusion without other experimental treatments (e.g. warming, sowing, fertilizer, mowing or fire); 4) mean value, standard error (se) or standard deviation (sd) and the sample size were given in the original studies; 5) plant and soil were sampled at the peak period of grass biomass production, as sampling time can affect plant and soil nutrient status.",1,1,0,0,1,1,0,1,0,1,1,1,1,1,0.75,soil nutrients
grazing management,10.1111/gcb.13431,1,"1) experiments were conducted in the field and had at least one pair of data (under control and treatment); 2) grazing regimes were clearly defined with both quantitative and/or qualitative descriptions for grazing intensity, experimental duration and livestock type (i.e., cattle, sheep or others); 3) to avoid short-term noise, experiments with durations less than one growing season were excluded; 4) initial environmental and climate conditions, soil parameters and species compositions in the control and treatments were the same; 5) the mean, standard error (se) or standard deviation (sd) and sample size (n) of selected variables in control and treatment groups could be extracted directly from tables, digitized graphs or contexts.",1,1,0,0,1,1,0,1,0,1,1,1,1,0,0.6875,soil nutrients
grazing management,10.1111/geb.13028,1,"1) the experiment was conducted in the field and included non-grazed plots and at least one grazing treatment, 2) experimental duration was longer than one growing season; 3) the initial climatic conditions, soil properties, and species compositions in the non-grazed and grazing treatments were the same; 4) all plots were free of grazing for at least 10 years prior to the start of the experiment; 5) the dominant species were clearly described and the grazing intensity was quantitatively and/or qualitatively reported; 6) the mean, standard error (se) or standard deviation (sd), and sample size (n) of the relevant variables could be extracted from the tables, digitized graphs or the text.",1,1,1,0,1,1,0,1,0,1,1,1,1,0,0.75,soil nutrients
grazing management,10.1371/journal.pone.0236638,1,"1) soil property data under various grazing intensities (>3) and the un-grazing from different field sites at 0–30 cm depth were collected. because grazing data cannot be compared to un-grazing at the same time, this study excluded temporal comparisons data (before and after grazing) of the same site; 2) data at sites grazed by domestic animals such as cattle (bos taurus l.), sheep (ovis aries l.) (including goat and deer), or their mixture were selected; 3) this study defined non-adjacent sites to have a distance greater than 46 km (an approximate distance of 25’ in lat- itude range). non-adjacent site data were considered independent and included in the database. adjacent site data were only limited to one site to avoid dependent data with different sites; 4) data collected within a year for each site were averaged. data collected over multiple years could be time-dependent. as a result, only the data from the most recent year were included; 5) site information including grazing intensity, overgrazing, grazing animals, grazing period, land-use, sampling year, soil depth, latitude, longitude, altitude, country, soil texture, mean annual precipitation, and mean daily temperature were all collected.",1,1,0,1,1,1,0,0,1,1,1,1,1,0,0.75,soil nutrients
grazing management,10.2134/jeq2017.08.0313,1,"1) at least one field season of treatment and control monitoring; 2) experimentally manipulated ruminant livestock grazing only; 3) grazing strategy (continuous and/or rotational) and intensity (heavy, moderate, and/or light) that were clearly identified either quantitatively or qualitatively; 4) at least one paired response of treatment (grazing strategy or intensity) and control (no grazing or continuous grazing) mean and variance for either soil organic carbon (soc), bulk density (bd), c/n ratio (cn), or total n (tn) that was extractable from text, tables, charts, or appendices.",1,1,0,0,1,1,0,0,0,1,1,1,1,0,0.625,soil nutrients
grazing management,10.1002/eco.1934,1,"excluded papers were those that 1) clearly did not focus on comparisons of infiltration or evapotranspiration in grasslands and other types of vegetation; 2) did not perform pairwise contrast, between grasslands replaced by crop or forest and grasslands with grazing effects; or 3) had not reported statistic design, statistical measures (mean values, sample size, and variance estimation), evidence of reasonable comparing conditions of soil type, climatic conditions, and methodology.",1,1,1,0,1,1,1,0,0,1,1,1,1,1,0.8125,soil physico-chemical quality
grazing management,10.1371/journal.pone.0236638,1,"1) soil property data under various grazing intensities (>3) and the un-grazing from different field sites at 0–30 cm depth were collected. because grazing data cannot be compared to un-grazing at the same time, this study excluded temporal comparisons data (before and after grazing) of the same site; 2) data at sites grazed by domestic animals such as cattle (bos taurus l.), sheep (ovis aries l.) (including goat and deer), or their mixture were selected; 3) this study defined non-adjacent sites to have a distance greater than 46 km (an approximate distance of 25’ in lat- itude range). non-adjacent site data were considered independent and included in the database. adjacent site data were only limited to one site to avoid dependent data with different sites; 4) data collected within a year for each site were averaged. data collected over multiple years could be time-dependent. as a result, only the data from the most recent year were included; 5) site information including grazing intensity, overgrazing, grazing animals, grazing period, land-use, sampling year, soil depth, latitude, longitude, altitude, country, soil texture, mean annual precipitation, and mean daily temperature were all collected.",1,1,0,1,1,1,0,0,1,1,1,1,1,0,0.75,soil physico-chemical quality
grazing management,10.1016/j.ecolind.2021.107881,0,"1) the research object was a grassland ecosystem; 2) the article clearly mentioned the number of restoration years; 3) in the study method, the control group and the treatment group were in the same location with no less than three replicates; 4) each parameter in the selected article displayed information of average values, standard deviations or standard errors, and repetitions; and 5) restoration succession studies were conducted under natural conditions without other treatment or interference.",1,1,1,0,1,1,0,1,0,1,1,1,1,0,0.6875,soil water retention
grazing management,10.1016/j.scitotenv.2018.11.082,1,"1) only field experiments were included with the same condition between control and grazing plots, such as microclimate, vegetation and soil types. the authors also excluded other confounding treatments (i.e. fertilization and land conversion), focusing on grazing impacts alone; 2) simulated grazing experiments were eliminated, such as mowing and trampling studies; 3) soil ghg fluxes were explicitly indicated by their means, variances and number of replicates; 4) grazing intensity, duration, animals and ecosystem type need to be clearly described.",1,1,1,0,1,1,0,1,1,1,1,1,1,0,0.8125,soil water retention
grazing management,10.1111/gcb.13431,1,"1) experiments were conducted in the field and had at least one pair of data (under control and treatment); 2) grazing regimes were clearly defined with both quantitative and/or qualitative descriptions for grazing intensity, experimental duration and livestock type (i.e., cattle, sheep or others); 3) to avoid short-term noise, experiments with durations less than one growing season were excluded; 4) initial environmental and climate conditions, soil parameters and species compositions in the control and treatments were the same; 5) the mean, standard error (se) or standard deviation (sd) and sample size (n) of selected variables in control and treatment groups could be extracted directly from tables, digitized graphs or contexts.",1,1,0,0,1,1,0,1,0,1,1,1,1,0,0.6875,soil water retention
grazing management,10.1371/journal.pone.0236638,1,"1) soil property data under various grazing intensities (>3) and the un-grazing from different field sites at 0–30 cm depth were collected. because grazing data cannot be compared to un-grazing at the same time, this study excluded temporal comparisons data (before and after grazing) of the same site; 2) data at sites grazed by domestic animals such as cattle (bos taurus l.), sheep (ovis aries l.) (including goat and deer), or their mixture were selected; 3) this study defined non-adjacent sites to have a distance greater than 46 km (an approximate distance of 25’ in lat- itude range). non-adjacent site data were considered independent and included in the database. adjacent site data were only limited to one site to avoid dependent data with different sites; 4) data collected within a year for each site were averaged. data collected over multiple years could be time-dependent. as a result, only the data from the most recent year were included; 5) site information including grazing intensity, overgrazing, grazing animals, grazing period, land-use, sampling year, soil depth, latitude, longitude, altitude, country, soil texture, mean annual precipitation, and mean daily temperature were all collected.",1,1,0,1,1,1,0,0,1,1,1,1,1,0,0.75,soil water retention
green manure,10.1016/j.landusepol.2019.104204,1,"1) it reported the results of an experiment in the mediterranean forests, woodlands, and scrub biome or the central valley of california
2) it compared a winter cover crop with a winter fallow, followed by a food crop in spring or summer (annual food crops in arable fields, including cereals, fruits, and vegetables, but not perennial food crops in orchards
or vineyards)
3) it reported the mean effect on an ecosystem service metric.",1,1,1,1,1,1,0,1,1,1,1,0,1,1,0.875,carbon sequestration
green manure,10.1016/j.still.2019.04.020,1,"only studies that reported both n2o and co2 emissions, cover crops grown between harvesting and planting of cash crops, and cash crops with similar management practices, such as irrigation, fertilization, and tillage practices were selected for the study. studies that lack mean values, replications, and standard error or standard deviation ofthe mean were discarded.",1,1,1,0,1,1,0,1,0,1,1,0,1,0,0.6875,carbon sequestration
green manure,10.1007/s11104-008-9547-y,1,"for data to be included in this analysis, the study must fulfil all of the following criteria: it must (1) have been published in a refereed journal, book chapter or peer-reviewed proceeding,(2) have originated from sub-saharan africa, (3) have reported maize yield from at least one legume species used for green manure or improved fallow (treatment) and a corresponding maize yield from an unfertilized plot (control), (4) be a well designed, randomized and replicated experiment either on a research station oron farmers’ fields, and (5) have reported the mean (and if possible the standard deviation or variance) as numerical or graphical data or this was available by personal communication.",1,0,0,1,1,1,0,1,0,1,1,0,1,1,0.6875,crop yield
green manure,10.1016/j.agee.2005.07.003,1,"studies compiled in our legume covercrop yield database had the following characteristics: (1) winter legume cover crop followed by an unfertilized cash crop compared to the control, (2) cash crop production every year, (3) no manure or other n additions applied during any phase of the diversified rotation, and (4) cover crop biomass incorporated into the soil or killed before crop planting, with no biomass removal. they excluded studies  if  legume  treatments  had  excessive applications of inorganic n fertilizer or if the green manures were being compared to a zero n control. 
only legume cover crops are considered for this analysis (cash crop after non-legume cover crops is fertilized, so non-legume cover crop were removed in our analysis).",1,1,0,0,1,1,0,0,0,0,1,0,1,0,0.5,crop yield
green manure,10.1016/j.fcr.2009.11.014,0,"1) studies must have reported maize yield from at least one nutrient input and a corresponding maize yield from a plot without any external nutrient input; 2) be a well-designed, randomized and replicated experiment on either a research station or farmers’ fields; and 3) have reported mean values as numerical or graphical data. in addition, for any treatment to be included in the analysis, it should have a large number of pairs of observations (ideally hundreds) to allow accurate estimation of parameters.",1,0,0,0,1,1,0,0,0,1,0,0,1,0,0.375,crop yield
green manure,10.1016/j.fcr.2018.08.001,1,1) the fertilization measures were conducted under field conditions in china; no pot or greenhouse experiments were included; 2) the study reported yield and the number of field replication; 3) conventional chemical fertilizer application was included as a control treatment; 4) the experimental and control treatments had to be applied to the same agricultural system and site.,1,1,1,0,1,1,0,1,0,1,0,0,1,0,0.625,crop yield
green manure,10.1016/j.jaridenv.2011.10.011,1,"1) the data are from one of the four countries burkina faso, mali, niger and senegal; 2) the publication contains reported crop yield of one or more of the 6 ca practices and a corresponding control plot where the practice was not applied, with mean yields either reported numerically or graphically. the yield data from rotations were not time-averaged by including years when other crops were grown while data from tree-based systems were based on total area; 3) data were from well designed and replicated experiments or observational studies either on a research station or on farmers’ fields.",1,1,0,1,1,1,0,0,0,1,1,0,1,0,0.625,crop yield
green manure,10.1016/j.landusepol.2019.104204,1,"1) it reported the results of an experiment in the mediterranean forests, woodlands, and scrub biome or the central valley of california
2) it compared a winter cover crop with a winter fallow, followed by a food crop in spring or summer (annual food crops in arable fields, including cereals, fruits, and vegetables, but not perennial food crops in orchards
or vineyards)
3) it reported the mean effect on an ecosystem service metric.",1,1,1,1,1,1,0,1,1,1,1,0,1,1,0.875,crop yield
green manure,10.1038/s41467-018-05956-1,0,"only field experiments containing side-by-side yield comparisons were included in the database to ensure comparability of the cropping system treatments. single year comparisons from the original datasets werecombined in order to create observations that were based on several years for eachcrop investigated. the authors focused on studies with a minimum of 4 years of observation for the same crop, thus excluding short-term studies.",1,0,1,0,1,1,0,0,1,1,1,0,1,1,0.625,crop yield
green manure,10.2135/cropsci2005.0014,1,"the conditions for including a paper were: 1) reported corn yield data following wcc and a control (i.e., no cover) in more than one environment (i.e., years and/or locations), 2) the study was conducted in the usa or canada, and 3) enough information was provided to estimate the variance (error).",1,1,0,0,1,1,1,1,0,1,0,0,1,1,0.6875,crop yield
green manure,10.1007/s10705-017-9836-z,1,"only studies conducted in field conditions that were at least one growing season in duration were included. the authors included cover crop studies that measured n2o emissions from cover crop growth periods, cash crop growth periods or both, and examined these sub-groups separately.",1,1,1,0,1,1,0,0,1,1,1,0,1,0,0.6875,ghg emissions
green manure,10.1016/j.fcr.2012.06.007,1,"studies needed to meet several criteria to be included in our analysis. first, n2o and/or ch4 fluxes must have been measured under field conditions for the entire growing season
(i.e. planting to harvest). second, seasonal fluxes and the number of field replications had to be reported for both control and treatment plots. third, growing conditions in the control and treatment plots had to be identical(except for the management practice being studied). 
to be included, exact fertilizer n rates needed to be reported and the grm treatment received the same total n rate as the control treatment. the n amount contributed from grm
ranged from 20 to 60 kg n ha−1 and represented 25–100% of the total n rate.",1,1,0,0,1,1,0,1,0,1,1,0,1,0,0.625,ghg emissions
green manure,10.1016/j.still.2019.04.020,1,"only studies that reported both n2o and co2 emissions, cover crops grown between harvesting and planting of cash crops, and cash crops with similar management practices, such as irrigation, fertilization, and tillage practices were selected for the study. studies that lack mean values, replications, and standard error or standard deviation ofthe mean were discarded.",1,1,1,0,1,1,0,1,0,1,1,0,1,0,0.6875,ghg emissions
green manure,10.2489/jswc.69.6.471,1,"this combination of key terms resulted in approximately  five  thousand  papers. to reduce the number of papers included in the meta-analysis, the following criteria were applied: 
1) studies in which the cover crop is not harvested and is grown between the harvest and planting of cash crops. 
2) studies reporting n2o measurements. 
3) studies with a control treatment varying only in the inclusion of a cover crop and keeping all other management practices such as tillage and n additions equal. 
4) studies that provided enough information (standard errors, standard deviations, coefficients of variation, etc.) about experimental error either in the published paper or in information that was provided by the authors when contacted to allow for an estimate of within study variance.
5) studies published before december of 2012.",1,1,1,1,1,1,1,1,0,1,1,0,1,0,0.8125,ghg emissions
green manure,10.1016/j.agee.2005.07.003,1,"studies compiled in our legume covercrop yield database had the following characteristics: (1) winter legume cover crop followed by an unfertilized cash crop compared to the control, (2) cash crop production every year, (3) no manure or other n additions applied during any phase of the diversified rotation, and (4) cover crop biomass incorporated into the soil or killed before crop planting, with no biomass removal. they excluded studies  if  legume  treatments  had  excessive applications of inorganic n fertilizer or if the green manures were being compared to a zero n control. 
only legume cover crops are considered for this analysis (cash crop after non-legume cover crops is fertilized, so non-legume cover crop were removed in our analysis).",1,1,0,0,1,1,0,0,0,0,1,0,1,0,0.5,nutrient leaching and run-off
green manure,10.1016/j.landusepol.2019.104204,1,"1) it reported the results of an experiment in the mediterranean forests, woodlands, and scrub biome or the central valley of california
2) it compared a winter cover crop with a winter fallow, followed by a food crop in spring or summer (annual food crops in arable fields, including cereals, fruits, and vegetables, but not perennial food crops in orchards or vineyards)
3) it reported the mean effect on an ecosystem service metric.",1,1,1,1,1,1,0,1,1,1,1,0,1,1,0.875,pests and diseases
green manure,10.1016/j.fcr.2018.08.001,1,1) the fertilization measures were conducted under field conditions in china; no pot or greenhouse experiments were included; 2) the study reported yield and the number of field replication; 3) conventional chemical fertilizer application was included as a control treatment; 4) the experimental and control treatments had to be applied to the same agricultural system and site.,1,1,1,0,1,1,0,1,0,1,0,0,1,0,0.625,plant nutrient uptake
green manure,10.1016/j.landusepol.2019.104204,1,"1) it reported the results of an experiment in the mediterranean forests, woodlands, and scrub biome or the central valley of california
2) it compared a winter cover crop with a winter fallow, followed by a food crop in spring or summer (annual food crops in arable fields, including cereals, fruits, and vegetables, but not perennial food crops in orchards
or vineyards)
3) it reported the mean effect on an ecosystem service metric.",1,1,1,1,1,1,0,1,1,1,1,0,1,1,0.875,soil biological quality
green manure,10.1016/j.soilbio.2019.107701,1,"this collection was refined for studies that met the criteria for this meta-analysis: i) experimental design allowed pairwise com- parison between cover cropping treatments and bare fallow controls, ii) defined cover cropping as crops that are not harvested nor removed, thereby excluding studies with crop residues, iii) field or greenhouse studies, iv) the study reported sample sizes, means, and standard errors; if these statistics were not reported, authors were contacted or the sta- tistics were calculated if possible.",1,1,1,1,1,1,0,1,0,1,1,1,1,1,0.875,soil biological quality
green manure,10.1016/j.landusepol.2019.104204,1,"1) it reported the results of an experiment in the mediterranean forests, woodlands, and scrub biome or the central valley of california
2) it compared a winter cover crop with a winter fallow, followed by a food crop in spring or summer (annual food crops in arable fields, including cereals, fruits, and vegetables, but not perennial food crops in orchards
or vineyards)
3) it reported the mean effect on an ecosystem service metric.",1,1,1,1,1,1,0,1,1,1,1,0,1,1,0.875,soil nutrients
green manure,10.1016/j.still.2019.04.020,1,"only studies that reported both n2o and co2 emissions, cover crops grown between harvesting and planting of cash crops, and cash crops with similar management practices, such as irrigation, fertilization, and tillage practices were selected for the study. studies that lack mean values, replications, and standard error or standard deviation ofthe mean were discarded.",1,1,1,0,1,1,0,1,0,1,1,0,1,0,0.6875,soil nutrients
intercropping,10.1016/j.agsy.2019.102761,1,"identified research articles were then screened to include only those that reported intercropping, which was considered as treatment and its monocrop counterpart, which was considered as control. the synthesis did not include intercropping of cereals in combination with leguminous shrubs or forages, or with desmodium spp. (i.e., the ‘push-pull technology’) because reviewed elsewhere. observations were also limited to: (i) only two species (one legume and one cereal) in each intercropping experiment due to the difficulty of species categorization, and (ii) results of field experiments rather than simulation or greenhouse studies.",1,1,0,0,1,1,0,0,0,1,1,1,1,0,0.625,carbon sequestration
intercropping,10.1002/eap.1629,1,"(1) the study was field based (not conducted in a greenhouse or microcosm) and conducted for at least one full growing season; (2) the study reported either actual yields for all treatments, or relative yield of cultivar mixtures compared to component monocultures; (3) the study included only simultaneous plantings of cultivar mixtures and monocultures, with only one harvest (i.e., not relay planting or multiple cuttings for forage); and (4) a replacement series experimental design was used. ultimately, 91 papers published between 1939 and 2014 met the four criteria and were included in the meta-analysis.",1,1,0,0,1,1,1,0,1,1,1,1,1,1,0.8125,crop yield
intercropping,10.1007/s11104-020-04768-x,1,(i) the study quantified biomass and p uptake or p concentration of sole crops and intercrops with the same management (e.g. level of fertilizer input) under field conditions; (ii) it reported the rate of n and p fertilizer; (iii) it reported the plant density in sole crops and intercrops (this information is needed to calculate the net effect).,1,1,0,0,1,1,1,1,0,1,1,1,1,0,0.75,cropping system productivity
intercropping,10.1016/j.agsy.2019.102761,1,"identified research articles were then screened to include only those that reported intercropping, which was considered as treatment and its monocrop counterpart, which was considered as control. the synthesis did not include intercropping of cereals in combination with leguminous shrubs or forages, or with desmodium spp. (i.e., the ‘push-pull technology’) because reviewed elsewhere. observations were also limited to: (i) only two species (one legume and one cereal) in each intercropping experiment due to the difficulty of species categorization, and (ii) results of field experiments rather than simulation or greenhouse studies.",1,1,0,0,1,1,0,0,0,1,1,1,1,0,0.625,cropping system productivity
intercropping,10.1016/j.eja.2017.09.009,1,"authors' initial selection criterion was whether the experiment was conducted for a minimum of three years (temporal variability) or at a minimum of three locations (spatial variability) or for at least two years at two locations. articles ideally had to have grain yield data for each experimental year and location. articles presenting the mean value of grain yield for different years or locations, instead of mentioning yield data for all experimental years or locations, were not considered in the meta-analysis, unless the mean values were presented together with the standard deviation (sd) or coefficient of variation (cv) for grain yield. experiments containing different cultivars of the same species at different locations or years were also excluded from the analysis.",1,1,1,0,1,1,0,0,0,0,1,1,0,0,0.5625,crop yield
intercropping,10.1016/j.eja.2019.125987,1,"authors selected studies that met the following criteria: (1) field studies were carried out in china, (2) both crop species produced grain and the yield was calculated on the basis of dry kernel weight (crop species included wheat, maize, barley, rice, faba bean, soybean, chickpea, pea, peanut, mungbean, adzuki bean, oilseed rape, oilseed radish, sesame; for the frequencies of each species combination see fig. 1), (2) yield data that are based on aboveground biomass, fiber or tuber mass were not used (e.g. grass, cotton, potato, cabbage, capsicum and sugarcane), (3) grain yields for both intercrops and sole crops were reported, (4) plant density of intercrops was reported or could be calculated from row distance and plant distance. data records in which the relative density total (rdt) was lower than 1 were excluded.",1,1,1,0,1,1,1,0,0,1,1,1,1,1,0.8125,crop yield
intercropping,10.1016/j.fcr.2009.09.006,1,"references related to subjects such as livestock, intercropping, toxicity and genetics were discarded, as were references with a strictly phytopathological focus. for a study to be accepted for the meta-analysis, a number of criteria had to be met. a prerequisite was that the study provided a relevant measure of experimental variation (see below). in the optimal case, the study provided retrievable yields for mixtures as well as component varieties in pure stand, either in absolute values or relative to some standard yield. acceptable exceptions were studies reporting average yields in either of two cases: (1) across component varieties for each mixture grown, as such values corresponded with our method of calculating mixing effect (see below) and (2) from field trials (see below) repeated over several sites and/or years, but only when the number of these was apparent and a measure of variation relating directly to the estimates was retrievable. however, average yield results combined from different treatments could not be accepted. finally, a few studies were discarded due to the spatial designs of trials, and a few studies were discarded due to selective reporting of results (apparent or stated).",1,1,1,1,1,1,0,1,0,1,1,1,1,1,0.875,crop yield
intercropping,10.1016/j.fcr.2015.09.010,1,"inclusion criteria of publications for the top cited sample are: (1) peer reviewed english language publication, i.e. excluding conference proceedings, (2) reporting primary data, i.e. excluding reviews (3) reporting field data on annual intercrops, thus excluding publications on systems with perennials, (4) reporting yield data on both intercrops and sole crops, (5) reporting treatments in which pests, diseases and weeds had been adequately controlled, (6) intercropping design was either replacement or additive, (7) reporting of sowing and harvesting dates or reporting total duration and overlapping period of intercrops to allow estimating temporal niche differentiation, (8) reporting consistent results, i.e. excluding publications with discrepancies between reported ler and yield data, or inconsistencies between data in different figures and tables. in the case of the top cited sample authors selected only those publications that reported information on all key explanatory variables. the criterion of completeness of data was not applied to the random sample because only few randomly sampled publications reported information on all explanatory variables.",1,1,1,1,1,1,1,0,0,1,1,1,1,1,0.875,cropping system productivity
intercropping,10.1016/j.fcr.2016.08.001,1,"see yu et al. 2015 (yu, y., stomph, t.-j., makowski, d., van der werf, w., 2015. temporal nichedifferentiation increases the land equivalent ratio of annual intercrops: ameta-analysis. field crops res. 184, 133–144.)",1,1,1,1,1,1,1,0,0,1,1,1,1,0,0.8125,cropping system productivity
intercropping,10.1016/j.fcr.2017.09.006,1,studies dedicated to wheat clearly reporting the yields of pure stands and their mixtures in field experiments.,1,1,1,1,1,1,1,1,0,1,1,1,1,1,0.9375,crop yield
intercropping,10.1016/j.fcr.2019.107661,1,"authors excluded reviews and conference papers, studies focusing on diseases and weeds, and some studies withreporting problem, e.g. missing sole crop yield, without intercropping configuration information, a reported ler value different for from the one calculated from the yield, or incorrect experiment design.",1,1,1,1,1,1,1,1,0,1,1,1,1,1,0.9375,cropping system productivity
intercropping,10.1016/j.scitotenv.2017.10.024,1,"1) intercrops contained only two species; 2) yields for both species in the intercrop were available, as well as yields in their sole crops; 3) yields were expressed in terms of the marketable part of crops, and not their whole biomass; and 4) intercrops and corresponding sole crops received the same agricultural treatments, i.e., irrigation, fertilisation and pest management.",1,1,1,0,1,1,1,1,1,1,1,1,1,1,0.9375,cropping system productivity
intercropping,10.1038/s41477-020-0680-9,1,"from the original database of yu et al., all the data records of grain-producing intercrops (such as cereals, legumes and oilseed crops) that provided data on species densities were extracted (539 records). we removed the duplicate data records (9 publications and 31 data records) in the two datasets. all intercrops in the resulting database were grain-producing intercrops.",1,1,1,0,1,1,1,0,1,1,1,1,1,0,0.8125,cropping system productivity
intercropping,10.1080/14735903.2016.1242332,1,"study data were included in the meta-analysis only if the study met five pre-established criteria. the study had to provide information on (1) treatment means (μ), (2) the standard deviation (sd), or the standard error of the means (se), the standard error of the difference (sed), least significant difference (lsd), or the variance, and (3) the number of treatment replicates (n). the study had to (4) include a randomized experimental design and (5) utilize control plots.",1,1,0,0,1,1,0,1,0,1,1,1,1,1,0.75,cropping system productivity
intercropping,10.1093/jxb/ert207,1,studies that did not report sample size could not be used. εc values based on incident light were not included because apparent changes in εc may have been influenced by changes in εi . several studies included εc values during different parts of the growing season,1,1,0,0,1,1,0,0,0,1,1,1,1,0,0.625,cropping system productivity
intercropping,10.1111/1365-2664.12334,1,"1. the study was an empirical investigation that directly measured yield and at least one biocontrol variable in agricultural fields with at least two levels of plant species richness (e.g. monoculture and polyculture). we considered fields as polycultures only if the multiple species were grown in the same field. species richness included both harvested crops and non-harvested plants (e.g. cover crops). yield was defined as total biomass of the plant tissue for which the crop is grown (e.g. fruit, seed, fibre or leaf weight), not overall plant biomass. metrics of biocontrol were as follows: (i) abundance of arthropod herbivores, (ii) abundance of natural enemies of pests, (iii) degree of pest parasitism or (iv) amount of plant damage. 2. crop species richness differed between treatments at a single point in time (i.e. crop rotations not included). 3. experimental treatments varied based on plant species richness, rather than on other forms of diversity (e.g. genetic diversity). 4. the treatment (i.e. monoculture or polyculture) had more than one replicate.",1,1,0,0,1,1,1,1,1,1,1,1,1,1,0.875,crop yield
intercropping,10.1371/journal.pone.0200274,1,"inclusion criteria: means for both intercrop and inter-crop treatments were not presented; sole grass (control) yields were not reported; article was a duplicate; article did not contain primary data (no review or book); articles were not obtainable using interlibrary loan services, were refereed articles, or were conference proceedings, research reports, and bulletins",1,1,0,1,1,1,0,1,0,1,1,1,1,1,0.8125,cropping system productivity
intercropping,10.1890/09-2026.1,1,"poveda et al. (2008)'s criteria for selecting these 62 articles were that the articles were available and reported field experiments on vegetation diversification within or surrounding crop fields, implemented simultaneously. with the crop production cycle. authors' additional criteria for the meta-analysis were that: (1) plant species richness was quantified, described, or manipulated in a way that could be construed as a relatively species-poor vs. species-rich condition for crop production and (2) researchers reported or were able to provide us with means for arthropod herbivore response variables (abundance of natural enemies, herbivore abundance, herbivore mortality caused by natural enemies, crop damage by herbivores, and/or crop yield), variance around the means, and numbers of replicates. because most of the articles provided multiple experiments involving different herbivores and/or different natural enemy manipulations at different locations or in different years, our general approach was to include only tests that could not be logically dropped from the analysis.  however, authors excluded experiments that were confounded by differential insecticide applications on plant diversity treatments or that used planting densities that were deemed by the authors to be impractical for effective crop production.",1,1,1,0,1,1,1,0,1,1,1,1,1,1,0.875,crop yield
intercropping,10.2134/agronj13.0590,1,"only the studies including experiments dealing with annual cereal–legume intercrops and investigating at least two n fertilization rates per site were retained. moreover, studies had to present (i) grain yield data (sole crops and each species of the intercrop), (ii) intercrop and sole cereal treatments left unfertilized and fertilized at the same rate (in each study, 0 kg n ha–1 and at least one n fertilization rate other than 0), and (iii) an unfertilized sole crop of the legume.",1,1,0,1,1,1,0,1,1,1,1,1,0,0,0.75,cropping system productivity
intercropping,10.2134/agronj2017.09.0544,1,"to be considered for inclusion in this meta-analysis, studies had to report the following:  either biomass or n content for one or more hairy vetch–cereal rye mixtures and at least one monoculture (hairy vetch or cereal rye). seeding rates of hairy vetch and cereal rye in monocultures and mixtures. means and sample sizes for each treatment comparison. authors only selected studies that had in-field replication and randomization, clearly described experimental approaches and sampling protocols, and conducted in the united states.",1,1,0,0,1,1,0,1,1,1,1,1,1,0,0.75,cropping system productivity
intercropping,10.1002/evl3.206,1,"authors evaluated full articles written in english reporting original data on variation in parasitism and host genetic diversity. we required population-level data for multiple populations, natural or experimental. studies were excluded if data were limited to a single population, individual-level estimates (e.g., genomic heterozygosity), a subset of host genotypes, or transformed values. genetic diversity of hosts had to be intraspecific and explicitly controlled or measured. authors rejected studies that only reported aggregate data for diverse parasites because this prevented a test of whether effect size varied with parasite traits. authors accepted several quantitative estimates of population-level parasitism, including prevalence (fraction of individuals scored as infected), mean load (a quantification of how infected hosts were), and virulence (parasite-induced mortality). we did not accept metrics that were qualitative (i.e., presence/absence of parasites) or unlinked to transmission (i.e., immune responses). authors did not consider general estimates of host fitness—these were rarely provided in eligible studies. moreover, the association between diversity and mean fitness lies outside the scope of this study and has been addressed elsewhere. authors excluded a few studies from which they could not calculate an appropriate effect size.",1,1,1,1,1,1,1,1,0,1,1,1,1,1,0.9375,pests and diseases
intercropping,10.1007/s10658-019-01711-4,1,"authors excluded review papers, studies without replicates, studies without quantitative data on disease incidence, or studies that did not report the rate of n fertilizer.  to reduce heterogeneity in the data, and because of the expected environmental benefit of an integration of legumes in cropping systems, authors surther focused the search on cereal/legume mixtures.",1,1,0,0,1,1,1,0,0,1,1,1,1,0,0.6875,pests and diseases
intercropping,10.1016/j.agsy.2019.102761,1,"identified research articles were then screened to include only those that reported intercropping, which was considered as treatment and its monocrop counterpart, which was considered as control. the synthesis did not include intercropping of cereals in combination with leguminous shrubs or forages, or with desmodium spp. (i.e., the ‘push-pull technology’) because reviewed elsewhere. observations were also limited to: (i) only two species (one legume and one cereal) in each intercropping experiment due to the difficulty of species categorization, and (ii) results of field experiments rather than simulation or greenhouse studies.",1,1,0,0,1,1,0,0,0,1,1,1,1,0,0.625,pests and diseases
intercropping,10.1016/j.cropro.2011.11.020,1,"a selected study needed to meet the following criteria: 1) it had a disease measure such as incidence, severity, disease index, or area under the disease progress curve, 2) contained replicated experiments or measurements, 3) contained pure cultivar stands, 4) was carried out focusing only on stripe rust and 5) the variance for the corresponding data measure was presented in the paper or could be calculated based on the results provided.",1,0,0,0,1,1,1,1,1,1,1,1,1,0,0.75,pests and diseases
intercropping,10.1111/1365-2435.13062,1,"inclusion criteria: (1) plant genotypic richness was experimentally manipulated in such a way that replicated low and high genotypic diversity plant stands were available; (2) some measures of arthropod diversity (species richness, shannon–weiner index, evenness), abundance, performance (fecundity, biomass) or activity (e.g. herbivory, parasitism rates) were available; (3) data on means, sd and sample sizes for the above variables from low and high genotypic diversity treatments were available from the papers or provided by the authors. behavioural responses such as arthropod movement were not included.",1,1,0,0,1,1,0,0,1,1,1,1,1,1,0.75,pests and diseases
intercropping,10.1111/1365-2664.12334,1,"1. the study was an empirical investigation that directly measured yield and at least one biocontrol variable in agricultural fields with at least two levels of plant species richness (e.g. monoculture and polyculture). we considered fields as polycultures only if the multiple species were grown in the same field. species richness included both harvested crops and non-harvested plants (e.g. cover crops). yield was defined as total biomass of the plant tissue for which the crop is grown (e.g. fruit, seed, fibre or leaf weight), not overall plant biomass. metrics of biocontrol were as follows: (i) abundance of arthropod herbivores, (ii) abundance of natural enemies of pests, (iii) degree of pest parasitism or (iv) amount of plant damage. 2. crop species richness differed between treatments at a single point in time (i.e. crop rotations not included). 3. experimental treatments varied based on plant species richness, rather than on other forms of diversity (e.g. genetic diversity). 4. the treatment (i.e. monoculture or polyculture) had more than one replicate.",1,1,0,0,1,1,1,1,1,1,1,1,1,1,0.875,pests and diseases
intercropping,10.1890/09-2026.1,1,"poveda et al. (2008)'s criteria for selecting these 62 articles were that the articles were available and reported field experiments on vegetation diversification within or surrounding crop fields, implemented simultaneously. with the crop production cycle. authors' additional criteria for the meta-analysis were that: (1) plant species richness was quantified, described, or manipulated in a way that could be construed as a relatively species-poor vs. species-rich condition for crop production and (2) researchers reported or were able to provide us with means for arthropod herbivore response variables (abundance of natural enemies, herbivore abundance, herbivore mortality caused by natural enemies, crop damage by herbivores, and/or crop yield), variance around the means, and numbers of replicates. because most of the articles provided multiple experiments involving different herbivores and/or different natural enemy manipulations at different locations or in different years, our general approach was to include only tests that could not be logically dropped from the analysis.  however, authors excluded experiments that were confounded by differential insecticide applications on plant diversity treatments or that used planting densities that were deemed by the authors to be impractical for effective crop production.",1,1,1,0,1,1,1,0,1,1,1,1,1,1,0.875,pests and diseases
intercropping,10.1007/s11104-020-04768-x,1,(i) the study quantified biomass and p uptake or p concentration of sole crops and intercrops with the same management (e.g. level of fertilizer input) under field conditions; (ii) it reported the rate of n and p fertilizer; (iii) it reported the plant density in sole crops and intercrops (this information is needed to calculate the net effect).,1,1,0,0,1,1,1,1,0,1,1,1,1,0,0.75,plant nutrient uptake
intercropping,10.1016/j.eja.2020.126077,1,"(i) at least one intercropping between a cereal and a grain legume studied, (ii) written in english, (iii) based on field experiments conducted in a temperature climate latitude from 30−66° and (iv) full-text articles were available. eligible articles were additionally reviewed to check that the following data were reported: (v) n2 fixation by the legume in intercropping and by the sole crop, (vi) total crop n uptake for both intercrop and sole crop treatments, and (vii) n fertilization rates when applied. if the same data were reported in multiple articles, they were only included once, from the article containing most detailed descriptions.",1,1,1,0,1,1,0,1,1,1,1,1,1,1,0.875,plant nutrient uptake
intercropping,10.1016/j.fcr.2019.107661,1,"authors excluded reviews and conference papers, studies focusing on diseases and weeds, and some studies withreporting problem, e.g. missing sole crop yield, without intercropping configuration information, a reported ler value different for from the one calculated from the yield, or incorrect experiment design.",1,1,1,1,1,1,1,1,0,1,1,1,1,1,0.9375,plant nutrient uptake
intercropping,10.1038/s41477-020-0680-9,1,"from the original database of yu et al., all the data records of grain-producing intercrops (such as cereals, legumes and oilseed crops) that provided data on species densities were extracted (539 records). we removed the duplicate data records (9 publications and 31 data records) in the two datasets. all intercrops in the resulting database were grain-producing intercrops.",1,1,1,0,1,1,1,0,1,1,1,1,1,0,0.8125,plant nutrient uptake
intercropping,10.2134/agronj2017.09.0544,1,"to be considered for inclusion in this meta-analysis, studies had to report the following:  either biomass or n content for one or more hairy vetch–cereal rye mixtures and at least one monoculture (hairy vetch or cereal rye). seeding rates of hairy vetch and cereal rye in monocultures and mixtures. means and sample sizes for each treatment comparison. authors only selected studies that had in-field replication and randomization, clearly described experimental approaches and sampling protocols, and conducted in the united states.",1,1,0,0,1,1,0,1,1,1,1,1,1,0,0.75,plant nutrient uptake
intercropping,10.1016/j.agsy.2019.102761,1,"identified research articles were then screened to include only those that reported intercropping, which was considered as treatment and its monocrop counterpart, which was considered as control. the synthesis did not include intercropping of cereals in combination with leguminous shrubs or forages, or with desmodium spp. (i.e., the ‘push-pull technology’) because reviewed elsewhere. observations were also limited to: (i) only two species (one legume and one cereal) in each intercropping experiment due to the difficulty of species categorization, and (ii) results of field experiments rather than simulation or greenhouse studies.",1,1,0,0,1,1,0,0,0,1,1,1,1,0,0.625,soil erosion
intercropping,10.1016/j.scitotenv.2018.07.124,1,"(1) the article contained at least one runoff or soil loss response variable; (2) each data point was collected during at least a full year, or the reported data could be extrapolated to represent a full year with a sufficient degree of reliability; (3) the same response variables were compared between lands treated with scts (hereafter called treated) and those not treated with scts (hereafter called control); (4) the treated lands and control lands were exposed to the same environmental conditions; (5) the number of replications was reported; and (6) the groups of categories contained more than two data pairs. only runoff and soil loss measurements from bound runoff plots equipped with tanks for collecting runoff and soil loss were used to reduce the influence of measurement uncertainties, and only plots with a minimum length of 5 m were retained because they were considered to be representative.",1,1,0,0,1,1,0,1,0,1,1,1,1,0,0.6875,soil erosion
intercropping,10.1016/j.agsy.2019.102761,1,"identified research articles were then screened to include only those that reported intercropping, which was considered as treatment and its monocrop counterpart, which was considered as control. the synthesis did not include intercropping of cereals in combination with leguminous shrubs or forages, or with desmodium spp. (i.e., the ‘push-pull technology’) because reviewed elsewhere. observations were also limited to: (i) only two species (one legume and one cereal) in each intercropping experiment due to the difficulty of species categorization, and (ii) results of field experiments rather than simulation or greenhouse studies.",1,1,0,0,1,1,0,0,0,1,1,1,1,0,0.625,soil nutrients
intercropping,10.1016/j.eja.2020.126077,1,"(i) at least one intercropping between a cereal and a grain legume studied, (ii) written in english, (iii) based on field experiments conducted in a temperature climate latitude from 30−66° and (iv) full-text articles were available. eligible articles were additionally reviewed to check that the following data were reported: (v) n2 fixation by the legume in intercropping and by the sole crop, (vi) total crop n uptake for both intercrop and sole crop treatments, and (vii) n fertilization rates when applied. if the same data were reported in multiple articles, they were only included once, from the article containing most detailed descriptions.",1,1,1,0,1,1,0,1,1,1,1,1,1,1,0.875,soil nutrients
intercropping,10.1016/j.agsy.2019.102761,1,"identified research articles were then screened to include only those that reported intercropping, which was considered as treatment and its monocrop counterpart, which was considered as control. the synthesis did not include intercropping of cereals in combination with leguminous shrubs or forages, or with desmodium spp. (i.e., the ‘push-pull technology’) because reviewed elsewhere. observations were also limited to: (i) only two species (one legume and one cereal) in each intercropping experiment due to the difficulty of species categorization, and (ii) results of field experiments rather than simulation or greenhouse studies.",1,1,0,0,1,1,0,0,0,1,1,1,1,0,0.625,soil physico-chemical quality
intercropping,10.1016/j.agsy.2019.102761,1,"identified research articles were then screened to include only those that reported intercropping, which was considered as treatment and its monocrop counterpart, which was considered as control. the synthesis did not include intercropping of cereals in combination with leguminous shrubs or forages, or with desmodium spp. (i.e., the ‘push-pull technology’) because reviewed elsewhere. observations were also limited to: (i) only two species (one legume and one cereal) in each intercropping experiment due to the difficulty of species categorization, and (ii) results of field experiments rather than simulation or greenhouse studies.",1,1,0,0,1,1,0,0,0,1,1,1,1,0,0.625,soil water retention
landscape features,10.1016/j.scitotenv.2019.135345,1,"1) studies reported on biophysical aspects of on-farm woody vegetation associated with dairy enterprises – this included studies that were specific to dairy only, mixed dairy and beef enterprises; 2) relevant data on at least one provisioning or regulating and maintenance ecosystem service and associated benefit or disbenefit were reported. these included animal production/health, pasture production/quality, wood production, biodiversity, water quality, soil quality or function, carbon sequestration and/or erosion; 3) an appropriate comparison with the non-revegetated agricultural land use (i.e. grazed dairy pasture) was reported.",1,1,1,0,0,0,0,0,0,0,0,0,1,0,0.375,animal production
landscape features,10.1016/j.scitotenv.2019.135345,1,"1) studies reported on biophysical aspects of on-farm woody vegetation associated with dairy enterprises – this included studies that were specific to dairy only, mixed dairy and beef enterprises; 2) relevant data on at least one provisioning or regulating and maintenance ecosystem service and associated benefit or disbenefit were reported. these included animal production/health, pasture production/quality, wood production, biodiversity, water quality, soil quality or function, carbon sequestration and/or erosion; 3) an appropriate comparison with the non-revegetated agricultural land use (i.e. grazed dairy pasture) was reported.",1,1,1,0,0,0,0,0,0,0,0,0,1,0,0.375,biodiversity
landscape features,10.1016/j.scitotenv.2019.135839,1,"the exclusion criteria were: 1) pure agronomic studies (including those on the genetic diversity of vitis vinifera or on microorganisms of primary agronomic matter); 2) papers not in english; 3) reviews; 4) papers concerning only abandoned vineyards; 5) studies carried out in greenhouses, as we focused on studies conducted in ‘natural’ conditions.",1,1,1,1,1,1,0,0,0,0,1,1,0,0,0.625,biodiversity
landscape features,10.1111/cobi.12536,1,"1) only studies from the 28 european member states, norway, and switzerland were included; 2) studies were excluded if the number of replicates was fewer than three experimental or control areas; 3) studies performed at plot level (i.e., within-field experiments) were excluded.",1,1,0,0,1,1,1,1,0,1,1,1,1,1,0.8125,biodiversity
landscape features,10.1111/j.1752-4598.2010.00098.x,1,1) studies focusing on insect diversity in sown wildflower strips; 2) conducted in central and northern europe.,1,1,1,0,0,0,0,0,0,0,0,0,1,0,0.375,biodiversity
landscape features,10.1002/ldr.3424,1,the authors collected peer-reviewed papers that have investigated the impacts of land restoration in ethiopia until 2018.,1,0,0,0,1,1,0,1,1,1,1,0,1,0,0.625,carbon sequestration
landscape features,10.1007/s10113-021-01798-8,1,"1) report soc contents or stocks in hedgerow soils 2) studies with a paired-plot design, in which adjacent agricultural fields were sampled as a control 3) original studies with measured data; model studies were not considered 4) the control plot had to have a comparable soil type, especially a comparable texture, with that of the hedgerow plot 5) studies analysing other types of field margins, e.g. windbreaks. consisting of one tree line and no shrubs or field margins with mainly herbaceous vegetation, were excluded 6) the analysis was restricted to the temperate climate zone with a mean annual temperature of between 0 and 18 °c, according to the ipcc definition of temperate climate.",1,1,1,1,1,1,1,1,1,1,1,1,1,1,1,carbon sequestration
landscape features,10.1007/s11356-020-08988-7,1,"1) at least one plant hedgerow was used to control agricultural agricultural non-point source pollution (npsp); 2) the same response variables were compared between the treatments with or without plant hedgerows (control); 3) the treatment with plant hedgerows and the control were performed under the same environmental conditions; 4) the number of replicates was reported; 5) if the data were repeatedly stated, only one of the values was selected; 6) data on soil organic matter (som), total n (tn), total p (tp), total k (tk), alkali n (an), available p (ap), and readily available k (ak) were available for the treatments with or without plant hedgerows.",1,1,0,1,1,1,1,1,0,1,1,1,1,0,0.8125,carbon sequestration
landscape features,10.1016/j.agee.2017.04.015,1,1) the study region is situated within the temperate regions of the globe; 2) empirical data of the indicator of interest are available (modelling studies are thus excluded); 3) true controls are present allowing indicator comparison with and without hedgerows or grass strips and 4) interaction of hedgerowss and grass strips with arable crops.,1,1,1,1,1,1,0,1,0,1,1,0,1,0,0.75,carbon sequestration
landscape features,10.1016/j.scitotenv.2019.135345,1,"1) studies reported on biophysical aspects of on-farm woody vegetation associated with dairy enterprises – this included studies that were specific to dairy only, mixed dairy and beef enterprises; 2) relevant data on at least one provisioning or regulating and maintenance ecosystem service and associated benefit or disbenefit were reported. these included animal production/health, pasture production/quality, wood production, biodiversity, water quality, soil quality or function, carbon sequestration and/or erosion; 3) an appropriate comparison with the non-revegetated agricultural land use (i.e. grazed dairy pasture) was reported.",1,1,1,0,0,0,0,0,0,0,0,0,1,0,0.375,carbon sequestration
landscape features,10.1002/ldr.3424,1,the authors collected peer-reviewed papers that have investigated the impacts of land restoration in ethiopia until 2018.,1,0,0,0,1,1,0,1,1,1,1,0,1,0,0.625,crop yield
landscape features,10.1016/j.agee.2012.12.010,1,"1) field studies where herbaceous aboveground biomass (expressed per unit area) was measured directly beneath the canopy of scattered mature trees (density typically ranged from 15 to 50 trees ha−1) and in an appropriate control (away from tree crowns in open areas); 2) data collection was limited to experimental plots that included exclusively an unimproved herbaceous layer (i.e. unfertilized, non-irrigated, not sown with genetically improved varieties) to avoid possible confounding effects of agricultural inputs with that of tree environment.",1,1,0,0,1,1,0,1,0,1,1,1,1,1,0.75,crop yield
landscape features,10.1016/j.agee.2017.04.015,1,1) the study region is situated within the temperate regions of the globe; 2) empirical data of the indicator of interest are available (modelling studies are thus excluded); 3) true controls are present allowing indicator comparison with and without hedgerows or grass strips and 4) interaction of hedgerowss and grass strips with arable crops.,1,1,1,1,1,1,0,1,0,1,1,0,1,0,0.75,crop yield
landscape features,10.1016/j.agee.2020.107290,1,"studies that 1) report data, are peer-reviewed, include a field experiment, and compare planted edges to a control area that was not planted; 2) report a response variable relevant to wild bees. some studies focused on broader pollinator communities rather than just wild bees. these were accepted as long as they included wild bees in their pollinator surveys (10 studies); 3) include a minimum sample size of 3 replicates in both the treatment and control group; provide a spatial replicate (i.e. single-site block designs were excluded); and report mean, sample size, and a measure of variance (standard deviation, standard error, standard error of the mean, confidence interval, or interquartile range), in the text, tables, or figures. any articles that did not evaluate the effects of intentionally planted field-edge flowers on pollinators within an agricultural context were excluded from further review.",1,1,1,1,1,1,0,1,0,1,1,1,1,1,0.875,crop yield
landscape features,10.1016/j.earscirev.2016.06.010,0,"1) only recorded research articles that focused on man-made terraces while articles focusing on terraced landscapes formed by non-human forces (e.g., geological terraces) were removed from the database.",1,1,0,0,1,0,1,0,0,0,1,0,1,0,0.4375,crop yield
landscape features,10.1016/j.jaridenv.2011.10.011,1,"1) the data are from one of the four countries: burkina faso, mali, niger and senegal; 2) the publication contains reported crop yield of one or more of the 6 conservation agriculture practices and a corresponding control plot where the practice was not applied, with mean yields either reported numerically or graphically. the yield data from rotations were not time-averaged by including years when other crops were grown while data from tree-based systems were based on total area; 3) data were from well designed and replicated experiments or observational studies either on a research station or on farmers’ fields.",1,1,0,1,1,1,0,0,0,1,1,0,1,0,0.625,crop yield
landscape features,10.1111/ele.13576,1,1) pollination and/or pest control services in crops were measured in both crop fields adjacent to floral plantings and control fields without planting; 2) the replication at the field level was ≥ six fields per study (three fields with plantings and three without; i.e. disqualifying small-scaled plot treatment comparisons within fields).,1,1,0,0,1,1,0,0,1,1,0,1,1,0,0.625,crop yield
landscape features,10.1111/icad.12454,1,"1) a field study that evaluates the effect of field margin floral enhancements on the pollinator diversity on the edge or within the crop; 2) the response variables consider the abundance, richness, visitation rate of pollinators, and/or crop yield; 3) mean, standard deviation (or standard error) and sample size are reported; 4) includes a comparison between an experimental and a control group. treatments compare always sites with field margin floral enhancement (experimental group) and sites without field margin floral enhancement (control group).",1,1,1,0,1,1,0,1,0,1,1,1,1,1,0.8125,crop yield
landscape features,10.5194/se-8-217-2017,1,"1) studies where both reference site (bare land/fallow land) and grass treatments were present; 2) the reference sites were adjacent to the grass-treated field/plots within the same landscape and similar slope. therefore, studies where the reference site was either missing or was away from the study site were excluded.",1,0,0,0,1,1,0,0,1,0,1,0,1,0,0.5,crop yield
landscape features,10.1016/j.scitotenv.2019.135345,1,"1) studies reported on biophysical aspects of on-farm woody vegetation associated with dairy enterprises – this included studies that were specific to dairy only, mixed dairy and beef enterprises; 2) relevant data on at least one provisioning or regulating and maintenance ecosystem service and associated benefit or disbenefit were reported. these included animal production/health, pasture production/quality, wood production, biodiversity, water quality, soil quality or function, carbon sequestration and/or erosion; 3) an appropriate comparison with the non-revegetated agricultural land use (i.e. grazed dairy pasture) was reported.",1,1,1,0,0,0,0,0,0,0,0,0,1,0,0.375,grassland production
landscape features,10.1016/j.agee.2006.03.029,1,"1) papers focused on buffer processes in the context of applicable field experiments, i.e., with field plots of variable size subjected to the action of natural rainfall, simulated rainfall, or a mixture of the two over short periods, from a flash flood to a year; 2) papers with experiments  carried  out entirely in the  laboratory; 3) papers with indirect approaches based on measurements of accumulation of nutrients in the vegetation or of sediments estimated using tracers.",1,0,0,0,1,0,0,0,1,0,0,0,1,0,0.3125,nutrient leaching and run-off
landscape features,10.1016/j.agee.2017.04.015,1,1) the study region is situated within the temperate regions of the globe; 2) empirical data of the indicator of interest are available (modelling studies are thus excluded); 3) true controls are present allowing indicator comparison with and without hedgerows or grass strips and 4) interaction of hedgerowss and grass strips with arable crops.,1,1,1,1,1,1,0,1,0,1,1,0,1,0,0.75,nutrient leaching and run-off
landscape features,10.2134/jeq2018.03.0120,0,"1) the study was conducted in the field concerning natural or artificial runoff; 2) the sources of pollution were agricultural fields for grass or cereal production, natural pasture or feedlots; 3) the study had an appropriate control group without buffer zone: (a) control plots in surface runoff studies, which were generally arranged in randomized block design; (b) field edge (above buffer zone) in groundwater monitoring assessment along a vegetation transect; (c) control waterways in a paired watershed comparison studies (monitored in both surface and groundwater studies);  4) the buffer zone was nonfertilized; 5) the study assessed the buffer zone effects on no3–n or the total n in the surface runoff or on no3– n in the groundwater; 6) the no3–n or total n were recorded as either original data for each experimental year, or as a sample or replicate, or as means of treatment (i.e., with a buffer zone) and control (i.e., with no buffer zone) with sds and sample sizes.",1,1,1,0,1,1,0,1,1,1,1,1,1,0,0.75,nutrient leaching and run-off
landscape features,10.1007/s10980-018-0673-5,1,"1) authors only considered studies that used landscape metrics related to empirical data of functions or ecological indicators that directly benefit human well-being. habitat function for biodiversity was not considered, except when primary studies explicitly cited biodiversity as being (or potentially being) directly related to certain ecosystem services (e.g., pollination and pest control); 2) authors restricted their research to terrestrial landscapes in rural, agricultural, mixed rural–urban or natural habitats regions, thus excluding strictly urban or marine landscapes; 3) one study inclusion criterion was the reporting of statistical parameters (e.g., r, f, v2, spearman-rho, t or r2, and sample size) on the relationship between at least one landscape metric and one landscape function, or the partial contribution of at least one landscape metric.",1,1,1,0,1,1,0,1,0,1,1,1,1,1,0.8125,pests and diseases
landscape features,10.1016/j.agee.2017.04.015,1,1) the study region is situated within the temperate regions of the globe; 2) empirical data of the indicator of interest are available (modelling studies are thus excluded); 3) true controls are present allowing indicator comparison with and without hedgerows or grass strips and 4) interaction of hedgerowss and grass strips with arable crops.,1,1,1,1,1,1,0,1,0,1,1,0,1,0,0.75,pests and diseases
landscape features,10.1111/brv.12040,1,1) the study had to be published; 2) the study had to report abundance or richness of in situ ‘ecosystem service providers’ (esps) (bees; predatory beetles; hover flies; spiders; or parasitic wasps); sampled in fields; orchards; or vineyards of food crops (not in the margins); as an effect of local complexity (proximity to; or diversity of; field margins) or landscape complexity (proximity to; diversity of; or proportion of natural or non-crop habitats; or similar metrics from ordinations of landscape variables); 3) the experiment had to be replicated; 4) studies  that sampled arthropods in meadows or pastures; rather than fields of food crops; were not included; 5) studies of small-scale experimental plots were not included if authors considered treatments and controls to have been spatially confounded (i.e. if they were separated by <10 m) and if no spatial statistics were reported; 6) only measurements of richness that were standardized by sampling effort were included.,1,1,1,1,1,1,0,1,0,1,0,1,1,1,0.8125,pests and diseases
landscape features,10.1111/ele.13576,1,1) pollination and/or pest control services in crops were measured in both crop fields adjacent to floral plantings and control fields without planting; 2) the replication at the field level was ≥ six fields per study (three fields with plantings and three without; i.e. disqualifying small-scaled plot treatment comparisons within fields).,1,1,0,0,1,1,0,0,1,1,0,1,1,0,0.625,pests and diseases
landscape features,10.1111/j.1461-0248.2011.01642.x,1,"1) a sample size consisting of at least ﬁve unique ""landscapes"", in which a landscape comprises a ﬁeld and the area surrounding it, separated by a minimum distance of 1 km from anyother ﬁeld in the study; 2) quantitative measurements of landscape complexity using gis or other spatial techniques at ≥ 500 m around the farm; 3) statistics reported as the univariate relationship between landscape complexity and arthropod response or the partial contribution of landscape complexity among other factors.",1,1,1,0,1,1,0,1,0,1,1,1,1,1,0.8125,pests and diseases
landscape features,10.1007/s10980-018-0673-5,1,"1) authors only considered studies that used landscape metrics related to empirical data of functions or ecological indicators that directly benefit human well-being. habitat function for biodiversity was not considered, except when primary studies explicitly cited biodiversity as being (or potentially being) directly related to certain ecosystem services (e.g., pollination and pest control); 2) authors restricted their research to terrestrial landscapes in rural, agricultural, mixed rural–urban or natural habitats regions, thus excluding strictly urban or marine landscapes; 3) one study inclusion criterion was the reporting of statistical parameters (e.g., r, f, v2, spearman-rho, t or r2, and sample size) on the relationship between at least one landscape metric and one landscape function, or the partial contribution of at least one landscape metric.",1,1,1,0,1,1,0,1,0,1,1,1,1,1,0.8125,pollination
landscape features,10.1016/j.agee.2017.12.025,1,"1) papers presented a variable response to functional diversity of bees in agroecosystems or some functional trait measure not synthesized by an index; 2) included replication; 3) reported the sample size; 4) presented the mean and standard deviation for the type of habitat used for data collection (for studies using categorical predictor variables), or presented some statistics such as correlation and regression coefficients (for continuous predictor variables); 5) only studies that considered individual response traits were used in this meta-analysis.",1,1,1,0,1,1,0,1,0,1,1,1,1,1,0.8125,pollination
landscape features,10.1016/j.agee.2020.107290,1,"studies that 1) report data, are peer-reviewed, include a field experiment, and compare planted edges to a control area that was not planted; 2) report a response variable relevant to wild bees. some studies focused on broader pollinator communities rather than just wild bees. these were accepted as long as they included wild bees in their pollinator surveys (10 studies); 3) include a minimum sample size of 3 replicates in both the treatment and control group; provide a spatial replicate (i.e. single-site block designs were excluded); and report mean, sample size, and a measure of variance (standard deviation, standard error, standard error of the mean, confidence interval, or interquartile range), in the text, tables, or figures. any articles that did not evaluate the effects of intentionally planted field-edge flowers on pollinators within an agricultural context were excluded from further review.",1,1,1,1,1,1,0,1,0,1,1,1,1,1,0.875,pollination
landscape features,10.1111/brv.12040,1,1) the study had to be published; 2) the study had to report abundance or richness of in situ ‘ecosystem service providers’ (esps) (bees; predatory beetles; hover flies; spiders; or parasitic wasps); sampled in fields; orchards; or vineyards of food crops (not in the margins); as an effect of local complexity (proximity to; or diversity of; field margins) or landscape complexity (proximity to; diversity of; or proportion of natural or non-crop habitats; or similar metrics from ordinations of landscape variables); 3) the experiment had to be replicated; 4) studies  that sampled arthropods in meadows or pastures; rather than fields of food crops; were not included; 5) studies of small-scale experimental plots were not included if authors considered treatments and controls to have been spatially confounded (i.e. if they were separated by <10 m) and if no spatial statistics were reported; 6) only measurements of richness that were standardized by sampling effort were included.,1,1,1,1,1,1,0,1,0,1,0,1,1,1,0.8125,pollination
landscape features,10.1111/ele.12128,1,"1) studies that compared the species richness and/or abundance of the focal taxa (apiformes, lepidoptera, syrphidae) between sites with agrienvironmental measures (not necessarily need to be part of a formal agri-environmental scheme as long as they included environmentally friendly practices that could potentially benefit pollinators) and conventionally managed control sites; 2) reported means, sd, sem or ci and sample sizes for both treatment and control (in the text, tables, graphs or after requesting the authors) to allow calculation of effect sizes; 3) included at least four spatial replicates; 4) were geographically restricted to europe.",1,1,0,0,1,1,1,0,0,1,0,1,1,1,0.6875,pollination
landscape features,10.1111/ele.13339,1,"1) study focusing on pollinator’ absolute richness (hereafter species richness); 2) including set-aside, but not abandoned grassland studies; 3) studies about agri-environment management (aem); 4) european aem studies; 5) more than 3 replicates (at field or farm level) in aem and in control group; 6) studies at field level (not including the single field experiments); 7) the study did not cover a large area of given countries with different regions, to be able to determine the regional land-use intensity effect.",1,1,1,1,1,1,1,1,0,1,0,0,1,1,0.8125,pollination
landscape features,10.1111/ele.13576,1,1) pollination and/or pest control services in crops were measured in both crop fields adjacent to floral plantings and control fields without planting; 2) the replication at the field level was ≥ six fields per study (three fields with plantings and three without; i.e. disqualifying small-scaled plot treatment comparisons within fields).,1,1,0,0,1,1,0,0,1,1,0,1,1,0,0.625,pollination
landscape features,10.1111/icad.12454,1,"1) a field study that evaluates the effect of field margin floral enhancements on the pollinator diversity on the edge or within the crop; 2) the response variables consider the abundance, richness, visitation rate of pollinators, and/or crop yield; 3) mean, standard deviation (or standard error) and sample size are reported; 4) includes a comparison between an experimental and a control group. treatments compare always sites with field margin floral enhancement (experimental group) and sites without field margin floral enhancement (control group).",1,1,1,0,1,1,0,1,0,1,1,1,1,1,0.8125,pollination
landscape features,10.1002/ldr.3258,1,"1) the experiments or observations were conducted under field conditions (i.e., no laboratory or greenhouse experiments); 2) the article contained at least one minimum soil disturbance practices as response variables and conventional tillage as a control; 3) the article
contained at least one response variable of runoff or sediment generation; 4) the minimum soil disturbance lands and control lands for each independently published research were under the same topography and environmental conditions; 5) the article reported the
number of replications.",1,1,0,0,1,1,1,0,1,1,1,1,1,1,0.8125,soil erosion
landscape features,10.1002/ldr.3424,1,the authors collected peer-reviewed papers that have investigated the impacts of land restoration in ethiopia until 2018.,1,0,0,0,1,1,0,1,1,1,1,0,1,0,0.625,soil erosion
landscape features,10.1016/j.agee.2006.03.029,1,"1) papers focused on buffer processes in the context of applicable field experiments, i.e., with field plots of variable size subjected to the action of natural rainfall, simulated rainfall, or a mixture of the two over short periods, from a flash flood to a year; 2) papers with experiments  carried  out entirely in the  laboratory; 3) papers with indirect approaches based on measurements of accumulation of nutrients in the vegetation or of sediments estimated using tracers.",1,0,0,0,1,0,0,0,1,0,0,0,1,0,0.3125,soil erosion
landscape features,10.1016/j.agee.2017.04.015,1,1) the study region is situated within the temperate regions of the globe; 2) empirical data of the indicator of interest are available (modelling studies are thus excluded); 3) true controls are present allowing indicator comparison with and without hedgerows or grass strips and 4) interaction of hedgerowss and grass strips with arable crops.,1,1,1,1,1,1,0,1,0,1,1,0,1,0,0.75,soil erosion
landscape features,10.1016/j.earscirev.2012.08.003,1,"1) studies have to based in europe or in the mediterranean, 2) provide field-measured data on the effectiveness of various soil water conservation techniques (swct)s in reducing both runoff and soil loss.",1,0,0,0,1,0,0,0,0,0,0,0,1,0,0.3125,soil erosion
landscape features,10.1016/j.earscirev.2016.06.010,0,"1) only recorded research articles that focused on man-made terraces while articles focusing on terraced landscapes formed by non-human forces (e.g., geological terraces) were removed from the database.",1,1,0,0,1,0,1,0,0,0,1,0,1,0,0.4375,soil erosion
landscape features,10.1016/j.earscirev.2017.08.007,0,"1) the article contained at least one response variable of runoff or sediment generation; 2) the same response variables were compared between terraces and non-terraced lands of the same topography, hereafter called control; 3) the terraced lands and the control lands were exposed to the same environmental conditions; 4) the number of replications was reported; 5) groups of categories contained more than two data pairs.",1,1,1,1,1,1,0,1,0,1,1,1,1,0,0.75,soil erosion
landscape features,10.1016/j.scitotenv.2018.07.124,0,"1) the article contained at least one runoff or soil loss response variable; 2) each data point was collected during at least a full year, or the reported data could be extrapolated to represent a full year with a sufﬁcient degree of reliability; 3) the same response variables were compared between lands treated with soil conservation techniques (scts), hereafter called treated, and those not treated with scts (hereafter called control); 4) the treated lands and control lands were exposed to the same environmental conditions; 5) the number of replications was reported; 6) the groups of categories contained more than two data pairs; 7) only runoff and soil loss measurements from bound runoff plots equipped with tanks for collecting runoff and soil loss were used to reduce the inﬂuence of measurement uncertainties, and only plots with a minimum length of 5 m were retained because they were considered to be representative.",1,1,0,0,1,1,0,1,0,1,1,1,1,0,0.625,soil erosion
landscape features,10.1016/j.scitotenv.2019.135345,1,"1) studies reported on biophysical aspects of on-farm woody vegetation associated with dairy enterprises – this included studies that were specific to dairy only, mixed dairy and beef enterprises; 2) relevant data on at least one provisioning or regulating and maintenance ecosystem service and associated benefit or disbenefit were reported. these included animal production/health, pasture production/quality, wood production, biodiversity, water quality, soil quality or function, carbon sequestration and/or erosion; 3) an appropriate comparison with the non-revegetated agricultural land use (i.e. grazed dairy pasture) was reported.",1,1,1,0,0,0,0,0,0,0,0,0,1,0,0.375,soil erosion
landscape features,10.2134/jeq2007.0437,1,no selection criteria were reported.,1,0,0,0,1,1,0,0,0,1,0,0,1,0,0.375,soil erosion
landscape features,10.2134/jeq2008.0496,1,1) studies provided quantitative results on pollutant removal by vegetated buffers.,1,0,0,0,1,1,1,0,1,0,1,1,1,0,0.5625,soil erosion
landscape features,10.5194/se-8-217-2017,1,"1) studies where both reference site (bare land/fallow land) and grass treatments were present; 2) the reference sites were adjacent to the grass-treated field/plots within the same landscape and similar slope. therefore, studies where the reference site was either missing or was away from the study site were excluded.",1,0,0,0,1,1,0,0,0,1,0,0,1,0,0.4375,soil erosion
landscape features,10.1007/s11356-020-08988-7,1,"1) at least one plant hedgerow was used to control agricultural agricultural non-point source pollution (npsp); 2) the same response variables were compared between the treatments with or without plant hedgerows (control); 3) the treatment with plant hedgerows and the control were performed under the same environmental conditions; 4) the number of replicates was reported; 5) if the data were repeatedly stated, only one of the values was selected; 6) data on soil organic matter (som), total n (tn), total p (tp), total k (tk), alkali n (an), available p (ap), and readily available k (ak) were available for the treatments with or without plant hedgerows.",1,1,0,1,1,1,1,1,0,1,1,1,1,0,0.8125,soil nutrients
landscape features,10.1016/j.earscirev.2016.06.010,0,"1) only recorded research articles that focused on man-made terraces while articles focusing on terraced landscapes formed by non-human forces (e.g., geological terraces) were removed from the database.",1,1,0,0,1,0,1,0,0,0,1,0,1,0,0.4375,soil nutrients
landscape features,10.1016/j.agwat.2019.105849,0,"1) the terraced and related control treatments were conducted in similar experimental fields; 2) the terraced and control plots were established in the same ecosystem types, the same dominant plant species and the same soil types; 3) the terracing structures of the study sites were clearly recorded, and the measured variables in both controlled and terraced groups were performed at the same spatiotemporal scales; and 4) to avoid short-term fluctuations, experimental measurements for less than one growing season were excluded.",1,1,1,0,1,1,0,0,0,1,1,1,1,0,0.625,soil water retention
landscape features,10.1016/j.earscirev.2016.06.010,0,"1) only recorded research articles that focused on man-made terraces while articles focusing on terraced landscapes formed by non-human forces (e.g., geological terraces) were removed from the database.",1,1,0,0,1,0,1,0,0,0,1,0,1,0,0.4375,soil water retention
landscape features,10.1007/s10980-018-0673-5,1,"1) authors only considered studies that used landscape metrics related to empirical data of functions or ecological indicators that directly benefit human well-being. habitat function for biodiversity was not considered, except when primary studies explicitly cited biodiversity as being (or potentially being) directly related to certain ecosystem services (e.g., pollination and pest control); 2) authors restricted their research to terrestrial landscapes in rural, agricultural, mixed rural–urban or natural habitats regions, thus excluding strictly urban or marine landscapes; 3) one study inclusion criterion was the reporting of statistical parameters (e.g., r, f, v2, spearman-rho, t or r2, and sample size) on the relationship between at least one landscape metric and one landscape function, or the partial contribution of at least one landscape metric.",1,1,1,0,1,1,0,1,0,1,1,1,1,1,0.8125,water quality
landscape features,10.1007/s13280-020-01345-5,1,"1) the inlet water had to originate from drainage systems transporting water from agricultural fields, and must not be mixed with water from other sources such as streams; 2) based on the köppen-geiger climate classification system, the sites had to be located in oceanic (cfb, cfc) or continental (dfa, dfb, dfc, dfd, dsc) climates, where the conditions for denitrification are often suboptimal. thus, climate zones with dry winters were excluded; 3) the study had to be a field study with sites exposed to ambient temperature and with a surface area larger than 10 m2; 4) the study had to include a mass balance for either nitrate—n, total phosphorus (tp) or total suspended solids (tss) for at least one drainage season, whose length depended on the climate region.",1,1,1,0,1,1,1,1,1,1,1,1,1,1,0.9375,water quality
landscape features,10.1007/s13593-015-0301-6,0,"1) papers gather case studies at different scales, microcosms, mesocosms, ditch and ditch networks, and numerical experiments.",1,1,0,0,1,0,0,0,0,0,0,0,1,0,0.25,water quality
landscape features,10.1016/j.agee.2021.107409,0,"1) the study was conducted in the fields, and simulated ditches or ponds in the laboratory were not included; 2) the sources of pollution were agricultural non-point source (anps) pollution; 3) the nitrogen index was total nitrogen (tn) of a single ditch or pond, and ditch-pond systems are not included.",1,1,1,0,1,1,1,0,0,1,1,1,1,0,0.6875,water quality
landscape features,10.1016/j.scitotenv.2019.135345,1,"1) studies reported on biophysical aspects of on-farm woody vegetation associated with dairy enterprises – this included studies that were specific to dairy only, mixed dairy and beef enterprises; 2) relevant data on at least one provisioning or regulating and maintenance ecosystem service and associated benefit or disbenefit were reported. these included animal production/health, pasture production/quality, wood production, biodiversity, water quality, soil quality or function, carbon sequestration and/or erosion; 3) an appropriate comparison with the non-revegetated agricultural land use (i.e. grazed dairy pasture) was reported.",1,1,1,0,0,0,0,0,0,0,0,0,1,0,0.375,water quality
landscape features,10.1186/s13750-016-0060-0,1,"1) relevant study: secondary or tertiary treated domestic wastewater, urban storm water, stream/river water, freshwater aquaculture effluents, and runoff from agricultural fields were considered in the study. untreated wastewater was not considered since it is not permissible to discharge such water into the environment in most european countries. industrial or agricultural wastewater can vary considerably in composition, and was therefore also excluded. farmyard runoff was in most cases classified as agricultural wastewater, and thus excluded, since it is often mixed with untreated parlour washings and silage/farmyard manure effluents, among other things; 2) types of intervention: creation or restoration of wetlands; 3) the comparator has to be no intervention (inlet conditions
can serve as control); 4) types of outcome: included outcomes are mass removal of total nitrogen (tn) or total phosphorus (tp) from the water body per unit wetland area and year. removal efficiency of tn or tp (% of load); 5) to be included in the review, it is a prerequisite that the wetland is established in field conditions and exposed to the ambient climate. this means that laboratory and greenhouse studies were excluded and that each study must cover at least one complete annual cycle; 6) in order to reflect realistic conditions the wetland must be of a reasonable size. while typical microcosm studies were excluded, mesocosm studies were included since they potentially provide valuable information on the variability of the outcomes based on true replicates. a cut-off wetland size of 1 m2 was applied; 7) climate: studies conducted in snow climates, warm temperate climates, and equatorial climates with one dry season were included; 8) to be included the studies must have taken all removal processes into account.",1,1,1,1,1,1,1,0,1,1,1,1,1,1,0.9375,water quality
landscape features,10.2134/jeq2006.0462,1,1) papers that did not relate nitrogen removal to buffer width were not included in the results; 2) data presented in proceedings and other non-peer reviewed sources were not included in our meta-analysis.,1,1,0,0,1,1,0,0,0,1,1,0,1,0,0.5625,water quality
landscape features,10.2134/jeq2008.0496,1,1) studies provided quantitative results on pollutant removal by vegetated buffers.,1,0,0,0,1,1,1,0,1,0,1,1,1,0,0.5625,water quality
landscape features,10.2134/jeq2010.0510,0,"1) studies had to quantify pesticide (i.e., herbicides, insecticides, fungicides, and metabolites) retention performance of a vegetated treatment system (vts) by comparing inlet and outlet water-phase concentrations. only studies reporting pesticide peak concentration reduction (i.e., assessment of corresponding concentrations measured at the inlet and the outlet of a vts) were included. in the few cases where only corresponding pesticide loads were reported, these were recorded instead of concentrations; 2) studies had to designate mitigation systems as constructed (or functionally optimized; i.e., intentionally nondredged vegetated ditches), flow-through (existence of inlet and outlet), and outdoor devices (e.g., constructed wetlands, vegetated ditches, forest plots) with a surface area of at least 20 m2. small-scale, experimental mesocosm systems were excluded because they provide only limited and hardly comparable information concerning pesticide mitigation in the field; 3) studies had to be written in english or german; 4) studies had to be published in the peer-reviewed literature.",1,1,0,1,1,1,0,0,0,1,1,0,1,0,0.5625,water quality
leguminous crops,10.1016/j.envpol.2021.117844,1,"relevant studies were selected according to the following criteria: 1) only experiments conducted in china were included; 2) studies must have reported a mean value of cumulative soil nh3 volatilization after fertilization; 3) field, in-situ pot or lysimeter studies were included.",1,1,1,0,1,1,0,1,0,1,1,0,1,0,0.6875,air pollutants emissions
leguminous crops,10.1007/s13593-020-00626-3,1,"(1) the study reported empirically measured, original data on one of the target impact indicators (see section 2.2), excluding simulated data or data cited in reviews or secondary articles; (2) the article examined at least one tropical forage technology (grass, herbaceous or dual-purpose legume, leguminous multipurpose trees, and shrubs hereafter called “shrubs”) but not cereal crop residues, concentrates or tree products—if the technology was a dual-purpose legume, it was only included if the forage or livestock impact was assessed as well; (3) the article focused on ruminant livestock, excluding monogastrics; (4) the study reported data from experimental, “improved” treatments and a control treatment; (5) the reported data was continuous and numerical thus not reported in scores, ranks, percentages or as graphs; (6) the study was written in english; (7) basic experimental information was available in section 2; and (8) the study was conducted in sub-sahara africa.",1,1,1,0,1,1,1,1,1,1,1,1,1,0,0.875,animal production
leguminous crops,10.1002/eap.1648,1,"criteria for inclusion were at least two levels of crop species diversity (e.g., one and two species or two and four species), or at least two levels of functional group diversity (e.g., cereals and cereals + perennial crop). all crop rotations included at least one grain crop; agroforestry and pasture systems were beyond the scope of the study.",1,1,1,0,1,1,0,0,1,1,1,1,1,0,0.75,carbon sequestration
leguminous crops,10.1007/978-3-319-58789-9_4,0,"1)the data are from sub-saharan africa; 2) the publication contains reported carbon and nitrogen data of the four agroforestry practices and a corresponding control plot where the practice was not applied, with mean values reported numerically; 3) data were from well designed and replicated experiments or observational studies either on a research station or on farmers’ fields.",1,0,0,1,1,1,1,0,0,1,0,0,1,0,0.5,carbon sequestration
leguminous crops,10.1007/s13593-019-0589-8,1,"1)paper published in a peer-reviewed scientific journal; unpublished literature and grey literature were excluded. 2) study conducted on a research station or farmer’s field in ssa. 3) study investigated the effect of trees on ecosystem services with a suitable control, i.e., a tree-based system compared with tree-less, or investigation beneath tree crowns compared with investigation outside tree crowns. 4) original field observation or experimental studies, excluding laboratory studies, greenhouse experiments, modeling studies, anecdotal observations, and reviews. 5) studies reporting quantitative information on the sample size and the mean value of the response variable.",1,1,1,0,1,1,0,1,0,1,1,1,1,1,0.8125,carbon sequestration
leguminous crops,10.1016/j.agee.2016.01.005,1,"in general only papers that included information on soil c stocks (as opposed to soil c concentration) were selected, though in some cases soc stock could be calculated from the published data on soc concentration and soil bulk density.",1,0,0,0,1,0,1,0,1,0,1,1,1,0,0.5625,carbon sequestration
leguminous crops,10.1016/j.agee.2020.106899,1,"1)the study originated in the humid or sub-humid tropics; 2) the study compared plots representing one or more simultaneous or sequential agroforestry practices with plots of crop monocultures. studies in which the agroforestry practice involved organic inputs coming from outside (e.g. biomass transfer systems) or in which the tree effect could be confounded with other inputs (e.g. manure inputs as in silvopastoral systems) were excluded from the analysis. furthermore, rotational woodlots (trees grown>3 years) and home-gardens, often classified as agroforestry practices, were excluded from the current analysis due to lack of studies reporting a proper control plot; 3) the study had the same crop species grown in the agroforestry plotand the corresponding control plot; 4) the study quantified one or several of the indicators of aggregate ecosystem function and soil health; 5) only studies conducted on research stations and at the farm scale were included, but those at landscape scale and in the laboratory were excluded.",1,1,1,0,1,1,1,1,0,1,1,0,1,0,0.75,carbon sequestration
leguminous crops,10.1016/j.agee.2022.108017,0,"(1) the study was field experiment laid out as the pairwise comparison between cr practice and cm practice with at least three replications; (2) other factors except cr and cm practices were identical; (3) at least one cm control and cr treatment were included; if the study encompassed more than one cr practice, it separately paired different cr with cm practices; and (4) the means and standard deviation/error of treatment were reported.",1,1,1,0,1,1,0,1,0,1,1,1,1,1,0.75,carbon sequestration
leguminous crops,10.1016/j.agsy.2019.102761,1,"identified research articles were then screened to include only those that reported intercropping, which was considered as treatment and its monocrop counterpart, which was considered as control. the synthesis did not include intercropping of cereals in combination with leguminous shrubs or forages, or with desmodium spp. (i.e., the ‘push-pull technology’) because reviewed elsewhere. observations were also limited to: (i) only two species (one legume and one cereal) in each intercropping experiment due to the difficulty of species categorization, and (ii) results of field experiments rather than simulation or greenhouse studies.",1,1,0,0,1,1,0,0,0,1,1,1,1,0,0.625,carbon sequestration
leguminous crops,10.1016/j.fcr.2021.108146,1,"1) the study was carried out in northern china. 2) the research was performed under field conditions. 3) the main crops following green manure were wheat, maize or potatoes. 4) the study used bare fallow as a control, and all factors other than planting green manure were the same among treatments. 5) green manure species and application methods were identified. 6)the means and replication numbers of the control and green manure treatments were reported for at least one of the following variables: crop yield, soil bulk density, ph, soil organic matter content, hydrolysable n or nitrate-n level, available p content, available k content, soil microbial biomass carbon, enzyme activity and soil moisture. 7) the total duration of the green manure treatments must be specified in the study (= total number of years since first cover crop).",1,1,1,0,1,1,0,1,1,1,1,1,1,0,0.8125,carbon sequestration
leguminous crops,10.1016/j.jaridenv.2016.03.002,1,"study must 1) have been published in a refereed journal, book chapter or peer-reviewed proceeding or any other report; 2) have soil or crop yield measurements ‘under canopy’ and a corresponding measurement ‘outside canopy’ to be treated as a well-defined control; 3) have reported the mean as numerical or graphical data; and 4) reported soil properties for each soil depth separately.",1,0,0,0,1,1,0,0,0,1,0,0,1,0,0.4375,carbon sequestration
leguminous crops,10.1016/j.soilbio.2020.107735,1,"(1) experiments were conducted in the field or at a research station; (2) the publications reported comparisons between controls (e.g., nc control plots; baseline soc) and treatments (i.e., with ccs); (3) the publications were either peer-reviewed journal articles, conference collections, theses, or dissertations; and (4) the publications were written in english or chinese.",1,1,0,0,1,1,0,1,1,1,1,1,1,0,0.75,carbon sequestration
leguminous crops,10.1016/j.still.2019.04.020,1,"only studies that reported both n2o and co2 emissions, cover crops grown between harvesting and planting of cash crops, and cash crops with similar management practices, such as irrigation, fertilization, and tillage practices were selected for the study. studies that lack mean values, replications, and standard error or standard deviation ofthe mean were discarded.",1,1,1,0,1,1,0,1,0,1,1,0,1,0,0.6875,carbon sequestration
leguminous crops,10.1038/srep28974,1,"1) the primary community of study areas is grasslands in which shrub-encroachment (seg) took place in the subsequent time period; (2) shrub encroachment was a natural process, not artificial plantation, and the study area has not been subjected to other experimental treatments such as n addition or precipitation control; (3) the encroaching species are mainly shrubs, and include some prosopis, juiperus and quercus species which with small body or shorter height, but do not include large body or taller trees and sub-shrubs; (4) the studies include pair-wise cases of both shrub-encroached sample areas and contrasting neighboring sample areas. in this study, we treated seg as one vegetation type and compared it with neighboring non-seg, with the non-seg considered as the primary state before shrub encroachment occurred.",1,1,1,0,1,1,1,1,1,1,1,1,1,1,0.9375,carbon sequestration
leguminous crops,10.1080/03650340.2021.1937607,1,"(a) at least one of the targeted fruit tree variables (yield and quality indicators) was reported under both ground cover management and clean tillage (bare soil) management; (b) only field studies were chosen; (c) only the latest observations were taken to meet the standard of independence of samples, when variables were measured at multiple time points; (d) multiple ground cover management types, cover crop species, fruit tree species, cultivation durations, and tree ages in one study were considered as independent observations.",1,1,0,0,1,1,0,1,0,1,1,1,1,0,0.6875,carbon sequestration
leguminous crops,10.1111/1365-2435.12941,1,"when studies also reported soil organic carbon, the authors included soc responses in our dataset. the authors focused on studies that included pair-wise comparisons of shrub-encroachment plots with those without shrubs. we excluded any studies reporting heavy grazing in the study area from the meta-analysis. overall, 32 articles with 114 cases for soil organic c and 66 articles with 207 cases for soil n met our criteria. the authors further identified whether woody plants were potential n fixers, according to sprent (2009) or via searching the literature from the isi web of knowledge to retrieve unambiguous information on plant legume types. thus, the synthesized dataset contained lnrr for soil organic c and n, map (147–1,065 mm), n-fixation (n-fixer or non-fixer) and species identity of encroaching shrubs.",1,1,1,0,1,1,1,0,1,0,1,1,1,0,0.75,carbon sequestration
leguminous crops,10.1890/13-0616.1,1,"authors selected only studies that included a monoculture treatment, were in place for a minimum of three years, and reported the effects of crop rotations on total soil c or n, microbial biomass c or n, or a combination of these variables. studies that included a fallow period in rotation, characterized by no crop production and frequently intensive tillage or herbicide use to control weeds, were excluded from our analysis because of the wide variation in specific fallow management practices. authors included both field and vegetable crops in our analysis.",1,1,0,0,1,1,1,0,1,1,1,1,1,1,0.8125,carbon sequestration
leguminous crops,10.2136/sssaj2002.1930,1,long-term experiments in the published literature that recorded the response of soc to changes in agricultural management.,1,0,0,0,1,0,0,0,0,1,1,0,1,0,0.4375,carbon sequestration
leguminous crops,10.1002/eap.1629,1,"(1) the study was field based (not conducted in a greenhouse or microcosm) and conducted for at least one full growing season; (2) the study reported either actual
yields for all treatments, or relative yield of cultivar mixtures compared to component monocultures; (3) the study included only simultaneous plantings of cultivar mixtures and monocultures, with only one harvest (i.e., not relay planting or multiple cuttings for forage); and (4) a replacement series experimental design was used.",1,1,0,1,1,1,1,0,0,1,0,0,1,1,0.6875,crop yield
leguminous crops,10.1007/978-94-007-0394-0_9,0,not available,1,0,0,0,1,0,0,0,0,0,0,0,1,0,0.1875,crop yield
leguminous crops,10.1007/s10311-017-0698-z,1,"each field experiment systematically included several plots in which the yield was measured for cereals cultivated after cereal species and for cereals cultivated after grain legume species. to limit the risk of bias, all plots that were compared with each other within an experiment were located on the same field site and cultivated during the same growing seasons using the same crop management techniques. in several experiments, the yields of cereals following oilseeds were also available, and these data were included in the dataset to compare the relative effects of oilseeds and grain legumes on the yields of subsequent cereals.",1,1,1,1,1,1,1,0,1,1,1,1,1,0,0.875,crop yield
leguminous crops,10.1007/s11104-008-9547-y,1,"the study must (1) have been published in a referee journal, book chapter or peer-reviewed proceeding, (2) have originated from sub-saharan africa, (3) have reported maize yield from at least one legume species used for green manure or improved fallow (treatment) and a corresponding maize yield from an unfertilized plot (control), (4) be a well designed, randomized and replicated experiment either on a research station or on farmers’ fields, and (5) have reported the mean (and if possible the standard deviation or variance) as numerical or graphical data or this was available by personal communication. maize rotation with food legumes and alley cropping were not considered here.",1,0,0,0,1,1,1,1,0,1,0,0,1,1,0.625,crop yield
leguminous crops,10.1007/s11104-020-04768-x,1,(i) the study quantified biomass and p uptake or p concentration of sole crops and intercrops with the same management (e.g. level of fertilizer input) under field conditions; (ii) it reported the rate of n and p fertilizer; (iii) it reported the plant density in sole crops and intercrops (this information is needed to calculate the net effect).,1,1,1,0,1,1,1,0,0,1,1,1,1,0,0.75,cropping system productivity
leguminous crops,10.1007/s13593-015-0336-8,1,"to be included in this analysis studies had to have a field without nutrient amendment (the control) compared to at least one nutrient amendment scenario (inorganic fertilizer, legume, manure, or om amendment).",1,1,1,0,1,1,1,0,0,1,1,1,0,1,0.75,crop yield
leguminous crops,10.1007/s13593-019-0589-8,1,"criteria: 1) paper published in a peer-reviewed scientific journal; unpublished literature and grey literature were excluded. 2) study conducted on a research station or farmer’s field in ssa. 3) study investigated the effect of trees on ecosystem services with a suitable control, i.e., a tree-based system compared with tree-less, or investigation beneath tree crowns compared with investigation outside tree crowns. 4) original field observation or experimental studies, excluding laboratory studies, greenhouse experiments, modeling studies, anecdotal observations, and reviews. 5) studies reporting quantitative information on the sample size and the mean value of the response variable.",1,1,1,0,1,1,0,1,0,1,1,1,1,1,0.8125,crop yield
leguminous crops,10.1007/s13593-022-00816-1,0,"only research articles reporting primary data based on field experiments on maize and annual grain legume yields either as sole or intercrop in china and africa and published in english were considered for meta-analysis. articles in press and conference papers, reviews, meta-analyses, or research reporting greenhouse or pot experiments were excluded.",1,1,1,1,1,1,0,0,0,1,1,1,1,1,0.75,cropping system productivity
leguminous crops,10.1016/j.agee.2005.07.003,1,"studies compiled in our legume covercrop yield database had the following characteristics: (1) winter legume cover crop followed by an unfertilized cash crop compared to the control, (2) cash crop production every year, (3) no manure or other n additions applied during any phase of the diversified rotation, and (4) cover crop biomass incorporated into the soil or killed before crop planting, with no biomass removal. they excluded studies  if  legume  treatments  had  excessive applications of inorganic n fertilizer or if the green manures were being compared to a zero n control. 
only legume cover crops are considered for this analysis (cash crop after non-legume cover crops is fertilized, so non-legume cover crop were removed in our analysis).",1,1,0,0,1,1,0,0,0,0,1,0,1,0,0.5,crop yield
leguminous crops,10.1016/j.agee.2013.04.018,1,"(i) study of nitrate leaching (nl) in an irrigated agricultural cropping system; (ii) study for at least one growing season; (iii) conducted under field conditions; (iv) nl was measured in terms of mass of n lost (i.e. no3-n concentration and the volume of water leached were both considered). studies that determined the risk of nl through soil or soil solution no3-n concentrations, were not considered as these might give a skewed view of nl. even if the study relied on computer modeling to simulate components of the water balance or solute transport, the studies were selected if data collected under field conditions were the major component of the results. a further selection was conducted by critical examination of these papers for inclusion and exclusion from the data-set, following quality criteria that ensure statistical power avoiding unconscious bias (hedges et al., 1999). these criteria were that: (i) the experimental design had to be sufficiently detailed to determine all critical aspects of the treatments, plot size and recent history, irrigation systems and fertilizer management; (ii) studies reflected typical regional practice; and (iii) in most cases included treatment replicates. in some cases exceptions were made to this final criterion.",1,1,0,1,1,1,0,1,0,1,1,0,1,0,0.6875,crop yield
leguminous crops,10.1016/j.agee.2015.01.023,1,"1. the study was carried out in denmark, sweden, finland or norway. 2. the main crops were spring wheat, spring barley, and oats. 3. catch crops were undersown in spring. 4. the study had an appropriate control group (i.e., one with no catch crop). 5. the study assessed the effects of undersown catch crops on total n leaching, nitrate n leaching, soil nitrate n or inorganic n, grain yield, or grain n content. 6. responses to catch crops were recorded as either original data for each experimental year or as means of treatments (i.e., with undersown catch crops) and controls (i.e., with no catch crops) for the duration of the experiment with standard deviations and sample sizes (number of years).",1,1,1,0,1,1,1,1,0,1,1,1,1,0,0.8125,crop yield
leguminous crops,10.1016/j.agee.2017.09.029,1,"only publications presenting primary source data from on-station or on-farm field experiments were included in the subsequent analysis. legume-cereal mixed cropping experiments were excluded for two reasons: i) they are difficult to compare with monocrops of legumes and cereals and ii) the impacts on crop productivity depend strongly on spatial and temporal crop patterns. a requirement
for inclusion of a study was that the cereal crops belonged to the same variety across treatments and were managed in the same way (including nutrient application rates).",1,1,1,0,1,1,1,1,1,1,1,1,1,0,0.875,crop yield
leguminous crops,10.1016/j.agsy.2018.07.016,1,"literature selected for inclusion in the meta-analysis met the following criteria: 1) studies were conducted in the field (i.e., studies conducted exclusively in a lab or greenhouse were excluded); 2) studies reported data on principal field crops grown in crop rotation and for grain (i.e., intercropping, green manure, and forage crops were excluded); 3) studies were reporting on dry pea, lentil, or both; 4) direct comparisons between pulse-containing and pulse-free rotations were made; 5) new data were reported (i.e., review studies were excluded unless they reported previously unpublished data); and 6) studies were conducted in western canada (manitoba, saskatchewan, alberta).",1,1,0,0,1,1,0,0,0,1,1,0,1,0,0.5625,crop yield
leguminous crops,10.1016/j.agsy.2019.102761,1,"identified research articles were then screened to include only those that reported intercropping, which was considered as treatment and its monocrop counterpart, which was considered as control. the synthesis did not include intercropping of cereals in combination with leguminous shrubs or forages, or with desmodium spp. (i.e., the ‘push-pull technology’) because reviewed elsewhere. observations were also limited to: (i) only two species (one legume and one cereal) in each intercropping experiment due to the difficulty of species categorization, and (ii) results of field experiments rather than simulation or greenhouse studies.",1,1,0,0,1,1,0,0,0,1,1,1,1,0,0.625,cropping system productivity
leguminous crops,10.1016/j.agwat.2021.107085,1,"i. field studies that reported soil water content, cover crops grown between the harvesting of a previous cash crop and planting of a succeeding cash crop, and cash crops with similar management practices, such as irrigation, fertilization, and tillage, were selected for the study. studies conducted on greenhouse and pot experiments were excluded. studies that included cover crop as an intercrop with other crops were also excluded.
ii. data included comparison of cover crops vs. no cover crop (fallow) in a region with similar soil and climatic conditions. studies with the no control treatment were discarded.
iii. treatments were replicated at least three times, and mean values were shown with standard deviation (sd) or standard error (se).
iv. in humid and subhumid regions, two to three crops could be grown in a year. in such cases, only data for those crops that were exclusively stated as cover crops were used for analysis. data for crops used as supplemental cash crops in a year were excluded.
subjected to these criteria, 117 studies from 99 publications from studies conducted across the world were selected for the meta-analysis",1,1,0,0,1,1,0,1,0,1,1,1,1,0,0.6875,crop yield
leguminous crops,10.1016/j.eja.2017.09.009,1,"the initial selection criterion was whether the experiment was conducted for a minimum of three years (temporal variability) or at a minimum of three locations (spatial variability) or for at least two years at two locations. for a particular experiment, all locations had to be situated within the same country. articles ideally had to have grain yield data for each experimental year and location. articles presenting the mean value of grain yield for different years or locations, instead of mentioning yield data for all experimental years or locations, were not considered in the meta-analysis, unless the mean values were presented together with the standard deviation (sd) or coefficient of variation (cv) for grain yield.  experiments containing different cultivars of the same species at different locations or years were also excluded from the analysis, because different cultivars have differing yield performance. the experiments had to have sole crop treatments for both intercrop component species, to allow yield stability between sole crops and intercrops to be compared (same external inputs, such as level of nitrogen fertilisation, irrigation frequency and pesticide level, between intercrop and sole crops in the same experiment).",1,1,1,1,1,1,0,0,0,0,0,0,0,0,0.5,crop yield
leguminous crops,10.1016/j.eja.2019.125987,1,"authors selected studies that met the following criteria: (1) field studies were carried out in china, (2) both crop species produced grain and the yield was calculated on the basis of dry kernel weight (crop species included wheat, maize, barley, rice, faba bean, soybean, chickpea, pea, peanut, mungbean, adzuki bean, oilseed rape, oilseed radish, sesame; for the frequencies of each species combination see fig. 1), (2) yield data that are based on aboveground biomass, fiber or tuber mass were not used (e.g. grass, cotton, potato, cabbage, capsicum and sugarcane), (3) grain yields for both intercrops and sole crops were reported, (4) plant density of intercrops was reported or could be calculated from row distance and plant distance. data records in which the relative density total (rdt) was lower than 1 were excluded.",1,1,1,0,1,1,1,0,0,1,1,1,1,1,0.8125,crop yield
leguminous crops,10.1016/j.fcr.2009.11.014,0,"1) studies must have reported maize yield from at least one nutrient input and a corresponding maize yield from a plot without any external nutrient input; 2) be a well-designed, randomized and replicated experiment on either a research station or farmers’ fields; and 3) have reported mean values as numerical or graphical data. in addition, for any treatment to be included in the analysis, it should have a large number of pairs of observations (ideally hundreds) to allow accurate estimation of parameters.",1,0,0,0,1,1,0,0,0,1,0,0,1,0,0.375,crop yield
leguminous crops,10.1016/j.fcr.2015.01.012,1,"references were requiredto report replicated field trials on the effect of grain legumes anda reference pre-crop on the yield of subsequent cereals or rape-seed. they had to allow for a pair-wise comparison of legume tonon-legume pre-crops, and report level of nitrogen (n) fertilisationto the pre-crops and subsequent crops. references were excluded because they (a) did not report field experimentsbut model results, pot experiments or statistical data from practice(5 references), (b) reported pre-crop effects of legumes grown forforage (6 references), (c) did not allow for pairwise comparison oflegume to non-legume pre-crops (4 references), (d) reported yieldbenefits to crops other than cereals or rapeseed (5 references), or(f) did not specify important experimental data, especially replica-tions, n level, or absolute yield values (5 references).",1,1,0,1,1,0,0,0,0,0,1,0,1,0,0.5,crop yield
leguminous crops,10.1016/j.fcr.2016.08.001,1,"from the original database of yu et al. (2015), all data records of cereal/legume intercrops were extracted. in yu et al. (2015): inclusion criteria of publications for the top cited sample are: (1) peer reviewed english language publication, i.e. excluding conference proceedings, (2) reporting primary data, i.e. excluding reviews (3) reporting field data on annual intercrops, thus excluding publications on systems with perennials, (4) reporting yield data on both intercrops and sole crops, (5) reporting treatments in which pests, diseases and weeds had been adequately controlled, (6) intercropping design was either replacement or additive, (7) reporting of sowing and harvesting dates or reporting total duration and overlapping period of intercrops to allow estimating temporal niche differentiation, (8) reporting consistent results, i.e. excluding publications with discrepancies between reported ler and yield data, or inconsistencies between data in different figures and tables. in the case of the top cited sample we selected only those publications that reported information on all key explanatory variables: temporal niche differentiation, rate of n fertilizer, intercropping pattern and plant densities for intercrops and sole crops. the criterion of completeness of data was not applied to the random sample because only few randomly sampled publications reported information on all explanatory variables. besides, treatments in which the density in the intercrop was lower than that of the sole crops (see below, relative density total rdt < 1) were excluded.",1,1,1,1,1,1,1,0,0,1,0,1,1,0,0.75,cropping system productivity
leguminous crops,10.1016/j.fcr.2019.107659,0,"to be included, an experiment had to meet the following criteria 1) it was performed under field conditions in china and treatments were randomized with replications; 2) the succeeding crop was a field crop; 3) means and standard deviations were provided or could be calculated; 4) a continuous monoculture control and at least one rotation treatment were included; 5) the preceding and succeeding crop species were identified; and 6) treatments differed only in rotation and monoculture crop management. we also excluded multiple publications reporting on the same trials to avoid duplication.",1,1,0,0,1,1,1,1,0,1,1,1,1,1,0.75,crop yield
leguminous crops,10.1016/j.fcr.2019.107661,1,"excluded studies were reviews and conference papers, studies focusing on diseases and weeds, and some studies withreporting problem, e.g. missing sole crop yield, without intercropping configuration information, a reported ler value different for from the one calculated from the yield, or incorrect experiment design.",1,1,1,1,1,1,1,0,0,1,1,1,1,1,0.875,cropping system productivity
leguminous crops,10.1016/j.fcr.2021.108146,1,"1) the study was carried out in northern china. 2) the research was performed under field conditions. 3) the main crops following green manure were wheat, maize or potatoes. 4) the study used bare fallow as a control, and all factors other than planting green manure were the same among treatments. 5) green manure species and application methods were identified. 6)the means and replication numbers of the control and green manure treatments were reported for at least one of the following variables: crop yield, soil bulk density, ph, soil organic matter content, hydrolysable n or nitrate-n level, available p content, available k content, soil microbial biomass carbon, enzyme activity and soil moisture. 7) the total duration of the green manure treatments must be specified in the study (= total number of years since first cover crop).",1,1,1,0,1,1,0,1,1,1,1,1,1,0,0.8125,crop yield
leguminous crops,10.1016/j.fcr.2021.108208,1,"1) data were from field experiments (excluding pot experiments); (2) papers reported original data (no reviews); (3) papers were written in english; (4) papers included both the grain yield of intercrops and sole crops, or reported the ler directly.",1,1,1,1,1,1,1,0,0,1,1,1,1,1,0.875,cropping system productivity
leguminous crops,10.1016/j.fcr.2022.108504,1,"authors adopted a scale-neutral definition of agroforestry, referring to a class of practices where trees (referring to all woody perennials, thus including shrubs) interact with agriculture at field, farm or landscape scale (sinclair, 1999) in the short-, medium or long-term. studies on conservation agriculture using woody perennial species (e.g. stylosanthes spp.) were excluded because they involved a number of other prominent components, such as no-till, which would complicate analyses and comparisons.",1,1,1,0,1,0,0,0,0,0,0,0,1,0,0.4375,crop yield
leguminous crops,10.1016/j.jaridenv.2011.10.011,1,"(1)the data are from one of the four countries burkina faso, mali, niger and senegal; (2) the publication contains reported crop yield of one or more of the 6 ca practices and a corresponding control plot where the practice was not applied, with mean yields either reported numerically or graphically. the yield data from rotations were not time-averaged by including years when other crops were grown while data from tree-based systems were based on total area; (3) data were from well designed and replicated experiments or observational studies either on a research station or on farmers fields.",1,1,0,1,1,1,0,0,0,1,0,1,1,0,0.625,crop yield
leguminous crops,10.1016/j.jaridenv.2016.03.002,1,"study must 1) have been published in a refereed journal, book chapter or peer-reviewed proceeding or any other report; 2) have soil or crop yield measurements ‘under canopy’ and a corresponding measurement ‘outside canopy’ to be treated as a well-defined control; 3) have reported the mean as numerical or graphical data; and 4) reported soil properties for each soil depth separately.",1,0,0,0,1,1,0,0,0,1,0,0,1,0,0.4375,crop yield
leguminous crops,10.1016/j.landusepol.2019.104204,1,"1) it reported the results of an experiment in the mediterranean forests, woodlands, and scrub biome or the central valley of california
2) it compared a winter cover crop with a winter fallow, followed by a food crop in spring or summer (annual food crops in arable fields, including cereals, fruits, and vegetables, but not perennial food crops in orchards
or vineyards)
3) it reported the mean effect on an ecosystem service metric.",1,1,1,1,1,1,0,1,1,1,1,0,1,1,0.875,crop yield
leguminous crops,10.1016/j.scitotenv.2017.10.024,1,"intercropping
data that were considered appropriate for analyses satisfied the following
criteria: 1) intercrops contained only two species; 2) yields for both
species in the intercrop were available, as well as yields in their sole
crops; 3) yields were expressed in terms of the marketable part of
crops, and not their whole biomass; and 4) intercrops and corresponding
sole crops received the same agricultural treatments, i.e., irrigation,
fertilisation and pest management.",1,1,1,0,1,1,1,1,0,1,0,1,1,1,0.8125,cropping system productivity
leguminous crops,10.1016/j.still.2017.03.005,1,"an experiment had to meet the following criteria: 1) it had to be performed by an official institution under field conditions, 2) management practices had to be similar to those applied under production scenarios, 3) a control treatment under bare fallow had to be compared against at least one cover crop treatment, 4) the cover crop species had to be identified, 5) treatments could differ only in fallow-cover crop management and all other factors (grain crop, varieties, fertilization, etc.) had to be similar, 6) the experimental design had to be clearly described (in three cases we contacted the authors of the experiments for some additional missing information), 7) average and number of replications of the control and the cover crop treatments had to be reported for at least one of the following variables: soil bulk density, soil penetration resistance, structural stability, infiltration, organic carbon content, nitrate-n level, available water content, or yield of soybean or maize, 8) experiment duration and time of measurement had to be indicated, 9) sampling depth of soil properties had to be specified. report of treatment variances was not considered as a requisite in this selection because these were not included in many sources and this would have made the meta-analysis impossible. in around 12% of cases (across all variables and experiments) standard deviation or standard errors were available for the control and cover crop treatments, in which case they were extracted. usually, variability of the reported means was included in one or two studies for each addressed variable.",1,1,1,0,1,1,0,1,1,1,1,1,1,0,0.8125,crop yield
leguminous crops,10.1038/s41467-022-32464-0,1,"(1) the rotation experiment was conducted under field conditions and contained side-by-side comparisons of legume and non-legume pre-crop rotations with the same main crop; (2) subsequent crop yield data were reported or could be calculated; (3) the initial climatic conditions, soil properties, and main crop management practices were the same; (4) location of the experiment was stated. in addition, we considered different experiments to be distinct studies when multiple experiments (usually locations) were reported in one publication. when multiple publications originated from the same experiment (usually a long-term experiment), we coded them as the same study. if a publication reported different ‘rotation cycles’ of the crop rotation, we included each cycle independently. when different publications included the same data, we recorded the data only once.",1,1,1,1,1,1,1,1,1,1,1,1,1,1,1,crop yield
leguminous crops,10.1071/CP14252,1,"authors did not review the break-crop effects of forages, pastures and cover crops because their productivity and botanical composition are not always well defined, and grazing by animals introduces further complexity. authors also avoided crop sequences where high-input crops such as potatoes or sugar beet preceded wheat, owing to a risk that residual nutrients following excessive fertiliser use in these crops would dominate the responses",1,0,0,0,1,1,1,0,1,1,1,1,1,0,0.6875,crop yield
leguminous crops,10.1080/03650340.2021.1937607,1,"(a) at least one of the targeted fruit tree variables (yield and quality indicators) was reported under both ground cover management and clean tillage (bare soil) management; (b) only field studies were chosen; (c) only the latest observations were taken to meet the standard of independence of samples, when variables were measured at multiple time points; (d) multiple ground cover management types, cover crop species, fruit tree species, cultivation durations, and tree ages in one study were considered as independent observations.",1,1,0,0,1,1,0,1,0,1,1,1,1,0,0.6875,crop yield
leguminous crops,10.1111/1365-2664.12334,1,"1. the study was an empirical investigation that directly measured yield and at least one biocontrol variable in agricultural fields with at least two levels of plant species richness (e.g. monoculture and polyculture). we considered fields as polycultures only if the multiple species were grown in the same field. species richness included both harvested crops and non-harvested plants (e.g. cover crops). yield was defined as total biomass of the plant tissue for which the crop is grown (e.g. fruit, seed, fibre or leaf weight), not overall plant biomass. metrics of biocontrol were as follows: (i) abundance of arthropod herbivores, (ii) abundance of natural enemies of pests, (iii) degree of pest parasitism or (iv) amount of plant damage. 2. crop species richness differed between treatments at a single point in time (i.e. crop rotations not included). 3. experimental treatments varied based on plant species richness, rather than on other forms of diversity (e.g. genetic diversity). 4. the treatment (i.e. monoculture or polyculture) had more than one replicate.",1,1,0,0,1,1,1,1,1,1,1,1,1,1,0.875,crop yield
leguminous crops,10.1139/cjps-2021-0177,1,"seven inclusion criteria were then applied to uniformly screen references for the meta-analysis, i.e.: 1. the study was performed under humid temperate climate (i.e., north american areas between the 40th and 50th parallels, and european areas between the 45th and 60th parallels); 2. the study was conducted under field conditions (hence, excluding experiments in controlled environments); 3. cash crop corresponded to maize, small grain cereals (i.e., wheat, barley, oat or cereal rye) or soybean cultivated either under intercropping, successive, or full-season ccs; 4. a control treatment without cc was included in the experiment, and crop yields were reported for both the cc and control plots. 5. cash crop yield or cc data averaged on several years or across sites were excluded to consider pedo-climatic variability; 6. total n inputs to the cash crop were provided and similarly applied to both the cc and control plots; 7. the treatments were spatially replicated.",1,1,1,0,1,1,0,0,0,1,1,1,1,0,0.6875,crop yield
leguminous crops,10.2134/agronj13.0590,1,"from the initial search, only the studies including experiments dealing with annual cereal–legume intercrops and investigating at least two n fertilization rates per site were retained; studies were selected on the basis of their inclusion of (i) grain yield data (sole crops and each species of the intercrop), (ii) intercrop and sole cereal treatments left unfertilized and fertilized at the same rate (in each study, 0 kg n ha−1 and at least one n fertilization rate other than 0), and (iii) an unfertilized sole crop of the legume",1,1,1,1,1,1,1,0,0,1,0,1,0,0,0.6875,cropping system productivity
leguminous crops,10.2134/agronj2017.09.0544,1,"studies had to: i) report either biomass or n content for one or more hairy vetch-cereal rye mixtures and at least one monoculture (hairy vetch or cereal rye); ii) report seeding rates of hairy vetch and cereal rye in monocultures and mixtures; iii) report means and sample sizes for each treatment comparison; iv) be in-field replication and randomization, clearly described experimental approaches and sampling protocols; v) be conducted in the united states.",1,1,1,0,1,1,1,1,0,1,1,0,1,0,0.75,cropping system productivity
leguminous crops,10.2134/jeq2018.03.0107,1,"238 observations from 28 studies.  (i) the study compared winter cover crop treatments with no cover crop (control); (ii) no3− leaching was measured during at least the cover crop growth period or for the entire year (during both cover crop and cash crop phases); (iii) cumulative no3− leaching was calculated using both no3− concentrations in the soil solution and the drainage volume; (iv) the study was conducted under natural field conditions (i.e., model-based simulation and indoor lysimeter studies were excluded); (v) all other factors (soil, management, and climate) for each pairwise comparison between no cover crop and cover crop treatments were the same; and (vi) the experimental design, approach, and sampling protocols were clearly described. we excluded studies in which the potential risk of no3− leaching was assessed by comparing profile soil n over the cover crop season. studies with a long history of pasture prior to the experimental year were also excluded because of the potential legacy effect of previous pasture or forage crops on no3− leaching that could mask the true cover crop effect. similarly, studies that were conducted on recently constructed drainage lysimeters or monoliths using disturbed soils were also discarded because the disturbed soil structure in these monoliths could influence drainage characteristics and, hence, no3− leaching. we also excluded studies in which the treatment combinations impeded sole comparison between no cover crop and cover crop treatments.",1,1,1,0,1,1,1,1,0,1,1,1,1,1,0.875,crop yield
leguminous crops,10.2135/cropsci2005.0014,1,"the conditions for including a paper were: 1) reported corn yield data following wcc and a control (i.e., no cover) in more than one environment (i.e., years and/or locations), 2) the study was conducted in the usa or canada, and 3) enough information was provided to estimate the variance (error).",1,1,0,0,1,1,1,1,0,1,0,0,1,1,0.6875,crop yield
leguminous crops,10.2135/cropsci2018.10.0603,1,"exclusion criteria: means for cover crop or no-cover crop treatments were not included, cotton yield or weed growth were not reported, article was a duplicate, article did not contain primary data (review or book), or they were not obtainable using interlibrary loan services (five articles). we did not include intercropping (cover crops grown simultaneously with cotton) studies, nor did we include studies that used weed count as the response variable. for the weed biomass effect size (es), if an experiment included both weed and weed-free fallow no-cover-crop controls, we used the weed fallow no-cover-crop control in our analysis. if an experiment included herbicides applied over all treatments in season, we excluded the weed biomass es but included the cotton biomass es. we identified 104 articles that met our screening criteria (a full citation list and details of primary studies are provided in the supplemental material). papers spanned 48 yr and were in english and portuguese languages. treatment means and number of replications (sample sizes) were collected for each study. for publications reporting means for more than one no-cover-crop (control) treatment in a nonfactorial experiment, we used the no-cover-crop control that most closely approximated the cover crop treatment. if replications were given as a range, we used the smallest value. for studies that did not report number of replications, we used n = 1 unless lsd or ses were provided, in which case we used n = 2.",1,1,0,0,1,1,0,1,0,1,1,1,0,1,0.6875,crop yield
leguminous crops,10.2489/jswc.72.3.226,0,"1. yield records came from corn following a cover crop treatment, and corn following no cover (nc). 2. yields were reported in more than one year or location. 3. enough information was provided to compute study variances. 4. the studies were conducted in the
united states or canada.",1,1,1,1,1,1,1,1,0,1,1,1,1,1,0.875,crop yield
leguminous crops,ISBN: 978-1-63484-496-3,1,"the criterion for including an article in the meta-analysis database was whether it contained detailed data on maize yield, comparing maize-grain legume rotation (mainly including maize-soybean/cowpea rotation and maize-alfalfa/green manure rotation) with cc from field experiments, which had been conducted in an acceptable scientific manner.",1,1,0,0,1,1,1,0,0,1,0,1,1,0,0.625,crop yield
leguminous crops,10.1007/s10705-017-9836-z,1,"only studies conducted in field conditions that were at least one growing season in duration were included. the authors included cover crop studies that measured n2o emissions from cover crop growth periods, cash crop growth periods or both, and examined these sub-groups separately.",1,1,1,0,1,1,0,0,1,1,1,0,1,0,0.6875,ghg emissions
leguminous crops,10.1016/j.fcr.2012.06.007,1,"studies needed to meet several criteria to be included in our analysis. first, n2o and/or ch4 fluxes must have been measured under field conditions for the entire growing season
(i.e. planting to harvest). second, seasonal fluxes and the number of field replications had to be reported for both control and treatment plots. third, growing conditions in the control and treatment plots had to be identical(except for the management practice being studied). 
to be included, exact fertilizer n rates needed to be reported and the grm treatment received the same total n rate as the control treatment. the n amount contributed from grm
ranged from 20 to 60 kg n ha−1 and represented 25–100% of the total n rate.",1,1,0,0,1,1,0,1,0,1,1,0,1,0,0.625,ghg emissions
leguminous crops,10.1016/j.still.2019.04.020,1,"only studies that reported both n2o and co2 emissions, cover crops grown between harvesting and planting of cash crops, and cash crops with similar management practices, such as irrigation, fertilization, and tillage practices were selected for the study. studies that lack mean values, replications, and standard error or standard deviation ofthe mean were discarded.",1,1,1,0,1,1,0,1,0,1,1,0,1,0,0.6875,ghg emissions
leguminous crops,10.1021/es4055324,1,"n2o emissions had to represent at least a full growing season, covering emissions across furrows and seedbeds, and capturing anticipated n2o emissions peaks after tillage, fertilization and wetting. (22) only data from field experiments was included. in addition to growing-season or annual n2o emissions (in kg n2o–n ha–1 yr–1) for each of the field-treatment-year combinations in each study, data for a suite of ancillary variables pertaining to management practices and environmental characteristics were recorded.",1,1,0,0,1,1,1,1,1,1,1,1,1,1,0.875,ghg emissions
leguminous crops,10.2489/jswc.69.6.471,1,"this combination of key terms resulted in approximately  five  thousand  papers. to reduce the number of papers included in the meta-analysis, the following criteria were applied: 
1) studies in which the cover crop is not harvested and is grown between the harvest and planting of cash crops. 
2) studies reporting n2o measurements. 
3) studies with a control treatment varying only in the inclusion of a cover crop and keeping all other management practices such as tillage and n additions equal. 
4) studies that provided enough information (standard errors, standard deviations, coefficients of variation, etc.) about experimental error either in the published paper or in information that was provided by the authors when contacted to allow for an estimate of within study variance.
5) studies published before december of 2012.",1,1,1,1,1,1,1,1,0,1,1,0,1,0,0.8125,ghg emissions
leguminous crops,10.1016/j.agsy.2018.07.016,1,"literature selected for inclusion in the meta-analysis met the following criteria: 1) studies were conducted in the field (i.e., studies conducted exclusively in a lab or greenhouse were excluded); 2) studies reported data on principal field crops grown in crop rotation and for grain (i.e., intercropping, green manure, and forage crops were excluded); 3) studies were reporting on dry pea, lentil, or both; 4) direct comparisons between pulse-containing and pulse-free rotations were made; 5) new data were reported (i.e., review studies were excluded unless they reported previously unpublished data); and 6) studies were conducted in western canada (manitoba, saskatchewan, alberta).",1,1,0,0,1,1,0,0,0,1,1,0,1,0,0.5625,global warming potential (lca)
leguminous crops,10.1371/journal.pone.0148527,1,"1. all experiments should be conducted in croplands in the field. croplands included both  uplands and lowlands under all agricultural irrigated and dryland crops. number of crops grown in a year should be two or less. data on gwp and ghgi estimated by models were excluded for analysis. 2. treatments in the experiments should be replicated, randomized, and arranged in a proper experimental design. 3. for gwp and ghgi calculated by using the soc method, soil c sequestration should have occur to a depth of 20 cm from the initiation of the experiment to the end of ghg measurement period. in the soil respiration method, experiments should have started in the previous year where the amount of crop residue returned to the soil was known. 4. measurement of ghg emissions should occur at regular events. 5. a time horizon of 100 yr should be used to calculate the co2 equivalents of n2o and ch4 emissions. 6. carbon dioxide emissions associated with use of farm equipment for irrigation, tillage, fertilization, planting, herbicide and pesticide application, and harvest as well as manufacture and application of fertilizers and other chemical inputs should be either calculated based on the number of hours the equipment were used multiplied by co2 emissions per liter of fuel
or estimated as shown by various researchers. 7. for comparing the effects of individual and combined management practices on gwp and ghgi, the soc method was used to calculate these parameters.",1,1,0,1,1,0,1,0,1,1,1,1,1,0,0.75,global warming potential (lca)
leguminous crops,10.1007/s13593-020-00626-3,1,"(1) the study reported empirically measured, original data on one of the target impact indicators (see section 2.2), excluding simulated data or data cited in reviews or secondary articles; (2) the article examined at least one tropical forage technology (grass, herbaceous or dual-purpose legume, leguminous multipurpose trees, and shrubs hereafter called “shrubs”) but not cereal crop residues, concentrates or tree products—if the technology was a dual-purpose legume, it was only included if the forage or livestock impact was assessed as well; (3) the article focused on ruminant livestock, excluding monogastrics; (4) the study reported data from experimental, “improved” treatments and a control treatment; (5) the reported data was continuous and numerical thus not reported in scores, ranks, percentages or as graphs; (6) the study was written in english; (7) basic experimental information was available in section 2; and (8) the study was conducted in sub-sahara africa.",1,1,1,0,1,1,1,1,1,1,1,1,1,0,0.875,grassland production
leguminous crops,10.1016/j.agee.2012.12.010,1,"data collection was limited to experimental plots that included exclusively an unimproved herbaceous layer (i.e. unfertilized, nonirrigated, not sown with genetically improved varieties) to avoid possible confounding effects of agricultural inputs with that of tree environment. data collection was restricted to results in which means, variance (standard deviation, standard error, or confidence intervals), and sample size (i.e. total number of repetitions) were reported directly as numerical or graphical data in the paper, or were made available to us through personal communication with the authors. data were considered only if pasture yield estimates for a specific year was available together with precipitation (mm) for the same year.",1,1,1,0,1,1,0,1,0,1,0,1,1,1,0.75,grassland production
leguminous crops,10.1038/s41598-020-74736-z,1,"the search was limited to: (i) field studies with an experimental duration of at least one growing season; (ii) studies reporting yield of grass and/or grass/legume mixtures as response variable; and (iii) studies with experimental treatments for which a suitable control treatment could be identified. control treatments were deemed suitable if experimental factors (i.e. site, sampling time, soil characteristics, and n application rate) were identical to those in the experimental treatment, and the control treatment did not receive any p fertilisation.",1,1,1,1,1,1,1,1,0,1,0,0,1,1,0.8125,grassland production
leguminous crops,10.1371/journal.pone.0200274,1,"means for both intercrop and inter-crop treatments were not presented; sole grass (control) yields were not reported; article was a duplicate; article did not contain primary data (no review or book); articles were not obtainable using interlibrary loan services, were refereed articles, or were conference proceedings, research reports, and bulletins",1,1,1,1,1,1,1,1,0,1,1,1,1,1,0.9375,grassland production
leguminous crops,10.1007/s13593-016-0397-3,0,"(1) a measure of potential nitrogen loss during (i.e., leachate nitrogen) or at the conclusion (i.e., inorganic soil nitrogen) of a fallow period in annual croplands (this included most grain and vegetable crops but excluded most forages, cellulosic bioenergy crops, and tree fruits) and (2) a comparison of at least one planted annual cover crop treatment and a weedy fallow treatment that did not receive any tillage or chemical application to suppress weed growth. studies were included regardless of tillage (conservation vs. conventional tillage) or management (organic vs. conventional) system, although conservation tillage and organic systems were under-represented in the final data set (two studies for each system). other studies were culled because the measure of inorganic soil nitrogen occurred after cover crops and weeds had been terminated and incorporated into the soil (the decomposition of residues confounded estimates of potential nitrogen losses). the species of cover crop and dominant weed species in the weedy fallow treatment were extracted from each study when available; cover crop species were later grouped by legumes and nonlegumes for analysis. in cases where mixtures of cover crops were planted, the treatment was grouped according to the dominant species in the mixture (e.g., a mixture of 70 % nonlegume cover crops and 30 % legume cover crops was grouped with nonlegumes for analysis).",1,1,1,0,1,1,0,1,0,1,1,1,1,0,0.6875,nutrient leaching and run-off
leguminous crops,10.1016/j.agee.2005.07.003,1,"studies compiled in our legume covercrop yield database had the following characteristics: (1) winter legume cover crop followed by an unfertilized cash crop compared to the control, (2) cash crop production every year, (3) no manure or other n additions applied during any phase of the diversified rotation, and (4) cover crop biomass incorporated into the soil or killed before crop planting, with no biomass removal. they excluded studies  if  legume  treatments  had  excessive applications of inorganic n fertilizer or if the green manures were being compared to a zero n control. 
only legume cover crops are considered for this analysis (cash crop after non-legume cover crops is fertilized, so non-legume cover crop were removed in our analysis).",1,1,0,0,1,1,0,0,0,0,1,0,1,0,0.5,nutrient leaching and run-off
leguminous crops,10.1016/j.agee.2013.04.018,1,"(i) study of nitrate leaching (nl) in an irrigated agricultural cropping system; (ii) study for at least one growing season; (iii) conducted under field conditions; (iv) nl was measured in terms of mass of n lost (i.e. no3-n concentration and the volume of water leached were both considered). studies that determined the risk of nl through soil or soil solution no3-n concentrations, were not considered as these might give a skewed view of nl. even if the study relied on computer modeling to simulate components of the water balance or solute transport, the studies were selected if data collected under field conditions were the major component of the results. a further selection was conducted by critical examination of these papers for inclusion and exclusion from the data-set, following quality criteria that ensure statistical power avoiding unconscious bias (hedges et al., 1999). these criteria were that: (i) the experimental design had to be sufficiently detailed to determine all critical aspects of the treatments, plot size and recent history, irrigation systems and fertilizer management; (ii) studies reflected typical regional practice; and (iii) in most cases included treatment replicates. in some cases exceptions were made to this final criterion.",1,1,0,1,1,1,0,1,0,1,1,0,1,0,0.6875,nutrient leaching and run-off
leguminous crops,10.1016/j.agee.2015.01.023,1,"1. the study was carried out in denmark, sweden, finland or norway. 2. the main crops were spring wheat, spring barley, and oats. 3. catch crops were undersown in spring. 4. the study had an appropriate control group (i.e., one with no catch crop). 5. the study assessed the effects of undersown catch crops on total n leaching, nitrate n leaching, soil nitrate n or inorganic n, grain yield, or grain n content. 6. responses to catch crops were recorded as either original data for each experimental year or as means of treatments (i.e., with undersown catch crops) and controls (i.e., with no catch crops) for the duration of the experiment with standard deviations and sample sizes (number of years).",1,1,1,0,1,1,1,1,0,1,1,1,1,0,0.8125,nutrient leaching and run-off
leguminous crops,10.1016/j.catena.2020.105085,1,"the case studies were chosen following the strict quality criteria: (a) the experiments or observations were conducted under field conditions (i.e., no laboratory, rainfall simulation or runoff simulation experiments, etc.); (b) both the ground cover and control (clean tillage or bare ground management) treatments were included in each case study, and the two treatments were exposed to the same environmental conditions; (c) the targeted article contained at least one response variable (runoff or soil loss or nutrients loss observations); (d) when the variable was measured at multiple time points, the average value was calculated to meet the accurate observation results; (e) multiple ground cover species in one study were considered as independent observations.",1,1,1,0,1,1,1,0,1,1,1,1,1,0,0.8125,nutrient leaching and run-off
leguminous crops,10.1016/j.landusepol.2019.104204,1,"1) it reported the results of an experiment in the mediterranean forests, woodlands, and scrub biome or the central valley of california
2) it compared a winter cover crop with a winter fallow, followed by a food crop in spring or summer (annual food crops in arable fields, including cereals, fruits, and vegetables, but not perennial food crops in orchards
or vineyards)
3) it reported the mean effect on an ecosystem service metric.",1,1,1,1,1,1,0,1,1,1,1,0,1,1,0.875,nutrient leaching and run-off
leguminous crops,10.1111/gcb.16269,1,"the excluded articles were those that reported cover crop means without reporting means for ncc treatment, articles that did not report nitrate loading through analyzing leachate (soil n was reported instead), and indoor experiments. likewise, duplicate papers and those lacking experimental data (review or book chapter) and complete information on soil texture, study location, and experiment design were excluded. also, proceedings (only the abstract was available) and papers published before 1931 or articles written in languages other than english were not included. the ncc treatment was compared to each cover cropping system separately for unbalanced experimental designs or where multiple cover cropping systems were conducted.",1,1,1,0,1,1,1,1,1,1,1,1,0,1,0.875,nutrient leaching and run-off
leguminous crops,10.2134/jeq2018.03.0107,1,"238 observations from 28 studies.  (i) the study compared winter cover crop treatments with no cover crop (control); (ii) no3− leaching was measured during at least the cover crop growth period or for the entire year (during both cover crop and cash crop phases); (iii) cumulative no3− leaching was calculated using both no3− concentrations in the soil solution and the drainage volume; (iv) the study was conducted under natural field conditions (i.e., model-based simulation and indoor lysimeter studies were excluded); (v) all other factors (soil, management, and climate) for each pairwise comparison between no cover crop and cover crop treatments were the same; and (vi) the experimental design, approach, and sampling protocols were clearly described. we excluded studies in which the potential risk of no3− leaching was assessed by comparing profile soil n over the cover crop season. studies with a long history of pasture prior to the experimental year were also excluded because of the potential legacy effect of previous pasture or forage crops on no3− leaching that could mask the true cover crop effect. similarly, studies that were conducted on recently constructed drainage lysimeters or monoliths using disturbed soils were also discarded because the disturbed soil structure in these monoliths could influence drainage characteristics and, hence, no3− leaching. we also excluded studies in which the treatment combinations impeded sole comparison between no cover crop and cover crop treatments.",1,1,1,0,1,1,1,1,0,1,1,1,1,1,0.875,nutrient leaching and run-off
leguminous crops,10.1007/s10658-019-01711-4,1,"authors excluded review papers, studies without replicates, studies without quantitative data on disease incidence, or studies that did not report the rate of n fertilizer. in selected studies, cereal crops were wheat (triticum aestivum) or barley (hordeum vulgare) (in two of the 26 papers), and the legume crop was in all instances faba bean (vicia faba). the most common intercrop configuration comprised an alternation of a cereal strip consisting of six rows and a faba bean strip consisting of two rows. plot sizes varied from 30 to 200 m^2. disease observation data were collected in at least three replicate plots. the number of nitrogen fertilizer levels was three or four, including in most cases an unfertilized treatment, conventional fertilizer amount (varying among studies), a reduced rate (often 50% of conventional) and an increased rate (often 150% of conventional). no fungicides or insecticides were used in any of the experiments. the collected publications contained data on six diseases, two of them infecting wheat (powdery mildew, blumeria graminis (dc.) speer, and yellow rust, puccinia striiformis f. sp. tritici), one infecting barley (yellow rust, puccinia striiformis f. sp. hordei), and three of them infecting faba bean (chocolate spot, botrytis fabae, bean rust, uromyces fabae, and fusarium wilt, fusarium oxysporum f. sp. fabae).",1,1,1,0,1,1,1,0,0,0,0,0,1,0,0.5625,pests and diseases
leguminous crops,10.1016/j.agsy.2019.102761,1,"identified research articles were then screened to include only those that reported intercropping, which was considered as treatment and its monocrop counterpart, which was considered as control. the synthesis did not include intercropping of cereals in combination with leguminous shrubs or forages, or with desmodium spp. (i.e., the ‘push-pull technology’) because reviewed elsewhere. observations were also limited to: (i) only two species (one legume and one cereal) in each intercropping experiment due to the difficulty of species categorization, and (ii) results of field experiments rather than simulation or greenhouse studies.",1,1,0,0,1,1,0,0,0,1,1,1,1,0,0.625,pests and diseases
leguminous crops,10.1016/j.fcr.2017.01.010,1,"(i) cc yields were reported, (ii) weed biomass was measured atleast once during the crop cycle or during the cover crop period after harvest, (iii) yield and weed biomass data were reported for both the intercropped treatment and the sole crop control treatment, (iv) the cps used in intercropped treatments were legume species or mixtures of legume/non-legume species, and (v) the cc was seeded at the same rate in the cc and cc + cp treatments (additive intercrop design). articles reporting data already includedin another paper (e.g. series of papers based on the same experiments) were not selected.",1,1,1,1,1,1,1,1,1,1,1,0,1,1,0.9375,pests and diseases
leguminous crops,10.1111/1365-2664.12334,1,"1. the study was an empirical investigation that directly measured yield and at least one biocontrol variable in agricultural fields with at least two levels of plant species richness (e.g. monoculture and polyculture). we considered fields as polycultures only if the multiple species were grown in the same field. species richness included both harvested crops and non-harvested plants (e.g. cover crops). yield was defined as total biomass of the plant tissue for which the crop is grown (e.g. fruit, seed, fibre or leaf weight), not overall plant biomass. metrics of biocontrol were as follows: (i) abundance of arthropod herbivores, (ii) abundance of natural enemies of pests, (iii) degree of pest parasitism or (iv) amount of plant damage. 2. crop species richness differed between treatments at a single point in time (i.e. crop rotations not included). 3. experimental treatments varied based on plant species richness, rather than on other forms of diversity (e.g. genetic diversity). 4. the treatment (i.e. monoculture or polyculture) had more than one replicate.",1,1,0,0,1,1,1,1,1,1,1,1,1,1,0.875,pests and diseases
leguminous crops,10.2135/cropsci2018.10.0603,1,"exclusion criteria: means for cover crop or no-cover crop treatments were not included, cotton yield or weed growth were not reported, article was a duplicate, article did not contain primary data (review or book), or they were not obtainable using interlibrary loan services (five articles). we did not include intercropping (cover crops grown simultaneously with cotton) studies, nor did we include studies that used weed count as the response variable. for the weed biomass effect size (es), if an experiment included both weed and weed-free fallow no-cover-crop controls, we used the weed fallow no-cover-crop control in our analysis. if an experiment included herbicides applied over all treatments in season, we excluded the weed biomass es but included the cotton biomass es. we identified 104 articles that met our screening criteria (a full citation list and details of primary studies are provided in the supplemental material). papers spanned 48 yr and were in english and portuguese languages. treatment means and number of replications (sample sizes) were collected for each study. for publications reporting means for more than one no-cover-crop (control) treatment in a nonfactorial experiment, we used the no-cover-crop control that most closely approximated the cover crop treatment. if replications were given as a range, we used the smallest value. for studies that did not report number of replications, we used n = 1 unless lsd or ses were provided, in which case we used n = 2.",1,1,0,0,1,1,0,1,0,1,1,1,0,1,0.6875,pests and diseases
leguminous crops,10.1007/s11104-020-04768-x,1,(i) the study quantified biomass and p uptake or p concentration of sole crops and intercrops with the same management (e.g. level of fertilizer input) under field conditions; (ii) it reported the rate of n and p fertilizer; (iii) it reported the plant density in sole crops and intercrops (this information is needed to calculate the net effect).,1,1,1,0,1,1,1,0,0,1,1,1,1,0,0.75,plant nutrient uptake
leguminous crops,10.1007/s13593-022-00816-1,0,"only research articles reporting primary data based on field experiments on maize and annual grain legume yields either as sole or intercrop in china and africa and published in english were considered for meta-analysis. articles in press and conference papers, reviews, meta-analyses, or research reporting greenhouse or pot experiments were excluded.",1,1,1,1,1,1,0,0,0,1,1,1,1,1,0.75,plant nutrient uptake
leguminous crops,10.1016/j.agee.2013.04.018,1,"(i) study of nitrate leaching (nl) in an irrigated agricultural cropping system; (ii) study for at least one growing season; (iii) conducted under field conditions; (iv) nl was measured in terms of mass of n lost (i.e. no3-n concentration and the volume of water leached were both considered). studies that determined the risk of nl through soil or soil solution no3-n concentrations, were not considered as these might give a skewed view of nl. even if the study relied on computer modeling to simulate components of the water balance or solute transport, the studies were selected if data collected under field conditions were the major component of the results. a further selection was conducted by critical examination of these papers for inclusion and exclusion from the data-set, following quality criteria that ensure statistical power avoiding unconscious bias (hedges et al., 1999). these criteria were that: (i) the experimental design had to be sufficiently detailed to determine all critical aspects of the treatments, plot size and recent history, irrigation systems and fertilizer management; (ii) studies reflected typical regional practice; and (iii) in most cases included treatment replicates. in some cases exceptions were made to this final criterion.",1,1,0,1,1,1,0,1,0,1,1,0,1,0,0.6875,plant nutrient uptake
leguminous crops,10.1016/j.eja.2020.126077,1,"(i) at least one intercropping between a cereal and a grain legume studied, (ii) written in english, (iii) based on field experiments conducted in a temperature climate latitude from 30-66° and (iv) full-text articles were available. eligible articles were additionally reviewed to check that the following data were reported: (v) n2 fixation by the legume in intercropping and by the sole crop, (vi) total crop n uptake for both intercrop and sole crop treatments, and (vii) n fertilization rates when applied. if the same data were reported in multiple articles, they were only included once, from the article containing most detailed descriptions.",1,1,1,1,1,1,0,1,1,1,1,1,1,1,0.9375,soil nutrients
leguminous crops,10.1016/j.eja.2020.126077,1,"(i) at least one intercropping between a cereal and a grain legume studied, (ii) written in english, (iii) based on field experiments conducted in a temperature climate latitude from 30-66° and (iv) full-text articles were available. eligible articles were additionally reviewed to check that the following data were reported: (v) n2 fixation by the legume in intercropping and by the sole crop, (vi) total crop n uptake for both intercrop and sole crop treatments, and (vii) n fertilization rates when applied. if the same data were reported in multiple articles, they were only included once, from the article containing most detailed descriptions.",1,1,1,1,1,1,0,1,1,1,1,1,1,1,0.9375,plant nutrient uptake
leguminous crops,10.1016/j.fcr.2019.107661,1,"excluded studies were reviews and conference papers, studies focusing on diseases and weeds, and some studies withreporting problem, e.g. missing sole crop yield, without intercropping configuration information, a reported ler value different for from the one calculated from the yield, or incorrect experiment design.",1,1,1,1,1,1,1,0,0,1,1,1,1,1,0.875,plant nutrient uptake
leguminous crops,10.2134/agronj2017.09.0544,1,"studies had to: i) report either biomass or n content for one or more hairy vetch-cereal rye mixtures and at least one monoculture (hairy vetch or cereal rye); ii) report seeding rates of hairy vetch and cereal rye in monocultures and mixtures; iii) report means and sample sizes for each treatment comparison; iv) be in-field replication and randomization, clearly described experimental approaches and sampling protocols; v) be conducted in the united states.",1,1,1,0,1,1,1,1,0,1,1,0,1,0,0.75,plant nutrient uptake
leguminous crops,10.1016/j.geoderma.2020.114696,1,"i. experiments should be conducted in the field and data for legume, nonlegume, and/or mixed cover crops should be compared with no cover crop (fallow) in a region with similar soil and climatic conditions. studies with no control treatment (or fallow) were discarded.
ii. data comparing the effect of legume, nonlegume, and/or mixed (legume + nonlegume + oilseed crops) cover crops on soil microbial properties were selected.
iii. treatments should be replicated at least three times and mean values shown with standard deviation (sd) or standard error (se).
iv. where different rates of fertilization were applied to crops following cover crops, only treatments with the recommended fertilizer rates based on the regions were selected. if different fertilizer types were used to supply nutrients, mean values of nutrients among fertilizer types were calculated and used for the study.",1,1,0,0,1,1,0,1,0,1,1,1,1,1,0.75,soil biological quality
leguminous crops,10.1016/j.pedobi.2016.04.001,1,"criteria: (1) only peer reviewed articles in journals; and (2) studies with sufficient sample size to determine both a mean and standard error. studies were excluded because they did not (1) contain the control, experimental treatment/s and diversity measures as listed above, (2) contain purely agricultural cash crops, or (3) metadata was not available upon request.",1,1,1,0,1,1,1,1,0,1,1,1,1,1,0.875,soil biological quality
leguminous crops,10.1111/1365-2664.12815,1,"(i) a field trial comparing (a) bare winter fallow (i.e. unplanted) vs. cover crop(s), or (b) multiple types of tillage, including a comparison between a ‘conventional’ type (usually a mouldboard plough, i.e. soil inversion) and an alternative (e.g. no-till, chisel till); and (ii) data on amf colonization rates (i.e. per cent root length colonized) on roots of the subsequent annual cash crop. we also examined studies that analysed amf community composition from soil or root samples (by spore morphological identification or genetic analysis) following incorporation of the cover crop and/or tillage. only studies with imposed, replicated treatments at one or more sites were included.",1,1,1,0,1,1,0,0,0,1,1,1,1,1,0.75,soil biological quality
leguminous crops,10.1016/j.agee.2020.106899,1,"1)the study originated in the humid or sub-humid tropics; 2) the study compared plots representing one or more simultaneous or sequential agroforestry practices with plots of crop monocultures. studies in which the agroforestry practice involved organic inputs coming from outside (e.g. biomass transfer systems) or in which the tree effect could be confounded with other inputs (e.g. manure inputs as in silvopastoral systems) were excluded from the analysis. furthermore, rotational woodlots (trees grown>3 years) and home-gardens, often classified as agroforestry practices, were excluded from the current analysis due to lack of studies reporting a proper control plot; 3) the study had the same crop species grown in the agroforestry plotand the corresponding control plot; 4) the study quantified one or several of the indicators of aggregate ecosystem function and soil health; 5) only studies conducted on research stations and at the farm scale were included, but those at landscape scale and in the laboratory were excluded.",1,1,1,0,1,1,1,1,0,1,1,0,1,0,0.75,soil erosion
leguminous crops,10.1016/j.agsy.2019.102761,1,"identified research articles were then screened to include only those that reported intercropping, which was considered as treatment and its monocrop counterpart, which was considered as control. the synthesis did not include intercropping of cereals in combination with leguminous shrubs or forages, or with desmodium spp. (i.e., the ‘push-pull technology’) because reviewed elsewhere. observations were also limited to: (i) only two species (one legume and one cereal) in each intercropping experiment due to the difficulty of species categorization, and (ii) results of field experiments rather than simulation or greenhouse studies.",1,1,0,0,1,1,0,0,0,1,1,1,1,0,0.625,soil erosion
leguminous crops,10.1016/j.catena.2020.105085,1,"the case studies were chosen following the strict quality criteria: (a) the experiments or observations were conducted under field conditions (i.e., no laboratory, rainfall simulation or runoff simulation experiments, etc.); (b) both the ground cover and control (clean tillage or bare ground management) treatments were included in each case study, and the two treatments were exposed to the same environmental conditions; (c) the targeted article contained at least one response variable (runoff or soil loss or nutrients loss observations); (d) when the variable was measured at multiple time points, the average value was calculated to meet the accurate observation results; (e) multiple ground cover species in one study were considered as independent observations.",1,1,1,0,1,1,1,0,1,1,1,1,1,0,0.8125,soil erosion
leguminous crops,10.1007/978-3-319-58789-9_4,0,"1)the data are from sub-saharan africa; 2) the publication contains reported carbon and nitrogen data of the four agroforestry practices and a corresponding control plot where the practice was not applied, with mean values reported numerically; 3) data were from well designed and replicated experiments or observational studies either on a research station or on farmers’ fields.",1,0,0,1,1,1,1,0,0,1,0,0,1,0,0.5,soil nutrients
leguminous crops,10.1007/s13593-019-0589-8,1,"criteria: 1) paper published in a peer-reviewed scientific journal; unpublished literature and grey literature were excluded. 2) study conducted on a research station or farmer’s field in ssa. 3) study investigated the effect of trees on ecosystem services with a suitable control, i.e., a tree-based system compared with tree-less, or investigation beneath tree crowns compared with investigation outside tree crowns. 4) original field observation or experimental studies, excluding laboratory studies, greenhouse experiments, modeling studies, anecdotal observations, and reviews. 5) studies reporting quantitative information on the sample size and the mean value of the response variable.",1,1,1,0,1,1,0,1,0,1,1,1,1,1,0.8125,soil nutrients
leguminous crops,10.1016/j.agee.2020.106899,1,"1)the study originated in the humid or sub-humid tropics; 2) the study compared plots representing one or more simultaneous or sequential agroforestry practices with plots of crop monocultures. studies in which the agroforestry practice involved organic inputs coming from outside (e.g. biomass transfer systems) or in which the tree effect could be confounded with other inputs (e.g. manure inputs as in silvopastoral systems) were excluded from the analysis. furthermore, rotational woodlots (trees grown>3 years) and home-gardens, often classified as agroforestry practices, were excluded from the current analysis due to lack of studies reporting a proper control plot; 3) the study had the same crop species grown in the agroforestry plotand the corresponding control plot; 4) the study quantified one or several of the indicators of aggregate ecosystem function and soil health; 5) only studies conducted on research stations and at the farm scale were included, but those at landscape scale and in the laboratory were excluded.",1,1,1,0,1,1,1,1,0,1,1,0,1,0,0.75,soil nutrients
leguminous crops,10.1016/j.agsy.2019.102761,1,"identified research articles were then screened to include only those that reported intercropping, which was considered as treatment and its monocrop counterpart, which was considered as control. the synthesis did not include intercropping of cereals in combination with leguminous shrubs or forages, or with desmodium spp. (i.e., the ‘push-pull technology’) because reviewed elsewhere. observations were also limited to: (i) only two species (one legume and one cereal) in each intercropping experiment due to the difficulty of species categorization, and (ii) results of field experiments rather than simulation or greenhouse studies.",1,1,0,0,1,1,0,0,0,1,1,1,1,0,0.625,soil nutrients
leguminous crops,10.1016/j.jaridenv.2016.03.002,1,"studies must 1) have been published in a refereed journal, book chapter or peer-reviewed proceeding or any other report; 2) have soil or crop yield measurements ‘under canopy’ and a corresponding measurement ‘outside canopy’ to be treated as a well-defined control; 3) have reported the mean as numerical or graphical data; and 4) reported soil properties for each soil depth separately.",1,0,0,0,1,1,0,0,0,1,0,0,1,0,0.4375,soil nutrients
leguminous crops,10.1016/j.still.2019.04.020,1,"only studies that reported both n2o and co2 emissions, cover crops grown between harvesting and planting of cash crops, and cash crops with similar management practices, such as irrigation, fertilization, and tillage practices were selected for the study. studies that lack mean values, replications, and standard error or standard deviation ofthe mean were discarded.",1,1,1,0,1,1,0,1,0,1,1,0,1,0,0.6875,soil nutrients
leguminous crops,10.1111/1365-2435.12941,1,"when studies also reported soil organic carbon, the authors included soc responses in our dataset. the authors focused on studies that included pair-wise comparisons of shrub-encroachment plots with those without shrubs. we excluded any studies reporting heavy grazing in the study area from the meta-analysis. overall, 32 articles with 114 cases for soil organic c and 66 articles with 207 cases for soil n met our criteria. the authors further identified whether woody plants were potential n fixers, according to sprent (2009) or via searching the literature from the isi web of knowledge to retrieve unambiguous information on plant legume types. thus, the synthesized dataset contained lnrr for soil organic c and n, map (147–1,065 mm), n-fixation (n-fixer or non-fixer) and species identity of encroaching shrubs.",1,1,1,0,1,1,1,0,1,0,1,1,1,0,0.75,soil nutrients
leguminous crops,10.1890/13-0616.1,1,"authors selected only studies that included a monoculture treatment, were in place for a minimum of three years, and reported the effects of crop rotations on total soil c or n, microbial biomass c or n, or a combination of these variables. studies that included a fallow period in rotation, characterized by no crop production and frequently intensive tillage or herbicide use to control weeds, were excluded from our analysis because of the wide variation in specific fallow management practices. authors included both field and vegetable crops in our analysis.",1,1,0,0,1,1,1,0,1,1,1,1,1,1,0.8125,soil nutrients
leguminous crops,10.2136/sssaj2017.07.0245,1,"exclusion criteria: studies that were not relevant in the context of this paper or were not found to include sufficient information regarding soil, crop management, or crops. conference abstracts and studies not providing quantitative results were also rejected.",1,1,1,0,1,1,1,1,0,1,1,1,1,0,0.8125,soil nutrients
leguminous crops,10.1016/j.agsy.2019.102761,1,"identified research articles were then screened to include only those that reported intercropping, which was considered as treatment and its monocrop counterpart, which was considered as control. the synthesis did not include intercropping of cereals in combination with leguminous shrubs or forages, or with desmodium spp. (i.e., the ‘push-pull technology’) because reviewed elsewhere. observations were also limited to: (i) only two species (one legume and one cereal) in each intercropping experiment due to the difficulty of species categorization, and (ii) results of field experiments rather than simulation or greenhouse studies.",1,1,0,0,1,1,0,0,0,1,1,1,1,0,0.625,soil physico-chemical quality
leguminous crops,10.1111/gcb.16269,1,"the excluded articles were those that reported cover crop means without reporting means for ncc treatment, articles that did not report nitrate loading through analyzing leachate (soil n was reported instead), and indoor experiments. likewise, duplicate papers and those lacking experimental data (review or book chapter) and complete information on soil texture, study location, and experiment design were excluded. also, proceedings (only the abstract was available) and papers published before 1931 or articles written in languages other than english were not included. the ncc treatment was compared to each cover cropping system separately for unbalanced experimental designs or where multiple cover cropping systems were conducted.",1,1,1,0,1,1,1,1,1,1,1,1,0,1,0.875,soil physico-chemical quality
leguminous crops,10.1016/j.agsy.2019.102761,1,"identified research articles were then screened to include only those that reported intercropping, which was considered as treatment and its monocrop counterpart, which was considered as control. the synthesis did not include intercropping of cereals in combination with leguminous shrubs or forages, or with desmodium spp. (i.e., the ‘push-pull technology’) because reviewed elsewhere. observations were also limited to: (i) only two species (one legume and one cereal) in each intercropping experiment due to the difficulty of species categorization, and (ii) results of field experiments rather than simulation or greenhouse studies.",1,1,0,0,1,1,0,0,0,1,1,1,1,0,0.625,soil water retention
leguminous crops,10.1080/03650340.2021.1937607,1,"(a) at least one of the targeted fruit tree variables (yield and quality indicators) was reported under both ground cover management and clean tillage (bare soil) management; (b) only field studies were chosen; (c) only the latest observations were taken to meet the standard of independence of samples, when variables were measured at multiple time points; (d) multiple ground cover management types, cover crop species, fruit tree species, cultivation durations, and tree ages in one study were considered as independent observations.",1,1,0,0,1,1,0,1,0,1,1,1,1,0,0.6875,soil water retention
livestock feeding techniques,not available,1,1) papers should contain experiments on sheep with a control group and a group that received saponin; 2) studies should measure methane production in vivo while removing studies that measured this in vitro or estimated methane production using equations. studies conducted in vivo to examine the effects of saponin on methane emission and production parameters in other animals were excluded.,1,1,0,1,1,1,1,1,0,1,1,1,1,1,87.5,ghg emissions
livestock feeding techniques,10.1371/journal.pone.0246922,1,"1) the trial was reported in english; 2) the experiment was conducted in dairy cattle breeds; 3) studies contain at least one control diet without sru supplement and a diet supplemented with the sru product as a partial replacement for plant protein sources; 4) the sru dosage was reported; 5) information on feed ingredient composition of diets was provided or available on request from authors; and 6) information on production performance parameters (dry matter intake, milk yield and composition) was reported or available on request from authors.",1,1,1,1,1,1,0,1,0,1,1,1,1,1,87.5,animal production
livestock feeding techniques,10.1371/journal.pone.0246922,1,"1) the trial was reported in english; 2) the experiment was conducted in dairy cattle breeds; 3) studies contain at least one control diet without sru supplement and a diet supplemented with the sru product as a partial replacement for plant protein sources; 4) the sru dosage was reported; 5) information on feed ingredient composition of diets was provided or available on request from authors; and 6) information on production performance parameters (dry matter intake, milk yield and composition) was reported or available on request from authors.",1,1,1,1,1,1,0,1,0,1,1,1,1,1,87.5,global warming potential (lca)
livestock feeding techniques,10.1371/journal.pone.0246922,1,"1) the trial was reported in english; 2) the experiment was conducted in dairy cattle breeds; 3) studies contain at least one control diet without sru supplement and a diet supplemented with the sru product as a partial replacement for plant protein sources; 4) the sru dosage was reported; 5) information on feed ingredient composition of diets was provided or available on request from authors; and 6) information on production performance parameters (dry matter intake, milk yield and composition) was reported or available on request from authors.",1,1,1,1,1,1,0,1,0,1,1,1,1,1,87.5,nutrient excretion
livestock feeding techniques,10.1016/j.tvjl.2021.105659,1,"1) experiments with beef cattle, and 2) essensial oils and monensin treatments should be present in the study.",1,1,1,1,1,1,1,1,1,1,1,1,1,1,100,animal production
livestock feeding techniques,10.1016/j.tvjl.2021.105659,1,"1) experiments with beef cattle, and 2) essensial oils and monensin treatments should be present in the study.",1,1,1,1,1,1,1,1,1,1,1,1,1,1,100,ghg emissions
livestock feeding techniques,10.3390/ani10040620,1,"1) only in vivo studies using dairy cows were considered; 2) for any variable, studies had to report mean value and its variability for both treated and control groups; 3) only studies which used the eo blend agolin®ruminant at the recommended dosage of 1 g/d per cow were considered; 4) on-farm studies which did not collect data systematically were not considered.",1,1,0,1,1,1,1,1,0,1,1,1,1,1,87.5,animal production
livestock feeding techniques,10.3390/ani10040620,1,"1) only in vivo studies using dairy cows were considered; 2) for any variable, studies had to report mean value and its variability for both treated and control groups; 3) only studies which used the eo blend agolin®ruminant at the recommended dosage of 1 g/d per cow were considered; 4) on-farm studies which did not collect data systematically were not considered.",1,1,0,1,1,1,1,1,0,1,1,1,1,1,87.5,ghg emissions
livestock feeding techniques,10.3168/jds.2020-18541,1,"1) have a control treatment group that did not receive supplementary nitrate; 2) trials conducted in vivo using cattle; 3) measured (i.e., not estimated) ch4 emissions with standard deviation, standard error, or other relative data that can be used to calculate the standard error (e.g., least significant difference); 4) and other required variables described such as animal characteristics, dmi, dietary composition, and bw.",1,1,0,1,1,1,1,1,1,1,1,1,1,0,87.5,ghg emissions
livestock feeding techniques,10.5398/tasj.2020.43.3.233,1,1) the article was published in english; 2) the concentration of chitosan in diet and ch4 emissions were specified; 3) the experiment was carried out by using in  vitro  batch culture systems with cattle or sheep as rumen fluid donors.,1,0,0,0,1,1,0,0,0,0,0,0,1,0,37.5,air pollutants emissions
livestock feeding techniques,10.5398/tasj.2020.43.3.233,1,1) the article was published in english; 2) the concentration of chitosan in diet and ch4 emissions were specified; 3) the experiment was carried out by using in  vitro  batch culture systems with cattle or sheep as rumen fluid donors.,1,0,0,0,1,1,0,0,0,0,0,0,1,0,37.5,ghg emissions
livestock feeding techniques,10.1111/jpn.13341,1,"the selection of publications went through a two-step process. a first screening of titles and abstracts excluded in vitro and simulation studies, reviews and irrelevant articles. the second step was the analysis of full-text articles in order to select articles meeting several criteria: 1) presence of cows’ milk production data; 2) similarity between the control and experimental groups except for the presence of tannin; 3) quantification or possible determination of ingested tannin quantity and 4) only peer-reviewed and non-predatory journal articles (according to the beall's list, accessed on 10 september 2018).",1,1,1,1,1,1,0,1,0,1,1,1,0,1,81.25,animal production
livestock feeding techniques,10.1111/jpn.13341,1,"the selection of publications went through a two-step process. a first screening of titles and abstracts excluded in vitro and simulation studies, reviews and irrelevant articles. the second step was the analysis of full-text articles in order to select articles meeting several criteria: 1) presence of cows’ milk production data; 2) similarity between the control and experimental groups except for the presence of tannin; 3) quantification or possible determination of ingested tannin quantity and 4) only peer-reviewed and non-predatory journal articles (according to the beall's list, accessed on 10 september 2018).",1,1,1,1,1,1,0,1,0,0,1,1,0,1,75,nutrient excretion
livestock feeding techniques,10.5187/jast.2020.62.1.31,1,not clearly defined.,1,1,0,0,1,1,0,0,0,0,0,0,0,0,31.25,animal production
livestock feeding techniques,10.5187/jast.2020.62.1.31,1,not clearly defined.,1,1,0,0,1,1,0,0,0,0,0,0,0,0,31.25,ghg emissions
livestock feeding techniques,10.13031/aim.202001437,0,not reported,1,1,0,0,1,0,0,0,0,0,0,0,1,0,25,air pollutants emissions
livestock feeding techniques,10.13031/aim.202001437,0,not reported,1,1,0,0,1,0,0,0,0,0,0,0,1,0,25,odour emissions
livestock feeding techniques,10.1016/j.agee.2019.106748,1,"1) only data from studies with control treatments were included in ourdatabase, so as to allow side-by-side comparisons.; 2) studies to be included had to include at least one of the following indicators: (i) growth performance; (ii) n and/or p digestibility; (iii) total n and/or p excretion; (iv) nh3 and/or h2s emissionfrom manure; 3) when an experiment in a study had more than one treatment (e.g. various levels of crude protein reduction, various doses of adding enzymes, various fermented feed ingredients and additives), each treatment had a control for comparison. in addition, data quality was further checked by considering the following criteria on treatment design: 4) the effects of dietary manipulations have to be tested as the main objectives of the treatments; 5) the experiments must be conducted in randomized and controlled trials; 6) feed additives have to be administrated through the feed; 7) animals must be free of diseases.",1,1,1,0,1,1,0,0,1,1,1,0,1,0,68.75,air pollutants emissions
livestock feeding techniques,10.1016/j.agee.2019.106748,1,"1) only data from studies with control treatments were included in ourdatabase, so as to allow side-by-side comparisons.; 2) studies to be included had to include at least one of the following indicators: (i) growth performance; (ii) n and/or p digestibility; (iii) total n and/or p excretion; (iv) nh3 and/or h2s emissionfrom manure; 3) when an experiment in a study had more than one treatment (e.g. various levels of crude protein reduction, various doses of adding enzymes, various fermented feed ingredients and additives), each treatment had a control for comparison. in addition, data quality was further checked by considering the following criteria on treatment design: 4) the effects of dietary manipulations have to be tested as the main objectives of the treatments; 5) the experiments must be conducted in randomized and controlled trials; 6) feed additives have to be administrated through the feed; 7) animals must be free of diseases.",1,1,1,0,1,1,0,0,1,1,1,0,1,0,68.75,animal production
livestock feeding techniques,10.1016/j.agee.2019.106748,1,"1) only data from studies with control treatments were included in ourdatabase, so as to allow side-by-side comparisons.; 2) studies to be included had to include at least one of the following indicators: (i) growth performance; (ii) n and/or p digestibility; (iii) total n and/or p excretion; (iv) nh3 and/or h2s emissionfrom manure; 3) when an experiment in a study had more than one treatment (e.g. various levels of crude protein reduction, various doses of adding enzymes, various fermented feed ingredients and additives), each treatment had a control for comparison. in addition, data quality was further checked by considering the following criteria on treatment design: 4) the effects of dietary manipulations have to be tested as the main objectives of the treatments; 5) the experiments must be conducted in randomized and controlled trials; 6) feed additives have to be administrated through the feed; 7) animals must be free of diseases.",1,1,1,0,1,1,0,0,1,1,1,0,1,0,68.75,nutrient excretion
livestock feeding techniques,10.1111/jpn.13367,1,i) they described in vitro or in vivo studies in ruminants; ii) they involved adding mcfa to basal feeds; iii) ch4 emission was directly measured (calculating ch4 emission data were excluded); and iv) the articles were published in english.,1,1,0,1,1,1,0,1,0,1,0,1,1,0,68.75,ghg emissions
livestock feeding techniques,10.3389/fmicb.2019.02648,1,publications were included if: 1) treatment interventions included complete and partial inhibition of rp and rp numbers was reported as cells/ml; 2) the method used to control the rp numbers had to be described for each selected publication. publications were excluded because of the following reasons: 3) publications using 18s rrna sequencing to determine protozoa concentration; 4) publications in which one treatment that combined more than one rp inhibition strategy; 5) publications in which there were no control group.,1,1,0,0,1,1,0,1,0,0,1,0,1,0,56.25,animal production
livestock feeding techniques,10.3389/fmicb.2019.02648,1,publications were included if: 1) treatment interventions included complete and partial inhibition of rp and rp numbers was reported as cells/ml; 2) the method used to control the rp numbers had to be described for each selected publication. publications were excluded because of the following reasons: 3) publications using 18s rrna sequencing to determine protozoa concentration; 4) publications in which one treatment that combined more than one rp inhibition strategy; 5) publications in which there were no control group.,1,1,0,0,1,1,0,1,0,0,1,0,1,0,56.25,ghg emissions
livestock feeding techniques,10.1007/s11356-018-3878-x,1,1) studies should include both a yeast-recipient (treated) group and a control unsupplemented group (no yeast administered); 2) only studies with detailed in vivo measurement of ch4 production were included; 3) the reviews (n = 10) as well as in vivo experiments on influence of yeast on production parameters and ch4 production of other animals (sheep and goat; n = 15) and in vitro experiments (n = 14) were excluded from the database.,1,1,1,1,1,1,1,1,0,1,1,1,1,1,93.75,ghg emissions
livestock feeding techniques,10.1016/j.envpol.2018.10.124,1,"1) data from field-, pilot-, and laboratory-scale studies were included; 2) studies have control treatments to allow assessment of treatment effects, with mean values of nh3 emission for each treatment available.",1,1,0,0,1,1,0,1,1,1,1,0,1,0,68.75,air pollutants emissions
livestock feeding techniques,10.3168/jds.2018-15785,1,"1) an in vivo experiment was conducted; 2) the ch4 emissions were measured directly (i.e., not estimated); 3) the composition of the basal diet was described; 4) the results were available on dmi, and on ch4 production (g/d) or ch4 yield [g/kg of dmi or % of gross energy intake (gei)]; and 5) a statistical analysis was performed. although preferred, the studies did not have to involve the testing of dietary strategies in multiple types of ruminants.",1,1,0,0,1,1,1,0,0,0,0,0,1,0,50,animal production
livestock feeding techniques,10.3168/jds.2018-15785,1,"1) an in vivo experiment was conducted; 2) the ch4 emissions were measured directly (i.e., not estimated); 3) the composition of the basal diet was described; 4) the results were available on dmi, and on ch4 production (g/d) or ch4 yield [g/kg of dmi or % of gross energy intake (gei)]; and 5) a statistical analysis was performed. although preferred, the studies did not have to involve the testing of dietary strategies in multiple types of ruminants.",1,1,0,0,1,1,1,0,0,0,0,0,1,0,50,ghg emissions
livestock feeding techniques,10.1016/j.wasman.2019.05.019,1,"1) the research object was broiler or layer; 2) the study included nh3 emissions; 3) a gas emission flux or gas emission factor was available; and 4) for literature related to mitigation, only studies that reported at least one control group were selected so that the emission mitigation efficiency could be calculated.",1,1,0,0,1,1,0,0,0,1,1,0,1,0,56.25,air pollutants emissions
livestock feeding techniques,10.3168/jds.2018-14456,1,"1) to include a control treatment group that did not receive nop, 2) to be conducted in vivo using cattle, and 3) to include measured ch4 production.",1,1,1,1,1,1,1,1,0,1,1,1,1,0,87.5,ghg emissions
livestock feeding techniques,10.1080/1828051X.2017.1404945,1,"1) experiments were performed directly to ruminants (in vivo), not in vitro; 2) methane emissions were directly measured, not estimated by any predictive equations; 3) articles were published in english. ruminant spe- cies included were dairy cows, beef cattle and sheep.",1,0,0,0,1,1,0,0,0,1,0,0,0,0,37.5,animal production
livestock feeding techniques,10.1080/1828051X.2017.1404945,1,"1) experiments were performed directly to ruminants (in vivo), not in vitro; 2) methane emissions were directly measured, not estimated by any predictive equations; 3) articles were published in english. ruminant spe- cies included were dairy cows, beef cattle and sheep.",1,0,0,0,1,1,0,0,0,1,0,0,0,0,37.5,ghg emissions
livestock feeding techniques,10.1186/s40104-018-0305-6,1,"1) peer-reviewed and published in the english language; 2) complete defaunation in vivo; 3) inclusion of relevant variables for extraction. the relevant variables for this meta-analysis included the daily methane (ch4) production, ruminal vfa profiles and dietary fiber total-tract digestibility.",1,0,0,1,1,1,0,1,0,1,0,1,1,1,68.75,ghg emissions
livestock feeding techniques,10.1007/s10705-017-9893-3,1,"1) the animal type was either cattle or pigs subject to reduced cp in their diets; 2) nh3 emissions were measured and reported in at least one of the following manure management stages: housing, storage or application; 3) reference treatments included initial and final cp levels along with reference nh3 fluxes; 4) studies complied with standards related to animal nutrition and experimental design; 5) the articles were peer reviewed and available in english.",1,1,0,0,1,1,0,0,1,0,0,0,1,0,50,air pollutants emissions
livestock feeding techniques,10.2134/jeq2017.05.0199,1,"1) the animal category was either cattle or pigs; 2) the study was subject to at least one of the eight chosen abatement options; 3) the study measured and reported either nh3 and/or ghg emissions for at least one of the manure management stages of housing, treatment, storage, or application; 4) the study included data on reference treatments and base emissions; and 5) the article was peer reviewed and available in english",1,0,0,0,1,1,0,0,1,0,0,0,1,0,43.75,air pollutants emissions
livestock housing techniques,10.2134/jeq2017.05.0199,1,"1) the animal category was either cattle or pigs; 2) the study was subject to at least one of the eight chosen abatement options; 3) the study measured and reported either nh3 and/or ghg emissions for at least one of the manure management stages of housing, treatment, storage, or application; 4) the study included data on reference treatments and base emissions; and 5) the article was peer reviewed and available in english",1,0,0,0,1,1,0,0,1,0,0,0,1,0,0.4375,air pollutants emissions
livestock feeding techniques,10.1021/acs.est.8b02475,1,"1) the research object was beef cattle; 2) the study included at least one of the ch4, n2o, and nh3 gases; 3) gas emission flux or gas emission factor was available; and 4) for literature related to mitigation, only studies that reported at least one control group were selected, so that emission mitigation efficiency (me) could be calculated.",1,1,0,0,1,1,0,0,1,1,1,0,1,0,62.5,air pollutants emissions
livestock feeding techniques,10.1021/acs.est.8b02475,1,"1) the research object was beef cattle; 2) the study included at least one of the ch4, n2o, and nh3 gases; 3) gas emission flux or gas emission factor was available; and 4) for literature related to mitigation, only studies that reported at least one control group were selected, so that emission mitigation efficiency (me) could be calculated.",1,1,0,0,1,1,0,0,1,1,1,0,1,0,62.5,ghg emissions
livestock feeding techniques,10.1088/1748-9326/aa6cd5,1,"the authors excluded several publications because a lack of defined system boundaries made direct comparisons with other lcas impossible. in addition, some lcas conducted by for-profit companies were excluded because of potential biases.",1,1,0,0,1,1,0,0,1,1,0,0,1,0,56.25,energy use (lca)
livestock feeding techniques,10.1088/1748-9326/aa6cd5,1,"the authors excluded several publications because a lack of defined system boundaries made direct comparisons with other lcas impossible. in addition, some lcas conducted by for-profit companies were excluded because of potential biases.",1,1,0,0,1,1,0,0,1,1,0,0,1,0,56.25,global warming potential (lca)
livestock feeding techniques,10.1088/1748-9326/aa6cd5,1,"the authors excluded several publications because a lack of defined system boundaries made direct comparisons with other lcas impossible. in addition, some lcas conducted by for-profit companies were excluded because of potential biases.",1,1,0,0,1,1,0,0,1,1,0,0,1,0,56.25,land use (lca)
livestock feeding techniques,10.1088/1748-9326/aa6cd5,1,"the authors excluded several publications because a lack of defined system boundaries made direct comparisons with other lcas impossible. in addition, some lcas conducted by for-profit companies were excluded because of potential biases.",1,1,0,0,1,1,0,0,1,1,0,0,1,0,56.25,eutrophication (lca)
livestock feeding techniques,10.1111/gcb.12767,1,"1) only data from studies with reference treatments (i.e. without mitigation/processing measures) were included in our database, so as to allow side-by-side comparisons; 2) to maximize the number of studies, both laboratory and field experiments were taken into account.",1,1,0,0,1,1,0,0,0,1,1,0,1,0,56.25,air pollutants emissions
livestock feeding techniques,10.1080/14735903.2014.936189,1,"1) farm-animal trial data published post-1990 and restricted to only those studies where direct environmental effects were measured. consequently, this excluded studies with companion, zoo and wild animals, and also those that were dietary manipulation rather than supplementation. studies with fish were also excluded; 2) studies using lifecycle analysis, mechanistic and metabolic modelling approaches were omitted as well as those where environmental benefits were related to performance improvements alone.",1,0,0,0,1,1,0,0,1,0,1,1,1,0,56.25,air pollutants emissions
livestock feeding techniques,10.1080/14735903.2014.936189,1,"1) farm-animal trial data published post-1990 and restricted to only those studies where direct environmental effects were measured. consequently, this excluded studies with companion, zoo and wild animals, and also those that were dietary manipulation rather than supplementation. studies with fish were also excluded; 2) studies using lifecycle analysis, mechanistic and metabolic modelling approaches were omitted as well as those where environmental benefits were related to performance improvements alone.",1,0,0,0,1,1,0,0,1,0,1,1,1,0,56.25,ghg emissions
livestock feeding techniques,10.1080/14735903.2014.936189,1,"1) farm-animal trial data published post-1990 and restricted to only those studies where direct environmental effects were measured. consequently, this excluded studies with companion, zoo and wild animals, and also those that were dietary manipulation rather than supplementation. studies with fish were also excluded; 2) studies using lifecycle analysis, mechanistic and metabolic modelling approaches were omitted as well as those where environmental benefits were related to performance improvements alone.",1,0,0,0,1,1,0,0,1,0,1,1,1,0,56.25,nutrient excretion
livestock feeding techniques,10.1080/14735903.2014.936189,1,"1) farm-animal trial data published post-1990 and restricted to only those studies where direct environmental effects were measured. consequently, this excluded studies with companion, zoo and wild animals, and also those that were dietary manipulation rather than supplementation. studies with fish were also excluded; 2) studies using lifecycle analysis, mechanistic and metabolic modelling approaches were omitted as well as those where environmental benefits were related to performance improvements alone.",1,0,0,0,1,1,0,0,1,0,1,1,1,0,56.25,odour emissions
livestock feeding techniques,10.1016/j.agee.2015.04.035,1,not described,1,1,0,0,1,1,0,1,0,1,0,0,1,0,50,ghg emissions
livestock feeding techniques,10.3168/jds.2012-5923,1,1) to include a control treatment group that did not receive monensin; 2) to be conducted in vivo using cattle; 3) to include measured ch4 production as an outcome.,1,1,0,1,1,1,1,1,1,1,1,1,1,1,93.75,ghg emissions
livestock feeding techniques,10.1016/j.anifeedsci.2011.04.018,1,"1) studies not reporting vfa production or concentration could not be included because of lack of information of vfa standard error of the means, which are necessary to calculate the treatment means weighting factor.",1,0,0,0,1,1,1,1,0,0,1,1,0,0,56.25,ghg emissions
livestock feeding techniques,10.4141/CJAS07112,1,"1) in each selected study, there was a control diet [i.e., lower ether extract (ee) content] consisting of a basal diet, and a lipid-supplemented diets (i.e., higher ee content) as dietary treatments; 2) in all studies, control and lipid-supplemented diets were fed for ad libitum intake.",1,0,0,0,1,1,0,0,0,0,1,0,0,0,37.5,animal production
livestock feeding techniques,10.4141/CJAS07112,1,"1) in each selected study, there was a control diet [i.e., lower ether extract (ee) content] consisting of a basal diet, and a lipid-supplemented diets (i.e., higher ee content) as dietary treatments; 2) in all studies, control and lipid-supplemented diets were fed for ad libitum intake.",1,0,0,0,1,1,0,0,0,0,1,0,0,0,37.5,ghg emissions
livestock feeding techniques,10.2527/jas.2006-674,1,not reported,1,0,0,0,1,1,1,1,0,0,1,1,0,0,50,ghg emissions
livestock feeding techniques,10.1016/j.algal.2023.103359,0,"the inclusion criteria were scientific articles and finished book chapters involving studies of macroalgae in the feeding of cattle, sheep, and goats to increase productivity and associated products such as milk and meat and to decrease methane production. different types of publications such as conference summaries, prologues, editorials, news from magazines, and non-specialized newspapers were considered as exclusion criteria.",1,1,1,1,1,0,0,0,0,1,0,1,1,0,56.25,animal production
livestock feeding techniques,10.1016/j.algal.2023.103359,0,"the inclusion criteria were scientific articles and finished book chapters involving studies of macroalgae in the feeding of cattle, sheep, and goats to increase productivity and associated products such as milk and meat and to decrease methane production. different types of publications such as conference summaries, prologues, editorials, news from magazines, and non-specialized newspapers were considered as exclusion criteria.",1,1,1,1,1,0,0,0,0,1,0,1,1,0,56.25,ghg emissions
livestock feeding techniques,10.3168/jds.2022-22211,1,"after rejecting publications that reported in vitro experiments only, were literature reviews, performed life cycle assessments only, or reported ch4 emissions from manure only, this literature search resulted in 25 publications related to the effect of 3-nop on ch4 emissions in dairy cattle. for inclusion in the database, the studies were required to include a control treatment group that did not receive 3-nop, and a treatment group with 3-nop top-dressed or mixed in the diet, and to include measured ch4 production.",1,1,0,0,1,1,1,0,0,1,0,1,1,0,62.5,ghg emissions
livestock feeding techniques,10.17221/124/2022-cjas,1,"initially, a total of 51 articles were retrieved that comprised 20 in vitro and 31 in vivo papers. after further screening, 15 literature sources were excluded since they either were a review paper or did not report any additional levels of biochar.",1,1,0,1,1,1,0,0,0,1,0,0,0,0,50,ghg emissions
livestock feeding techniques,10.17221/124/2022-cjas,1,"initially, a total of 51 articles were retrieved that comprised 20 in vitro and 31 in vivo papers. after further screening, 15 literature sources were excluded since they either were a review paper or did not report any additional levels of biochar.",1,1,0,1,1,1,0,0,0,1,0,0,0,0,50,animal production
livestock feeding techniques,10.17221/124/2022-cjas,1,"initially, a total of 51 articles were retrieved that comprised 20 in vitro and 31 in vivo papers. after further screening, 15 literature sources were excluded since they either were a review paper or did not report any additional levels of biochar.",1,1,0,1,1,1,0,0,0,1,0,0,0,0,50,nutrient excretion
livestock feeding techniques,10.1111/jpn.13853,1,"at this stage, the article had to: (1) be published in english language; (2) concurrently report the utilization of either rcs or ss and its proportion as a treatment and other forages-based silages as a control; (3) be conducted in an in vivo experiments using dairy, beef cattle or small ruminants (lamb, sheep and goat); (4) report replication unit and response variable with its variance (i.e., sd and se). review articles, in vitro experiments, and duplicate papers were excluded from the database. articles without control diet were also disregarded.",1,1,0,1,1,1,0,1,0,1,1,1,0,0,68.75,animal production
livestock feeding techniques,10.1111/jpn.13853,1,"at this stage, the article had to: (1) be published in english language; (2) concurrently report the utilization of either rcs or ss and its proportion as a treatment and other forages-based silages as a control; (3) be conducted in an in vivo experiments using dairy, beef cattle or small ruminants (lamb, sheep and goat); (4) report replication unit and response variable with its variance (i.e., sd and se). review articles, in vitro experiments, and duplicate papers were excluded from the database. articles without control diet were also disregarded.",1,1,0,1,1,1,0,1,0,1,1,1,0,0,68.75,nutrient excretion
livestock feeding techniques,10.1016/j.anifeedsci.2023.115806,1,"the population considered calves, heifers, steers, cows lactating and/or gestating cows and dairy calves. the intervention was represented by the inclusion of tannin in cattle diets. the comparator was considered as animals undergoing the same treatment with or without intervention. two previously trained reviewers independently assessed the publications by analyzing the title, abstract, and keywords of each
abstract. the inclusion criteria for research selection was: (1) it was primary study; (2) evaluate the effects of tannins in the feeding of cattle; and (3) evaluate at least one of the response variables (scfa, n-nh3, dmd or ch4). randomized and non-randomized studies were included. manuscripts",1,1,1,1,1,1,0,0,0,1,0,1,1,1,75,ghg emissions
livestock feeding techniques,10.5713/ab.22.0258,1,articles were included in the database if they met the following criteria: i) the articles employed in vivo studies in ruminants; ii) the addition of m. elsdenii should be the only factor in one treatment; and iii) the articles were published in english.,1,1,0,0,1,1,0,1,0,1,0,1,1,0,62.5,ghg emissions
livestock feeding techniques,10.5713/ab.22.0258,1,articles were included in the database if they met the following criteria: i) the articles employed in vivo studies in ruminants; ii) the addition of m. elsdenii should be the only factor in one treatment; and iii) the articles were published in english.,1,1,0,0,1,1,0,1,0,1,0,1,1,0,62.5,animal production
livestock feeding techniques,10.1016/j.anifeedsci.2022.115564,1,"criteria for articles to be included in the database were: i) articles were published in english, ii) treatments included the addition of
ct sources to basal diet, iii) ct sources were added independently from other interfering treatments, iv) ch4 emissions were measured in vitro or in vivo, and v) experiments were conducted in vivo or based on in vitro rumen fermentation systems.",1,1,0,0,1,1,0,0,0,0,0,1,1,0,50,ghg emissions
livestock feeding techniques,10.5398/tasj.2023.46.1.74,1,"all the journals used for building the database were accepted if “the article is in the english language, contains control experiment, and contains nitrate supplementation as a feed additive for methane mitigation or its effects on the animal performance as well as its toxicity. the papers excluded from the database were review articles, in vitro experiments, or articles that use other nitro-compounds such as 3-nitrooxypropanol as a feed additive for mitigating methane emission, improving animal performance, or studying nitrate toxicity.",1,1,0,1,1,1,0,0,0,0,0,1,1,0,56.25,animal production
livestock feeding techniques,10.5398/tasj.2023.46.1.74,1,"all the journals used for building the database were accepted if “the article is in the english language, contains control experiment, and contains nitrate supplementation as a feed additive for methane mitigation or its effects on the animal performance as well as its toxicity. the papers excluded from the database were review articles, in vitro experiments, or articles that use other nitro-compounds such as 3-nitrooxypropanol as a feed additive for mitigating methane emission, improving animal performance, or studying nitrate toxicity.",1,1,0,1,1,1,0,0,0,0,0,1,1,0,56.25,ghg emissions
livestock feeding techniques,10.1016/j.smallrumres.2023.106919,1,"for inclusion into the meta-analysis, studies had to have the following (standardized criteria): 1) the control treatment without ad- ditive or another strategy to mitigate enteric methane emission; 2) studies performed with tmr and/or feedlot systems and 3) the studies must present the variable methane production and/or yield.",1,1,1,1,1,1,0,1,1,1,0,1,1,1,87.5,ghg emissions
livestock feeding techniques,10.1016/j.smallrumres.2023.106919,1,"for inclusion into the meta-analysis, studies had to have the following (standardized criteria): 1) the control treatment without ad- ditive or another strategy to mitigate enteric methane emission; 2) studies performed with tmr and/or feedlot systems and 3) the studies must present the variable methane production and/or yield.",1,1,1,1,1,1,0,1,1,1,0,1,1,1,87.5,nutrient excretion
livestock feeding techniques,10.1016/j.smallrumres.2023.106919,1,"for inclusion into the meta-analysis, studies had to have the following (standardized criteria): 1) the control treatment without ad- ditive or another strategy to mitigate enteric methane emission; 2) studies performed with tmr and/or feedlot systems and 3) the studies must present the variable methane production and/or yield.",1,1,1,1,1,1,0,1,1,1,0,1,1,1,87.5,animal production
livestock feeding techniques,10.3390/fermentation8060254,1,"the results obtained during the search and selection processes were restricted to studies published between january 2010 and january 2022, and a total of 702 scientific publications were identified. all identified publications were subjected to a two-step screening process, as previ-
ously reported by orzuna-orzuna et al. [33,34]. first, titles and abstracts were reviewed, thereby excluding review articles, simulation articles, studies that did not use beef cattle, in vitro experiments, and studies that did not measure the variables of interest. second, the articles analyzed had to meet some inclusion criteria, similar to those previously de- scribed by other authors [33–35]: (1) studies that used beef cattle housed in confinement, non-lactating, and non-pregnant conditions; (2) studies containing data on nutrient intake and digestibility, productive performance, carcass characteristics, rumen parameters, blood metabolites, and/or meat quality; (3) similarity between control and experimental treat- ments except for the presence of eos; (4) present quantification or possible determination of the dose of eos included in the diets; (5) articles written in the english language and published in peer-reviewed journals; and (6) reporting of least squares means of control and experimental treatments with at least one measure of variability (standard error or standard deviation).",1,1,1,1,1,1,0,1,0,0,1,1,1,1,81.25,animal production
livestock feeding techniques,10.3390/fermentation8060254,1,"the results obtained during the search and selection processes were restricted to studies published between january 2010 and january 2022, and a total of 702 scientific publications were identified. all identified publications were subjected to a two-step screening process, as previ-
ously reported by orzuna-orzuna et al. [33,34]. first, titles and abstracts were reviewed, thereby excluding review articles, simulation articles, studies that did not use beef cattle, in vitro experiments, and studies that did not measure the variables of interest. second, the articles analyzed had to meet some inclusion criteria, similar to those previously de- scribed by other authors [33–35]: (1) studies that used beef cattle housed in confinement, non-lactating, and non-pregnant conditions; (2) studies containing data on nutrient intake and digestibility, productive performance, carcass characteristics, rumen parameters, blood metabolites, and/or meat quality; (3) similarity between control and experimental treat- ments except for the presence of eos; (4) present quantification or possible determination of the dose of eos included in the diets; (5) articles written in the english language and published in peer-reviewed journals; and (6) reporting of least squares means of control and experimental treatments with at least one measure of variability (standard error or standard deviation).",1,1,1,1,1,1,0,1,0,0,1,1,1,1,81.25,nutrient excretion
livestock feeding techniques,10.3390/fermentation8060254,1,"the results obtained during the search and selection processes were restricted to studies published between january 2010 and january 2022, and a total of 702 scientific publications were identified. all identified publications were subjected to a two-step screening process, as previ-
ously reported by orzuna-orzuna et al. [33,34]. first, titles and abstracts were reviewed, thereby excluding review articles, simulation articles, studies that did not use beef cattle, in vitro experiments, and studies that did not measure the variables of interest. second, the articles analyzed had to meet some inclusion criteria, similar to those previously de- scribed by other authors [33–35]: (1) studies that used beef cattle housed in confinement, non-lactating, and non-pregnant conditions; (2) studies containing data on nutrient intake and digestibility, productive performance, carcass characteristics, rumen parameters, blood metabolites, and/or meat quality; (3) similarity between control and experimental treat- ments except for the presence of eos; (4) present quantification or possible determination of the dose of eos included in the diets; (5) articles written in the english language and published in peer-reviewed journals; and (6) reporting of least squares means of control and experimental treatments with at least one measure of variability (standard error or standard deviation).",1,1,1,1,1,1,0,1,0,0,1,1,1,1,81.25,ghg emissions
livestock feeding techniques,10.1111/asj.13765,1,"the present meta-analysis study variables were ruminal fermentation, n balance, digestibility, ch4 emission, and performance. these variables included total protozoa, milk production and composi- tion, and the urea n content in the blood plasma. the tannins applied in the studies originated in extracted forms of the acacia and quebracho trees.",1,1,0,0,1,1,0,1,0,0,0,1,1,0,50,ghg emissions
livestock feeding techniques,10.1111/asj.13765,1,"the present meta-analysis study variables were ruminal fermentation, n balance, digestibility, ch4 emission, and performance. these variables included total protozoa, milk production and composi- tion, and the urea n content in the blood plasma. the tannins applied in the studies originated in extracted forms of the acacia and quebracho trees.",1,1,0,0,1,1,0,1,0,0,0,1,1,0,50,nutrient excretion
livestock feeding techniques,10.1111/asj.13765,1,"the present meta-analysis study variables were ruminal fermentation, n balance, digestibility, ch4 emission, and performance. these variables included total protozoa, milk production and composi- tion, and the urea n content in the blood plasma. the tannins applied in the studies originated in extracted forms of the acacia and quebracho trees.",1,1,0,0,1,1,0,1,0,0,0,1,1,0,50,animal production
livestock feeding techniques,10.1016/j.animal.2022.100458,1,"the criteria of inclusion in the meta-analysis were (1) the study specified a control dietary cp level and a low-protein treatment supplemented with the limiting amino acid; (2) the experimental diet composition was listed in detail; (3) the diet formulations were iso-energetic, and (4) the experimental conditions (bird variety, sex, age, number per treatment, ambient temperature, etc.), feed intake and weight gain were provided.",1,1,1,1,1,1,0,0,0,0,1,1,1,0,68.75,animal production
livestock feeding techniques,10.1016/j.animal.2022.100458,1,"the criteria of inclusion in the meta-analysis were (1) the study specified a control dietary cp level and a low-protein treatment supplemented with the limiting amino acid; (2) the experimental diet composition was listed in detail; (3) the diet formulations were iso-energetic, and (4) the experimental conditions (bird variety, sex, age, number per treatment, ambient temperature, etc.), feed intake and weight gain were provided.",1,1,1,1,1,1,0,0,0,0,1,1,1,0,68.75,nutrient excretion
livestock feeding techniques,10.1016/j.smallrumres.2021.106585,1,"for inclusion into the meta-analysis, studies had to have the following (standardized criteria): 1) the control group does not include any feed additive in the diet; 2) the treatment group includes only the inclusion of tannins sources and 3) study performed with total mixed ration (tmr) and/or confinement systems.",1,1,1,1,1,1,1,1,1,1,1,1,1,1,100,ghg emissions
livestock feeding techniques,10.1016/j.smallrumres.2021.106585,1,"for inclusion into the meta-analysis, studies had to have the following (standardized criteria): 1) the control group does not include any feed additive in the diet; 2) the treatment group includes only the inclusion of tannins sources and 3) study performed with total mixed ration (tmr) and/or confinement systems.",1,1,1,1,1,1,1,1,1,1,1,1,1,1,100,animal production
livestock feeding techniques,10.1016/j.smallrumres.2021.106585,1,"for inclusion into the meta-analysis, studies had to have the following (standardized criteria): 1) the control group does not include any feed additive in the diet; 2) the treatment group includes only the inclusion of tannins sources and 3) study performed with total mixed ration (tmr) and/or confinement systems.",1,1,1,1,1,1,1,1,1,1,1,1,1,1,100,nutrient excretion
livestock feeding techniques,10.1016/j.anifeedsci.2022.115503,1,the following criteria were determined a priori: (1) empirical studies published in a reputable journal; (2) conducted both in vitro and in vivo; (3) randomized experiment involving control and treatment with seaweed; (4) well-designed methods with appropriate statistical approach; (5) reported inclusion levels of seaweed and specified the name of seaweed species; (6) reported rumen fermentation parameters and/or ch4 as major outcome to be used in this meta-analysis; and (7) published in english. no restriction on publication year was applied.,1,1,0,1,1,1,0,1,0,0,1,1,1,0,68.75,ghg emissions
livestock feeding techniques,10.1016/j.anifeedsci.2022.115503,1,the following criteria were determined a priori: (1) empirical studies published in a reputable journal; (2) conducted both in vitro and in vivo; (3) randomized experiment involving control and treatment with seaweed; (4) well-designed methods with appropriate statistical approach; (5) reported inclusion levels of seaweed and specified the name of seaweed species; (6) reported rumen fermentation parameters and/or ch4 as major outcome to be used in this meta-analysis; and (7) published in english. no restriction on publication year was applied.,1,1,0,1,1,1,0,1,0,0,1,1,1,0,68.75,animal production
livestock feeding techniques,10.3390/vetsci9090475,1,"the search results were restricted to studies published between january 2010 and may 2022. first, the titles and abstracts of each publication were reviewed to exclude studies that were not conducted in small ruminants, studies that did not measure any of the variables of interest, studies that used infected small ruminants, reviews, simulation articles, and in vitro experiments. second, to be included in the final database, the articles analyzed had to meet some inclusion criteria: (1) studies that used small ruminants (sheep and goats) housed under confinement conditions; (2) data on nutrient digestibility, animal performance, carcass characteristics, serum metabolites, ruminal parameters, and milk quality and/or meat quality are available; (3) studies that had control and experimental treatments with similar feeding, except for the presence of eos in the diets; (4) studies that indicated the dose of eos used or have sufficient information to estimate the dose of eos included in the diets; (5) studies that were written in english and published in peer-reviewed scientific journals; and (6) studies that reported the means of the control and experimental treatments with standard deviation or standard error and the number of replicates.",1,1,0,1,1,1,0,1,0,1,1,1,1,1,81.25,ghg emissions
livestock feeding techniques,10.3390/vetsci9090475,1,"the search results were restricted to studies published between january 2010 and may 2022. first, the titles and abstracts of each publication were reviewed to exclude studies that were not conducted in small ruminants, studies that did not measure any of the variables of interest, studies that used infected small ruminants, reviews, simulation articles, and in vitro experiments. second, to be included in the final database, the articles analyzed had to meet some inclusion criteria: (1) studies that used small ruminants (sheep and goats) housed under confinement conditions; (2) data on nutrient digestibility, animal performance, carcass characteristics, serum metabolites, ruminal parameters, and milk quality and/or meat quality are available; (3) studies that had control and experimental treatments with similar feeding, except for the presence of eos in the diets; (4) studies that indicated the dose of eos used or have sufficient information to estimate the dose of eos included in the diets; (5) studies that were written in english and published in peer-reviewed scientific journals; and (6) studies that reported the means of the control and experimental treatments with standard deviation or standard error and the number of replicates.",1,1,0,1,1,1,0,1,0,1,1,1,1,1,81.25,animal production
livestock feeding techniques,10.1073/pnas.2111294119,1,"the abstracts of the publications found in the search were reviewed, and based on the abstract content, publications were selected for further consideration if they included in vivo measurement of enteric ch4 emissions, a clearly defined treatment and control, and multiple replications (at least four or more animals in continuous design experiments, cross-over design experiments, and so forth). publications were excluded if they were not from peer-reviewed litera- ture or if they were not in english, french, german, spanish, or portuguese. furthermore, publications were excluded if they were based on inappropriate study design (i.e., experimental period ≤10 d) or measurement technique [e.g., the “sniffer technique” that is based on ch4-to-co2 ratio of exhaled breath].
the completed database consisted of 650 publications. from these, only the publications that had a treatment that could be assigned to one of three main mitigation categories, as described below, and reported statistical variance for at least one of the ch4 emissions emission metrics (e.g., least significant difference, relative standard deviation, or sem) were included in the final analysis. only the mitigation strategies that each had at least two publications for at least one ch4 emission metric and two of the remaining ch4 emission or animal metrics were analyzed within a main category. treatment effects were assessed rel- ative to their respective control values for all responses; therefore, closely related variables and variables with different units were included in the analysis.",1,1,1,1,1,1,0,1,1,1,1,1,1,0,87.5,ghg emissions
livestock feeding techniques,10.1073/pnas.2111294119,1,"the abstracts of the publications found in the search were reviewed, and based on the abstract content, publications were selected for further consideration if they included in vivo measurement of enteric ch4 emissions, a clearly defined treatment and control, and multiple replications (at least four or more animals in continuous design experiments, cross-over design experiments, and so forth). publications were excluded if they were not from peer-reviewed litera- ture or if they were not in english, french, german, spanish, or portuguese. furthermore, publications were excluded if they were based on inappropriate study design (i.e., experimental period ≤10 d) or measurement technique [e.g., the “sniffer technique” that is based on ch4-to-co2 ratio of exhaled breath].
the completed database consisted of 650 publications. from these, only the publications that had a treatment that could be assigned to one of three main mitigation categories, as described below, and reported statistical variance for at least one of the ch4 emissions emission metrics (e.g., least significant difference, relative standard deviation, or sem) were included in the final analysis. only the mitigation strategies that each had at least two publications for at least one ch4 emission metric and two of the remaining ch4 emission or animal metrics were analyzed within a main category. treatment effects were assessed rel- ative to their respective control values for all responses; therefore, closely related variables and variables with different units were included in the analysis.",1,1,1,1,1,1,0,1,1,1,1,1,1,0,87.5,animal production
livestock feeding techniques,10.1371/journal.pone.0249053,1,"experiments were included in the analysis if they met the following inclusion criteria developed by scibus (camden, nsw, australia): were full manuscripts from peer-reviewed journals; experiments were in vivo and the animals studied were cattle; the experiments evaluated use of seaweed or seaweed derived products for dietary supplementation of cattle; they were randomized; they had a description of the randomization processes employed; they had appropriate analysis of data; they contained sufficient data to determine the effect size for production outcomes (e.g., the number of cattle or pens in each treatment and control group); they had a measure of effect so that the data were amenable to effect size (es) analysis for continuous data (e.g., standardized mean difference, smd); and they had a measure of variance (se or sd) for each effect estimate or treatment and control comparisons. studies that could not be adequately interpreted, used purposive and non-representative sampling methods or where authors did not respond to clarify their approach, were excluded. after the initial search and screening 62 different papers (experiments) were identified and papers without a full text (5) were excluded providing 57 papers that were assessed for eligibility. a total of 43 were excluded for the following reasons: the abstract was in english but the full article was in another language (3 experiments), the experiment was in vitro (8 experiments), the article was a review or book chapter (7 articles), the experiment had group feeding resulting in pseudo-replication (2 experiments), the experiment was off topic or had irrelevant outcomes (20 experiments), the experiment lacked measures of variance (2 experiments), or had an inadequate latin square wash-out period (1 experiment).",1,1,1,1,1,1,1,1,0,1,1,1,1,1,93.75,animal production
livestock feeding techniques,10.1371/journal.pone.0249053,1,"experiments were included in the analysis if they met the following inclusion criteria developed by scibus (camden, nsw, australia): were full manuscripts from peer-reviewed journals; experiments were in vivo and the animals studied were cattle; the experiments evaluated use of seaweed or seaweed derived products for dietary supplementation of cattle; they were randomized; they had a description of the randomization processes employed; they had appropriate analysis of data; they contained sufficient data to determine the effect size for production outcomes (e.g., the number of cattle or pens in each treatment and control group); they had a measure of effect so that the data were amenable to effect size (es) analysis for continuous data (e.g., standardized mean difference, smd); and they had a measure of variance (se or sd) for each effect estimate or treatment and control comparisons. studies that could not be adequately interpreted, used purposive and non-representative sampling methods or where authors did not respond to clarify their approach, were excluded. after the initial search and screening 62 different papers (experiments) were identified and papers without a full text (5) were excluded providing 57 papers that were assessed for eligibility. a total of 43 were excluded for the following reasons: the abstract was in english but the full article was in another language (3 experiments), the experiment was in vitro (8 experiments), the article was a review or book chapter (7 articles), the experiment had group feeding resulting in pseudo-replication (2 experiments), the experiment was off topic or had irrelevant outcomes (20 experiments), the experiment lacked measures of variance (2 experiments), or had an inadequate latin square wash-out period (1 experiment).",1,1,1,1,1,1,1,1,0,1,1,1,1,1,93.75,ghg emissions
livestock feeding techniques,10.1093/tas/txac028,1,"(1) publication between 1991 and 2021 in english language, (2) report either sem or sd, (3) inclusion of at least 1 confinement [total mixed ration or fresh cut herbage fed indoors (i.e., zero-grazing)] and 1 grazing treatment in the same study, and (4) use of markers (internal or external) to estimate herbage dry matter intake.",1,1,1,1,1,1,0,1,0,1,1,1,1,1,87.5,animal production
livestock feeding techniques,10.1093/tas/txac028,1,"(1) publication between 1991 and 2021 in english language, (2) report either sem or sd, (3) inclusion of at least 1 confinement [total mixed ration or fresh cut herbage fed indoors (i.e., zero-grazing)] and 1 grazing treatment in the same study, and (4) use of markers (internal or external) to estimate herbage dry matter intake.",1,1,1,1,1,1,0,1,0,1,1,1,1,1,87.5,ghg emissions
livestock feeding techniques,10.3390/ani12151981,0,"peer-reviewed papers were selected for consideration based on relevance. results were screened based on their titles, abstracts, and full text availability according to our inclusion criteria: (1) production animal studies; (2) relative bioavailability evaluation; and (3) copper, iron, manganese and zinc mineral studies. all non-english publications were excluded, and filters were applied to restrict the results to peer reviewed studies.",1,1,1,1,0,0,0,0,0,0,0,0,1,0,37.5,nutrient excretion
livestock feeding techniques,10.1016/j.jclepro.2021.128130,1,"the final database articles were selected based on the following criteria: (i) research articles published in english; (ii) controlled in vivo experiments with adequate replicates per treatment (≥4); (iii) included clear diet formulation with fibrous ingredients, and reported the data of dietary fiber contents and feed intake of pigs; (iv) reported data of urine and fecal nitrogen output in growing or finishing pigs, or data of apparent total tract and ileal digestibility of energy in growing or finishing pigs, or data of apparent total tract digestibility of phosphorous in growing or finishing pigs, or information of digestive enzymes included in diets and data of apparent total tract digestibility of gross energy (ge) in growing or finishing pigs, or information of phytase included in diets and data of apparent and standardized total tract digestibility of phosphorous in growing or finishing pigs.",1,1,1,1,1,1,0,1,1,1,1,1,1,0,87.5,nutrient excretion
livestock feeding techniques,10.1016/j.jclepro.2021.128130,1,"the final database articles were selected based on the following criteria: (i) research articles published in english; (ii) controlled in vivo experiments with adequate replicates per treatment (≥4); (iii) included clear diet formulation with fibrous ingredients, and reported the data of dietary fiber contents and feed intake of pigs; (iv) reported data of urine and fecal nitrogen output in growing or finishing pigs, or data of apparent total tract and ileal digestibility of energy in growing or finishing pigs, or data of apparent total tract digestibility of phosphorous in growing or finishing pigs, or information of digestive enzymes included in diets and data of apparent total tract digestibility of gross energy (ge) in growing or finishing pigs, or information of phytase included in diets and data of apparent and standardized total tract digestibility of phosphorous in growing or finishing pigs.",1,1,1,1,1,1,1,1,1,1,1,1,1,0,93.75,animal production
livestock feeding techniques,10.1016/j.vas.2021.100214,0,"a) studies published in an international peer-reviewed scientific journal, b) specific procedures for random assignment of animals to each treatment (experimental design), c) report minimum means squares and a measure of variability, and c) report the sample size of each group",1,1,1,1,1,1,1,0,0,1,1,1,1,0,75,ghg emissions
livestock feeding techniques,10.3390/su13137410,1,"first, a selection was performed using titles and abstracts excluding in vitro and simulation studies, reviews, and articles that did not measure the variables of interest. subsequently, to be considered, studies had to meet several inclusion criteria previously reported by other authors: (1) studies on adult (male, weaned or older) and confined beef cattle; (2) data on growth performance, nutrient intake and digestibility, ruminal fermentation, urinary and fecal excretion, or in vivo ch4 emissions (measured with respirometry chambers, the sulfur hexafluoride “sf6” tracer technique, or the green-feed system (c-lock inc., rapid city, sd, usa)); (3) similarity between control and experimental groups, except for the presence of tans; (4) quantification or possible determination of dietary tans’ doses; (5) peer-reviewed journal articles written in english; (6) experimental design employed (rotating or continuous); (7) least squares means of the control and experimental groups with variability measures (standard error or standard deviation); and (8) sample size used.",1,1,1,1,1,1,1,1,0,1,1,1,1,1,93.75,animal production
livestock feeding techniques,10.3390/su13137410,1,"first, a selection was performed using titles and abstracts excluding in vitro and simulation studies, reviews, and articles that did not measure the variables of interest. subsequently, to be considered, studies had to meet several inclusion criteria previously reported by other authors: (1) studies on adult (male, weaned or older) and confined beef cattle; (2) data on growth performance, nutrient intake and digestibility, ruminal fermentation, urinary and fecal excretion, or in vivo ch4 emissions (measured with respirometry chambers, the sulfur hexafluoride “sf6” tracer technique, or the green-feed system (c-lock inc., rapid city, sd, usa)); (3) similarity between control and experimental groups, except for the presence of tans; (4) quantification or possible determination of dietary tans’ doses; (5) peer-reviewed journal articles written in english; (6) experimental design employed (rotating or continuous); (7) least squares means of the control and experimental groups with variability measures (standard error or standard deviation); and (8) sample size used.",1,1,1,1,1,1,1,1,0,1,1,1,1,1,93.75,nutrient excretion
livestock feeding techniques,10.3390/su13137410,1,"first, a selection was performed using titles and abstracts excluding in vitro and simulation studies, reviews, and articles that did not measure the variables of interest. subsequently, to be considered, studies had to meet several inclusion criteria previously reported by other authors: (1) studies on adult (male, weaned or older) and confined beef cattle; (2) data on growth performance, nutrient intake and digestibility, ruminal fermentation, urinary and fecal excretion, or in vivo ch4 emissions (measured with respirometry chambers, the sulfur hexafluoride “sf6” tracer technique, or the green-feed system (c-lock inc., rapid city, sd, usa)); (3) similarity between control and experimental groups, except for the presence of tans; (4) quantification or possible determination of dietary tans’ doses; (5) peer-reviewed journal articles written in english; (6) experimental design employed (rotating or continuous); (7) least squares means of the control and experimental groups with variability measures (standard error or standard deviation); and (8) sample size used.",1,1,1,1,1,1,1,1,0,1,1,1,1,1,93.75,ghg emissions
livestock feeding techniques,10.1088/1755-1315/788/1/012028,0,"the main criteria for a paper to be included were: (1) studies were conducted in vivo, (2) saponin contents were reported, and (3) methane was directly measured, not estimated by any methods. data originated from in vitro rumen fermentation experiments were excluded and already reported elsewhere.",1,1,1,0,1,1,0,0,0,1,1,0,0,0,50,ghg emissions
livestock feeding techniques,10.1088/1755-1315/788/1/012028,0,"the main criteria for a paper to be included were: (1) studies were conducted in vivo, (2) saponin contents were reported, and (3) methane was directly measured, not estimated by any methods. data originated from in vitro rumen fermentation experiments were excluded and already reported elsewhere.",1,1,1,0,1,1,0,0,0,0,1,0,0,0,43.75,animal production
livestock feeding techniques,10.1016/j.livsci.2021.104707,1,"studies had the following inclusion criteria: 1) studies published in english peer-reviewed journals, 2) studies conducted with small ruminants only, 3) studies that reported intake, body weight and average daily gain, 4) studies that compared sl against control, and 5) studies that reported the standard error of the mean (sem), standard deviation (sd) and the number of experimental units used per treatment.",1,1,1,1,1,1,1,1,0,1,1,1,0,1,87.5,animal production
livestock feeding techniques,10.1016/j.livsci.2021.104707,1,"studies had the following inclusion criteria: 1) studies published in english peer-reviewed journals, 2) studies conducted with small ruminants only, 3) studies that reported intake, body weight and average daily gain, 4) studies that compared sl against control, and 5) studies that reported the standard error of the mean (sem), standard deviation (sd) and the number of experimental units used per treatment.",1,1,1,1,1,1,0,1,0,1,1,1,0,1,81.25,ghg emissions
livestock feeding techniques,10.1016/j.aninu.2021.09.005,1,"for inclusion in the meta-analysis, studies were required to have methane yield (g/kg dmi) measured, as well as data reported on composition of diets and intake. besides these, other variables required in the dataset were digestibility, animal performance and rumen fermentation indicators (ph, molar proportion of volatile fatty acids, and protozoa count).",1,1,1,0,1,1,1,1,0,1,1,1,1,0,81.25,ghg emissions
livestock feeding techniques,10.1016/j.aninu.2021.09.005,1,"for inclusion in the meta-analysis, studies were required to have methane yield (g/kg dmi) measured, as well as data reported on composition of diets and intake. besides these, other variables required in the dataset were digestibility, animal performance and rumen fermentation indicators (ph, molar proportion of volatile fatty acids, and protozoa count).",1,1,1,0,1,1,1,1,0,1,1,1,1,0,81.25,animal production
livestock feeding techniques,10.1088/1755-1315/902/1/012023,1,"the articles were accepted to be used for the database building if the paper contains nitrate
and in vitro methane production, nitrate and in vitro or in vivo fermentation pattern, or both nitrate and
in vitro methane production and nitrate and the rumen fermentation pattern. if the article contains nitrate
beside the any other methane inhibitors in combination or individually, this article did use for developing
the development of the database. if the paper involved both the in vivo or in vitro addition of nitrate as
a feed additive, the in vitro experiments which involve nitrate and the control diet only are used in the
database.",1,1,1,1,1,1,0,0,0,1,1,1,0,0,68.75,ghg emissions
livestock feeding techniques,10.1016/j.livsci.2021.104551,1,"for inclusion into the meta-analysis, studies had to have the following (inclusion criteria): 1) the control treatment no present the addition of molasses in diet and 2) experiments with dairy cows in lactation.",1,1,1,1,1,1,0,1,1,1,1,1,0,1,87.5,nutrient excretion
livestock feeding techniques,10.1016/j.livsci.2021.104551,1,"for inclusion into the meta-analysis, studies had to have the following (inclusion criteria): 1) the control treatment no present the addition of molasses in diet and 2) experiments with dairy cows in lactation.",1,1,1,1,1,1,0,1,1,1,1,1,0,1,87.5,animal production
livestock feeding techniques,10.1111/jpn.13367,1,i) they described in vitro or in vivo studies in ruminants; ii) they involved adding mcfa to basal feeds; iii) ch4 emission was directly measured (calculating ch4 emission data were excluded); and iv) the articles were published in english.,1,1,0,1,1,1,0,1,0,1,0,1,1,0,68.75,animal production
livestock feeding techniques,10.3390/ani11113317,1,not reported,1,1,1,1,1,1,0,0,0,1,1,0,0,0,56.25,animal production
livestock feeding techniques,10.3390/ani11113317,1,not reported,1,1,1,1,1,1,0,0,0,1,1,0,0,0,56.25,ghg emissions
livestock feeding techniques,10.3390/ani11113317,1,not reported,1,1,1,1,1,1,0,0,0,1,1,0,0,0,56.25,nutrient excretion
livestock feeding techniques,10.1016/j.wasman.2019.05.019,1,"1) the research object was broiler or layer; 2) the study included nh3 emissions; 3) a gas emission flux or gas emission factor was available; and 4) for literature related to mitigation, only studies that reported at least one control group were selected so that the emission mitigation efficiency could be calculated.",1,1,0,0,1,1,0,0,0,1,1,0,1,0,56.25,nutrient excretion
livestock housing techniques,10.1016/j.envpol.2018.10.124,1,"1) data from field-, pilot-, and laboratory-scale studies were included; 2) studies have control treatments to allow assessment of treatment effects, with mean values of nh3 emission for each treatment available.",1,1,0,0,1,1,0,1,1,1,1,0,1,0,0.6875,air pollutants emissions
livestock housing techniques,10.1016/j.wasman.2019.05.019,1,"1) the research object was broiler or layer; 2) the study included nh3 emissions; 3) a gas emission flux or gas emission factor was available; and 4) for literature related to mitigation, only studies that reported at least one control group were selected so that the emission mitigation efficiency could be calculated.",1,1,0,0,1,1,0,0,0,1,1,0,1,0,0.5625,air pollutants emissions
livestock housing techniques,10.1021/acs.est.6b06430,1,"1) the research object was swine; 2) the study included at least one of the ch4, n2o and nh3 gases; 3) gas emission flux or gas emission factor was available; 4) for literature related to mitigation, only studies that reported at least one control group were selected so that emission mitigation efficiency could be calculated.",1,1,0,0,1,1,0,0,1,1,1,0,1,0,0.625,air pollutants emissions
livestock housing techniques,10.1021/acs.est.8b02475,1,"1) the research object was beef cattle; 2) the study included at least one of the ch4, n2o, and nh3 gases; 3) gas emission flux or gas emission factor was available; and 4) for literature related to mitigation, only studies that reported at least one control group were selected, so that emission mitigation efficiency (me) could be calculated.",1,1,0,0,1,1,0,0,1,1,1,0,1,0,0.625,air pollutants emissions
livestock housing techniques,10.1111/gcb.12767,1,"1) only data from studies with reference treatments (i.e. with-out  mitigation/processing measures) were included in ourdatabase, so as to allow side-by-side comparisons; 2) to maximize the number of studies, both laboratory and field experiments were taken into account.",1,1,0,0,1,1,0,0,0,1,0,0,1,0,0.5,air pollutants emissions
livestock housing techniques,10.1371/journal.pone.0232853,1,"to be included in the systematic review, studies should meet the following criteria: 1) full articles from peer-reviewed journals published between 1998 and 2019; 2) evaluation of different litter treatments compared to control groups (no treatment); 3) sufficient quantitative data to calculate the effect size and a complete description of the experimental design were required. the following were excluded from the systematic review: 1) studies published prior to 1998; 2) studies with laying hens, broiler breeders or carried out in vitro or in the laboratory without the presence of animals; 3) studies which did not present averages and measures of variability, studies in which litters or birds were experimentally inoculated with diseases.",1,1,1,1,1,1,1,0,1,1,1,1,1,1,0.9375,air pollutants emissions
manure land application techniques,10.2134/jeq2017.05.0199,1,"the selection criteria were as follows: (i) the animal category was either cattle or pigs; (ii) the study was subject to at least one of the eight chosen abatement options; (iii) the study measured and reported either nh3 and/or ghg emissions for at least one of the manure management stages of housing, treatment, storage, or application; (iv) the study included data on reference treatments and base emissions; and (v) the article was peer reviewed and available in english. this resulted in a selection of 89 peer-reviewed papers and reports measuring nh3 and/or ghg emissions from on-farm and experimental farm settings.",1,0,1,0,1,1,0,0,1,0,0,0,1,0,0.4375,air pollutants emissions
livestock housing techniques,10.1016/j.anireprosci.2020.106278,1,inclusion criteria were: 1) animals and poultry including but not limited to geese; 2) english; 3) light but not limited to light; 4) egg number data included; 5) original research. exclusion criteria were: 1) no geese evaluated; 2) non-english; 3) no light; 4) no egg number data; 5) review.,1,1,1,1,1,1,1,0,0,1,1,1,1,1,0.875,animal production
livestock housing techniques,10.1016/j.livsci.2018.03.012,1,studies were only included in the meta-analysis if they provided information on at least two different floor types.,1,1,0,0,1,1,1,1,0,1,1,1,1,1,0.8125,animal production
livestock housing techniques,10.1080/00071668.2019.1639143,1,"inclusion criteria: 1) complete articles from peer-reviewed journals published since 1996 up to november 2017; 2) evaluation of different litter types compared to wood shavings for rearing broilers; 3) sufficient quantitative data to calculate the effect size. in this case, a quantitative measure of the magnitude of the mean difference for the broilers performance results comparing two treatments and a complete description of the experimental design were required. exclusion criteria were: 1) studies published prior to 1996 that did not contain wood shavings as the tested treatment; 2) studies with laying hens and broiler breeders; 3) studies which did not present averages and measures of variability (standard deviation, standard error, variance, confidence interval, coefficient of variation or values of statistical tests or probabilities).",1,1,0,1,1,1,1,0,0,1,1,1,1,0,0.75,animal production
livestock housing techniques,10.1080/1828051X.2018.1532327,0,"the work must be on lamb from 1) feed-lot production system (in this production system the animals are kept confined in pens that have all the necessary equipment for their care); or free-range (in this production system the animals graze on pastures and fodder trees throughout the day, and may or may not return to the farm at night). 2) diets in the studies can only be with or without supplement (concentrate) but without any supplement of synthetic growth promoter (i.e. steroidal type, somatotropins or b-agonists). the selected articles must include the following information: 1) genotype type of the lamb (wool or hair), 2) specify clearly the procedure used to randomly assign animals to treatment and control groups, 3) provide enough information to determine effect size (ef) of the variables of interest in the meta-analysis, and 4) report information on sample size and variability of the variables of interest (i.e. standard deviation, standard error of mean, etc.).",1,1,1,0,1,1,1,1,0,1,0,1,1,0,0.6875,animal production
livestock housing techniques,10.1371/journal.pone.0232853,1,"to be included in the systematic review, studies should meet the following criteria: 1) full articles from peer-reviewed journals published between 1998 and 2019; 2) evaluation of different litter treatments compared to control groups (no treatment); 3) sufficient quantitative data to calculate the effect size and a complete description of the experimental design were required. the following were excluded from the systematic review: 1) studies published prior to 1998; 2) studies with laying hens, broiler breeders or carried out in vitro or in the laboratory without the presence of animals; 3) studies which did not present averages and measures of variability, studies in which litters or birds were experimentally inoculated with diseases.",1,1,1,1,1,1,1,0,1,1,1,1,1,1,0.9375,animal production
livestock housing techniques,10.1590/0103-8478cr20190830,1,the studies that evaluated the effect of evaporative cooling on the environmental variables of the barn and/or on the reproductive performance of sows and/or on the physiological parameters were selected. there was no date or language restriction for the selected papers. articles in which other categories of the pig production system were evaluated were excluded.,1,1,0,1,1,0,0,0,0,0,0,0,1,0,0.4375,animal production
livestock housing techniques,10.3390/ani10040565,1,"1) inclusion keywords identified manually at this level included beef cattle and housing; 2) exclusion keywords identified manually, based on search results, included dairy, transport, reviews, rabbits, literature review, broiler, cross-sectional, age-matched, in vitro, cells, mice and fish; 3) only articles that conducted randomized control trials were included in this review.",1,1,1,1,1,0,0,0,0,0,0,0,1,0,0.5,animal production
livestock housing techniques,10.1021/acs.est.6b06430,1,"1) the research object was swine; 2) the study included at least one of the ch4, n2o and nh3 gases; 3) gas emission flux or gas emission factor was available; 4) for literature related to mitigation, only studies that reported at least one control group were selected so that emission mitigation efficiency could be calculated.",1,1,0,0,1,1,0,0,1,1,1,0,1,0,0.625,ghg emissions
livestock housing techniques,10.1111/gcb.12767,1,"1) only data from studies with reference treatments (i.e. with-out  mitigation/processing measures) were included in ourdatabase, so as to allow side-by-side comparisons; 2) to maximize the number of studies, both laboratory and field experiments were taken into account.",1,1,0,0,1,1,0,0,0,1,0,0,1,0,0.5,ghg emissions
manure processing techniques,10.2134/jeq2017.05.0199,1,"the selection criteria were as follows: (i) the animal category was either cattle or pigs; (ii) the study was subject to at least one of the eight chosen abatement options; (iii) the study measured and reported either nh3 and/or ghg emissions for at least one of the manure management stages of housing, treatment, storage, or application; (iv) the study included data on reference treatments and base emissions; and (v) the article was peer reviewed and available in english. this resulted in a selection of 89 peer-reviewed papers and reports measuring nh3 and/or ghg emissions from on-farm and experimental farm settings.",1,0,1,0,1,1,0,0,1,0,0,0,1,0,0.4375,air pollutants emissions
low ammonia emission techniques for mineral fertilisation,10.1016/j.agee.2016.08.019,1,studies were included if they met the following criteria. the sample sizes and means of nh3 volatilization had to be reported for control and treatment plots. details on experimental location; year; design and conditions must be provided to enable the cross checking of duplicate publication.,1,1,0,0,1,1,0,1,1,1,1,0,1,0,0.6875,air pollutants emissions
low ammonia emission techniques for mineral fertilisation,10.1016/j.envpol.2018.10.124,1,"database compilation followed the following criteria: data from field-, pilot-, and laboratory-scale studies were included, and studies have control treatments to allow assessment of treatment effects, with mean values of nh3 emission for each treatment available.",1,1,0,0,1,1,0,1,1,1,1,0,1,0,0.6875,air pollutants emissions
low ammonia emission techniques for mineral fertilisation,10.1016/j.fcr.2016.04.023,1,"1) data collection was restricted to side-by-side field experiments in which the effects of various fertilizer management practices on nh3 emissions were examined, with pot and lysimeter studies excluded. 2) we focused only on annual crops, and as such perennial crops and orchards were also not included. 3) nh3 emissions over the course of the entire growing season and the number of field replications had to be reported. 4) the only differences between the control and treatments were management practices, while other conditions had to be identical. a minimum of two studies per category was needed to be included in the meta-analysis.",1,1,0,0,1,1,0,1,0,1,0,0,1,0,0.5625,air pollutants emissions
low ammonia emission techniques for mineral fertilisation,10.1111/gcb.13455,1,"first, only the field, pot, and lysimeter studies on rice, wheat, or corn growth were included. the crop grain had to be harvested and weighted at the physiological mature stage. second, means and samples size had to be reported with a minimum of three replicates. third, the application rates of agricultural materials had to be reported, such as fertilizers (n, p, and k) and inhibitors (ni and ui), for the consideration of the cost–benefit analysis.",1,1,0,1,1,1,0,1,0,1,1,1,1,0,0.75,air pollutants emissions
low ammonia emission techniques for mineral fertilisation,10.1016/j.fcr.2016.04.023,1,"1) data collection was restricted to side-by-side field experiments in which the effects of various fertilizer management practices on nh3 emissions were examined, with pot and lysimeter studies excluded. 2) we focused only on annual crops, and as such perennial crops and orchards were also not included. 3) nh3 emissions over the course of the entire growing season and the number of field replications had to be reported. 4) the only differences between the control and treatments were management practices, while other conditions had to be identical. a minimum of two studies per category was needed to be included in the meta-analysis.",1,1,0,0,1,1,0,1,0,1,0,0,1,0,0.5625,crop yield
low ammonia emission techniques for mineral fertilisation,10.1016/j.fcr.2016.07.018,1,"studies includedinthemeta-analysis fulfilledthe following conditions:
1) published in an international peer-reviewed journal. two exceptions were made specific to the fertilizer placement technique termed cultan (sommer, 2005): a ph.d. thesis and a publication in a national agricultural research center journal.
2) performed under field conditions.
3) contained at least one fertilizer placement treatment (treatment) and one fertilizer broadcast (superficial placement) treatment (control).
4) applied the same or comparable fertilizer types and application rates for treatments and control.",1,1,1,0,1,1,0,1,1,1,1,1,1,1,0.875,crop yield
low ammonia emission techniques for mineral fertilisation,10.1111/gcb.13455,1,"first, only the field, pot, and lysimeter studies on rice, wheat, or corn growth were included. the crop grain had to be harvested and weighted at the physiological mature stage. second, means and samples size had to be reported with a minimum of three replicates. third, the application rates of agricultural materials had to be reported, such as fertilizers (n, p, and k) and inhibitors (ni and ui), for the consideration of the cost–benefit analysis. 
treatment and control in above database, except for the ‘optimizing n rate’, have identical n application rates.",1,1,0,1,1,1,0,1,0,1,1,1,1,0,0.75,crop yield
low ammonia emission techniques for mineral fertilisation,10.1111/gcb.13455,1,"first, only the field, pot, and lysimeter studies on rice, wheat, or corn growth were included. the crop grain had to be harvested and weighted at the physiological mature stage. second, means and samples size had to be reported with a minimum of three replicates. third, the application rates of agricultural materials had to be reported, such as fertilizers (n, p, and k) and inhibitors (ni and ui), for the consideration of the cost–benefit analysis.",1,1,0,1,1,1,0,1,0,1,1,1,1,0,0.75,ghg emissions
low ammonia emission techniques for mineral fertilisation,10.1111/gcb.13455,1,"first, only the field, pot, and lysimeter studies on rice, wheat, or corn growth were included. the crop grain had to be harvested and weighted at the physiological mature stage. second, means and samples size had to be reported with a minimum of three replicates. third, the application rates of agricultural materials had to be reported, such as fertilizers (n, p, and k) and inhibitors (ni and ui), for the consideration of the cost–benefit analysis.",1,1,0,1,1,1,0,1,0,1,1,1,1,0,0.75,nutrient leaching and run-off
low ammonia emission techniques for mineral fertilisation,10.1016/j.fcr.2016.07.018,1,"studies includedinthemeta-analysis fulfilledthe following conditions:
1) published in an international peer-reviewed journal. two exceptions were made specific to the fertilizer placement technique termed cultan (sommer, 2005): a ph.d. thesis and a publication in a national agricultural research center journal.
2) performed under field conditions.
3) contained at least one fertilizer placement treatment (treatment) and one fertilizer broadcast (superficial placement) treatment (control).
4) applied the same or comparable fertilizer types and application rates for treatments and control.",1,1,1,0,1,1,0,1,1,1,1,1,1,1,0.875,plant nutrient uptake
low ammonia emission techniques for mineral fertilisation,10.1111/gcb.13455,1,"first, only the field, pot, and lysimeter studies on rice, wheat, or corn growth were included. the crop grain had to be harvested and weighted at the physiological mature stage. second, means and samples size had to be reported with a minimum of three replicates. third, the application rates of agricultural materials had to be reported, such as fertilizers (n, p, and k) and inhibitors (ni and ui), for the consideration of the cost–benefit analysis. 
treatment and control in above database, except for the ‘optimizing n rate’, have identical n application rates.",1,1,0,1,1,1,0,1,0,1,1,1,1,0,0.75,plant nutrient uptake
manure land application techniques,10.1016/j.envpol.2018.10.124,1,"database compilation followed the following criteria: data from field-, pilot-, and laboratory-scale studies were included, and studies have control treatments to allow assessment of treatment effects, with mean values of nh3 emission for each treatment available.",1,1,0,0,1,1,0,1,1,1,1,0,1,0,0.6875,air pollutants emissions
manure land application techniques,10.1016/j.wasman.2019.05.019,1,"the literature sources used in this study were selected based on the following criteria: (1) the research object was broiler or layer; (2) the study included nh3 emissions; (3) a gas emission flux or gas emission factor was available; and (4) for literature related to mitigation, only studies that reported at least one control group were selected so that the emission mitigation efficiency could be calculated.",1,1,1,0,1,1,0,0,0,1,1,0,1,0,0.625,air pollutants emissions
manure land application techniques,10.1021/acs.est.6b06430,1,"literature sources used in this study were selected based on the following criteria: (1) the research object was swine; (2) the study included at least one of the ch4, n2o and nh3 gases; (3) gas emission flux or gas emission factor was available; (4) for literature related to mitigation, only studies that reported at least one control group were selected so that emission mitigation efficiency could be calculated.",1,1,1,0,1,1,0,0,1,1,1,0,1,0,0.6875,air pollutants emissions
manure land application techniques,10.1021/acs.est.8b02475,1,"literature sources used in this study were selected based on the following criteria: 1) the research object was beef cattle; 2) the study included at least one of the ch4, n2o and nh3 gases; 3) gas emission flux or gas emission factor was available; 4) for literature related to mitigation, only studies that reported at least one control group were selected, so that emission mitigation efficiency (me) could be calculated.",1,1,1,0,1,1,0,0,1,1,1,0,1,0,0.6875,air pollutants emissions
manure land application techniques,10.1111/gcb.12767,1,"only data from studies with reference treatments (i.e. without mitigation/processing measures) were included in our database, so as to allow side-by-side comparisons. to maximize the number of studies, both laboratory and field experiments were taken into account. the reported experiments and measurements were predominately conducted in eu, united states and canada. mean values of replicates for each treatment were included in the database. manure characteristics (e.g. manure type, dry matter content, total n content, ammoniacal n content and ph), land use parameters (e.g. soil texture, vegetation), environmental conditions (e.g. temperature, seasons and geographical locations) were also included, and used to, if possible, quantify their relationships with emissions and the effectiveness of the measures.",1,1,1,0,1,1,1,1,1,1,1,1,1,0,0.875,air pollutants emissions
manure storage techniques,10.2134/jeq2017.05.0199,1,"the selection criteria were as follows: (i) the animal category was either cattle or pigs; (ii) the study was subject to at least one of the eight chosen abatement options; (iii) the study measured and reported either nh3 and/or ghg emissions for at least one of the manure management stages of housing, treatment, storage, or application; (iv) the study included data on reference treatments and base emissions; and (v) the article was peer reviewed and available in english. this resulted in a selection of 89 peer-reviewed papers and reports measuring nh3 and/or ghg emissions from on-farm and experimental farm settings.",1,0,1,0,1,1,0,0,1,0,0,0,1,0,0.4375,air pollutants emissions
manure land application techniques,10.3390/agronomy10111633,1,not specified,1,1,0,0,1,1,0,1,0,1,0,0,1,0,0.5,air pollutants emissions
manure land application techniques,10.1016/j.fcr.2016.07.018,1,"priority was given to scientific papers published from recent years till 2000 before older publications were considered. studies included in the meta-analysis fulfilled the following conditions: 1) published in an international peer-reviewed journal. two exceptions were made specific to the fertilizer placement technique termed cultan (sommer, 2005): a ph.d. thesis and a publication in a national agricultural research center journal. 2) performed under field conditions. 3) contained at least one fertilizer placement treatment (treatment) and one fertilizer broadcast (or broadcast/incorporation) treatment (control). 4) applied the same or comparable fertilizer types and application rates for treatments and control.",1,1,0,0,1,1,1,1,1,1,1,1,1,1,0.875,crop yield
manure land application techniques,10.2134/agronj2017.09.0513,1,1) replicated experimental design (≥3 replications); 2) clear description of soil and poultry litter used; 3) have at least one poultry litter treatment and is comparable against an if treatment; 4) data containing means and standard deviation (or standard error).,1,1,1,0,1,1,0,1,0,1,1,1,1,1,0.8125,crop yield
manure land application techniques,10.1007/s10705-017-9836-z,1,"1) only studies conducted in field conditions that were at least one growing season in duration were included; 2) the authors included cover crop studies that measured n2o emissions from cover crop growth periods, cash crop growth periods or both.",1,1,1,0,1,1,0,0,1,1,1,0,1,0,0.6875,ghg emissions
manure land application techniques,10.1021/acs.est.6b06430,1,"literature sources used in this study were selected based on the following criteria: (1) the research object was swine; (2) the study included at least one of the ch4, n2o and nh3 gases; (3) gas emission flux or gas emission factor was available; (4) for literature related to mitigation, only studies that reported at least one control group were selected so that emission mitigation efficiency could be calculated.",1,1,1,0,1,1,0,0,1,1,1,0,1,0,0.6875,ghg emissions
manure land application techniques,10.1021/acs.est.8b02475,1,"literature sources used in this study were selected based on the following criteria: 1) the research object was beef cattle; 2) the study included at least one of the ch4, n2o and nh3 gases; 3) gas emission flux or gas emission factor was available; 4) for literature related to mitigation, only studies that reported at least one control group were selected, so that emission mitigation efficiency (me) could be calculated.",1,1,1,0,1,1,0,0,1,1,1,0,1,0,0.6875,ghg emissions
manure land application techniques,10.1111/gcb.12767,1,"only data from studies with reference treatments (i.e. without mitigation/processing measures) were included in our database, so as to allow side-by-side comparisons. to maximize the number of studies, both laboratory and field experiments were taken into account. the reported experiments and measurements were predominately conducted in eu, united states and canada. mean values of replicates for each treatment were included in the database. manure characteristics (e.g. manure type, dry matter content, total n content, ammoniacal n content and ph), land use parameters (e.g. soil texture, vegetation), environmental conditions (e.g. temperature, seasons and geographical locations) were also included, and used to, if possible, quantify their relationships with emissions and the effectiveness of the measures.",1,1,1,0,1,1,1,1,1,1,1,1,1,0,0.875,ghg emissions
livestock feeding techniques,10.2134/jeq2017.05.0199,1,"1) the animal category was either cattle or pigs; 2) the study was subject to at least one of the eight chosen abatement options; 3) the study measured and reported either nh3 and/or ghg emissions for at least one of the manure management stages of housing, treatment, storage, or application; 4) the study included data on reference treatments and base emissions; and 5) the article was peer reviewed and available in english",1,0,0,0,1,1,0,0,1,0,0,0,1,0,43.75,ghg emissions
manure land application techniques,10.3390/agronomy10111633,1,not specified,1,1,0,0,1,1,0,1,0,1,0,0,1,0,0.5,ghg emissions
manure processing techniques,10.1016/j.scitotenv.2021.146396,1,"1) the focus of the study should be on life cycle comparison analysis of msm strategies in dairy farms; 2) the reference system was the conventional or existing dairy msm strategy, while the treatment one was the improved strategy; 3) only studies reporting at least one life cycle environmental, economic or social indicator were retained. it is noted that reference system largely varies depending on the definition of authors according to their study aims, which mainly refers to direct land application, existing msm strategy in a specified farm, or a common-used strategy in a region.",1,1,1,1,1,1,0,0,0,0,1,0,1,0,0.625,acidification (lca)
manure processing techniques,10.1016/j.biosystemseng.2020.02.015,1,"the papers included in this study were selected based on the following criteria: (1) studies focused on dairy manure composting; (2) studies included at least one of ch4, co2, n2o, and nh3 emissions; (3) studies reported cumulative gas emission factors. with these criteria, 41 publications (27 from wos and 14 from cnki) with 153 compost treatments in total were selected.",1,1,1,1,1,1,1,0,1,0,0,0,1,0,0.6875,air pollutants emissions
manure processing techniques,10.1016/j.envpol.2018.10.124,1,"database compilation followed the following criteria: data from field-, pilot-, and laboratory-scale studies were included, and studies have control treatments to allow assessment of treatment effects, with mean values of nh3 emission for each treatment available.",1,1,0,0,1,1,0,1,1,1,1,0,1,0,0.6875,air pollutants emissions
manure processing techniques,10.1016/j.scitotenv.2019.135401,1,"1) the focus had to be on active composting (traditional static stockpiling studies were excluded), 2) studies reported on raw feedstock characteristics (type of feedstock, total c and tn, c/n ratio, ph, moisture), composting procedure (composting type, duration, aeration rate, turning frequency), n loss mitigation technology (c/n ratio modulation, microbial inoculation, physical or chemical additives, covering, aeration rate and turning frequency), 3) studies reported on at least one of the focus n losses (tn, nh3, n2o), on gas emissions as cumulative emissions and as proportion of the initial n content of the feedstock, 4) studies provided sample size for treatments and, lastly, 5) data that had been used in multiple publications were analyzed only once.",1,1,0,0,1,1,0,1,0,1,1,1,1,0,0.6875,air pollutants emissions
manure processing techniques,10.1016/j.scitotenv.2021.147103,1,"the selected studies were restricted by the following criteria: (i) the study should focus on pig manure composting; (ii) the study should include control group and treatment group; (iii) the study reported on at least one of tc, ch4, co2, tn, nh3, and n2o; and (iv) the composting process was complete. tc loss, ch4 and co2 emissions were calculated as cumulative tc, ch4-c and co2-c losses, respectively, and as a proportion of the tc content of the initial feedstock, and tn loss, nh3 and n2o emissions were calculated as cumulative tn, nh3-n and n2o-n losses, respectively, and as a proportion of the tn content of the initial feedstock.",1,1,1,1,1,0,1,0,0,1,0,1,1,0,0.6875,air pollutants emissions
manure processing techniques,10.1016/j.wasman.2019.05.019,1,"the literature sources used in this study were selected based on the following criteria: (1) the research object was broiler or layer; (2) the study included nh3 emissions; (3) a gas emission flux or gas emission factor was available; and (4) for literature related to mitigation, only studies that reported at least one control group were selected so that the emission mitigation efficiency could be calculated.",1,1,1,0,1,1,0,0,0,1,1,0,1,0,0.625,air pollutants emissions
manure processing techniques,10.1021/acs.est.6b06430,1,"literature sources used in this study were selected based on the following criteria: (1) the research object was swine; (2) the study included at least one of the ch4, n2o and nh3 gases; (3) gas emission flux or gas emission factor was available; (4) for literature related to mitigation, only studies that reported at least one control group were selected so that emission mitigation efficiency could be calculated.",1,1,1,0,1,1,0,0,0,1,1,0,1,0,0.625,air pollutants emissions
manure processing techniques,10.1111/gcb.12767,1,"only data from studies with reference treatments (i.e. without mitigation/processing measures) were included in our database, so as to allow side-by-side comparisons. to maximize the number of studies, both laboratory and field experiments were taken into account. the reported experiments and measurements were predominately conducted in eu, united states and canada. mean values of replicates for each treatment were included in the database. manure characteristics (e.g. manure type, dry matter content, total n content, ammoniacal n content and ph), land use parameters (e.g. soil texture, vegetation), environmental conditions (e.g. temperature, seasons and geographical locations) were also included, and used to, if possible, quantify their relationships with emissions and the effectiveness of the measures.",1,1,1,0,1,1,1,1,1,1,1,1,1,0,0.875,air pollutants emissions
manure processing techniques,10.1111/gcb.12806,1,"first, studies describing data of ch4, n2o, or nh3 fluxes (at least one of them) over a reported measurement period were collected. we decided to analyze gaseous losses in terms of cumulative emissions, as a proportion of initial carbon (c) or n content in the waste material (%ch4-c, %nh3-n, %n2o-n). thus, to harmonize the data included in our dataset, in some cases, it was necessary to transform the reported data into values referred to an element mass basis. those studies not describing results as cumulative emissions or not reporting enough details to perform this conversion were excluded from the analysis. additionally, we decided to include articles which expressed results just in terms of total n losses, based on a n mass balance, because this approach can add valuable information with regard to the general influence of different treatments and conditions in the overall n conservation through solid waste management. this parameter involves the already mentioned n gaseous emissions (nh3, n2o) but also any other kind of n losses via gas or liquid, such as dinitrogen (n2) or nitrate (urn:x-wiley:13541013:media:gcb12806:gcb12806-math-0001).",1,1,0,0,1,1,0,1,0,1,1,1,1,0,0.6875,air pollutants emissions
livestock housing techniques,10.2134/jeq2017.05.0199,1,"1) the animal category was either cattle or pigs; 2) the study was subject to at least one of the eight chosen abatement options; 3) the study measured and reported either nh3 and/or ghg emissions for at least one of the manure management stages of housing, treatment, storage, or application; 4) the study included data on reference treatments and base emissions; and 5) the article was peer reviewed and available in english",1,0,0,0,1,1,0,0,1,0,0,0,1,0,0.4375,ghg emissions
manure processing techniques,10.3390/agronomy10111633,1,not specified,1,1,0,0,1,1,0,1,0,1,0,0,1,0,0.5,air pollutants emissions
manure processing techniques,10.1186/s13750-020-0187-x,1,"the authors' rationale was to focus on studies in which antibiotic resistance was measured in samples directly in contact with natural habitats, as this review is interested at minimizing risk of contamination. the authors excluded studies in which antibiotic resistance was measured in biological samples from humans, cultivated plants or domestic animals. studies on atbr in the hospital indoor environment, on infectious diseases, molecular or genetic characterization, and occurrence of pharmaceuticals, bacteria or virulence genes, without atbr measurement were also excluded. to assess the internal validity of each study, sources of bias were determined through discussion with the review team. only studies reporting measurements of antibiotic-resistant bacteria (arb), antibiotic resistance genes (arg) and mobile genetic elements (mge) in environmental samples were included.",1,1,1,1,1,1,1,1,1,1,1,1,1,1,1,anti-microbial resistance 
manure processing techniques,10.1016/j.scitotenv.2021.146396,1,"1) the focus of the study should be on life cycle comparison analysis of msm strategies in dairy farms; 2) the reference system was the conventional or existing dairy msm strategy, while the treatment one was the improved strategy; 3) only studies reporting at least one life cycle environmental, economic or social indicator were retained. it is noted that reference system largely varies depending on the definition of authors according to their study aims, which mainly refers to direct land application, existing msm strategy in a specified farm, or a common-used strategy in a region.",1,1,1,1,1,1,0,0,0,0,1,0,1,0,0.625,ecotoxicity (lca)
manure processing techniques,10.1016/j.scitotenv.2021.146396,1,"1) the focus of the study should be on life cycle comparison analysis of msm strategies in dairy farms; 2) the reference system was the conventional or existing dairy msm strategy, while the treatment one was the improved strategy; 3) only studies reporting at least one life cycle environmental, economic or social indicator were retained. it is noted that reference system largely varies depending on the definition of authors according to their study aims, which mainly refers to direct land application, existing msm strategy in a specified farm, or a common-used strategy in a region.",1,1,1,1,1,1,0,0,0,0,1,0,1,0,0.625,energy use (lca)
manure processing techniques,10.1016/j.scitotenv.2021.146396,1,"1) the focus of the study should be on life cycle comparison analysis of msm strategies in dairy farms; 2) the reference system was the conventional or existing dairy msm strategy, while the treatment one was the improved strategy; 3) only studies reporting at least one life cycle environmental, economic or social indicator were retained. it is noted that reference system largely varies depending on the definition of authors according to their study aims, which mainly refers to direct land application, existing msm strategy in a specified farm, or a common-used strategy in a region.",1,1,1,1,1,1,0,0,0,0,1,0,1,0,0.625,eutrophication (lca)
manure processing techniques,10.1016/j.biosystemseng.2020.02.015,1,"the papers included in this study were selected based on the following criteria: (1) studies focused on dairy manure composting; (2) studies included at least one of ch4, co2, n2o, and nh3 emissions; (3) studies reported cumulative gas emission factors. with these criteria, 41 publications (27 from wos and 14 from cnki) with 153 compost treatments in total were selected.",1,1,1,1,1,1,1,0,1,0,0,0,1,0,0.6875,ghg emissions
manure processing techniques,10.1016/j.scitotenv.2019.135401,1,"1) the focus had to be on active composting (traditional static stockpiling studies were excluded), 2) studies reported on raw feedstock characteristics (type of feedstock, total c and tn, c/n ratio, ph, moisture), composting procedure (composting type, duration, aeration rate, turning frequency), n loss mitigation technology (c/n ratio modulation, microbial inoculation, physical or chemical additives, covering, aeration rate and turning frequency), 3) studies reported on at least one of the focus n losses (tn, nh3, n2o), on gas emissions as cumulative emissions and as proportion of the initial n content of the feedstock, 4) studies provided sample size for treatments and, lastly, 5) data that had been used in multiple publications were analyzed only once.",1,1,0,0,1,1,0,1,0,1,1,1,1,0,0.6875,ghg emissions
manure processing techniques,10.1016/j.scitotenv.2020.139390,1,"1) studies were performed by field trial and with at least 3 replicates; 2) studies reported soil n2o emissions in both manure applied treatments and non-manure controls; and 3) at least one crop season was included at the same experimental site. if multiple growing seasons were available, each grow- ing season was considered as a separate observation. if multiple crops were cultivated at different periods in the same experimental site, each crop type was considered as one observation, as crop type contrib- utes greatly to changes in soil properties. if an experimental site included multiple measurements of n2o emission, only the final time point was chosen for this meta-analysis. when a treatment was applied as a mixed manure plus mineral fertilizer, the comparison was considered as one observation only if another treatment with the same mineral fertilizer application was set up as a control.",1,1,0,0,1,1,0,1,0,1,1,1,1,0,0.6875,ghg emissions
manure processing techniques,10.1016/j.scitotenv.2021.147103,1,"the selected studies were restricted by the following criteria: (i) the study should focus on pig manure composting; (ii) the study should include control group and treatment group; (iii) the study reported on at least one of tc, ch4, co2, tn, nh3, and n2o; and (iv) the composting process was complete. tc loss, ch4 and co2 emissions were calculated as cumulative tc, ch4-c and co2-c losses, respectively, and as a proportion of the tc content of the initial feedstock, and tn loss, nh3 and n2o emissions were calculated as cumulative tn, nh3-n and n2o-n losses, respectively, and as a proportion of the tn content of the initial feedstock.",1,1,1,1,1,0,1,0,0,1,0,1,1,0,0.6875,ghg emissions
manure processing techniques,10.1021/acs.est.5b00018,0,"the papers selected include quantitative results that allow the evaluation of changes in ghg emissions from baseline(s) to ad scenario(s). where articles reported more than two scenarios, multiple cases are entered into the database. a case is defined as the emissions from different activities (operation units) from baseline and related ad scenarios, determined under the same conditions (e.g., a study of the effect of storage temperature over ghg emissions from untreated and digested slurry would consider each temperature as a case). cases may include multiple or single operation units. in order to identify sources of variation of the cases, additional variables are recorded in the database.",1,1,1,1,1,1,0,0,0,0,1,1,0,0,0.5625,ghg emissions
manure processing techniques,10.1021/acs.est.6b06430,1,"literature sources used in this study were selected based on the following criteria: (1) the research object was swine; (2) the study included at least one of the ch4, n2o and nh3 gases; (3) gas emission flux or gas emission factor was available; (4) for literature related to mitigation, only studies that reported at least one control group were selected so that emission mitigation efficiency could be calculated.",1,1,1,0,1,1,0,0,0,1,1,0,1,0,0.625,ghg emissions
manure processing techniques,10.1111/gcb.12767,1,"only data from studies with reference treatments (i.e. without mitigation/processing measures) were included in our database, so as to allow side-by-side comparisons. to maximize the number of studies, both laboratory and field experiments were taken into account. the reported experiments and measurements were predominately conducted in eu, united states and canada. mean values of replicates for each treatment were included in the database. manure characteristics (e.g. manure type, dry matter content, total n content, ammoniacal n content and ph), land use parameters (e.g. soil texture, vegetation), environmental conditions (e.g. temperature, seasons and geographical locations) were also included, and used to, if possible, quantify their relationships with emissions and the effectiveness of the measures.",1,1,1,0,1,1,1,1,1,1,1,1,1,0,0.875,ghg emissions
manure processing techniques,10.1111/gcb.12806,1,"first, studies describing data of ch4, n2o, or nh3 fluxes (at least one of them) over a reported measurement period were collected. we decided to analyze gaseous losses in terms of cumulative emissions, as a proportion of initial carbon (c) or n content in the waste material (%ch4-c, %nh3-n, %n2o-n). thus, to harmonize the data included in our dataset, in some cases, it was necessary to transform the reported data into values referred to an element mass basis. those studies not describing results as cumulative emissions or not reporting enough details to perform this conversion were excluded from the analysis. additionally, we decided to include articles which expressed results just in terms of total n losses, based on a n mass balance, because this approach can add valuable information with regard to the general influence of different treatments and conditions in the overall n conservation through solid waste management. this parameter involves the already mentioned n gaseous emissions (nh3, n2o) but also any other kind of n losses via gas or liquid, such as dinitrogen (n2) or nitrate.",1,1,0,0,1,1,0,1,0,1,1,1,1,0,0.6875,ghg emissions
manure processing techniques,10.1139/cjas-2015-0111,1,"although the primary focus is on canadian research, applicable research from other cold climatic regions with similar dairy production systems was considered. the majority of studies evaluating ghg emissions from composting in canada do not include reference manure storage for comparing change of emissions due to composting; therefore, only studies on dairy manure composting were considered.",1,0,0,0,0,0,0,0,0,0,0,0,1,0,0.1875,ghg emissions
manure land application techniques,10.2134/jeq2017.05.0199,1,"the selection criteria were as follows: (i) the animal category was either cattle or pigs; (ii) the study was subject to at least one of the eight chosen abatement options; (iii) the study measured and reported either nh3 and/or ghg emissions for at least one of the manure management stages of housing, treatment, storage, or application; (iv) the study included data on reference treatments and base emissions; and (v) the article was peer reviewed and available in english. this resulted in a selection of 89 peer-reviewed papers and reports measuring nh3 and/or ghg emissions from on-farm and experimental farm settings.",1,0,1,0,1,1,0,0,1,0,0,0,1,0,0.4375,ghg emissions
manure processing techniques,10.3390/agronomy10111633,1,not specified,1,1,0,0,1,1,0,1,0,1,0,0,1,0,0.5,ghg emissions
manure processing techniques,10.1016/j.scitotenv.2021.146396,1,"1) the focus of the study should be on life cycle comparison analysis of msm strategies in dairy farms; 2) the reference system was the conventional or existing dairy msm strategy, while the treatment one was the improved strategy; 3) only studies reporting at least one life cycle environmental, economic or social indicator were retained. it is noted that reference system largely varies depending on the definition of authors according to their study aims, which mainly refers to direct land application, existing msm strategy in a specified farm, or a common-used strategy in a region.",1,1,1,1,1,1,0,0,0,0,1,0,1,0,0.625,global warming potential (lca)
manure processing techniques,10.1021/acs.est.5b00018,0,"the papers selected include quantitative results that allow the evaluation of changes in ghg emissions from baseline(s) to ad scenario(s). where articles reported more than two scenarios, multiple cases are entered into the database. a case is defined as the emissions from different activities (operation units) from baseline and related ad scenarios, determined under the same conditions (e.g., a study of the effect of storage temperature over ghg emissions from untreated and digested slurry would consider each temperature as a case). cases may include multiple or single operation units. in order to identify sources of variation of the cases, additional variables are recorded in the database.",1,1,1,1,1,1,0,0,0,0,1,1,0,0,0.5625,global warming potential (lca)
manure processing techniques,10.1016/j.scitotenv.2019.135401,1,"1) the focus had to be on active composting (traditional static stockpiling studies were excluded), 2) studies reported on raw feedstock characteristics (type of feedstock, total c and tn, c/n ratio, ph, moisture), composting procedure (composting type, duration, aeration rate, turning frequency), n loss mitigation technology (c/n ratio modulation, microbial inoculation, physical or chemical additives, covering, aeration rate and turning frequency), 3) studies reported on at least one of the focus n losses (tn, nh3, n2o), on gas emissions as cumulative emissions and as proportion of the initial n content of the feedstock, 4) studies provided sample size for treatments and, lastly, 5) data that had been used in multiple publications were analyzed only once.",1,1,0,0,1,1,0,1,0,1,1,1,1,0,0.6875,nutrients recovery
manure processing techniques,10.1111/gcb.12806,1,"first, studies describing data of ch4, n2o, or nh3 fluxes (at least one of them) over a reported measurement period were collected. we decided to analyze gaseous losses in terms of cumulative emissions, as a proportion of initial carbon (c) or n content in the waste material (%ch4-c, %nh3-n, %n2o-n). thus, to harmonize the data included in our dataset, in some cases, it was necessary to transform the reported data into values referred to an element mass basis. those studies not describing results as cumulative emissions or not reporting enough details to perform this conversion were excluded from the analysis. additionally, we decided to include articles which expressed results just in terms of total n losses, based on a n mass balance, because this approach can add valuable information with regard to the general influence of different treatments and conditions in the overall n conservation through solid waste management. this parameter involves the already mentioned n gaseous emissions (nh3, n2o) but also any other kind of n losses via gas or liquid, such as dinitrogen (n2) or nitrate (urn:x-wiley:13541013:media:gcb12806:gcb12806-math-0001).",1,1,0,0,1,1,0,1,0,1,1,1,1,0,0.6875,nutrients recovery
manure processing techniques,10.1186/s13750-020-00211-x,1,"study validity assessment included evaluation of (1) study set up and design flaws (due to calculation errors, invalid outcome measurements or failure to control for the effect of additional competing interventions such as irradiation, dialysis or microwave treatment) and (2) susceptibility to bias (in the form of reporting bias, i.e. selective reporting of study findings). studies judged to have flaws in design and setup or reporting bias were excluded from the narrative and quantitative synthesis. then, studies without these issues were assessed for clarity of reporting on reactor input, recovery process and composition of the final product. studies deemed to be unclear on two or more of these domains were classified as ‘unclear’ and excluded from quantitative synthesis but were still included in the narrative synthesis. the studies that passed both of these two appraisal steps were included in the quantitative synthesis. since all the studies included in the quantitative synthesis were judged to be similar in quality, no distinction was made between different quality studies, and as such no weighting was done. the validity of each study was assessed by two independent reviewers. final decisions regarding doubtful cases were taken by the whole review team.",1,1,1,1,1,1,1,0,0,0,1,1,1,0,0.75,nutrients recovery
manure processing techniques,10.1016/j.scitotenv.2021.146396,1,"1) the focus of the study should be on life cycle comparison analysis of msm strategies in dairy farms; 2) the reference system was the conventional or existing dairy msm strategy, while the treatment one was the improved strategy; 3) only studies reporting at least one life cycle environmental, economic or social indicator were retained. it is noted that reference system largely varies depending on the definition of authors according to their study aims, which mainly refers to direct land application, existing msm strategy in a specified farm, or a common-used strategy in a region.",1,1,1,1,1,1,0,0,0,0,1,0,1,0,0.625,resource depletion (lca)
manure storage techniques,10.1016/j.biosystemseng.2020.02.015,1,"the papers included in this study were selected based on the following criteria: (1) studies focused on dairy manure composting; (2) studies included at least one of ch4, co2, n2o, and nh3 emissions; (3) studies reported cumulative gas emission factors. with these criteria, 41 publications (27 from wos and 14 from cnki) with 153 compost treatments in total were selected.",1,1,1,1,1,1,1,0,1,0,0,0,1,0,0.6875,air pollutants emissions
manure storage techniques,10.1016/j.envpol.2018.10.124,1,"database compilation followed the following criteria: data from field-, pilot-, and laboratory-scale studies were included, and studies have control treatments to allow assessment of treatment effects, with mean values of nh3 emission for each treatment available.",1,1,0,0,1,1,0,1,1,1,1,0,1,0,0.6875,air pollutants emissions
manure storage techniques,10.1016/j.jclepro.2019.06.288,0,"to be included in this meta-analysis, studies needed to meet the following criteria: (i) the study should include control treatments; (ii) the study described the mitigation efficiency of at least one of tn, nh3, n2o and ch4 for each treatment; (iii) aerobic composting process was ensured by forced aeration and/or turning; and (iv), the composting process was complete, as indicated by the compost temperature remaining stable at the ambient temperature.",1,1,1,0,1,1,0,0,1,1,1,0,1,0,0.625,air pollutants emissions
manure storage techniques,10.1016/j.scitotenv.2019.135401,1,"1) the focus had to be on active composting (traditional static stockpiling studies were excluded), 2) studies reported on raw feedstock characteristics (type of feedstock, total c and tn, c/n ratio, ph, moisture), composting procedure (composting type, duration, aeration rate, turning frequency), n loss mitigation technology (c/n ratio modulation, microbial inoculation, physical or chemical additives, covering, aeration rate and turning frequency), 3) studies reported on at least one of the focus n losses (tn, nh3, n2o), on gas emissions as cumulative emissions and as proportion of the initial n content of the feedstock, 4) studies provided sample size for treatments and, lastly, 5) data that had been used in multiple publications were analyzed only once.",1,1,0,0,1,1,0,1,0,1,1,1,1,0,0.6875,air pollutants emissions
manure storage techniques,10.1016/j.scitotenv.2021.147103,1,"the selected studies were restricted by the following criteria: (i) the study should focus on pig manure composting; (ii) the study should include control group and treatment group; (iii) the study reported on at least one of tc, ch4, co2, tn, nh3, and n2o; and (iv) the composting process was complete. tc loss, ch4 and co2 emissions were calculated as cumulative tc, ch4-c and co2-c losses, respectively, and as a proportion of the tc content of the initial feedstock, and tn loss, nh3 and n2o emissions were calculated as cumulative tn, nh3-n and n2o-n losses, respectively, and as a proportion of the tn content of the initial feedstock.",1,1,1,1,1,0,1,0,0,1,0,1,1,0,0.6875,air pollutants emissions
manure storage techniques,10.1016/j.wasman.2019.03.054,1,"1. studies that focus on the soil application of biochar with compost were excluded because these studies provided no information regarding the impact of biochar on the composting process. 2. papers that discuss the effects of biochar on composting non-agriculture-related waste (e.g., food waste and sewage sludge) were also excluded, as the scope of the present review is animal waste composting. articles that report the impact of biochar addition on livestock and poultry waste compost were included in the qualitative analysis.",1,1,1,0,0,0,0,0,0,0,0,0,1,0,0.375,air pollutants emissions
manure storage techniques,10.1016/j.wasman.2019.05.019,1,"the literature sources used in this study were selected based on the following criteria: (1) the research object was broiler or layer; (2) the study included nh3 emissions; (3) a gas emission flux or gas emission factor was available; and (4) for literature related to mitigation, only studies that reported at least one control group were selected so that the emission mitigation efficiency could be calculated.",1,1,1,0,1,1,0,0,0,1,1,0,1,0,0.625,air pollutants emissions
manure storage techniques,10.1021/acs.est.6b06430,1,"literature sources used in this study were selected based on the following criteria: (1) the research object was swine; (2) the study included at least one of the ch4, n2o and nh3 gases; (3) gas emission flux or gas emission factor was available; (4) for literature related to mitigation, only studies that reported at least one control group were selected so that emission mitigation efficiency could be calculated.",1,1,1,0,1,1,0,0,0,1,1,0,1,0,0.625,air pollutants emissions
manure storage techniques,10.1021/acs.est.8b02475,1,"literature sources used in this study were selected based on the following criteria: 1) the research object was beef cattle; 2) the study included at least one of the ch4, n2o and nh3 gases; 3) gas emission flux or gas emission factor was available; 4) for literature related to mitigation, only studies that reported at least one control group were selected, so that emission mitigation efficiency (me) could be calculated.",1,1,1,0,1,1,0,0,0,1,1,0,1,0,0.625,air pollutants emissions
manure storage techniques,10.1111/gcb.12767,1,"only data from studies with reference treatments (i.e. without mitigation/processing measures) were included in our database, so as to allow side-by-side comparisons. to maximize the number of studies, both laboratory and field experiments were taken into account. the reported experiments and measurements were predominately conducted in eu, united states and canada. mean values of replicates for each treatment were included in the database. manure characteristics (e.g. manure type, dry matter content, total n content, ammoniacal n content and ph), land use parameters (e.g. soil texture, vegetation), environmental conditions (e.g. temperature, seasons and geographical locations) were also included, and used to, if possible, quantify their relationships with emissions and the effectiveness of the measures.",1,1,1,0,1,1,1,1,1,1,1,1,1,0,0.875,air pollutants emissions
manure storage techniques,10.1111/gcb.12806,1,"first, studies describing data of ch4, n2o, or nh3 fluxes (at least one of them) over a reported measurement period were collected. we decided to analyze gaseous losses in terms of cumulative emissions, as a proportion of initial carbon (c) or n content in the waste material (%ch4-c, %nh3-n, %n2o-n). thus, to harmonize the data included in our dataset, in some cases, it was necessary to transform the reported data into values referred to an element mass basis. those studies not describing results as cumulative emissions or not reporting enough details to perform this conversion were excluded from the analysis. additionally, we decided to include articles which expressed results just in terms of total n losses, based on a n mass balance, because this approach can add valuable information with regard to the general influence of different treatments and conditions in the overall n conservation through solid waste management. this parameter involves the already mentioned n gaseous emissions (nh3, n2o) but also any other kind of n losses via gas or liquid, such as dinitrogen (n2) or nitrate (urn:x-wiley:13541013:media:gcb12806:gcb12806-math-0001).",1,1,0,0,1,1,0,1,0,1,1,1,1,0,0.6875,air pollutants emissions
manure processing techniques,10.2134/jeq2017.05.0199,1,"the selection criteria were as follows: (i) the animal category was either cattle or pigs; (ii) the study was subject to at least one of the eight chosen abatement options; (iii) the study measured and reported either nh3 and/or ghg emissions for at least one of the manure management stages of housing, treatment, storage, or application; (iv) the study included data on reference treatments and base emissions; and (v) the article was peer reviewed and available in english. this resulted in a selection of 89 peer-reviewed papers and reports measuring nh3 and/or ghg emissions from on-farm and experimental farm settings.",1,0,1,0,1,1,0,0,1,0,0,0,1,0,0.4375,ghg emissions
manure storage techniques,10.3390/agronomy10111633,1,not specified,1,1,0,0,1,1,0,1,0,1,0,0,1,0,0.5,air pollutants emissions
manure storage techniques,10.1016/j.biosystemseng.2020.02.015,1,"the papers included in this study were selected based on the following criteria: (1) studies focused on dairy manure composting; (2) studies included at least one of ch4, co2, n2o, and nh3 emissions; (3) studies reported cumulative gas emission factors. with these criteria, 41 publications (27 from wos and 14 from cnki) with 153 compost treatments in total were selected.",1,1,1,1,1,1,1,0,1,0,0,0,1,0,0.6875,ghg emissions
manure storage techniques,10.1016/j.jclepro.2019.06.288,0,"to be included in this meta-analysis, studies needed to meet the following criteria: (i) the study should include control treatments; (ii) the study described the mitigation efficiency of at least one of tn, nh3, n2o and ch4 for each treatment; (iii) aerobic composting process was ensured by forced aeration and/or turning; and (iv), the composting process was complete, as indicated by the compost temperature remaining stable at the ambient temperature.",1,1,1,0,1,1,0,0,1,1,1,0,1,0,0.625,ghg emissions
manure storage techniques,10.1016/j.scitotenv.2019.135401,1,"1) the focus had to be on active composting (traditional static stockpiling studies were excluded), 2) studies reported on raw feedstock characteristics (type of feedstock, total c and tn, c/n ratio, ph, moisture), composting procedure (composting type, duration, aeration rate, turning frequency), n loss mitigation technology (c/n ratio modulation, microbial inoculation, physical or chemical additives, covering, aeration rate and turning frequency), 3) studies reported on at least one of the focus n losses (tn, nh3, n2o), on gas emissions as cumulative emissions and as proportion of the initial n content of the feedstock, 4) studies provided sample size for treatments and, lastly, 5) data that had been used in multiple publications were analyzed only once.",1,1,0,0,1,1,0,1,0,1,1,1,1,0,0.6875,ghg emissions
manure storage techniques,10.1016/j.scitotenv.2021.147103,1,"the selected studies were restricted by the following criteria: (i) the study should focus on pig manure composting; (ii) the study should include control group and treatment group; (iii) the study reported on at least one of tc, ch4, co2, tn, nh3, and n2o; and (iv) the composting process was complete. tc loss, ch4 and co2 emissions were calculated as cumulative tc, ch4-c and co2-c losses, respectively, and as a proportion of the tc content of the initial feedstock, and tn loss, nh3 and n2o emissions were calculated as cumulative tn, nh3-n and n2o-n losses, respectively, and as a proportion of the tn content of the initial feedstock.",1,1,1,1,1,0,1,0,0,1,0,1,1,0,0.6875,ghg emissions
manure storage techniques,10.1016/j.wasman.2019.03.054,1,"1. studies that focus on the soil application of biochar with compost were excluded because these studies provided no information regarding the impact of biochar on the composting process. 2. papers that discuss the effects of biochar on composting non-agriculture-related waste (e.g., food waste and sewage sludge) were also excluded, as the scope of the present review is animal waste composting. articles that report the impact of biochar addition on livestock and poultry waste compost were included in the qualitative analysis.",1,1,1,0,0,0,0,0,0,0,0,0,1,0,0.375,ghg emissions
manure storage techniques,10.1021/acs.est.6b06430,1,"literature sources used in this study were selected based on the following criteria: (1) the research object was swine; (2) the study included at least one of the ch4, n2o and nh3 gases; (3) gas emission flux or gas emission factor was available; (4) for literature related to mitigation, only studies that reported at least one control group were selected so that emission mitigation efficiency could be calculated.",1,1,1,0,1,1,0,0,0,1,1,0,1,0,0.625,ghg emissions
manure storage techniques,10.1021/acs.est.8b02475,1,"literature sources used in this study were selected based on the following criteria: 1) the research object was beef cattle; 2) the study included at least one of the ch4, n2o and nh3 gases; 3) gas emission flux or gas emission factor was available; 4) for literature related to mitigation, only studies that reported at least one control group were selected, so that emission mitigation efficiency (me) could be calculated.",1,1,1,0,1,1,0,0,0,1,1,0,1,0,0.625,ghg emissions
manure storage techniques,10.1111/gcb.12767,1,"only data from studies with reference treatments (i.e. without mitigation/processing measures) were included in our database, so as to allow side-by-side comparisons. to maximize the number of studies, both laboratory and field experiments were taken into account. the reported experiments and measurements were predominately conducted in eu, united states and canada. mean values of replicates for each treatment were included in the database. manure characteristics (e.g. manure type, dry matter content, total n content, ammoniacal n content and ph), land use parameters (e.g. soil texture, vegetation), environmental conditions (e.g. temperature, seasons and geographical locations) were also included, and used to, if possible, quantify their relationships with emissions and the effectiveness of the measures.",1,1,1,0,1,1,1,1,1,1,1,1,1,0,0.875,ghg emissions
manure storage techniques,10.1111/gcb.12806,1,"first, studies describing data of ch4, n2o, or nh3 fluxes (at least one of them) over a reported measurement period were collected. we decided to analyze gaseous losses in terms of cumulative emissions, as a proportion of initial carbon (c) or n content in the waste material (%ch4-c, %nh3-n, %n2o-n). thus, to harmonize the data included in our dataset, in some cases, it was necessary to transform the reported data into values referred to an element mass basis. those studies not describing results as cumulative emissions or not reporting enough details to perform this conversion were excluded from the analysis. additionally, we decided to include articles which expressed results just in terms of total n losses, based on a n mass balance, because this approach can add valuable information with regard to the general influence of different treatments and conditions in the overall n conservation through solid waste management. this parameter involves the already mentioned n gaseous emissions (nh3, n2o) but also any other kind of n losses via gas or liquid, such as dinitrogen (n2) or nitrate.",1,1,0,0,1,1,0,1,0,1,1,1,1,0,0.6875,ghg emissions
manure storage techniques,10.1139/cjas-2015-0111,1,"although the primary focus is on canadian research, applicable research from other cold climatic regions with similar dairy production systems was considered. the majority of studies evaluating ghg emissions from composting in canada do not include reference manure storage for comparing change of emissions due to composting; therefore, only studies on dairy manure composting were considered.",1,0,0,0,0,0,0,0,0,0,0,0,1,0,0.1875,ghg emissions
manure storage techniques,10.2134/jeq2017.05.0199,1,"the selection criteria were as follows: (i) the animal category was either cattle or pigs; (ii) the study was subject to at least one of the eight chosen abatement options; (iii) the study measured and reported either nh3 and/or ghg emissions for at least one of the manure management stages of housing, treatment, storage, or application; (iv) the study included data on reference treatments and base emissions; and (v) the article was peer reviewed and available in english. this resulted in a selection of 89 peer-reviewed papers and reports measuring nh3 and/or ghg emissions from on-farm and experimental farm settings.",1,0,1,0,1,1,0,0,1,0,0,0,1,0,0.4375,ghg emissions
manure storage techniques,10.3390/agronomy10111633,1,not specified,1,1,0,0,1,1,0,1,0,1,0,0,1,0,0.5,ghg emissions
manure storage techniques,10.1016/j.jclepro.2019.06.288,0,"to be included in this meta-analysis, studies needed to meet the following criteria: (i) the study should include control treatments; (ii) the study described the mitigation efficiency of at least one of tn, nh3, n2o and ch4 for each treatment; (iii) aerobic composting process was ensured by forced aeration and/or turning; and (iv), the composting process was complete, as indicated by the compost temperature remaining stable at the ambient temperature.",1,1,1,0,1,1,0,0,1,1,1,0,1,0,0.625,nutrients recovery
manure storage techniques,10.1016/j.scitotenv.2019.135401,1,"1) the focus had to be on active composting (traditional static stockpiling studies were excluded), 2) studies reported on raw feedstock characteristics (type of feedstock, total c and tn, c/n ratio, ph, moisture), composting procedure (composting type, duration, aeration rate, turning frequency), n loss mitigation technology (c/n ratio modulation, microbial inoculation, physical or chemical additives, covering, aeration rate and turning frequency), 3) studies reported on at least one of the focus n losses (tn, nh3, n2o), on gas emissions as cumulative emissions and as proportion of the initial n content of the feedstock, 4) studies provided sample size for treatments and, lastly, 5) data that had been used in multiple publications were analyzed only once.",1,1,0,0,1,1,0,1,0,1,1,1,1,0,0.6875,nutrients recovery
manure storage techniques,10.1111/gcb.12806,1,"first, studies describing data of ch4, n2o, or nh3 fluxes (at least one of them) over a reported measurement period were collected. we decided to analyze gaseous losses in terms of cumulative emissions, as a proportion of initial carbon (c) or n content in the waste material (%ch4-c, %nh3-n, %n2o-n). thus, to harmonize the data included in our dataset, in some cases, it was necessary to transform the reported data into values referred to an element mass basis. those studies not describing results as cumulative emissions or not reporting enough details to perform this conversion were excluded from the analysis. additionally, we decided to include articles which expressed results just in terms of total n losses, based on a n mass balance, because this approach can add valuable information with regard to the general influence of different treatments and conditions in the overall n conservation through solid waste management. this parameter involves the already mentioned n gaseous emissions (nh3, n2o) but also any other kind of n losses via gas or liquid, such as dinitrogen (n2) or nitrate (urn:x-wiley:13541013:media:gcb12806:gcb12806-math-0001).",1,1,0,0,1,1,0,1,0,1,1,1,1,0,0.6875,nutrients recovery
mulching,10.1016/j.envpol.2021.117844,1,"1) only experiments conducted in china were included; 2) studies must have reported a mean value of cumulative soil nh3 volatilization after fertilization; 3) field, in-situ pot or lysimeter studies were included.",1,1,0,0,1,1,0,1,0,1,0,1,1,0,0.625,air pollutants emissions
mulching,10.1016/j.jclepro.2020.123835,1,"1) experimental details including paper citation, province, location, trial type, year, number of replicates, climatic conditions, crop type, and soil properties; 2) treatment details including irrigation and tillage systems, fertilizer type, rate and methods of application, and amendments like mulching, biochar, and inhibitors; 3) av rate (kg ha-1) and standard deviation (std)-missing stds were imputed using standard error, variance, p-values, and t- values applied by the meta-analysis.",1,1,0,0,1,1,0,1,0,1,1,1,1,1,0.75,air pollutants emissions
mulching,10.1016/j.agee.2021.107354,1,"1) field studies involved mulching treatments and non-mulching controls; 2) studies reported soil water index, soil water content (%) and/or soil water storage (mm); 3) crops applied plastic film mulching without irrigation throughout the growing season; 4) studies with multifactorial analyses showed no significant interactions among treatments; 5) studies reported mean data, standard deviations (sd) and the number of replications (n); 6) studies included deep soil sampling (≥100 cm); 7) the location and year of the experiments (at least two years) were provided.",1,1,0,0,1,1,0,0,0,1,0,1,1,0,0.5625,carbon sequestration
mulching,10.1016/j.agwat.2018.02.001,0,i) the field experiment and the experimental sites were located in rain-fed agriculture areas of northwestern china (shaanxi; gansu; qinghai; xinjiang; northwest inner mongolia); ii) the crop grain was harvested at the physiological mature stage; iii) in addition to the treatment; a control group without the application of pfm was included in the experiment design; iv) re- ported averages of observational data were based on at least three re- plicates; v) the application rates of nutrient inputs (fertilizer n; p and k) were reported; for inclusion in the cost–benefit analysis.,1,1,0,0,1,1,0,1,0,1,0,1,1,0,0.5625,carbon sequestration
mulching,10.1016/j.catena.2021.105483,1,"first, the selected studies must contain at least one of our targets (soc in the 0–20 cm layer, ch4 emissions/uptake and n2o emissions) in both non-mulched and film-mulched soils. second, management practices, such as the amount/type of fertilization, must be consistent in both treatments. third, we selected observations of soc and soil ghg fluxes from only field experiments rather than from pot or greenhouse experiments. fourth, because upland fields are generally atmospheric ch4 sinks and paddy fields are generally atmospheric ch4 sources, we considered the effects of plastic film mulching on ch4 uptake only in uplands and on ch4 emissions only in paddy fields. in addition, we did not consider a few studies that reported opposite results for ch4 fluxes.",1,1,1,0,1,1,1,1,1,1,1,1,1,0,0.875,carbon sequestration
mulching,10.1016/j.geoderma.2022.115851,1,"1) field-based study with an experimental design allowing pairwise comparison between film mulch treatments and bare soil controls; 2) at least one soil microbial community parameter (abundance, diversity, or function) was reported; 3) treatment pairs established with same ecosystem types, crop types, and soil types; 4) for articles with experimental data for more than one growing season/year, only the last data were extracted for meta- analysis; the approach can greatly eliminate the non-independence of the data.",1,1,1,1,1,1,0,0,1,1,1,1,1,1,0.875,carbon sequestration
mulching,10.1016/j.jclepro.2017.10.269,1,"(1) comparisons between pm and nm practices were made; (2) at least one parameter of interest (yield, evapotranspiration (et), water use efficiency (wue), harvest index, soil carbon, soil nitrogen, or amount of plastic film residue) was re- ported, and (3) the experimental location was stated. studies that described only the relationship between pm and crop yield without a nm treatment or that did not provide a clear description of the experimental methods were rejected.",1,1,0,0,1,1,0,1,1,1,1,1,1,0,0.75,carbon sequestration
mulching,10.1016/j.jclepro.2020.121470,0,"(i) the selected study included at least one parameter of interest (i.e. response variables) as economic yield (ey), aboveground biomass (ab), root biomass (rb), soil organic carbon (soc), co2 emission, ch4 flux, microbial biomass carbon (mbc), c‒related soil enzyme activities (i.e. glucosidase, sucrase, catalase, urease and alkaline phosphatase); (ii) only field study with replicated experimental design was included, greenhouse and laboratory incubation experiments excluded. pairwise comparisons on mulching and non‒mulching farming management were performed under the same pedo‒climatic conditions (e.g., temperature, precipitation, soil texture, and soil type) for at least 2 consecutive years; (iii) provided treatment means, sample sizes, and variances, or these could be extracted from tables or the figures using software; (v) duration of plastic mulching should be at least one full crop season for each year. when there were more than one articles on the same experiment, the article with longest mulching duration was included; (iv) to avoid pre‒mulching heterogeneity of soc stock between treatment and control, the values of soc contents at the beginning and end of each trial should be provided for the calculation of actual changes due to mulching. however, only few studies provided the baseline values of soc stocks for both experimental and control plots. given the fact that all data considered originated from pairwise system comparisons including controlled field trials, baseline differences in soc stocks among the different plots of one comparison were expected to be negligible. the authors therefore decided to also included the studies that the baseline values were not known into the data pool.",1,1,1,0,1,1,1,0,1,1,1,1,1,1,0.8125,carbon sequestration
mulching,10.1002/jsfa.11248,1,"1) the field experiments have been conducted in rainfed crops in the loess plateau of china; 2) crop yield was measured at maturity; 3) the treatments must contain a control (without plastic film mulch), and at least one plastic film mulch treatment, pm or fm; 4) the experimental treatment had at least three replications; 5) the evapotranspiration (et) was estimated by soil depth greater than 150 cm; 6) crops were not limited by nutrients. in addition, the mean, standard deviation (or standard error), and sample size of the relevant variables must be directly available or can be calculated from the data.",1,1,0,0,1,1,0,0,1,1,0,1,1,0,0.625,crop yield
mulching,10.1007/s10113-018-1447-y,1,"the authors selected empirical case studies which measured ecosystem services-related properties both for conservation (treatment) and conventional (control) management options. this step excluded pure simulation modeling studies and reviews. the authors focused on papers reporting results from the mediterranean basin but included six well-designed papers reporting from mediterranean climate regions outside the basin (i.e., south and south west australia, the cape of south africa, central chile, and california).",1,1,1,1,1,1,0,1,1,1,0,0,1,0,0.75,crop yield
mulching,10.1007/s10333-022-00900-y,1,"1) the experiment was conducted in a semi-arid region; 2) field trials with at least ridge and furrow, plastic film mulched ridge, biochar or straw mulched furrow, compared with flat planting treatments; 3) mulched ridge and furrow; and flat planting plots were established within the same ecosystem and had similar environmental characteristics at the start of the study; 4) data on maize, wheat or potato yield was reported; 5) the experimental duration was clearly specified and the experiment was repeated, at least, two growing seasons.",1,1,1,1,1,1,0,1,0,1,0,1,1,0,0.75,crop yield
mulching,10.1016/j.agee.2021.107354,1,"1) field studies involved mulching treatments and non-mulching controls; 2) studies reported soil water index, soil water content (%) and/or soil water storage (mm); 3) crops applied plastic film mulching without irrigation throughout the growing season; 4) studies with multifactorial analyses showed no significant interactions among treatments; 5) studies reported mean data, standard deviations (sd) and the number of replications (n); 6) studies included deep soil sampling (≥100 cm); 7) the location and year of the experiments (at least two years) were provided.",1,1,0,0,1,1,0,0,0,1,0,1,1,0,0.5625,crop yield
mulching,10.1016/j.agwat.2017.05.005,1,only articles from china that met the following criteria were included in the database: (i) the experiments were conducted under field conditions where the effect of irrigation or plastic mulching was compared with flat (even or level topography); rainfed conditions; (ii) the reported plants were monoculture cereals of maize (zea mays) and wheat (i.e.; bread wheat; triticum aestivum); and (iii) the articles reported crop response as grain yield.,1,1,1,0,1,1,0,0,0,1,0,0,1,0,0.5625,crop yield
mulching,10.1016/j.agwat.2018.02.001,0,i) the field experiment and the experimental sites were located in rain-fed agriculture areas of northwestern china (shaanxi; gansu; qinghai; xinjiang; northwest inner mongolia); ii) the crop grain was harvested at the physiological mature stage; iii) in addition to the treatment; a control group without the application of pfm was included in the experiment design; iv) re- ported averages of observational data were based on at least three re- plicates; v) the application rates of nutrient inputs (fertilizer n; p and k) were reported; for inclusion in the cost–benefit analysis.,1,1,0,0,1,1,0,1,0,1,0,1,1,0,0.5625,crop yield
mulching,10.1016/j.agwat.2019.105883,1,"data collections were restricted to field ex- perimental studies conducted in northern china, including crop yield, water consumption or wue under a particular type of soil tillage practice.",1,1,0,0,1,1,0,1,0,1,1,1,1,0,0.6875,crop yield
mulching,10.1016/j.agwat.2020.106119,1,"(1) all data were from field experiments, so laboratory experiments, pot experiments, experiments under rain-proof shelter conditions, and model simulations were excluded; (2) data were required to include maize yield, seasonal water supply and wp in the maize growth period.",1,1,1,0,1,1,1,0,1,1,1,0,1,0,0.75,crop yield
mulching,10.1016/j.agwat.2020.106444,1,"(1) field experiment was conducted in china; (2) the study contained the control treatment: conventional flat planting without film mulching (f), and at least one of those three treatments: ridge-furrow planting with film mulching (rffm), ridge-furrow planting without film mulching (rf) and flat planting with film mulching (fm); (3)the crop water pro- ductivity (wp, kg ha−1 mm−1) of mulched or ridged crop was calcu- lated as the ratio of crop yield (kg ha−1) to the water consumed by the crop or crop evapotranspiration (et, mm) in the growing season (fernándeza et al., 2020; meng et al., 2020); (4) crop yield and wp for one study had mean and variance, or at least two replicates, or more than two years of data; (5) location, year, planting on the ridge or in the furrow were stated; (6) papers with the same test data to those in the other papers were removed, and the combined effects of various treatments in one study such as fertilization, irrigation and planting density, were ignored; (7) the order of ridges or planting, the color difference of plastic film, and the difference in shape and size of the ridge in the same study were ignored, regardless of whether the ridge was continuously ridged or whether the film was covered both on the ridge and in the furrow or just on the ridge.",1,1,0,0,1,1,0,0,1,1,0,1,1,0,0.625,crop yield
mulching,10.1016/j.agwat.2021.107128,0,"to avoid any bias, the authors selected publications with the following criteria: 1) field experiment; 2) cropping system includes maize; 3) included control (no straw returning; ck) and treatments (straw mulching or straw incorporation); 4) means, standard deviations (or standard error), and number of replications available or can be calculated; 5) included yield or water use efficiency measurements.",1,1,0,1,1,1,0,1,0,1,1,1,1,0,0.6875,crop yield
mulching,10.1016/j.agwat.2021.107422,1,"1) the experimental locations were in the loess plateau; 2) the experimental method was a field trial with no irrigation throughout the crop growth stage; 3) the experimental treatments included plastic film mulching or straw mulching, with no mulching as the control for each treatment; 4) the yield, wue, and other indicators of winter wheat were reported in the form of digits, figures, or tables; 5) articles with repeat data (the same experimental locations, years, and results) were excluded.",1,1,1,0,1,1,0,0,0,1,1,1,1,0,0.6875,crop yield
mulching,10.1016/j.agwat.2022.107617,1,"non-english-language publications and conference proceedings were excluded. a paper had to meet the following criteria to be included in the analysis: (1) the experiment was conducted under field conditions in china including both fm and non- mulching (nm) treatments; (2) average yield or wue, its standard de- viation, and sample sizes of fm and nm treatments were provided or could be calculated; (3) key basic information was clear, including the location, experimental year, average annual temperature (aat), average annual precipitation (aap), altitude, mulching scope, planting pattern, mulching material, growth year, sowing rate (sr), and nitrogen application rate (nar); and (4) if the same experimental data were published in different journals, then the paper with the most information was selected.",1,1,0,0,1,1,0,1,0,1,1,1,1,1,0.75,crop yield
mulching,10.1016/j.catena.2021.105483,1,"first, the selected studies must contain at least one of our targets (soc in the 0–20 cm layer, ch4 emissions/uptake and n2o emissions) in both non-mulched and film-mulched soils. second, management practices, such as the amount/type of fertilization, must be consistent in both treatments. third, we selected observations of soc and soil ghg fluxes from only field experiments rather than from pot or greenhouse experiments. fourth, because upland fields are generally atmospheric ch4 sinks and paddy fields are generally atmospheric ch4 sources, we considered the effects of plastic film mulching on ch4 uptake only in uplands and on ch4 emissions only in paddy fields. in addition, we did not consider a few studies that reported opposite results for ch4 fluxes.",1,1,1,0,1,1,1,1,1,1,1,1,1,0,0.875,crop yield
mulching,10.1016/j.eja.2018.07.005,1,"(1) the studies had to be conducted in the field and include both control (no mulch and flat plots, ck) and treatments (either flat or ridge-and-furrow tillage and/or straw or plastic-film mulch) (table 1); (2) the maize was not be irrigated at any time within the growing season; (3) the location and year of the experiment were provided; (4) for factorial experiments, only data from non-mulched and mulched treatments were used and data from interactions among treatments, such as fertilization × straw mulch or plastic-film mulch, were excluded; (5) data without a control treatment, that is sown on flat plots without mulch, were only used for regression analysis, not in the meta-analysis.",1,1,1,0,1,1,1,1,0,1,0,1,1,0,0.75,crop yield
mulching,10.1016/j.fcr.2018.02.017,0,data collections were restricted to field experimental studies containing at least one of the two major mulching practices (i.e. plastic and/or straw mulching) and no-mulching control. a study was included if it contained available data on potato yield and/or wue.,1,1,0,0,1,1,0,0,1,1,0,1,1,0,0.5625,crop yield
mulching,10.1016/j.fcr.2020.108026,1,"the studies on potato, maize, or wheat production had to be conducted in the field, and the crops were harvested at maturity. second, the trials had to include three treatments: non-mulching, tfm, and bfm. for instance, studies that described only the relationship between bfm and yield, or between tfm and yield were rejected. in each study, except for the comparison of the mulching systems (non-mulching, tfm, and bfm), the other soil properties and management conditions (including seeds, chemical fertilizers, machinery, and pesticides) had to be the same. no herbicide is used in bfm system because of the low light permeability of the black plastic film.",1,1,0,0,1,1,0,1,1,1,0,1,1,0,0.6875,crop yield
mulching,10.1016/j.fcr.2021.108210,1,"(1) the field experimental design was clear; (2) the study included the conventional flat planting with no mulching (nm) and at least one mulching practice, i.e. plastic film mulching (pm) and straw mulching (sm); (3) at least one kind of ghg emissions (n2o, co2 and ch4) over an entire season was reported; (4) the means and standard deviations (sds) could be obtained from the tables or figures by getdata graph digitizer.",1,1,1,1,1,1,1,1,1,1,1,1,1,1,1,crop yield
mulching,10.1016/j.fcr.2022.108566,1,"(a) the experimental site must be in china, and experimental crops are wheat, maize, or rice; (b) the research must be field experiments, every treatment must be in triplicate at minimum, and the number of replicates should be indicated in the paper; (c) there must be a corresponding no-mulching (nm) control treatment; (d) the sm treatment must involve natural decay, and no articles with added decomposition agents or microbial strains to speed up straw decay are included, and (e) yield observations must be the current season, and ghg observations must be cumulative emissions, or provide average emissions and the days of growing season.",1,1,1,0,1,1,0,1,1,1,1,1,1,1,0.875,crop yield
mulching,10.1016/j.geoderma.2022.115851,1,"1) field-based study with an experimental design allowing pairwise comparison between film mulch treatments and bare soil controls; 2) at least one soil microbial community parameter (abundance, diversity, or function) was reported; 3) treatment pairs established with same ecosystem types, crop types, and soil types; 4) for articles with experimental data for more than one growing season/year, only the last data were extracted for meta- analysis; the approach can greatly eliminate the non-independence of the data.",1,1,1,1,1,1,0,0,1,1,1,1,1,1,0.875,crop yield
mulching,10.1016/j.jclepro.2017.10.269,1,"(1) comparisons between pm and nm practices were made; (2) at least one parameter of interest (yield, evapotranspiration (et), water use efficiency (wue), harvest index, soil carbon, soil nitrogen, or amount of plastic film residue) was re- ported, and (3) the experimental location was stated. studies that described only the relationship between pm and crop yield without a nm treatment or that did not provide a clear description of the experimental methods were rejected.",1,1,0,0,1,1,0,1,1,1,1,1,1,0,0.75,crop yield
mulching,10.1016/j.jclepro.2020.121470,0,"(i) the selected study included at least one parameter of interest (i.e. response variables) as economic yield (ey), aboveground biomass (ab), root biomass (rb), soil organic carbon (soc), co2 emission, ch4 flux, microbial biomass carbon (mbc), c‒related soil enzyme activities (i.e. glucosidase, sucrase, catalase, urease and alkaline phosphatase); (ii) only field study with replicated experimental design was included, greenhouse and laboratory incubation experiments excluded. pairwise comparisons on mulching and non‒mulching farming management were performed under the same pedo‒climatic conditions (e.g., temperature, precipitation, soil texture, and soil type) for at least 2 consecutive years; (iii) provided treatment means, sample sizes, and variances, or these could be extracted from tables or the figures using software; (v) duration of plastic mulching should be at least one full crop season for each year. when there were more than one articles on the same experiment, the article with longest mulching duration was included; (iv) to avoid pre‒mulching heterogeneity of soc stock between treatment and control, the values of soc contents at the beginning and end of each trial should be provided for the calculation of actual changes due to mulching. however, only few studies provided the baseline values of soc stocks for both experimental and control plots. given the fact that all data considered originated from pairwise system comparisons including controlled field trials, baseline differences in soc stocks among the different plots of one comparison were expected to be negligible. the authors therefore decided to also included the studies that the baseline values were not known into the data pool.",1,1,1,0,1,1,1,0,1,1,1,1,1,1,0.8125,crop yield
mulching,10.1016/j.scitotenv.2018.09.105,0,"conference proceedings publications were excluded. due to the lack ofrelevant field trials covering plastic film use in peanut, rice, soybean, and sunflower, we removed those crops from the analysis. the database only contained articles and papers based on the following criteria: (1) the research area was located within china; (2) studies had to contain plastic mulching and no-mulching treatments or plastic residue and no residual control; (3) a study was only included if it contained available data on crop yield or wue; (4) crop yield or wue included mean and standard deviation or more than two repeats or test duration at least two years; (5) location, year, and color of plastic mulching film of the experiments were stated; and (6) we eliminated duplicates ofthe same data appearing in different articles, and ignored the confounding effects between treatments (differences in planting density, fertilization, etc.).",1,1,0,0,1,1,0,0,0,1,0,1,1,0,0.5,crop yield
mulching,10.1016/j.scitotenv.2020.141479,0,"(1) the field studies must include treatmentswith pmand non-pmcontrol (nm); (2) the amount of fertilizers application, plant density, and yield were reported or amena- ble to being calculated from the data; (3) the means, standard devia- tions (or standard errors), and sample sizes of the variables concerned must be directly available or amenable to being calculated from the data; and (4) the experimental locationwas stated. data were recorded by experimental year for publications reporting results frommulti-year experiments. the year of publication was restricted from 1970 to july 2019, the publications after july 2019were not included.",1,1,0,0,1,1,0,1,0,1,0,1,1,0,0.5625,crop yield
mulching,10.1016/j.still.2020.104676,1,"publications were selected based on the criteria: 1) the research area was within china; 2) field studies had to contain df mulching and nf treatments or pf mulching; 3) maize, wheat, potato and cotton were studied because mulching areas are much larger for these four crops than for other crops in china; 4) a study was included if it contained data for crop yield or wue.",1,1,0,0,1,1,0,0,1,1,1,1,1,0,0.6875,crop yield
mulching,10.1016/j.still.2020.104930,1,"(1) only studies performed plastic film mulch practice in field were selected as treatment, and the no film mulch practice in field were selected as control, any studies include other treatments are controlled to keep the difference only was no film mulch and pm; (2) the control and treatment plots were established to have the same abiotic and biotic conditions in same site. if the same article reports more than one field experiment but in different environment (such as conducted in multiple locations), then each experiment is considered an independent study; (3) to avoid bias, only data of the latest season were included if the study containing data from multiple growing seasons; (4) the means, observation numbers or replicates, standard deviations of the selected variables could be directly extracted or calculated from the articles, and for the data reported in form of figures, webplotdiditizer was used for data extraction.",1,1,0,0,1,1,0,1,0,1,1,1,1,1,0.75,crop yield
mulching,10.1016/j.still.2022.105392,0,"the two main exclusion criteria were: (1) literature unrelated to drip irrigation systems and mulch cultivation and (2) literature that did not obtain or calculate cy and wue. if a study met the following two conditions, it fell within the scope of the current work: (1) based on experimental data obtained from field studies rather than a simulation; (2) the values of factors were taken into account in the course of the experiment and provided in the text.",1,1,1,1,1,1,1,1,1,1,0,1,1,1,0.875,crop yield
mulching,10.1038/srep16210,1,"(1) studies must contain both no-mulching and mulching treatments (either straw or plastic mulching); (2) crop yields, water input and n input were all reported so that the interactions between water and n can be quantified; (3) location, year and soil information of the experiment was stated.",1,1,1,1,1,1,1,1,1,1,0,1,0,0,0.8125,crop yield
mulching,10.1111/gcb.15043,0,"(a) the study must be a replicated field trial, with exception for studies on residue film ef-fects on soil water transportation, where the difficulty of measuring soil water transport limits it to pot and lab incubation experiments; (b) the agricultural management must have at least two treatments for mulching (i.e., mulching vs. non-mulching) and/or residue (residue vs. zero-residue); (c) the amount of residual film had to be reported in the publications; (d) the publications have reported on at least one of the target variables; and (e) the publications have reported sample sizes for the control and treatment plots.",1,1,1,0,1,1,0,1,0,1,0,1,1,1,0.6875,crop yield
mulching,10.1371/journal.pone.0262120,1,"1) only publications describing experiments conducted in the field with side-by-side comparisons of soil mulching (sm) and no soil mulching (nsm) were included and pot studies were excluded; 2) crop yield and ghg emissions data in sm and nsm were reported. it should be noted that, in this meta-analysis, gwp, ch4, n2o and co2 emissions could be represented by ghg emissions; 3) the primary data of ghg emissions under sm and nsm must be comparable; 4) the mean, sample size and a measure of dispersion (se or sd) as numerical or graphical data were available, or sd of ghg emissions data could be calculated from the reported data for sm and nsm.",1,1,0,0,1,1,0,1,1,1,1,1,1,1,0.8125,crop yield
mulching,10.3389/fpls.2022.825309,0,"(1)  mulching studies should be carried out in the mono-culture winter wheat cropping system experiments in a field. (2) each study should have a control treatment, e.g., conventional tillage (for tillage comparison) and bare fallow (for mulching comparison) with similar edaphic and climatic conditions. (3) storage at wheat planting (swsp), precipitation storage efficiency (pse), yield, evapotranspiration (et), and water use efficiency (wue) should be compared between straw mulching, plastic film mulching, cover cropping (as a biological mulching), stubble mulching, and a bare fallow without mulching. all crop residues should be removed immediately at harvest of the main crop, and the land kept bare during the whole fallow period as a control treatment for mulching. (4) experiments should be conducted in a rain-fed system with no irrigation applied during the entire experimental period. the simulation model and multi-cropping studies were excluded.",1,1,1,1,1,1,1,1,0,1,1,1,1,0,0.8125,crop yield
mulching,10.3390/agronomy10101618,1,"1) include agronomic study of at least one bdm; 2) include a black pem control; 3) include data for yield (of any cultivated crop), weeds, soil moisture, and/or soil temperature for at least one bdm in comparison to pem; (4) be published in english or portuguese; 5) have full text available on-line or through the university of nebraska-lincoln library.",1,1,0,0,1,1,0,1,0,1,1,0,1,1,0.6875,crop yield
mulching,10.3390/agronomy9060295,0,not described,1,0,0,0,1,0,0,0,0,1,0,0,1,0,0.25,crop yield
mulching,10.3390/agronomy9120793,1,"1) field experimental studies must involve a mulching treatment and a no mulching control; 2) yield, nue, and the number of replicates of the treatments were directly acquired from the publication or calculated.",1,1,0,0,1,1,1,1,0,1,0,1,1,0,0.6875,crop yield
mulching,10.1016/j.atmosenv.2018.12.046,1,not reported,1,1,1,0,1,1,1,1,1,1,1,0,1,0,0.75,ghg emissions
mulching,10.1016/j.catena.2021.105483,1,"first, the selected studies must contain at least one of our targets (soc in the 0–20 cm layer, ch4 emissions/uptake and n2o emissions) in both non-mulched and film-mulched soils. second, management practices, such as the amount/type of fertilization, must be consistent in both treatments. third, we selected observations of soc and soil ghg fluxes from only field experiments rather than from pot or greenhouse experiments. fourth, because upland fields are generally atmospheric ch4 sinks and paddy fields are generally atmospheric ch4 sources, we considered the effects of plastic film mulching on ch4 uptake only in uplands and on ch4 emissions only in paddy fields. in addition, we did not consider a few studies that reported opposite results for ch4 fluxes.",1,1,1,0,1,1,1,1,1,1,1,1,1,0,0.875,ghg emissions
mulching,10.1016/j.fcr.2021.108210,1,"(1) the field experimental design was clear; (2) the study included the conventional flat planting with no mulching (nm) and at least one mulching practice, i.e. plastic film mulching (pm) and straw mulching (sm); (3) at least one kind of ghg emissions (n2o, co2 and ch4) over an entire season was reported; (4) the means and standard deviations (sds) could be obtained from the tables or figures by getdata graph digitizer.",1,1,1,1,1,1,1,1,1,1,1,1,1,1,1,ghg emissions
mulching,10.1016/j.fcr.2022.108566,1,"(a) the experimental site must be in china, and experimental crops are wheat, maize, or rice; (b) the research must be field experiments, every treatment must be in triplicate at minimum, and the number of replicates should be indicated in the paper; (c) there must be a corresponding no-mulching (nm) control treatment; (d) the sm treatment must involve natural decay, and no articles with added decomposition agents or microbial strains to speed up straw decay are included, and (e) yield observations must be the current season, and ghg observations must be cumulative emissions, or provide average emissions and the days of growing season.",1,1,1,0,1,1,0,1,1,1,1,1,1,1,0.875,ghg emissions
mulching,10.1016/j.jclepro.2020.121470,0,"(i) the selected study included at least one parameter of interest (i.e. response variables) as economic yield (ey), aboveground biomass (ab), root biomass (rb), soil organic carbon (soc), co2 emission, ch4 flux, microbial biomass carbon (mbc), c‒related soil enzyme activities (i.e. glucosidase, sucrase, catalase, urease and alkaline phosphatase); (ii) only field study with replicated experimental design was included, greenhouse and laboratory incubation experiments excluded. pairwise comparisons on mulching and non‒mulching farming management were performed under the same pedo‒climatic conditions (e.g., temperature, precipitation, soil texture, and soil type) for at least 2 consecutive years; (iii) provided treatment means, sample sizes, and variances, or these could be extracted from tables or the figures using software; (v) duration of plastic mulching should be at least one full crop season for each year. when there were more than one articles on the same experiment, the article with longest mulching duration was included; (iv) to avoid pre‒mulching heterogeneity of soc stock between treatment and control, the values of soc contents at the beginning and end of each trial should be provided for the calculation of actual changes due to mulching. however, only few studies provided the baseline values of soc stocks for both experimental and control plots. given the fact that all data considered originated from pairwise system comparisons including controlled field trials, baseline differences in soc stocks among the different plots of one comparison were expected to be negligible. the authors therefore decided to also included the studies that the baseline values were not known into the data pool.",1,1,1,0,1,1,1,0,1,1,1,1,1,1,0.8125,ghg emissions
mulching,10.1371/journal.pone.0262120,1,"1) only publications describing experiments conducted in the field with side-by-side comparisons of soil mulching (sm) and no soil mulching (nsm) were included and pot studies were excluded; 2) crop yield and ghg emissions data in sm and nsm were reported. it should be noted that, in this meta-analysis, gwp, ch4, n2o and co2 emissions could be represented by ghg emissions; 3) the primary data of ghg emissions under sm and nsm must be comparable; 4) the mean, sample size and a measure of dispersion (se or sd) as numerical or graphical data were available, or sd of ghg emissions data could be calculated from the reported data for sm and nsm.",1,1,0,0,1,1,0,1,1,1,1,1,1,1,0.8125,ghg emissions
mulching,10.3390/su11030748,1,1) only field scale studies were selected for this meta-analysis; 2) field scale studies on n2o emission were performed using the closed chamber-gas chromatography method in agroecosystem; 3) tillage and residue returning were clearly stated; 4) cumulative n2o emission could be obtained from each study.,1,1,1,0,1,1,0,1,1,1,1,1,1,0,0.8125,ghg emissions
mulching,10.1016/j.jclepro.2017.10.269,1,"(1) comparisons between pm and nm practices were made; (2) at least one parameter of interest (yield, evapotranspiration (et), water use efficiency (wue), harvest index, soil carbon, soil nitrogen, or amount of plastic film residue) was re- ported, and (3) the experimental location was stated. studies that described only the relationship between pm and crop yield without a nm treatment or that did not provide a clear description of the experimental methods were rejected.",1,1,0,0,1,1,0,1,1,1,1,1,1,0,0.75,global warming potential (lca)
mulching,10.1016/j.scitotenv.2020.141479,0,"(1) the field studies must include treatmentswith pmand non-pmcontrol (nm); (2) the amount of fertilizers application, plant density, and yield were reported or amena- ble to being calculated from the data; (3) the means, standard devia- tions (or standard errors), and sample sizes of the variables concerned must be directly available or amenable to being calculated from the data; and (4) the experimental locationwas stated. data were recorded by experimental year for publications reporting results frommulti-year experiments. the year of publication was restricted from 1970 to july 2019, the publications after july 2019were not included.",1,1,0,0,1,1,0,1,0,1,0,1,1,0,0.5625,nitrogen footprint (lca)
mulching,10.1016/j.catena.2020.105085,1,"the case studies were chosen following the strict quality criteria: 1) the experiments or observations were conducted under field conditions (i.e., no laboratory, rainfall simulation or runoff simulation experiments, etc.); 2) both the ground cover and control (clean tillage or bare ground management) treatments were included in each case study, and the two treatments were exposed to the same environmental conditions; 3) the targeted article contained at least one response variable (runoff or soil loss or nutrients loss observations); 4) when the variable was measured at multiple time points, the average value was calculated to meet the accurate observation results; 5) multiple ground cover species in one study were considered as independent observations.",1,1,1,0,1,1,1,0,1,1,1,1,1,0,0.8125,nutrient leaching and run-off
mulching,10.3390/agronomy10101618,1,"1) include agronomic study of at least one bdm; 2) include a black pem control; 3) include data for yield (of any cultivated crop), weeds, soil moisture, and/or soil temperature for at least one bdm in comparison to pem; (4) be published in english or portuguese; 5) have full text available on-line or through the university of nebraska-lincoln library.",1,1,0,0,1,1,0,1,0,1,1,0,1,1,0.6875,pests and diseases
mulching,10.1016/j.agwat.2021.107128,0,"to avoid any bias, the authors selected publications with the following criteria: 1) field experiment; 2) cropping system includes maize; 3) included control (no straw returning; ck) and treatments (straw mulching or straw incorporation); 4) means, standard deviations (or standard error), and number of replications available or can be calculated; 5) included yield or water use efficiency measurements.",1,1,0,1,1,1,0,1,0,1,1,1,1,0,0.6875,plant nutrient uptake
mulching,10.1038/srep16210,1,"(1) studies must contain both no-mulching and mulching treatments (either straw or plastic mulching); (2) crop yields, water input and n input were all reported so that the interactions between water and n can be quantified; (3) location, year and soil information of the experiment was stated.",1,1,1,1,1,1,1,1,1,1,0,1,0,0,0.8125,plant nutrient uptake
mulching,10.3390/agronomy9120793,1,"1) field experimental studies must involve a mulching treatment and a no mulching control; 2) yield, nue, and the number of replicates of the treatments were directly acquired from the publication or calculated.",1,1,0,0,1,1,1,1,0,1,0,1,1,0,0.6875,plant nutrient uptake
mulching,10.1016/j.jclepro.2017.10.269,1,"(1) comparisons between pm and nm practices were made; (2) at least one parameter of interest (yield, evapotranspiration (et), water use efficiency (wue), harvest index, soil carbon, soil nitrogen, or amount of plastic film residue) was re- ported, and (3) the experimental location was stated. studies that described only the relationship between pm and crop yield without a nm treatment or that did not provide a clear description of the experimental methods were rejected.",1,1,0,0,1,1,0,1,1,1,1,1,1,0,0.75,plastic residues
mulching,10.1016/j.geoderma.2022.115851,1,"1) field-based study with an experimental design allowing pairwise comparison between film mulch treatments and bare soil controls; 2) at least one soil microbial community parameter (abundance, diversity, or function) was reported; 3) treatment pairs established with same ecosystem types, crop types, and soil types; 4) for articles with experimental data for more than one growing season/year, only the last data were extracted for meta- analysis; the approach can greatly eliminate the non-independence of the data.",1,1,1,1,1,1,0,0,1,1,1,1,1,1,0.875,soil biological quality
mulching,10.1016/j.jclepro.2020.121470,0,"(i) the selected study included at least one parameter of interest (i.e. response variables) as economic yield (ey), aboveground biomass (ab), root biomass (rb), soil organic carbon (soc), co2 emission, ch4 flux, microbial biomass carbon (mbc), c‒related soil enzyme activities (i.e. glucosidase, sucrase, catalase, urease and alkaline phosphatase); (ii) only field study with replicated experimental design was included, greenhouse and laboratory incubation experiments excluded. pairwise comparisons on mulching and non‒mulching farming management were performed under the same pedo‒climatic conditions (e.g., temperature, precipitation, soil texture, and soil type) for at least 2 consecutive years; (iii) provided treatment means, sample sizes, and variances, or these could be extracted from tables or the figures using software; (v) duration of plastic mulching should be at least one full crop season for each year. when there were more than one articles on the same experiment, the article with longest mulching duration was included; (iv) to avoid pre‒mulching heterogeneity of soc stock between treatment and control, the values of soc contents at the beginning and end of each trial should be provided for the calculation of actual changes due to mulching. however, only few studies provided the baseline values of soc stocks for both experimental and control plots. given the fact that all data considered originated from pairwise system comparisons including controlled field trials, baseline differences in soc stocks among the different plots of one comparison were expected to be negligible. the authors therefore decided to also included the studies that the baseline values were not known into the data pool.",1,1,1,0,1,1,1,0,1,1,1,1,1,1,0.8125,soil biological quality
mulching,10.1016/j.catena.2020.105085,1,"the case studies were chosen following the strict quality criteria: 1) the experiments or observations were conducted under field conditions (i.e., no laboratory, rainfall simulation or runoff simulation experiments, etc.); 2) both the ground cover and control (clean tillage or bare ground management) treatments were included in each case study, and the two treatments were exposed to the same environmental conditions; 3) the targeted article contained at least one response variable (runoff or soil loss or nutrients loss observations); 4) when the variable was measured at multiple time points, the average value was calculated to meet the accurate observation results; 5) multiple ground cover species in one study were considered as independent observations.",1,1,1,0,1,1,1,0,1,1,1,1,1,0,0.8125,soil erosion
mulching,10.1016/j.scitotenv.2018.07.124,1,"1) the article contained at least one runoff or soil loss response variable; 2) each data point was collected during at least a full year, or the reported data could be extrapolated to represent a full year with a sufﬁcient degree of reliability; 3) the same response variables were compared between lands treated with soil conservation techniques (scts), hereafter called treated, and those not treated with scts (hereafter called control); 4) the treated lands and control lands were exposed to the same environmental conditions; 5) the number of replications was reported; 6) the groups of categories contained more than two data pairs; 7) only runoff and soil loss measurements from bound runoff plots equipped with tanks for collecting runoff and soil loss were used to reduce the inﬂuence of measurement uncertainties, and only plots with a minimum length of 5 m were retained because they were considered to be representative.",1,1,0,0,1,1,0,1,0,1,1,1,1,0,0.6875,soil erosion
mulching,10.1016/j.scitotenv.2020.139517,1,"1) plots were observed under natural rainfall conditions and located in the rshr of china; 2) the same response variables, including at least one soil loss or erosion rate or runoff depth or runoff coefficient, were compared between plots with swcms and plots without swcms; 3) one of the factors was recorded associated with plots, such as location, precipitation, field area, slope length, slope gradient, land use, soil properties and monitoring period; 4) the number of replications, mean values, standard deviations or standard errors ofplots with swcms and plots with- out swcms were reported; 5) at least two data pairs were contained in each group (a plot with swcms and a plot without swcms); 6) identical plot data reported in different articles were included only once.",1,1,1,1,1,1,0,1,0,1,0,1,1,0,0.75,soil erosion
mulching,10.1016/j.geoderma.2022.115851,1,"1) field-based study with an experimental design allowing pairwise comparison between film mulch treatments and bare soil controls; 2) at least one soil microbial community parameter (abundance, diversity, or function) was reported; 3) treatment pairs established with same ecosystem types, crop types, and soil types; 4) for articles with experimental data for more than one growing season/year, only the last data were extracted for meta- analysis; the approach can greatly eliminate the non-independence of the data.",1,1,1,1,1,1,0,0,1,1,1,1,1,1,0.875,soil nutrients
mulching,10.1016/j.jclepro.2017.10.269,1,"(1) comparisons between pm and nm practices were made; (2) at least one parameter of interest (yield, evapotranspiration (et), water use efficiency (wue), harvest index, soil carbon, soil nitrogen, or amount of plastic film residue) was re- ported, and (3) the experimental location was stated. studies that described only the relationship between pm and crop yield without a nm treatment or that did not provide a clear description of the experimental methods were rejected.",1,1,0,0,1,1,0,1,1,1,1,1,1,0,0.75,soil nutrients
mulching,10.3390/agronomy9060295,0,not described,1,0,0,0,1,0,0,0,0,1,0,0,1,0,0.25,soil physico-chemical quality
mulching,10.1007/s10113-018-1447-y,1,"the authors selected empirical case studies which measured ecosystem services-related properties both for conservation (treatment) and conventional (control) management options. this step excluded pure simulation modeling studies and reviews. the authors focused on papers reporting results from the mediterranean basin but included six well-designed papers reporting from mediterranean climate regions outside the basin (i.e., south and south west australia, the cape of south africa, central chile, and california).",1,1,1,1,1,1,0,1,1,1,0,0,1,0,0.75,soil water retention
mulching,10.1016/j.agee.2021.107354,1,"1) field studies involved mulching treatments and non-mulching controls; 2) studies reported soil water index, soil water content (%) and/or soil water storage (mm); 3) crops applied plastic film mulching without irrigation throughout the growing season; 4) studies with multifactorial analyses showed no significant interactions among treatments; 5) studies reported mean data, standard deviations (sd) and the number of replications (n); 6) studies included deep soil sampling (≥100 cm); 7) the location and year of the experiments (at least two years) were provided.",1,1,0,0,1,1,0,0,0,1,0,1,1,0,0.5625,soil water retention
mulching,10.1016/j.agwat.2017.05.005,1,only articles from china that met the following criteria were included in the database: (i) the experiments were conducted under field conditions where the effect of irrigation or plastic mulching was compared with flat (even or level topography); rainfed conditions; (ii) the reported plants were monoculture cereals of maize (zea mays) and wheat (i.e.; bread wheat; triticum aestivum); and (iii) the articles reported crop response as grain yield.,1,1,1,0,1,1,0,0,0,1,0,0,1,0,0.5625,soil water retention
mulching,10.1016/j.agwat.2018.02.001,0,i) the field experiment and the experimental sites were located in rain-fed agriculture areas of northwestern china (shaanxi; gansu; qinghai; xinjiang; northwest inner mongolia); ii) the crop grain was harvested at the physiological mature stage; iii) in addition to the treatment; a control group without the application of pfm was included in the experiment design; iv) re- ported averages of observational data were based on at least three re- plicates; v) the application rates of nutrient inputs (fertilizer n; p and k) were reported; for inclusion in the cost–benefit analysis.,1,1,0,0,1,1,0,1,0,1,0,1,1,0,0.5625,soil water retention
mulching,10.1016/j.geoderma.2022.115851,1,"1) field-based study with an experimental design allowing pairwise comparison between film mulch treatments and bare soil controls; 2) at least one soil microbial community parameter (abundance, diversity, or function) was reported; 3) treatment pairs established with same ecosystem types, crop types, and soil types; 4) for articles with experimental data for more than one growing season/year, only the last data were extracted for meta- analysis; the approach can greatly eliminate the non-independence of the data.",1,1,1,1,1,1,0,0,1,1,1,1,1,1,0.875,soil water retention
mulching,10.1111/gcb.15043,0,"(a) the study must be a replicated field trial, with exception for studies on residue film ef-fects on soil water transportation, where the difficulty of measuring soil water transport limits it to pot and lab incubation experiments; (b) the agricultural management must have at least two treatments for mulching (i.e., mulching vs. non-mulching) and/or residue (residue vs. zero-residue); (c) the amount of residual film had to be reported in the publications; (d) the publications have reported on at least one of the target variables; and (e) the publications have reported sample sizes for the control and treatment plots.",1,1,1,0,1,1,0,1,0,1,0,1,1,1,0.6875,soil water retention
mulching,10.3389/fpls.2022.825309,0,"(1)  mulching studies should be carried out in the mono-culture winter wheat cropping system experiments in a field. (2) each study should have a control treatment, e.g., conventional tillage (for tillage comparison) and bare fallow (for mulching comparison) with similar edaphic and climatic conditions. (3) storage at wheat planting (swsp), precipitation storage efficiency (pse), yield, evapotranspiration (et), and water use efficiency (wue) should be compared between straw mulching, plastic film mulching, cover cropping (as a biological mulching), stubble mulching, and a bare fallow without mulching. all crop residues should be removed immediately at harvest of the main crop, and the land kept bare during the whole fallow period as a control treatment for mulching. (4) experiments should be conducted in a rain-fed system with no irrigation applied during the entire experimental period. the simulation model and multi-cropping studies were excluded.",1,1,1,1,1,1,1,1,0,1,1,1,1,0,0.8125,soil water retention
mulching,10.1016/j.agwat.2021.107293,0,the data of yield and fertilizer application rates must be directly available or calculated indirectly.,1,1,0,0,1,1,0,1,0,1,1,1,1,0,0.5625,water footprint (lca)
mulching,10.1002/jsfa.11248,1,"1) the field experiments have been conducted in rainfed crops in the loess plateau of china; 2) crop yield was measured at maturity; 3) the treatments must contain a control (without plastic film mulch), and at least one plastic film mulch treatment, pm or fm; 4) the experimental treatment had at least three replications; 5) the evapotranspiration (et) was estimated by soil depth greater than 150 cm; 6) crops were not limited by nutrients. in addition, the mean, standard deviation (or standard error), and sample size of the relevant variables must be directly available or can be calculated from the data.",1,1,0,0,1,1,0,0,1,1,0,1,1,0,0.625,water use
mulching,10.1016/j.agee.2021.107354,1,"1) field studies involved mulching treatments and non-mulching controls; 2) studies reported soil water index, soil water content (%) and/or soil water storage (mm); 3) crops applied plastic film mulching without irrigation throughout the growing season; 4) studies with multifactorial analyses showed no significant interactions among treatments; 5) studies reported mean data, standard deviations (sd) and the number of replications (n); 6) studies included deep soil sampling (≥100 cm); 7) the location and year of the experiments (at least two years) were provided.",1,1,0,0,1,1,0,0,0,1,0,1,1,0,0.5625,water use
mulching,10.1016/j.agwat.2017.05.005,1,only articles from china that met the following criteria were included in the database: (i) the experiments were conducted under field conditions where the effect of irrigation or plastic mulching was compared with flat (even or level topography); rainfed conditions; (ii) the reported plants were monoculture cereals of maize (zea mays) and wheat (i.e.; bread wheat; triticum aestivum); and (iii) the articles reported crop response as grain yield.,1,1,1,0,1,1,0,0,0,1,0,0,1,0,0.5625,water use
mulching,10.1016/j.agwat.2018.02.001,0,i) the field experiment and the experimental sites were located in rain-fed agriculture areas of northwestern china (shaanxi; gansu; qinghai; xinjiang; northwest inner mongolia); ii) the crop grain was harvested at the physiological mature stage; iii) in addition to the treatment; a control group without the application of pfm was included in the experiment design; iv) re- ported averages of observational data were based on at least three re- plicates; v) the application rates of nutrient inputs (fertilizer n; p and k) were reported; for inclusion in the cost–benefit analysis.,1,1,0,0,1,1,0,1,0,1,0,1,1,0,0.5625,water use
mulching,10.1016/j.agwat.2019.105883,1,"data collections were restricted to field ex- perimental studies conducted in northern china, including crop yield, water consumption or wue under a particular type of soil tillage practice.",1,1,0,0,1,1,0,1,0,1,1,1,1,0,0.6875,water use
mulching,10.1016/j.agwat.2020.106119,1,"(1) all data were from field experiments, so laboratory experiments, pot experiments, experiments under rain-proof shelter conditions, and model simulations were excluded; (2) data were required to include maize yield, seasonal water supply and wp in the maize growth period.",1,1,1,0,1,1,1,0,1,1,1,0,1,0,0.75,water use
mulching,10.1016/j.agwat.2020.106444,1,"(1) field experiment was conducted in china; (2) the study contained the control treatment: conventional flat planting without film mulching (f), and at least one of those three treatments: ridge-furrow planting with film mulching (rffm), ridge-furrow planting without film mulching (rf) and flat planting with film mulching (fm); (3)the crop water pro- ductivity (wp, kg ha−1 mm−1) of mulched or ridged crop was calcu- lated as the ratio of crop yield (kg ha−1) to the water consumed by the crop or crop evapotranspiration (et, mm) in the growing season (fernándeza et al., 2020; meng et al., 2020); (4) crop yield and wp for one study had mean and variance, or at least two replicates, or more than two years of data; (5) location, year, planting on the ridge or in the furrow were stated; (6) papers with the same test data to those in the other papers were removed, and the combined effects of various treatments in one study such as fertilization, irrigation and planting density, were ignored; (7) the order of ridges or planting, the color difference of plastic film, and the difference in shape and size of the ridge in the same study were ignored, regardless of whether the ridge was continuously ridged or whether the film was covered both on the ridge and in the furrow or just on the ridge.",1,1,0,0,1,1,0,0,1,1,0,1,1,0,0.625,water use
mulching,10.1016/j.agwat.2021.107128,0,"to avoid any bias, the authors selected publications with the following criteria: 1) field experiment; 2) cropping system includes maize; 3) included control (no straw returning; ck) and treatments (straw mulching or straw incorporation); 4) means, standard deviations (or standard error), and number of replications available or can be calculated; 5) included yield or water use efficiency measurements.",1,1,0,1,1,1,0,1,0,1,1,1,1,0,0.6875,water use
mulching,10.1016/j.agwat.2021.107422,1,"1) the experimental locations were in the loess plateau; 2) the experimental method was a field trial with no irrigation throughout the crop growth stage; 3) the experimental treatments included plastic film mulching or straw mulching, with no mulching as the control for each treatment; 4) the yield, wue, and other indicators of winter wheat were reported in the form of digits, figures, or tables; 5) articles with repeat data (the same experimental locations, years, and results) were excluded.",1,1,1,0,1,1,0,0,0,1,1,1,1,0,0.6875,water use
mulching,10.1016/j.agwat.2022.107617,1,"non-english-language publications and conference proceedings were excluded. a paper had to meet the following criteria to be included in the analysis: (1) the experiment was conducted under field conditions in china including both fm and non- mulching (nm) treatments; (2) average yield or wue, its standard de- viation, and sample sizes of fm and nm treatments were provided or could be calculated; (3) key basic information was clear, including the location, experimental year, average annual temperature (aat), average annual precipitation (aap), altitude, mulching scope, planting pattern, mulching material, growth year, sowing rate (sr), and nitrogen application rate (nar); and (4) if the same experimental data were published in different journals, then the paper with the most information was selected.",1,1,0,0,1,1,0,1,0,1,1,1,1,1,0.75,water use
mulching,10.1016/j.eja.2018.07.005,1,"(1) the studies had to be conducted in the field and include both control (no mulch and flat plots, ck) and treatments (either flat or ridge-and-furrow tillage and/or straw or plastic-film mulch) (table 1); (2) the maize was not be irrigated at any time within the growing season; (3) the location and year of the experiment were provided; (4) for factorial experiments, only data from non-mulched and mulched treatments were used and data from interactions among treatments, such as fertilization × straw mulch or plastic-film mulch, were excluded; (5) data without a control treatment, that is sown on flat plots without mulch, were only used for regression analysis, not in the meta-analysis.",1,1,1,0,1,1,0,1,0,1,0,0,1,0,0.625,water use
mulching,10.1016/j.fcr.2018.02.017,0,data collections were restricted to field experimental studies containing at least one of the two major mulching practices (i.e. plastic and/or straw mulching) and no-mulching control. a study was included if it contained available data on potato yield and/or wue.,1,1,0,0,1,1,0,0,1,1,0,1,1,0,0.5625,water use
mulching,10.1016/j.fcr.2020.108026,1,"the studies on potato, maize, or wheat production had to be conducted in the field, and the crops were harvested at maturity. second, the trials had to include three treatments: non-mulching, tfm, and bfm. for instance, studies that described only the relationship between bfm and yield, or between tfm and yield were rejected. in each study, except for the comparison of the mulching systems (non-mulching, tfm, and bfm), the other soil properties and management conditions (including seeds, chemical fertilizers, machinery, and pesticides) had to be the same. no herbicide is used in bfm system because of the low light permeability of the black plastic film.",1,1,0,0,1,1,0,1,1,1,0,1,1,0,0.6875,water use
mulching,10.1016/j.jclepro.2017.10.269,1,"(1) comparisons between pm and nm practices were made; (2) at least one parameter of interest (yield, evapotranspiration (et), water use efficiency (wue), harvest index, soil carbon, soil nitrogen, or amount of plastic film residue) was re- ported, and (3) the experimental location was stated. studies that described only the relationship between pm and crop yield without a nm treatment or that did not provide a clear description of the experimental methods were rejected.",1,1,0,0,1,1,0,1,1,1,1,1,1,0,0.75,water use
mulching,10.1016/j.scitotenv.2018.09.105,0,"1) the research area was located within china; 2) studies had to contain plastic mulching and no-mulching treatments or plastic residue and no residual control; 3) a study was only included if it contained available data on crop yield or wue; 4) crop yield or wue included mean and standard deviation or more than two repeats or test duration at least two years; 5) location, year, and color of plastic mulching film of the experiments were stated; 6) we eliminated duplicates ofthe same data appearing in different articles, and ignored the confounding effects between treatments (differences in planting density, fertilization, etc.).",1,1,0,0,1,1,0,0,0,1,0,1,1,0,0.5,water use
mulching,10.1016/j.still.2020.104676,1,"publications were selected based on the criteria: 1) the research area was within china; 2) field studies had to contain df mulching and nf treatments or pf mulching; 3) maize, wheat, potato and cotton were studied because mulching areas are much larger for these four crops than for other crops in china; 4) a study was included if it contained data for crop yield or wue.",1,1,0,0,1,1,0,0,1,1,1,1,1,0,0.6875,water use
mulching,10.1016/j.still.2020.104930,1,"(1) only studies performed plastic film mulch practice in field were selected as treatment, and the no film mulch practice in field were selected as control, any studies include other treatments are controlled to keep the difference only was no film mulch and pm; (2) the control and treatment plots were established to have the same abiotic and biotic conditions in same site. if the same article reports more than one field experiment but in different environment (such as conducted in multiple locations), then each experiment is considered an independent study; (3) to avoid bias, only data of the latest season were included if the study containing data from multiple growing seasons; (4) the means, observation numbers or replicates, standard deviations of the selected variables could be directly extracted or calculated from the articles, and for the data reported in form of figures, webplotdiditizer was used for data extraction.",1,1,0,0,1,1,0,1,0,1,1,1,1,1,0.75,water use
mulching,10.1016/j.still.2022.105392,0,"the two main exclusion criteria were: (1) literature unrelated to drip irrigation systems and mulch cultivation and (2) literature that did not obtain or calculate cy and wue. if a study met the following two conditions, it fell within the scope of the current work: (1) based on experimental data obtained from field studies rather than a simulation; (2) the values of factors were taken into account in the course of the experiment and provided in the text.",1,1,1,1,1,1,1,1,1,1,0,1,1,1,0.875,water use
mulching,10.1038/srep16210,1,"(1) studies must contain both no-mulching and mulching treatments (either straw or plastic mulching); (2) crop yields, water input and n input were all reported so that the interactions between water and n can be quantified; (3) location, year and soil information of the experiment was stated.",1,1,1,1,1,1,1,1,1,1,0,1,0,0,0.8125,water use
mulching,10.3389/fpls.2022.825309,0,"(1)  mulching studies should be carried out in the mono-culture winter wheat cropping system experiments in a field. (2) each study should have a control treatment, e.g., conventional tillage (for tillage comparison) and bare fallow (for mulching comparison) with similar edaphic and climatic conditions. (3) storage at wheat planting (swsp), precipitation storage efficiency (pse), yield, evapotranspiration (et), and water use efficiency (wue) should be compared between straw mulching, plastic film mulching, cover cropping (as a biological mulching), stubble mulching, and a bare fallow without mulching. all crop residues should be removed immediately at harvest of the main crop, and the land kept bare during the whole fallow period as a control treatment for mulching. (4) experiments should be conducted in a rain-fed system with no irrigation applied during the entire experimental period. the simulation model and multi-cropping studies were excluded.",1,1,1,1,1,1,1,1,0,1,1,1,1,0,0.8125,water use
no irrigation,10.1007/s10113-018-1447-y,1,"1) empirical case studies which measured ecosystem services-related properties both for conservation (treatment) and conventional (control) management options. 2) papers reporting results from the mediterranean basin but included six well-designed papers reporting from mediterranean climate regions outside the basin (i.e., south and south west australia, the cape of south africa, central chile, and california). 3) if a study had not provided the sample size, the authors excluded the study from the analysis (n = 1).",1,1,1,1,1,1,0,1,0,1,1,0,1,0,0.75,carbon sequestration
no irrigation,10.1007/s10113-018-1447-y,1,"1) empirical case studies which measured ecosystem services-related properties both for conservation (treatment) and conventional (control) management options. 2) papers reporting results from the mediterranean basin but included six well-designed papers reporting from mediterranean climate regions outside the basin (i.e., south and south west australia, the cape of south africa, central chile, and california). 3) if a study had not provided the sample size, the authors excluded the study from the analysis (n = 1).",1,1,1,1,0,0,0,0,0,0,1,0,1,0,0.5,crop yield
no irrigation,10.1007/s13593-022-00766-8,1,"(i) the research object must be field experiments conducted in the ncp, excluding pot and laboratory experiments and model simulations; (ii) the cropping system must be the winter wheat-summer maize cropping system; (iii) the studies must be about one or more of the four leading management practices (e.g., no nitrogen versus nitrogen input, no irrigation versus irrigation, rotary tillage versus other tillage methods, and straw removal versus straw return, with the former as the control and the later as the treatment); and (iv) the data must include the number of trial replications, crop yield, wue, or seasonal crop evapotranspiration (etc).",1,1,0,0,1,1,0,1,0,1,1,1,1,0,0.6875,crop yield
no irrigation,10.1016/j.agee.2018.12.009,1,"the authors screened publications based on the following criteria: maize yield and wp were documented; data were measured in field experiments (pot experiments, experiments under rainproof shelters, and model simulations were excluded); locations of experimental sites were explicitly provided; experimental treatments (irrigated/non-irrigated) were paired; and soil water supply before sowing and at harvest was reported for a soil layer of at least 1 m.",1,1,1,0,1,1,0,1,0,1,1,1,1,1,0.8125,crop yield
no irrigation,10.1016/j.agwat.2017.05.005,1,only articles from china that met the following criteria were included in the database: (i) the experiments were conducted under field conditions where the effect of irrigation or plastic mulching was compared with flat (even or level topography); rainfed conditions; (ii) the reported plants were monoculture cereals of maize (zea mays) and wheat (i.e.; bread wheat; triticum aestivum); and (iii) the articles reported crop response as grain yield.,1,1,1,0,1,1,0,0,0,1,0,0,1,0,0.5625,crop yield
no irrigation,10.1016/j.jclepro.2017.06.085,0,"(1) comparisons between non-irrigation and irrigation practices; (2) at least one parameter of interest (grain yield, yield components, water productivity, and et) was reported; and (3) the experimental location was stated. studies that described only the relationship between irrigation and wheat yield without a non-irrigation practice, and those that did not provide clear descriptions of the experimental methods were rejected.",1,1,1,0,1,1,0,1,0,1,1,1,1,0,0.6875,crop yield
no irrigation,10.1080/14735903.2018.1523828,1,"1) located in the limpopo river basin; 2) cereals crops ; 3) reported yield, water productivity, and field runoff from treatment and control;",1,1,1,1,1,1,1,0,0,1,0,1,1,1,0.8125,crop yield
no irrigation,10.15666/aeer/1801_433446,0,"the articles related with water stress on winter wheat in china from 2000-2017 were collected and screened on the basis of the following criteria: 1) area was located in northern china and year and latitude and longitude of the test site was clearly mentioned; 2) the test plot was a field whereas pot experiments were not included; 3) the experimental study had a water stress treatment and also a well-watered control; 4) only the water stress as treatment along with control, and yield data were collected in the multi-factor study, whereas, other treatments were routinely processed in the local field.",1,1,0,1,1,1,0,1,0,1,1,1,1,0,0.6875,crop yield
no irrigation,10.3390/agronomy12030709,0,"the following criteria were used to select appropriate papers: (1) field studies of fertilization or irrigation experiments performed in china (pot experiments or model simulations were excluded); (2) the field studies consisted of a control treatment, without irrigation or fertilization; (3) wue (kg ha-1 mm-1) was calculated as a ratio of crop yield (kg ha-1) to water consumed, including the amount of water lost as evapotranspiration (mm) in the growing season; (4) the field experiment had at least two sample sizes and the experiment was carried out for more than two years; and (5) the mean value and sample size of crop yield or wue were available in the paper or can be calculated.",1,1,0,0,1,1,1,1,0,1,1,1,1,0,0.6875,crop yield
no irrigation,10.3390/ijerph19127324,1,"(1) the study conducted in situ ch4 flux measurements for at least one growing season; (2) soil ch4 flux could be extracted from the text, tables, and figures directly, or could be calculated from cumulative soil ch4 emissions and rice growth period; (3) irrigation and other field management practices were directly given in the articles.",1,1,1,0,1,0,1,1,0,1,1,0,1,0,0.6875,crop yield
no irrigation,10.3390/ijerph19127324,1,"(1) the study conducted in situ ch4 flux measurements for at least one growing season; (2) soil ch4 flux could be extracted from the text, tables, and figures directly, or could be calculated from cumulative soil ch4 emissions and rice growth period; (3) irrigation and other field management practices were directly given in the articles.",1,1,1,0,1,0,1,1,0,1,1,0,1,0,0.6875,ghg emissions
no irrigation,10.1016/j.jclepro.2017.06.085,0,"(1) comparisons between non-irrigation and irrigation practices; (2) at least one parameter of interest (grain yield, yield components, water productivity, and et) was reported; and (3) the experimental location was stated. studies that described only the relationship between irrigation and wheat yield without a non-irrigation practice, and those that did not provide clear descriptions of the experimental methods were rejected.",1,1,1,0,1,1,0,1,0,1,1,1,1,0,0.6875,global warming potential (lca)
no irrigation,10.3390/agriculture7030027,0,"the chosen articles were thoroughly investigated using the following criteria: 1) articles must have been published in a peer-reviewed scientific journal. 2) articles should discuss nitrate loss for at least one bioenergy crop such as corn, miscanthus and switchgrass. 3) articles should discuss nitrate loss through experimental field studies. 4) articles should report annual scale study of nitrate loss with their full length of measurement covering the entire year. 5) in all cases, articles should have reported nitrate loss with a sufficient description of experimental and environmental conditions.",1,1,1,0,0,0,0,0,0,1,0,1,0,0,0.375,nutrient leaching and run-off
no irrigation,10.1016/j.jclepro.2019.119632,1,"1) the field experiment must have been conducted in the north china plain; 2) the cropping system in field experiment must contain winter wheat; 3) one or more of the following practice comparisons (e.g., no n versus n input, rain fed versus irrigated, rotary tillage versus other tillage methods, and straw removed versus straw return, with the former as the control and the later as the treatment) must be included; 4) data including the number of replications, nar, and yield must be presented or could be directly computed.",1,1,0,0,1,1,0,1,0,1,1,1,1,0,0.6875,plant nutrient uptake
no irrigation,10.1016/j.resconrec.2021.105889,1,"a) the research object must be summer maize in the winter wheat-summer maize cropping system; b) the experiments described in the literature must be field experiments conducted in ncp (excluding pot experiments, laboratory experiments, and model studies); c) the research must focus on one or more of the four main farming practices (e.g., no n input versus n input, rain-fed versus irrigation, no-till versus other tillage methods, and straw removed versus straw return, with the former as the control and the later as the treatment;  and d) each set of study data must include the number of trial replications (minimum of three) and the yield.",1,1,0,0,1,1,0,1,0,1,0,1,1,0,0.625,plant nutrient uptake
no irrigation,10.1007/s10113-018-1447-y,1,"1) empirical case studies which measured ecosystem services-related properties both for conservation (treatment) and conventional (control) management options. 2) papers reporting results from the mediterranean basin but included six well-designed papers reporting from mediterranean climate regions outside the basin (i.e., south and south west australia, the cape of south africa, central chile, and california). 3) if a study had not provided the sample size, the authors excluded the study from the analysis (n = 1).",1,1,1,1,0,0,0,0,0,0,1,0,1,0,0.5,soil water retention
no irrigation,10.1016/j.agwat.2017.05.005,1,only articles from china that met the following criteria were included in the database: (i) the experiments were conducted under field conditions where the effect of irrigation or plastic mulching was compared with flat (even or level topography); rainfed conditions; (ii) the reported plants were monoculture cereals of maize (zea mays) and wheat (i.e.; bread wheat; triticum aestivum); and (iii) the articles reported crop response as grain yield.,1,1,1,0,1,1,0,0,0,1,0,0,1,0,0.5625,soil water retention
no irrigation,10.1016/j.jclepro.2017.06.085,0,"(1) comparisons between non-irrigation and irrigation practices; (2) at least one parameter of interest (grain yield, yield components, water productivity, and et) was reported; and (3) the experimental location was stated. studies that described only the relationship between irrigation and wheat yield without a non-irrigation practice, and those that did not provide clear descriptions of the experimental methods were rejected.",1,1,1,0,1,1,0,1,0,1,1,1,1,0,0.6875,soil water retention
no irrigation,10.1007/s00271-020-00696-x,1,1) the experiment characteristics had to include a dryland observation; 2) the articles had to report yield and wue for each irrigation treatment.,1,1,0,0,1,1,0,1,0,1,1,1,1,1,0.75,water use
no irrigation,10.1007/s13593-022-00766-8,1,"(i) the research object must be field experiments conducted in the ncp, excluding pot and laboratory experiments and model simulations; (ii) the cropping system must be the winter wheat-summer maize cropping system; (iii) the studies must be about one or more of the four leading management practices (e.g., no nitrogen versus nitrogen input, no irrigation versus irrigation, rotary tillage versus other tillage methods, and straw removal versus straw return, with the former as the control and the later as the treatment); and (iv) the data must include the number of trial replications, crop yield, wue, or seasonal crop evapotranspiration (etc).",1,1,0,0,1,1,0,1,0,1,1,1,1,0,0.6875,water use
no irrigation,10.1016/j.agee.2018.12.009,1,"the authors screened publications based on the following criteria: maize yield and wp were documented; data were measured in field experiments (pot experiments, experiments under rainproof shelters, and model simulations were excluded); locations of experimental sites were explicitly provided; experimental treatments (irrigated/non-irrigated) were paired; and soil water supply before sowing and at harvest was reported for a soil layer of at least 1 m.",1,1,1,0,1,1,0,1,0,1,1,1,1,1,0.8125,water use
no irrigation,10.1016/j.agwat.2017.05.005,1,only articles from china that met the following criteria were included in the database: (i) the experiments were conducted under field conditions where the effect of irrigation or plastic mulching was compared with flat (even or level topography); rainfed conditions; (ii) the reported plants were monoculture cereals of maize (zea mays) and wheat (i.e.; bread wheat; triticum aestivum); and (iii) the articles reported crop response as grain yield.,1,1,1,0,1,1,0,0,0,1,0,0,1,0,0.5625,water use
no irrigation,10.1016/j.fcr.2022.108787,1,"1) field experiments must have been conducted in the loess plateau region; 2) comparisons of one or more practices, e.g., no mulching versus mulching, plowing tillage versus conservation tillage, no irrigation versus water-saving irrigation, no n and n input, and straw removal versus straw return, with the former as the control and the later as the treatment; 3) the treatment group and control group must have been tested at the same time and on the same spatial scale; 4) the experiment must have been a field experiment with three or more replicates, and thus indoor and pot experiments were excluded; and 5) the crop wue was calculated as the ratio of the crop economic yield relative to water consumption, and it could be extracted or calculated directly from the collected data.",1,1,0,1,1,1,1,1,0,1,1,1,1,1,0.875,water use
no irrigation,10.1016/j.jclepro.2017.06.085,0,"(1) comparisons between non-irrigation and irrigation practices; (2) at least one parameter of interest (grain yield, yield components, water productivity, and et) was reported; and (3) the experimental location was stated. studies that described only the relationship between irrigation and wheat yield without a non-irrigation practice, and those that did not provide clear descriptions of the experimental methods were rejected.",1,1,1,0,1,1,0,1,0,1,1,1,1,0,0.6875,water use
no irrigation,10.1080/14735903.2018.1523828,1,"1) located in the limpopo river basin; 2) cereals crops ; 3) reported yield, water productivity, and field runoff from treatment and control;",1,1,1,1,1,1,1,0,0,1,0,1,1,1,0.8125,water use
no irrigation,10.3390/agronomy12030709,0,"the following criteria were used to select appropriate papers: (1) field studies of fertilization or irrigation experiments performed in china (pot experiments or model simulations were excluded); (2) the field studies consisted of a control treatment, without irrigation or fertilization; (3) wue (kg ha-1 mm-1) was calculated as a ratio of crop yield (kg ha-1) to water consumed, including the amount of water lost as evapotranspiration (mm) in the growing season; (4) the field experiment had at least two sample sizes and the experiment was carried out for more than two years; and (5) the mean value and sample size of crop yield or wue were available in the paper or can be calculated.",1,1,0,0,1,1,1,1,0,1,1,1,1,0,0.6875,water use
no tillage and reduced tillage,10.1016/j.still.2021.105142,1,"(i) the n2o and no emissions were simultaneously measured during at least a whole growing season; (ii) only the field measurements were included, without considering incubation, pot and lysimeter experiments or modelling results; (iii) the experiments on upland soils and paddy soils during the non-waterlogging period were included, without considering those on the flooded paddy soils; and (iv) the spatial replicates and standard deviation of each treatment were clearly recorded.",1,1,0,0,1,1,0,1,1,1,0,0,1,0,0.625,air pollutants emissions
no tillage and reduced tillage,10.1002/ldr.3470,1,"conference proceedings and non-english language publications were excluded. studies were selected exclusively based on the following criteria: (1) only field experiments containing side-by-side comparisons of nt and ct practices; (2) absence of confounding effects between nt and ct; (3) with more than one form of tillage in a study, ct was taken as the tillage producing the greatest soil disturbance; (4) with residue applied, ct was conventional tillage without residue and nt was no-tillage with residue; (5) at least three years of experimental duration; (6) studies were discarded if factors other than tillage was different between ct and nt, with an exception of herbicidal treatment.",1,1,1,0,1,1,0,1,0,1,1,1,1,1,0.8125,carbon sequestration
no tillage and reduced tillage,10.1002/saj2.20260,0,"the studies were screened for those (a) comparing paired tilled and nt plots at the same sampling time, or (b) assessing temporal changes on tilled or nt soils in comparison with a pretreatment baseline from the same plot. we only selected those studies that had similar soil type and management practices in both treatments (that is, residue management, mineral or organic n fertilization, crop number [diversity] and frequency [number of crops per year], and legume use frequency in the cropping system). discarded studies: tillage treatments were applied for <5yr, crop residue removed, burned, or grazed (5% of the database).",1,1,0,1,1,1,0,1,0,1,0,1,1,0,0.625,carbon sequestration
no tillage and reduced tillage,10.1007/s10533-004-0360-2,1,selection criteria were: i) studies that either provided soc stocks or the information necessary to calculate soc stocks; ii) studies needed to report the depth of measurement and time frame over which the management change had occurred; iii) studies had to provide the location or climate data for the study sites so that we could classify them into climate regimes according to ipcc 1997 method.,1,0,0,0,1,1,1,0,0,1,0,1,1,0,0.5625,carbon sequestration
no tillage and reduced tillage,10.1007/s10533-011-9600-4,1,"selection criteria were: situations (i) displaying more than 5 years since the conversion to nt, (ii) where nt meant direct seeding (situations of minimum or reduced tillage were excluded) with crop residues left on the soil surface and ct meant mouldboard ploughing or full inversion tillage (it) that incorporates crop residues into the soil and leaves less than 30% of residue cover after tillage, (iii) with similar agricultural history until the implementation of nt, and (iv) with equal cropping systems (rotation, fertilization, etc.) in the plots under nt and it.",1,1,0,0,1,1,1,0,1,0,0,1,1,0,0.625,carbon sequestration
no tillage and reduced tillage,10.1007/s13593-016-0354-1,1,"(i) experiment under organic management for at least 3 years prior to the date of response measurement; (ii) at least two levels of tillage intensity included as a treatment; (iii) no “mixing” of treatments, i.e., only tillage varied between experimental treatments; and (iv) included climatic zones found in europe",1,1,0,1,1,1,0,0,0,1,0,1,1,0,0.625,carbon sequestration
no tillage and reduced tillage,10.1016/j.agee.2010.08.006,1,"the following criteria to select paired experiments: (1) in some studies, there were several types of tillage treatments, in which cases the tillage treatment that disturbed soil the most (e.g., moldboard plowing) was selected as ct. (2) the authors specifically focused on studies involving soil sampling deeper than 40 cm. in addition, only the studies that provide data to estimate soil c content on area basis were selected for comparison purpose. (3) further, only the studies that had the similar soil type, aspect, and managements (e.g., cropping system, fertilization, and irrigation) in both the ct and nt treatments were included. in each individual study the ct and nt treatments must be conducted at the same site with same experimental duration.",1,0,0,0,1,1,1,1,0,1,0,1,1,0,0.625,carbon sequestration
no tillage and reduced tillage,10.1016/j.agee.2013.02.003,1,"selected studies were performed in field conditions, in the mediterranean areas, laboratory and experimental greenhouse studies were excluded. the selected studies included pair-wise comparisons of the performance of rmps and conventional management, performed under similar pedo-climatic conditions, and after at least 3 or more years of management. the analysis was restricted to croplands, including arable crops, orchards and horticulture, but excluding permanent grassland and forests.",1,1,1,0,1,1,1,1,1,1,1,1,1,0,0.875,carbon sequestration
no tillage and reduced tillage,10.1016/j.agsy.2019.102736,1,"laboratory or greenhouse studies were excluded, and only studies performed in field conditions and carried out in a mediterranean climate were chosen. when several papers included data from the same experiment, the longest study with the most soil and crop variables was chosen.",1,1,1,0,1,1,1,1,1,1,0,1,1,0,0.8125,carbon sequestration
no tillage and reduced tillage,10.1016/j.earscirev.2017.12.015,1,"only long-term experiments (ltes) with a study duration of at least 10 years were included. in order to calculate soc stocks considering esm principles, only studies that reported soil c (stocks or concentrations) in combination with ρb for the same sampling depth were included. to overcome the bias of an over-representation of single experimental sites, only the most recently published study per trial was included. a more detailed description of the search process (e.g. websites and resources) and criteria that led to exclusion of a study is given in the systematic review protocol of haddaway et al. (2016).",1,1,1,1,1,1,1,0,0,1,1,1,1,0,0.8125,carbon sequestration
no tillage and reduced tillage,10.1016/j.jclepro.2020.125736,1,"(i) they included experiments measuring soc or som levels within existing vineyards or through experimental manipulation of vineyard management practices; (ii) they were performed under field conditions (laboratory studies and pot experiments were excluded) for a minimum period of three years; and (iii) they were published in or after 2000. when several studies contained data from the same field experiment, only the longest study was selected to avoid redundancy in the data.",1,1,1,0,1,1,0,1,0,1,0,0,1,0,0.625,carbon sequestration
no tillage and reduced tillage,10.1016/j.scitotenv.2016.05.067,1,not clearly defined.,1,0,0,0,1,0,0,0,0,1,0,1,1,1,0.4375,carbon sequestration
no tillage and reduced tillage,10.1016/j.scitotenv.2018.02.238,1,"the chosen articles were selected according to the following five criteria: i) the measurements were conducted under field conditions; ii) the experiment was implemented with a pair-wise design, including control and treatment groups; iii) there were spatial replicates randomly assigned for either the control or the treatment(s) in a field study; iv) the extractant for eoc was distilled water or a salt solution at room temperature instead of an oxidant, and the extraction was carried out at room temperature (approximately 25 °c) instead of at high temperature. as hot water extracts different organic carbon constituents compared to cold or room-temperature water and hot water extraction are different from the natural conditions, the authors excluded the data of eoc when extracted by hot water. in addition, the salts cacl2, k2so4 and kcl as extractants were categorized into separate sub-groups regardless of their concentrations due to the lack of field data; v) to investigate the influence of land use and management practices, the studies with samples collected below 30 cm soil depth were excluded. this condition was set because the effects from any factors on eoc or doc occurred mainly within the topsoil.",1,1,1,0,1,1,0,0,1,1,1,0,1,0,0.6875,carbon sequestration
no tillage and reduced tillage,10.1016/j.scitotenv.2020.140147,1,"(1) paired observations involving a ct–ct with (ctr) or without residue retention (ct), and only field–based experiments were included. specific conservation tillage practices chosen for comparison were rt or rt plus residue retention (rtr), and nt or nt plus residue retention (ntr). if a study used more than one conservation tillage practice at the same site, different conservation tillage practices were separately paired with the ct control; (2) the mean and standard deviation (sd) or standard error (se) of the results obtained from replicated field plots (>two replications) were used in the meta–analysis; (3) the residue retention and tillage practices were treated as main treatments while keeping other agronomic practices and factors such as cropping intensity, study duration, fertilizer management, and irrigation the same among the main treatments.",1,1,0,0,1,1,0,1,0,1,1,1,1,1,0.75,carbon sequestration
no tillage and reduced tillage,10.1016/j.still.2021.104939,1,"i) the field experiment was conducted under residue retention; ii) tillage and duration were clearly stated and the other management practices were the same; and iii) information on mean, replications, and magnitude of soc concentration and mineralization was both available or could be calculated.",1,1,0,0,1,0,0,1,1,1,0,0,1,0,0.5625,carbon sequestration
no tillage and reduced tillage,10.1017/S0021859614001002,1,only those papers with paired conventional tillage (ct) and zero-tillage (zt) treatments were selected.,1,1,1,0,0,1,0,0,1,0,0,1,1,0,0.5625,carbon sequestration
no tillage and reduced tillage,10.1111/gcb.13513,1,"(i) the studies had to report on the 115 impacts of long-term changes in land-use (≥ 15 years in all instances other than for organic 116 agriculture for which a cut-off of ≥ 5 years was used due to the low numbers of long-term 117 studies available), (ii) concentrations of soc were reported in addition to at least one of the 118 three nutrients of interest (total n, total p, or total s) (concentrations of p were recorded even 119 if soc concentrations were not, as discussed later), and (iii) the depth(s) within the profile 120 from which the soil was collected was stated. it was also desirable, but not essential, for 121 studies to list other variables, such as average annual rainfall, clay content, and the rates at 122 which inorganic and organic fertilizers and amendments were applied.",1,1,0,0,1,0,1,0,0,0,0,1,0,0,0.4375,carbon sequestration
no tillage and reduced tillage,10.1111/gcb.14658,1,"(a) soc was measured in field experiments (to estimate the potential of biochar to increase soil carbon, we also included soil incubation and pot experiments with regard to biochar use); (b) observations were conducted on croplands exclud‐ ing orchards and pastures; (c) ancillary information was provided, such as experiment duration, replication, and sampling depth; and (d) other agronomic management practices were included besides the three target management practices in this study. we considered conventional tillage as the control for nt and rt.",1,1,0,0,1,1,1,1,0,1,1,1,1,1,0.8125,carbon sequestration
no tillage and reduced tillage,10.1111/gcb.15001,1,"(a) experiments of no-till lasting more than 5 years, which were used to reduce the instabilities at the beginning of the experiment; (b) the duration of conventional tillage and no-till were the same; (c) measured thick- ness of soil layers was not less than 30 cm; and (d) reduced tillage and minimum tillage practices were excluded and only continuous no-till (i.e. complete absence of tillage) was selected.",1,1,1,1,1,1,0,1,1,1,1,1,1,0,0.875,carbon sequestration
no tillage and reduced tillage,10.1111/gcb.15796,1,"each study selected contains measurements of ghg emissions for both control and treatment management practices. studies with the following measurements were excluded: (i) measurements made in pot, laboratories or greenhouses and (ii) measurements conducted in organic (peaty) soils where n2o are much higher than those in mineral soils and where soil carbon fluxes are different.",1,1,1,0,1,1,0,1,0,1,0,1,1,0,0.6875,carbon sequestration
no tillage and reduced tillage,10.1186/s13750-017-0108-9,1,a total of 311 studies were already identified as part of the recent systematic map. these studies were originally assessed according to predefined inclusion criteria as part of the systematic map. these original inclusion criteria were modified for the purposes of this systematic review by the inclusion of a requirement for studies to have investigated tillage interventions.,1,1,1,1,1,1,1,1,1,1,1,1,1,1,1,carbon sequestration
no tillage and reduced tillage,10.2136/sssaj2007.0342,1,"studies were included in the data set if the following criteria were met: (i) studies compared nt and fit systems; (ii) studies were replicated experimental designs with the same soil type, crop, fertilizer, and residue management for both tillage treatments; (iii) soc was sampled to depths of 30 cm and deeper, with at least three depth increments; and (iv) tillage treatments were applied for at least 5 yr. tillage methods referred to as conventional or conservation tillage such as sub-till, chisel, disk, or ridge tillage were not included in the data set because they do not fully invert the soil during tillage operations",1,0,0,0,0,1,1,0,0,0,0,1,0,0,0.375,carbon sequestration
no tillage and reduced tillage,10.5194/bg-13-3619-2016,1,"only studies that reported co2 emissions measured in the field for both tillage and no-tillage from the same crop and during the same period were used. in addition, we selected only studies that consistently reported total soil respiration (heterotrophic + belowground autotrophic respiration). the crops considered in this study were maize, wheat, barley, oats, soybean, paddy rice and fallow. the practices considered as tillage in this review are those that involve physical disturbance of the topsoil layers for seedbed preparation, weed control, or fertilizer application.",1,1,0,0,1,0,0,0,0,1,0,1,1,0,0.5,carbon sequestration
no tillage and reduced tillage,10.1007/s10705-017-9836-z,0,only studies conducted in field conditions that were at least one growing season in duration were included.,1,1,0,0,1,1,0,0,0,1,0,1,1,0,0.5,crop yield
no tillage and reduced tillage,10.1007/s13593-016-0354-1,1,"(i) experiment under organic management for at least 3 years prior to the date of response measurement; (ii) at least two levels of tillage intensity included as a treatment; (iii) no “mixing” of treatments, i.e., only tillage varied between experimental treatments; and (iv) included climatic zones found in europe",1,1,0,1,1,1,0,0,0,1,0,1,1,0,0.625,crop yield
no tillage and reduced tillage,10.1016/j.agee.2018.09.002,1,"1) ghg emissions were measured in situ for the entire cropping season. 2) the conventional tillage versus no tillage comparison was done under otherwise similar agronomic management practices. 3) information regarding means, standard deviations (or standard errors), replications, and the magnitude of seasonal cumulative ghg emissions was either available or could be calculated.",1,1,0,0,1,1,1,1,1,1,1,1,1,1,0.875,crop yield
no tillage and reduced tillage,10.1016/j.agsy.2019.102736,1,"laboratory or greenhouse studies were excluded, and only studies performed in field conditions and carried out in a mediterranean climate were chosen. when several papers included data from the same experiment, the longest study with the most soil and crop variables was chosen.",1,1,1,0,1,1,1,1,1,1,0,1,1,0,0.8125,crop yield
no tillage and reduced tillage,10.1016/j.fcr.2015.01.012,1,"references were required to report replicated field trials on the effect of grain legumes and a reference pre-crop on the yield of subsequent cereals or rapeseed. they had to allow for a pair-wise comparison of legume to non-legume pre-crops, and report level of nitrogen (n) fertilisation to the pre-crops and subsequent crops. references were excluded when they (a) did not report field experiments but model results, pot experiments or statistical data from practice, (b) reported pre-crop effects of legumes grown for forage, (c) did not allow for pairwise comparison of legume to non-legume pre-crops, (d) reported yield benefits to crops other than cereals or rapeseed, or (f) did not specify important experimental data, especially replications, n level, or absolute yield values. for economic profitability, included literature was required to (a) report gross margin (gm) of grain legumes in europe in comparison to another reference crop, (b) clearly present the method of gm calculation, yield, price, subsidies and variable costs included, and (c) where applicable, present the nature and size of pre-crop benefits considered.",1,1,1,0,0,0,0,0,1,0,0,0,1,0,0.4375,crop yield
no tillage and reduced tillage,10.1016/j.fcr.2015.07.020,1,"similar selection critera as pittelkow et al. (2015) but individual studies were not required to report residue management or crop rotation practices to be included in the database. here are reported the selection criteria from pittelkow et al. (2015): studies had to represent field experiments containing side-by-side comparisons of no-till and conventional tillage practices; (2) no-till treatments consisted of zero tillage immediately before crop establishment for a given growing season (that is, reduced tillage treatments such as strip-tillage were rejected); (3) crop yields were reported; (4) location of the experiment was stated; (5) confounding effects between treatments were absent (that is, differences in residue management, seeding rates, fertilizer rates, etc. were determined to be negligible). conference proceedings and non-english language publications were excluded. studies were rejected if it was unclear from reading the experimental methods whether factors other than tillage differed between treatments with the exception of herbicides (the absence of tillage as a weed control strategy generally requires changes in herbicide management under no-till). owing to the large size of the database, particular attention was given to avoiding data duplication (for example, when different studies reported the same data). thus, if it was unclear whether a publication contained duplicate data, it was rejected.",1,1,1,0,1,1,0,1,0,1,1,1,1,1,0.8125,crop yield
no tillage and reduced tillage,10.1016/j.fcr.2015.07.023,1,"studies reporting differences in management between nt and ct treatments such as variations in residue management, crop rotation, n fertilization, or irrigation were not included. n fertilizer management observations from studies that reported a range of n rates across sites, crops, or years, were only included in the database if exact rates were provided or if the range of values was smaller than 15 kg n/ha (for these studies, the midpoint was chosen). in addition, the database was further confined to: (1) observations for which crop rotation information was available (observations with a preceding cover crop were categorized as having a crop rotation); (2) observations for which the duration of the nt/ct yield comparison was reported; (3) observations from plots where residues were not reported to have been burned (4) observations on non-legume crops.",1,1,1,0,1,1,1,1,0,1,0,1,1,0,0.75,crop yield
no tillage and reduced tillage,10.1016/j.scitotenv.2020.142299,1,"a) research studies conducted in the field; b) studies measuring cumulative emissions (kg ha-1) of ghgs either co2, ch4, and/or n2o under both nt and ct treatments at the same study site; c) means, standard deviations (or standard errors), and the number of replications that was either reported and/or could be calculated; d) experimental duration, n application rate, and water management practices that were clearly reported.",1,1,1,0,1,1,0,1,0,1,1,0,1,0,0.6875,crop yield
no tillage and reduced tillage,10.1017/S0021859614001002,1,only those papers with paired conventional tillage (ct) and zero-tillage (zt) treatments were selected.,1,1,1,0,0,1,0,0,1,0,0,0,1,0,0.5,crop yield
no tillage and reduced tillage,10.1038/nature13809,1,"this search produced a total of 2,471 publications, which were screened on the basis of the following criteria: (1) studies had to represent field experiments containing side-by-side comparisons of no-till and conventional tillage practices; (2) no-till treatments consisted of zero tillage immediately before crop establishment for a given growing season (that is, reduced tillage treatments such as strip-tillage were rejected); (3) crop yields were reported; (4) location of the experiment was stated; (5) management information regarding at least one other conservation agriculture principle was available (that is, residue management or crop rotation); and (6) confounding effects between treatments were absent (that is, differences in residue management, seeding rates, fertilizer rates, etc. were determined to be negligible). conference proceedings and non-english language publications were excluded. studies were rejected if it was unclear from reading the experimental methods whether factors other than tillage differed between treatments with the exception of herbicides (the absence of tillage as a weed control strategy generally requires changes in herbicide management under no-till). owing to the large size of the database, particular attention was given to avoiding data duplication (for example, when different studies reported the same data). thus, if it was unclear whether a publication contained duplicate data, it was rejected.",1,1,1,0,1,1,0,1,1,1,1,1,1,0,0.8125,crop yield
no tillage and reduced tillage,10.1038/s41467-018-05956-1,1,"only field experiments containing side-by-side yield comparisons were included in the database to ensure comparability of the cropping system treatments. because the focus of this study was on temporal yield stability, i.e., annual variability across years, single year comparisons from the original datasets were combined in order to create observations that were based on several years for each crop investigated (i.e., multiple year observations (myo)). the authors focused on studies with a minimum of 4 years of observation for the same crop, thus excluding short term studies.",1,1,0,0,1,1,1,1,0,1,1,1,1,0,0.75,crop yield
no tillage and reduced tillage,10.1038/s41598-017-09742-9,1,"studies that met the following criteria were included only: 1) tillage/ce practices that fall within the broad categories of five key options; 2) ct-tpr(wet) was included as a control; 3) the same location and soil type in ct-tpr(wet) and other tillage/ce options; 4) the same crop management, including fertilizer management in ct-tpr(wet) and other tillage/ce options within a study excepting treatment-specific changes such as weed and water management involved; 5) the same performance parameters and their methods of measurements in ct-tpr(wet) and other tillage/ce options within a study.",1,1,0,0,1,1,0,1,0,1,0,1,1,0,0.625,crop yield
no tillage and reduced tillage,10.1111/gcb.15001,1,"(a) experiments of no-till lasting more than 5 years, which were used to reduce the instabilities at the beginning of the experiment; (b) the duration of conventional tillage and no-till were the same; (c) measured thick- ness of soil layers was not less than 30 cm; and (d) reduced tillage and minimum tillage practices were excluded and only continuous no-till (i.e. complete absence of tillage) was selected.",1,1,1,1,1,1,0,1,1,1,1,1,1,0,0.875,crop yield
no tillage and reduced tillage,10.1111/gcb.15796,1,"each study selected contains measurements of ghg emissions for both control and treatment management practices. studies with the following measurements were excluded: (i) measurements made in pot, laboratories or greenhouses and (ii) measurements conducted in organic (peaty) soils where n2o are much higher than those in mineral soils and where soil carbon fluxes are different.",1,1,1,0,1,1,0,1,0,1,0,1,1,0,0.6875,crop yield
no tillage and reduced tillage,10.1111/j.1365-2486.2012.02779.x,1,"the literature survey focused on n2o emissions from cropping systems but excluded flooded systems such as rice paddies. studies had to meet specific criteria to be included in the data set. first, n2o fluxes must have been measured under field conditions for an entire season (i.e., period from planting to harvest). second, crop yield data needed to be available, in some cases from other publications or via personal communication. third, means and the number of field replicates (i.e., plots per treatment combination) had to be reported for both ct and nt/rt systems. because of the importance of n fertilizer application rate in regulating both crop yields and n2o emissions, only comparisons where the n fertilizer application rate between tillage treatments differed by less than 15 kg n/ha/yr were included (only 5 of the 239 comparisons in the data set did not use identical n rates).",1,1,0,0,1,1,0,1,0,1,0,1,1,0,0.625,crop yield
no tillage and reduced tillage,10.1007/s10705-017-9836-z,0,only studies conducted in field conditions that were at least one growing season in duration were included.,1,1,0,0,1,1,0,0,0,1,0,1,1,0,0.5,ghg emissions
no tillage and reduced tillage,10.1016/j.agee.2018.09.002,1,"1) ghg emissions were measured in situ for the entire cropping season. 2) the conventional tillage versus no tillage comparison was done under otherwise similar agronomic management practices. 3) information regarding means, standard deviations (or standard errors), replications, and the magnitude of seasonal cumulative ghg emissions was either available or could be calculated.",1,1,0,0,1,1,1,1,1,1,1,1,1,1,0.875,ghg emissions
no tillage and reduced tillage,10.1016/j.scitotenv.2020.142299,1,"a) research studies conducted in the field; b) studies measuring cumulative emissions (kg ha-1) of ghgs either co2, ch4, and/or n2o under both nt and ct treatments at the same study site; c) means, standard deviations (or standard errors), and the number of replications that was either reported and/or could be calculated; d) experimental duration, n application rate, and water management practices that were clearly reported.",1,1,1,0,1,1,0,1,0,1,1,0,1,0,0.6875,ghg emissions
no tillage and reduced tillage,10.1016/j.still.2018.05.006,1,specific criteria considered in selecting paired trials were: i) studies conducted in the field; ii) studies reported cumulative soil n2o emissions (kg n2o-n/ha) for at least one entire crop season duration for both conservation and conventional tillage treatments; iii) studies reported the mean and number of field replicates; and iv) studies for which n input rate was reported or could be accurately calculated.,1,1,1,0,1,1,1,1,0,1,1,1,1,0,0.8125,ghg emissions
no tillage and reduced tillage,10.1016/j.still.2021.105042,1,(i) the study reported simultaneous measurements (same sampling date) of ch4 fluxes from soils with at least two tillage types and (ii) one of the tillage types had to be no-till.,1,1,1,1,1,1,1,1,0,1,0,1,1,0,0.8125,ghg emissions
no tillage and reduced tillage,10.1016/j.still.2021.105142,1,"(i) the n2o and no emissions were simultaneously measured during at least a whole growing season; (ii) only the field measurements were included, without considering incubation, pot and lysimeter experiments or modelling results; (iii) the experiments on upland soils and paddy soils during the non-waterlogging period were included, without considering those on the flooded paddy soils; and (iv) the spatial replicates and standard deviation of each treatment were clearly recorded.",1,1,0,0,1,1,0,1,1,1,0,0,1,0,0.625,ghg emissions
no tillage and reduced tillage,10.1017/S0021859614001002,0,not reported,1,0,1,0,0,0,0,0,0,0,0,0,1,0,0.1875,ghg emissions
no tillage and reduced tillage,10.1038/s41598-017-09742-9,1,"studies that met the following criteria were included only: 1) tillage/ce practices that fall within the broad categories of five key options; 2) ct-tpr(wet) was included as a control; 3) the same location and soil type in ct-tpr(wet) and other tillage/ce options; 4) the same crop management, including fertilizer management in ct-tpr(wet) and other tillage/ce options within a study excepting treatment-specific changes such as weed and water management involved; 5) the same performance parameters and their methods of measurements in ct-tpr(wet) and other tillage/ce options within a study.",1,1,0,0,1,1,0,1,0,1,0,0,1,0,0.5625,ghg emissions
no tillage and reduced tillage,10.1111/gcb.15796,1,"each study selected contains measurements of ghg emissions for both control and treatment management practices. studies with the following measurements were excluded: (i) measurements made in pot, laboratories or greenhouses and (ii) measurements conducted in organic (peaty) soils where n2o are much higher than those in mineral soils and where soil carbon fluxes are different.",1,1,1,0,1,1,0,1,0,1,0,1,1,0,0.6875,ghg emissions
no tillage and reduced tillage,10.1371/journal.pone.0196703,1,"1) the nt/rt and ct plots must be conducted at the same site with the same crop, agronomic management options (e.g., fertilizer, irrigation,), and experiment duration; 2) ch4 and n2o fluxes were both measured by using statistic chamber methods in field conditions for an entire crop growing season; and 3) the n application rate, crop straw returning methods, experimental duration, and water management practices were clearly recorded.",1,1,1,1,1,1,1,1,1,1,0,1,1,1,0.9375,ghg emissions
no tillage and reduced tillage,10.2134/jeq2017.03.0121,1,"a total of 1772 and 914 articles were identified from web of science and scopus, respectively. out of this total, only articles that reported the concentration and/or load of p in paired nt versus ct practices, including lysimeter studies under field conditions, were included in the database. since the authors focused on understanding the effect of nt (including its long-term impact) on p loss, they did not include articles stemming from studies involving “one-time tillage” experiments at sites previously under long-term nt.",1,1,1,1,1,1,0,0,1,1,0,1,1,0,0.75,nutrient leaching and run-off
no tillage and reduced tillage,10.1007/s13593-016-0354-1,1,"(i) experiment under organic management for at least 3 years prior to the date of response measurement; (ii) at least two levels of tillage intensity included as a treatment; (iii) no “mixing” of treatments, i.e., only tillage varied between experimental treatments; and (iv) included climatic zones found in europe",1,1,0,1,1,1,0,0,0,1,0,1,1,0,0.625,pests and diseases
no tillage and reduced tillage,10.1016/j.agee.2020.106849,1,"to be considered in the analysis of invertebrate abundance, studies need to have (1) compared invertebrate abundances in a reduced-disturbance to a high-disturbance tillage operation, (2) reported means and variance from both reduced and high-disturbance tillage fields to be included in effect size calculations, and (3) focused on annual grain, fiber, and vegetable crops, as we encountered too few studies investigating arthropod and slug response to tillage practices in orchard crops to include them in our analyses. to analyze effects of tillage on arthropod diversity, studies needed to have (1) compared arthropod or slug abundances in a reduced-disturbance to a high-disturbance tillage operation, (2) identified and quantified all arthropods and slugs from one sampling method to allow us to calculate diversity metrics, and (3) focused on annual grain, fiber, and vegetable crops. however, studies in our diversity analysis did not need to report variance, because variances were not used for this analysis.",1,1,1,1,1,1,1,1,0,1,0,1,1,1,0.875,pests and diseases
no tillage and reduced tillage,10.1016/j.soilbio.2018.02.024,1,"the following criteria were used when selecting paired experiments: (1) each experiment had similar topography and soil type, in addition to having a control (ct); (2) the mean and standard deviation (or standard error) of cmic and nmic and qmic were provided, with the number of replicates described either in the experimental design or in figure captions, and at least two replications were used in the experiment; and (3) tillage and residue management were included as treatments and other agronomic practices such as cropping intensity and irrigation were similar.",1,1,0,0,1,1,0,1,0,1,1,1,1,0,0.6875,soil biological quality
no tillage and reduced tillage,10.1016/j.soilbio.2021.108383,1,"all the sampled articles (3925) were screened based on their titles and abstracts and discarded articles considering only one plant-parasitic nematode species, review articles, studies conducted in greenhouses, in unmanaged ecosystems (forests or savannah) and articles not on the soil system (e.g., fresh water). after this first step of the selection, 465 articles were screened according to inclusion criteria: (1) data should be available in the articles either in table or in graphical forms; (2) nematode data should be a measurement of the abundance of nematode trophic groups (bacterial feeding (bf), fungal feeding (ff), omnivores and predators (op) and plant feeding nematodes (pf), and/or nematode diversity) and/or nematode indices (taxonomic richness (s) and shannon diversity (h′). nematode indices were the maturity index (mi), plant-parasitic index (ppi), structure index (si), enrichment index (ei), and nematode channel ratio (ncr)); (3) studies needed to evaluate the effects of at least one of the four main agricultural practices: managing plant diversity (rotation, cover crop and association), pesticide input (herbicide, biocides and nematicide), tillage, organic and mineral fertilization. any experimental data reporting multiple treatments combined into one, e.g., treatment (fertilization + tillage) versus control (no fertilization and no tillage) was discarded to avoid confounding effects. the effect of pesticide application, fertilization, tillage and plant diversity management had to be clearly distinct and identifiable with a control and an associated treatment. the effect of agricultural systems, that is the conversion of conventional agriculture to conservation or organic agriculture, include several distinct practices and had to be defined as such by the authors. conservation agriculture is based on no-tillage and cover crop; pesticides are use only when necessary. conventional systems use pesticide, mineral fertilizers and tillage. organic agriculture does not use synthetic pesticide and mineral fertilizers. tillage is used for weed management; (4) the samples should be collected from the topsoil layer (soil depth between 0 and 30 cm maximum). (5) studies needed to report means (x_), standard deviations (sd) or standard errors (se) and sample size (n, number of true replications) of nematode variables in control and treatment groups. when sd, se or sample size were missing, articles were discarded as these data are required to compute the effect size.",1,1,1,1,1,1,1,0,1,1,1,1,1,1,0.9375,soil biological quality
no tillage and reduced tillage,10.1016/j.still.2020.104721,1,"1) field studies conducted in agroecosystems, such as farmland. 2) experimental design included plow tillage as control, no-tillage as treatment, and reported soil microbial community abundance (otu richness) or diversity (shannon index).3) mean values, sample size (repeated times), and standard deviation (sd) of the required indicators were reported. 4) articles containing basic information, such as mean annual precipitation, mean annual temperature, latitude and longitude of the study site, experimental duration, nitrogen application level, and stubble (i.e., organic inputs), were collated.",1,1,1,1,1,1,1,1,1,1,0,1,1,0,0.875,soil biological quality
no tillage and reduced tillage,10.1111/1365-2664.12815,1,"the selection criteria were: (i) a field trial comparing (a) bare winter fallow (i.e. unplanted) vs. cover crop(s), or (b) multiple types of tillage, including a comparison between a ‘conventional’ type (usually a mouldboard plough, i.e. soil inversion) and an alternative (e.g. no-till, chisel till); and (ii) data on amf colonization rates (i.e. per cent root length colonized) on roots of the subsequent annual cash crop. the authors also examined studies that analysed amf community composition from soil or root samples (by spore morphological identification or genetic analysis) following incorporation of the cover crop and/or tillage. only studies with imposed, replicated treatments at one or more sites were included.",1,1,1,0,1,1,1,0,1,1,1,1,1,1,0.875,soil biological quality
no tillage and reduced tillage,10.1111/gcb.13744,1,"the authors attempted to include all available published studies that compared earthworm communities under ct and any other forms of “rt” and that reported earthworm data obtained using quantitative sampling methodologies (i.e. quadrats, soil cores or blocks). however, they excluded papers based solely on indirect population assessment methods (i.e. earthworm surface casts, middens and macropores). papers with missing essential data (e.g. errors and/or sample sizes) or lack of a sound treatment comparison (e.g. absence of a true control) were excluded. three studies, despite reporting earthworm abundance data and meeting the meta-analysis criteria, had to be removed from the meta-data set due to mean and variance values ofeither control or experimental groups being equal to zero, which impeded the calculation of the effect size metric (lnr).",1,0,0,1,1,1,1,1,0,1,1,1,1,1,0.8125,soil biological quality
no tillage and reduced tillage,10.3220/LBF1512114926000,1,"1. different  ecological  groups  of  earthworms  (anecic,  endogeic, epigeic) considered;2. data on earthworm abundance and/or biomass included; 3. conducted under organic farming standards; 4. reduced tillage as treatment; 5. the use of mouldboard ploughing as control; 6. conducted in the temperate zone.",1,1,1,0,1,1,1,0,1,0,0,0,1,0,0.625,soil biological quality
no tillage and reduced tillage,10.1016/j.agee.2016.04.033,0,"included studies were: (i) based on plot-scale measurements, or performed in-situ; (ii) based on paired comparisons between tilled and no-tilled soils.",1,1,1,1,1,1,0,0,0,1,1,1,1,0,0.6875,soil erosion
no tillage and reduced tillage,10.1016/j.scitotenv.2018.07.124,1,"the authors selected the sources based on the following criteria: (1) the article contained at least one runoff or soil loss response variable; (2) each data point was collected during at least a full year, or the reported data could be extrapolated to represent a full year with a sufficient degree of reliability; (3) the same response variables were compared between lands treated with scts (hereafter called treated) and those not treated with scts (hereafter called control); (4) the treated lands and control lands were exposed to the same environmental conditions; (5) the number of replications was reported; and (6) the groups of categories contained more than two data pairs. only runoff and soil loss measurements from bound runoff plots equipped with tanks for collecting runoff and soil loss were used to reduce the influence of measurement uncertainties, and only plots with a minimum length of 5 m were retained because they were considered to be representative.",1,1,1,0,1,1,0,1,0,1,0,1,1,0,0.6875,soil erosion
no tillage and reduced tillage,10.1016/j.still.2015.04.007,1,"the literature survey focused on runoff from field plots but excluded that from watersheds, as no two watersheds are hydrologically identical due to inherent differences in cropping systems, topography, and runoff characteristics. studies that reported only average runoff across multiple years were excluded. studies in which runoff was zero in some treatments were excluded (1 study).",1,1,1,0,1,1,0,1,0,1,0,1,1,0,0.6875,soil erosion
no tillage and reduced tillage,10.1002/saj2.20260,0,"the studies were screened for those (a) comparing paired tilled and nt plots at the same sampling time, or (b) assessing temporal changes on tilled or nt soils in comparison with a pretreatment baseline from the same plot. we only selected those studies that had similar soil type and management practices in both treatments (that is, residue management, mineral or organic n fertilization, crop number [diversity] and frequency [number of crops per year], and legume use frequency in the cropping system). discarded studies: tillage treatments were applied for <5yr, crop residue removed, burned, or grazed (5% of the database).",1,1,0,1,1,1,0,1,0,1,0,1,1,0,0.625,soil nutrients
no tillage and reduced tillage,10.1016/j.agsy.2019.102736,1,"laboratory or greenhouse studies were excluded, and only studies performed in field conditions and carried out in a mediterranean climate were chosen. when several papers included data from the same experiment, the longest study with the most soil and crop variables was chosen.",1,1,1,0,1,1,1,1,1,1,0,1,1,0,0.8125,soil nutrients
no tillage and reduced tillage,10.1111/gcb.13513,1,"(i) the studies had to report on the 115 impacts of long-term changes in land-use (≥ 15 years in all instances other than for organic 116 agriculture for which a cut-off of ≥ 5 years was used due to the low numbers of long-term 117 studies available), (ii) concentrations of soc were reported in addition to at least one of the 118 three nutrients of interest (total n, total p, or total s) (concentrations of p were recorded even 119 if soc concentrations were not, as discussed later), and (iii) the depth(s) within the profile 120 from which the soil was collected was stated. it was also desirable, but not essential, for 121 studies to list other variables, such as average annual rainfall, clay content, and the rates at 122 which inorganic and organic fertilizers and amendments were applied.",1,1,0,0,1,0,1,0,0,0,0,1,0,0,0.4375,soil nutrients
no tillage and reduced tillage,10.1002/ldr.3470,1,"conference proceedings and non-english language publications were excluded. studies were selected exclusively based on the following criteria: (1) only field experiments containing side-by-side comparisons of nt and ct practices; (2) absence of confounding effects between nt and ct; (3) with more than one form of tillage in a study, ct was taken as the tillage producing the greatest soil disturbance; (4) with residue applied, ct was conventional tillage without residue and nt was no-tillage with residue; (5) at least three years of experimental duration; (6) studies were discarded if factors other than tillage was different between ct and nt, with an exception of herbicidal treatment.",1,1,1,0,1,1,0,1,0,1,1,1,1,1,0.8125,soil physico-chemical quality
no tillage and reduced tillage,10.1016/j.geoderma.2019.114099,1,"(1) paired observations involving a ct–ct with (ctr) or without residue retention (ct), and only field–based experiments were included. specific conservation tillage practices chosen for comparison were rt or rt plus residue retention (rtr), and nt or nt plus residue retention (ntr). if a study used more than one conservation tillage practice at the same site, different conservation tillage practices were separately paired with the ct control; (2) the mean and standard deviation (sd) or standard error (se) of the results obtained from replicated field plots (>two replications) were used in the meta–analysis; (3) the residue retention and tillage practices were treated as main treatments while keeping other agronomic practices and factors such as cropping intensity, study duration, fertilizer management, and irrigation the same among the main treatments.",1,1,0,0,1,1,0,1,1,1,1,1,1,0,0.75,soil physico-chemical quality
no tillage and reduced tillage,10.1016/j.still.2019.06.009,1,"1) selected articles included paired observations comparing conventional tillage with (cts) or without residue retention (ct), and a conservation tillage practice based on field experiments. specific conservation tillage practices selected for comparison in this study were reduced tillage with (rts) or without residue retention (rt), and no tillage with (nts) or without residue retention (nt). if a study used more than one conservation tillage practice at the same site, the study separately paired different conservation tillage practices with the ct or cts. additionally, during the selection process, other agronomic practices such as cropping intensity, fertilizer management, study duration, and irrigation had to be similar between paired control (ct, or cts) and treatments (nt, rt, nts, or rts).
(2) the individual studies reported mean and standard error of results obtained from replicated field plots (≥3 replications).
",1,1,0,0,1,1,1,1,0,1,1,1,1,0,0.75,soil physico-chemical quality
no tillage and reduced tillage,10.1371/journal.pone.0215702,1,"articles were rejected because they either did not compare controls to treatments appropriately, did not measure infiltration rate, or were otherwise not relevant to our analysis.",1,1,1,1,1,1,1,1,1,1,0,1,1,1,0.9375,soil physico-chemical quality
no tillage and reduced tillage,10.1002/ldr.3470,1,"conference proceedings and non-english language publications were excluded. studies were selected exclusively based on the following criteria: (1) only field experiments containing side-by-side comparisons of nt and ct practices; (2) absence of confounding effects between nt and ct; (3) with more than one form of tillage in a study, ct was taken as the tillage producing the greatest soil disturbance; (4) with residue applied, ct was conventional tillage without residue and nt was no-tillage with residue; (5) at least three years of experimental duration; (6) studies were discarded if factors other than tillage was different between ct and nt, with an exception of herbicidal treatment.",1,1,1,0,1,1,0,1,0,1,1,1,1,1,0.8125,soil water retention
no tillage and reduced tillage,10.1016/j.geoderma.2019.114099,1,"(1) paired observations involving a ct–ct with (ctr) or without residue retention (ct), and only field–based experiments were included. specific conservation tillage practices chosen for comparison were rt or rt plus residue retention (rtr), and nt or nt plus residue retention (ntr). if a study used more than one conservation tillage practice at the same site, different conservation tillage practices were separately paired with the ct control; (2) the mean and standard deviation (sd) or standard error (se) of the results obtained from replicated field plots (>two replications) were used in the meta–analysis; (3) the residue retention and tillage practices were treated as main treatments while keeping other agronomic practices and factors such as cropping intensity, study duration, fertilizer management, and irrigation the same among the main treatments.",1,1,0,0,1,1,0,1,1,1,1,1,1,0,0.75,soil water retention
no tillage and reduced tillage,10.1038/s41598-017-09742-9,1,"studies that met the following criteria were included only: 1) tillage/ce practices that fall within the broad categories of five key options; 2) ct-tpr(wet) was included as a control; 3) the same location and soil type in ct-tpr(wet) and other tillage/ce options; 4) the same crop management, including fertilizer management in ct-tpr(wet) and other tillage/ce options within a study excepting treatment-specific changes such as weed and water management involved; 5) the same performance parameters and their methods of measurements in ct-tpr(wet) and other tillage/ce options within a study.",1,1,0,0,1,1,0,1,0,1,0,0,1,0,0.5625,water use
organic farming systems,10.1016/j.agee.2013.02.003,1,"1)pair-wise comparisons of the performance of rmps and conventional management, performed under similar pedo-climatic conditions, and after at least 3 or more years of management. 
2)analysis was also restricted to croplands, including arable crops, orchards and horticulture, but excluding permanent grassland and forests.
3)only studies performed in field conditions excluding laboratory and experimental greenhouse studies",1,0,1,1,1,1,0,1,0,1,1,0,1,1,0.75,carbon sequestration
organic farming systems,10.1111/j.1365-2664.2005.01005.x,1,all the studies on species richness and diversity or abundance where an effect size and pooled sd could be calculated were included.,1,0,1,0,1,1,0,1,0,1,1,1,1,0,0.6875,biodiversity
organic farming systems,10.1088/1748-9326/aa6cd5,1,"the author's analyses include all relevant pre-farm and on-farm activities (fertilizer production and application, seed production, farm energy use, feed and fodder production, manure production (when used for fertilizer), manure management, infrastructure construction, etc) and their associated environmental impacts up until a food leaves the farm. our analyses are thus of 'cradle-to-farm gate' activities; a paucity of data on post-farm gate impacts limited our ability to analyze them in a balanced manner, although a previous analysis showed that the vast majority of a food's greenhouse gas emissions stem from 'cradle-to-farm gate' activities. several publications were excluded because a lack of defined system boundaries made direct comparisons with other lcas impossible. in addition, some lcas conducted by for-profit companies were excluded because of potential biases.",1,1,0,0,1,0,1,0,1,1,0,1,1,0,0.625,global warming potential (lca)
organic farming systems,10.1088/1748-9326/aa6cd5,1,"the author's analyses include all relevant pre-farm and on-farm activities (fertilizer production and application, seed production, farm energy use, feed and fodder production, manure production (when used for fertilizer), manure management, infrastructure construction, etc) and their associated environmental impacts up until a food leaves the farm. our analyses are thus of 'cradle-to-farm gate' activities; a paucity of data on post-farm gate impacts limited our ability to analyze them in a balanced manner, although a previous analysis showed that the vast majority of a food's greenhouse gas emissions stem from 'cradle-to-farm gate' activities. several publications were excluded because a lack of defined system boundaries made direct comparisons with other lcas impossible. in addition, some lcas conducted by for-profit companies were excluded because of potential biases.",1,1,0,0,1,0,1,0,1,1,0,1,1,0,0.625,eutrophication (lca)
organic farming systems,10.1088/1748-9326/aa6cd5,1,"the author's analyses include all relevant pre-farm and on-farm activities (fertilizer production and application, seed production, farm energy use, feed and fodder production, manure production (when used for fertilizer), manure management, infrastructure construction, etc) and their associated environmental impacts up until a food leaves the farm. our analyses are thus of 'cradle-to-farm gate' activities; a paucity of data on post-farm gate impacts limited our ability to analyze them in a balanced manner, although a previous analysis showed that the vast majority of a food's greenhouse gas emissions stem from 'cradle-to-farm gate' activities. several publications were excluded because a lack of defined system boundaries made direct comparisons with other lcas impossible. in addition, some lcas conducted by for-profit companies were excluded because of potential biases.",1,1,0,0,1,0,1,0,1,1,0,1,1,0,0.625,energy use (lca)
organic farming systems,10.1088/1748-9326/aa6cd5,1,"the author's analyses include all relevant pre-farm and on-farm activities (fertilizer production and application, seed production, farm energy use, feed and fodder production, manure production (when used for fertilizer), manure management, infrastructure construction, etc) and their associated environmental impacts up until a food leaves the farm. our analyses are thus of 'cradle-to-farm gate' activities; a paucity of data on post-farm gate impacts limited our ability to analyze them in a balanced manner, although a previous analysis showed that the vast majority of a food's greenhouse gas emissions stem from 'cradle-to-farm gate' activities. several publications were excluded because a lack of defined system boundaries made direct comparisons with other lcas impossible. in addition, some lcas conducted by for-profit companies were excluded because of potential biases.",1,1,0,0,1,0,1,0,1,1,0,1,1,0,0.625,land use (lca)
organic farming systems,10.1088/1748-9326/aa6cd5,1,"the author's analyses include all relevant pre-farm and on-farm activities (fertilizer production and application, seed production, farm energy use, feed and fodder production, manure production (when used for fertilizer), manure management, infrastructure construction, etc) and their associated environmental impacts up until a food leaves the farm. our analyses are thus of 'cradle-to-farm gate' activities; a paucity of data on post-farm gate impacts limited our ability to analyze them in a balanced manner, although a previous analysis showed that the vast majority of a food's greenhouse gas emissions stem from 'cradle-to-farm gate' activities. several publications were excluded because a lack of defined system boundaries made direct comparisons with other lcas impossible. in addition, some lcas conducted by for-profit companies were excluded because of potential biases.",1,1,0,0,1,0,1,0,1,1,0,1,1,0,0.625,acidification (lca)
organic farming systems,10.1890/12-0110.1,1,"to be included, each study had to report on the abundance of at least three taxonomic groups (at the species, genus, family, or order level) from replicated surveys.",1,1,0,0,1,1,1,0,1,1,1,1,1,0,0.75,biodiversity
organic farming systems,10.1016/j.agsy.2011.12.004,1,"publications were discarded for one or more of the following reasons: data pertaining to non-food and non-fodder crops, the absence of comparative yield data even though the record contained the search terms of the query; duplication of the same publication in multiple databases; multiple publications reporting on the same trials/datasets; yield data being outdated; unrepresentative yield levels; insufficient information on treatments and/or yield data; measurements on individual plants rather than plots of given areas; and overall data quality.",1,1,1,1,1,1,0,0,0,0,1,0,1,0,0.625,crop yield
organic farming systems,10.5344/ajev.2019.18047,1,"only field trials that used replicates of management treatments with representative plots or studies that used a representative number of samples were included in the review in order toavoid bias in individual studies. data from non-peer-reviewed sources such as conference proceedings, master theses or doctoral dissertations were also included into this study if they met the criteria mentioned above.",1,1,0,0,1,1,1,0,0,0,0,1,1,0,0.5,crop yield
organic farming systems,10.5344/ajev.2019.18047,1,"only field trials that used replicates of management treatments with representative plots or studies that used a representative number of samples were included in the review in order to avoid bias in individual studies. data from non-peer-reviewed sources such as conference proceedings, master theses or doctoral dissertations were also included into this study if they met the criteria mentioned above.",1,1,0,0,0,0,0,0,0,0,0,0,1,0,0.25,biodiversity
organic farming systems,10.1111/1365-2664.13113,1,"studies comparing tillage vs. no/or reduced tillage without adding synthetic fertilizers or pesticides in the conventional farming practice were excluded. the following criteria were considered: (1)  if the study manipulated other factors (e.g. soil inoculum, irrigation), only results from non-manipulated plots were considered. (2)  in order to conduct a weighted meta-analysis (gurevitch & hedges 1999), data collection was limited to studies in which means, standard deviations (sd) and sample size were reported or could be calculated. where sd could be neither extracted nor calculated, sd was set equal to 1/10 of the mean. when suitable studies lacked information, the authors were contacted and asked for their original data. (3)  when soil respiration or soc were measured at more than one soil depth, only the uppermost layer was chosen. (4)  when soil respiration or soc were measured at different time points, the average value was calculated. (5)  studies comparing tillage vs. no/or reduced tillage without adding synthetic fertilizers or pesticides in the cf practice were excluded. (6)  in some cases, more than one paper reported data from a particular experiment. only data from the study covering the longest period were reported.",1,1,1,0,1,1,1,1,1,1,1,1,1,1,0.9375,carbon sequestration
organic farming systems,10.1016/j.agee.2011.03.014,0,"studies were included in this meta-analysis if they compared conventional farming systems with organic farming systems with respect to invertebrate crop pest or natural enemy biology. a treatment was considered ‘organic’ when the use of synthetic fertilisers or chemical pesticides was not permitted. the treatment did not have to have organic status which imposes many limitations on the land management history. consequently, many of the treatments involved in the meta-analyses were not termed ‘organic’ but ‘biorational’, ‘biological’ or ‘low intensity’ farming methods.",1,0,0,0,1,1,0,1,0,1,1,1,1,0,0.5625,pests and diseases
organic farming systems,10.1073/pnas.1209429109,1,"data from pairwise comparisons on organic and nonorganic farming systems from peer-reviewed research papers that reported measured data on soc concentrations, soc stocks, and c sequestration rates. following qualifying criteria to include studies: 1) the relevant organic farming principles were applied for at least 3 consecutive years; 2)
 pairwise farming system comparisons: organic and nonorganic farming management was performed under the same pedo-climatic conditions.",1,0,1,0,1,1,0,0,1,1,1,1,1,1,0.75,carbon sequestration
organic farming systems,10.1016/j.soilbio.2009.08.020,1,studies reporting on organic farming effects.,1,1,0,0,1,0,1,0,0,0,0,0,1,0,0.375,soil biological quality
organic farming systems,10.1016/j.biocon.2018.11.020,1,"to be included in the meta-analysis, each study had to be written in english. to estimate taxon richness and community similarity, a study had to provide raw data on the abundance or occurrence frequency of more than  three taxonomic groups (at the species, genus, or family level) in two or more of the five land management regimes. to be included in the analyses of taxon abundance and yield, a study had to report the mean abundance/yield, its variance (standard deviation [sd], standard error [se], or 95% confidence interval), and sample size (n > 1) in two or more of the five land management regimes for abundance or of the three (con, int, and org) for yield.",1,1,1,1,1,1,1,1,1,1,0,1,1,1,0.9375,pests and diseases
organic farming systems,10.1016/j.biocon.2018.11.020,1,"to be included in the meta-analysis, each study had to be written in english. to estimate taxon richness and community similarity, a study had to provide raw data on the abundance or occurrence frequency of more than  three taxonomic groups (at the species, genus, or family level) in two or more of the five land management regimes. to be included in the analyses of taxon abundance and yield, a study had to report the mean abundance/yield, its variance (standard deviation [sd], standard error [se], or 95% confidence interval), and sample size (n > 1) in two or more of the five land management regimes for abundance or of the three (con, int, and org) for yield.",1,1,1,1,1,1,1,1,1,1,0,1,1,1,0.9375,crop yield
organic farming systems,10.1016/j.biocon.2018.11.020,1,"to be included in the meta-analysis, each study had to be written in english. to estimate taxon richness and community similarity, a study had to provide raw data on the abundance or occurrence frequency of more than  three taxonomic groups (at the species, genus, or family level) in two or more of the five land management regimes. to be included in the analyses of taxon abundance and yield, a study had to report the mean abundance/yield, its variance (standard deviation [sd], standard error [se], or 95% confidence interval), and sample size (n > 1) in two or more of the five land management regimes for abundance or of the three (con, int, and org) for yield.",1,1,1,1,1,1,1,1,1,1,0,1,1,1,0.9375,biodiversity
organic farming systems,10.1038/s41467-018-05956-1,1,only field experiments containing side-by-side yield comparisons were included in the database to ensure comparability of the cropping system treatments. only studies including at least four years of observation for the same crops were included. comparisons where the years of observations were not the same for organic and conventional systems were removed. comparisons based on units that could not be transformed to tonnes per ha were removed.,1,1,1,1,1,1,1,1,1,1,1,1,1,1,1,crop yield
organic farming systems,10.1111/gcb.13513,1,"1)the studies had to report on the impacts of long‐term changes in land use (≥15 years in all instances other than for organic agriculture for which a cut‐off of ≥5 years was used due to the low numbers of long‐term studies available), 2) concentrations of soc were reported in addition to at least one of the three nutrients of interest (total n, total p, or total s) (concentrations of p were recorded even if soc concentrations were not, as discussed later), and 3) the depth(s) within the profile from which the soil was collected was stated.",1,1,0,0,1,0,0,0,0,0,1,0,1,0,0.4375,soil nutrients
organic farming systems,10.1111/gcb.13513,1,"1)the studies had to report on the impacts of long‐term changes in land use (≥15 years in all instances other than for organic agriculture for which a cut‐off of ≥5 years was used due to the low numbers of long‐term studies available), 2) concentrations of soc were reported in addition to at least one of the three nutrients of interest (total n, total p, or total s) (concentrations of p were recorded even if soc concentrations were not, as discussed later), and 3) the depth(s) within the profile from which the soil was collected was stated.",1,1,0,0,1,0,0,0,0,0,1,0,1,0,0.4375,carbon sequestration
organic farming systems,10.1016/j.jenvman.2015.07.021,1,"the ﬁnal analysis was based on 107 studies published from 1977 through 2012 that compared organic and conventional farming systems using energy efficiency (ee) and/or greenhouse gaz emission (ghge) as outcome measures, and thus providing 67 ee studies and 62 ghge studies overall.",1,1,0,0,1,1,0,0,0,0,0,0,1,0,0.4375,global warming potential (lca)
organic farming systems,10.1016/j.jenvman.2015.07.021,1,"the ﬁnal analysis was based on 107 studies published from 1977 through 2012 that compared organic and conventional farming systems using ee (energy efficiency) and/or ghge (greenhouse gaz emision) as outcome measures, and thus providing 67 ee studies and 62 ghge studies overall.",1,1,0,0,1,1,0,0,0,0,0,0,1,0,0.4375,energy use (lca)
organic farming systems,10.1007/s13593-017-0455-5,1,"an initial selection was made by analysing titles and abstracts. the full texts of the selected papers were then examined. the criteria for selecting the papers were as follows: 1) yield data (or yield ratios) were reported for individual crop species in both organic and conventional treatments; 2) the organic treatment was certified organic, biodynamic or followed organic standards (including in transition to organic horticulture); 3) the reported data were primary data coming from experimental stations or on-farm trials (i.e. farm surveys were not included to avoid confounding effects due to farm characteristics) and were not already reported in other papers; and 4) yield data obtained in organic and conventional treatments were obtained in the same sites during the same time periods.",1,0,1,0,1,1,1,1,0,1,1,1,1,1,0.8125,crop yield
organic farming systems,10.1111/gcb.13714,1,"1) sampling was performed in the same crop or crop type (e.g., cereals) for organic and conventional fields, or fields with high and low in-field plant diversity; 2) sampling was conducted at the scale of individual crop fields rather than using plots on experiment stations; 3) the study included at least two fields of each type; 4) all organisms collected were identified to a particular taxonomic level (i.e., order, family, genus, species, or morphospecies), such that no taxa were lumped into groups such as “other,”; 5) at least three unique taxa were collected.",1,1,1,0,1,1,1,0,1,1,1,1,1,1,0.875,biodiversity
organic farming systems,10.1108/00070700910992925,1,"weighting of the references is based upon the possibility of deriving  the standard error (s.e.) from the references. hereby, three cases are distinguished: 1) the s.e. is reported in the study, hence the data  point  can  enter  the  meta-analysis;  2)  the  s.e.  is  not  reported,  but  multiple  data  points  are available in the study , enabling the calculation of a standard deviation based upon the available data which  can  be  entered  in  the  meta-analysis  data  base;  and  3)  no  s.e.  is  reported,  only  a  single observation is available. the latter data point has not been retained for the meta-analysis, but  is only used in the sign-test.",1,0,0,1,1,1,0,1,0,1,0,0,0,0,0.5,nutrient leaching and run-off
organic farming systems,10.1108/00070700910992925,1,"(1) peer reviewed.
(2) studies dating from after 1992 (year of eec regulation 2092/91).
(3) (semi) paired samples, this means that organic and conventional data are
compared within the same study.weighting of the references is based upon the possibility of deriving  the standard error (s.e.) from the references. hereby, three cases are distinguished: 1) the s.e. is reported in the study, hence the data  point  can  enter  the  meta-analysis;  2)  the  s.e.  is  not  reported,  but  multiple  data  points  are available in the study , enabling the calculation of a standard deviation based upon the available data which  can  be  entered  in  the  meta-analysis  data  base;  and  3)  no  s.e.  is  reported,  only  a  single observation is available. the latter data point has not been retained for the meta-analysis, but  is only used in the sign-test.",1,0,0,1,1,1,0,1,0,1,0,0,0,0,0.5,global warming potential (lca)
organic farming systems,10.1108/00070700910992925,1,"weighting of the references is based upon the possibility of deriving  the standard error (s.e.) from the references. hereby, three cases are distinguished: 1) the s.e. is reported in the study, hence the data  point  can  enter  the  meta-analysis;  2)  the  s.e.  is  not  reported,  but  multiple  data  points  are available in the study , enabling the calculation of a standard deviation based upon the available data which  can  be  entered  in  the  meta-analysis  data  base;  and  3)  no  s.e.  is  reported,  only  a  single observation is available. the latter data point has not been retained for the meta-analysis, but  is only used in the sign-test.",1,0,0,1,1,1,0,1,0,1,0,0,0,0,0.5,land use (lca)
organic farming systems,10.1108/00070700910992925,1,"weighting of the references is based upon the possibility of deriving  the standard error (s.e.) from the references. hereby, three cases are distinguished: 1) the s.e. is reported in the study, hence the data  point  can  enter  the  meta-analysis;  2)  the  s.e.  is  not  reported,  but  multiple  data  points  are available in the study , enabling the calculation of a standard deviation based upon the available data which  can  be  entered  in  the  meta-analysis  data  base;  and  3)  no  s.e.  is  reported,  only  a  single observation is available. the latter data point has not been retained for the meta-analysis, but  is only used in the sign-test.",1,0,0,1,1,1,0,1,0,1,0,0,0,0,0.5,carbon sequestration
organic farming systems,www.scielo.org.co/scielo.php?pid=S0120-04882014000200001&script=sci_abstract,1,"only papers between 2001 and 2013 were included. the criteria for including a study in this review were as follows: (1) published journal article, (2) compares at least one conventional to one organic crop, (3) explicitly presents data on the diversity (richness and abundance) of the insects in these two agrosystems and (4) compares trophic guilds between the two agrosystems.",1,1,0,1,1,1,1,1,1,0,0,1,1,0,0.75,biodiversity
organic farming systems,10.1038/s41893-018-0102-4,1,"to be included in the dataset, studies had to report data comparing either pest infestation levels or biological control services between organic and conventional farming systems. organic farming was defined by the exclusion of synthetic fertilizers and pesticides, and took into account both organic as well biodynamic farming systems. in contrast, conventional farming allowed for synthetic inputs even if the intensity of pesticide use highly varied across the dataset, ranging from ‘integrated pest management’ systems to ‘high-input’ systems. data from both organic and conventional farming systems had to be original and strictly comparable in the study to be considered. to be included in the dataset about biological control, studies had to quantify natural pest control by antagonistic organisms, and whether or not this followed pest inoculation or introduction by the experimenter. the studies had to clearly indicate the mean, any measure of variance (that is, standard deviation, standard error of the mean or confidence interval) and the sample size (a minimum of three observations was tolerated) of both organic and conventional treatments to be included. in the case of partial or unclear information reported, they contacted the authors. they did not include studies that explored pest infestation or biological control before and after conversion from conventional to organic farming because of their mismatched study design (that is, the comparison of pest infestation levels across years in a given farm).",1,1,1,0,1,1,1,1,1,1,1,1,1,1,0.9375,pests and diseases
organic farming systems,10.1098/rspb.2014.1396,1,studies were excluded if: (i) comparisons of subsistence yields (unimproved agriculture) against improved agricultural methods and (ii) comparisons of yields taken from different years.,1,1,1,0,1,1,0,1,1,1,0,1,1,1,0.8125,crop yield
organic farming systems,10.1038/nature11069,1,"studies were only included if they: 1) reported yield data on individual crop species in an organic treatment and a conventional treatment; 2) the organic treatment was truly organic; 3) reported primary data; 4) the scale of the organic and conventional yield observations were comparable; 5) data were not already included from another paper  6) reported the mean (x), an error term (standard deviation (s.d.), standard error (s.e.) or confidence interval) and sample size (n) as numerical or graphical data, or if x and s.d. of yields over time could be calculated from the reported data. for organic and conventional treatments to be considered comparable, the temporal and spatial scale of the reported yields needed to be the same, that is, national averages of conventional agriculture compared to national averages of organic agriculture or yields on an organic farm compared to yields on a neighbouring conventional farm—not included were, for example, single farm yields compared to national or regional averages or before–after comparisons.",1,1,1,0,1,1,1,1,1,1,1,1,1,1,0.9375,crop yield
organic farming systems,10.1016/j.scitotenv.2013.08.098,1,eligible data originates from paired comparisons on organic and non-organic farming systems from peer-reviewed research papers that report field measurements of nitrous oxide and methane fluxes from agricultural soils. all studies are based on farming system comparisons where the organic practice was explicitly defined as such by the respective authors.,1,0,0,1,1,0,0,1,0,1,0,0,1,0,0.5,ghg emissions
organic farming systems,10.1073/pnas.1906909117,1,"11 inclusion criteria: 1) the study reported one or more responses on individual crop species in organic and conventional treatments for yield and profitability; 2) the study reported primary data not in another included paper; 3) the organic systems were those that authors stated were organically certified or followed certification standards. conventional systems were those that the authors stated were conventional or used recommended rates of synthetic chemical inputs and included low-input conventional systems. if studies reported data for both high- and low-input conventional systems, we only used data from the high-input conventional systems; 4) the organic and conventional treatments were spatially interspersed in a landscape or at the same experimental station to eliminate bias in landscape context; 5) there were more than two replicates of organic and conventional treatments; 6) the study reported coordinates, or they were provided, to degrees minutes seconds; 7) the study was peer-reviewed; 8) the study did not include “subsistence” agriculture or integrated systems (a blend of both organic and conventional practices) instead of conventional or organic farming; 9) biotic studies reported data from within plots, fields, or farms, or adjacent field borders; 10) the study reported the mean as numerical or graphical data or it could be calculated,  and biotic richness data were reported in both organic and conventional systems for n > 2 taxa identified to order, family, genus, species, or morphospecies; and 11) the study was in english.",1,1,1,1,1,1,1,0,1,1,1,1,1,0,0.875,crop yield
organic farming systems,10.1073/pnas.1906909117,1,"11 inclusion criteria: 1) the study reported one or more responses on individual crop species in organic and conventional treatments for yield and profitability; 2) the study reported primary data not in another included paper; 3) the organic systems were those that authors stated were organically certified or followed certification standards. conventional systems were those that the authors stated were conventional or used recommended rates of synthetic chemical inputs and included low-input conventional systems. if studies reported data for both high- and low-input conventional systems, we only used data from the high-input conventional systems; 4) the organic and conventional treatments were spatially interspersed in a landscape or at the same experimental station to eliminate bias in landscape context; 5) there were more than two replicates of organic and conventional treatments; 6) the study reported coordinates, or they were provided, to degrees minutes seconds; 7) the study was peer-reviewed; 8) the study did not include “subsistence” agriculture or integrated systems (a blend of both organic and conventional practices) instead of conventional or organic farming; 9) biotic studies reported data from within plots, fields, or farms, or adjacent field borders; 10) the study reported the mean as numerical or graphical data or it could be calculated,  and biotic richness data were reported in both organic and conventional systems for n > 2 taxa identified to order, family, genus, species, or morphospecies; and 11) the study was in english.",1,1,1,1,1,1,1,0,1,1,1,1,1,0,0.875,biodiversity
organic farming systems,10.1073/pnas.1906909117,1,"11 inclusion criteria: 1) the study reported one or more responses on individual crop species in organic and conventional treatments for yield and profitability; 2) the study reported primary data not in another included paper; 3) the organic systems were those that authors stated were organically certified or followed certification standards. conventional systems were those that the authors stated were conventional or used recommended rates of synthetic chemical inputs and included low-input conventional systems. if studies reported data for both high- and low-input conventional systems, we only used data from the high-input conventional systems; 4) the organic and conventional treatments were spatially interspersed in a landscape or at the same experimental station to eliminate bias in landscape context; 5) there were more than two replicates of organic and conventional treatments; 6) the study reported coordinates, or they were provided, to degrees minutes seconds; 7) the study was peer-reviewed; 8) the study did not include “subsistence” agriculture or integrated systems (a blend of both organic and conventional practices) instead of conventional or organic farming; 9) biotic studies reported data from within plots, fields, or farms, or adjacent field borders; 10) the study reported the mean as numerical or graphical data or it could be calculated,  and biotic richness data were reported in both organic and conventional systems for n > 2 taxa identified to order, family, genus, species, or morphospecies; and 11) the study was in english.",1,1,1,1,1,1,1,0,1,1,1,1,1,0,0.875,pollination
organic farming systems,10.1073/pnas.1906909117,1,"11 inclusion criteria: 1) the study reported one or more responses on individual crop species in organic and conventional treatments for yield and profitability; 2) the study reported primary data not in another included paper; 3) the organic systems were those that authors stated were organically certified or followed certification standards. conventional systems were those that the authors stated were conventional or used recommended rates of synthetic chemical inputs and included low-input conventional systems. if studies reported data for both high- and low-input conventional systems, we only used data from the high-input conventional systems; 4) the organic and conventional treatments were spatially interspersed in a landscape or at the same experimental station to eliminate bias in landscape context; 5) there were more than two replicates of organic and conventional treatments; 6) the study reported coordinates, or they were provided, to degrees minutes seconds; 7) the study was peer-reviewed; 8) the study did not include “subsistence” agriculture or integrated systems (a blend of both organic and conventional practices) instead of conventional or organic farming; 9) biotic studies reported data from within plots, fields, or farms, or adjacent field borders; 10) the study reported the mean as numerical or graphical data or it could be calculated,  and biotic richness data were reported in both organic and conventional systems for n > 2 taxa identified to order, family, genus, species, or morphospecies; and 11) the study was in english.",1,1,1,1,1,1,1,0,1,1,1,1,1,0,0.875,pests and diseases
organic farming systems,10.3389/fsufs.2019.00082,1,"estimates were gathered from the meta-data, which included one metric of mean and standard deviation averaged across replicates and years for each crop and/or organism measured in each study.",1,0,0,0,1,1,1,0,1,1,0,1,1,0,0.5625,crop yield
organic farming systems,10.3389/fsufs.2019.00082,1,"estimates were gathered from the meta-data, which included one metric of mean and standard deviation averaged across replicates and years for each crop and/or organism measured in each study.",1,0,0,0,1,1,1,0,1,1,0,1,1,0,0.5625,carbon sequestration
organic farming systems,10.3389/fsufs.2019.00082,1,"estimates were gathered from the meta-data, which included one metric of mean and standard deviation averaged across replicates and years for each crop and/or organism measured in each study.",1,0,0,0,1,1,1,0,1,1,0,1,1,0,0.5625,biodiversity
organic farming systems,10.1111/1365-2664.12219,1,"they used the same initial keywords in isi web of knowledge: biodiversity, biological diversity, conventional farming (agriculture) and organic farming (agriculture). then,  they search for additional studies, so the data set contains results from technical reports as well as peer-reviewed journals.",1,1,1,1,1,1,1,1,0,1,1,1,1,1,0.9375,biodiversity
organic farming systems,10.1016/j.jenvman.2012.08.018,1,"1)the study was related to european farming systems, 2) the study compared organic and conventional farming and provided quantitative results on at least one of the following aspects: soil organic carbon, land use, energy use, ghg emissions, eutrophication potential, acidification potential, nitrogen leaching, phosphorus losses, ammonia emissions or biodiversity, and 3) the paper was published in a scientific peer-reviewed journal. all types of studies (i.e. original field investigations, modelling studies and life cycle assessment studies) were included in the study.",1,1,1,1,1,1,1,0,0,0,1,0,1,0,0.6875,air pollutants emissions
organic farming systems,10.1016/j.jenvman.2012.08.018,1,"1)the study was related to european farming systems, 2) the study compared organic and conventional farming and provided quantitative results on at least one of the following aspects: soil organic carbon, land use, energy use, ghg emissions, eutrophication potential, acidification potential, nitrogen leaching, phosphorus losses, ammonia emissions or biodiversity, and 3) the paper was published in a scientific peer-reviewed journal. all types of studies (i.e. original field investigations, modelling studies and life cycle assessment studies) were included in the study.",1,1,1,1,1,1,1,0,0,0,1,0,1,0,0.6875,nutrient leaching and run-off
organic farming systems,10.1016/j.jenvman.2012.08.018,1,"1)the study was related to european farming systems, 2) the study compared organic and conventional farming and provided quantitative results on at least one of the following aspects: soil organic carbon, land use, energy use, ghg emissions, eutrophication potential, acidification potential, nitrogen leaching, phosphorus losses, ammonia emissions or biodiversity, and 3) the paper was published in a scientific peer-reviewed journal. all types of studies (i.e. original field investigations, modelling studies and life cycle assessment studies) were included in the study.",1,1,1,1,1,1,1,0,0,0,1,0,1,0,0.6875,crop yield
organic farming systems,10.1016/j.jenvman.2012.08.018,1,"1)the study was related to european farming systems, 2) the study compared organic and conventional farming and provided quantitative results on at least one of the following aspects: soil organic carbon, land use, energy use, ghg emissions, eutrophication potential, acidification potential, nitrogen leaching, phosphorus losses, ammonia emissions or biodiversity, and 3) the paper was published in a scientific peer-reviewed journal. all types of studies (i.e. original field investigations, modelling studies and life cycle assessment studies) were included in the study.",1,1,1,1,1,1,1,0,0,0,1,0,1,0,0.6875,carbon sequestration
organic farming systems,10.1016/j.jenvman.2012.08.018,1,"1)the study was related to european farming systems, 2) the study compared organic and conventional farming and provided quantitative results on at least one of the following aspects: soil organic carbon, land use, energy use, ghg emissions, eutrophication potential, acidification potential, nitrogen leaching, phosphorus losses, ammonia emissions or biodiversity, and 3) the paper was published in a scientific peer-reviewed journal. all types of studies (i.e. original field investigations, modelling studies and life cycle assessment studies) were included in the study.",1,1,1,1,1,1,1,0,0,0,1,0,1,0,0.6875,ghg emissions
organic farming systems,10.1016/j.jenvman.2012.08.018,1,"1)the study was related to european farming systems, 2) the study compared organic and conventional farming and provided quantitative results on at least one of the following aspects: soil organic carbon, land use, energy use, ghg emissions, eutrophication potential, acidification potential, nitrogen leaching, phosphorus losses, ammonia emissions or biodiversity, and 3) the paper was published in a scientific peer-reviewed journal. all types of studies (i.e. original field investigations, modelling studies and life cycle assessment studies) were included in the study.",1,1,1,1,1,1,1,0,0,0,1,0,1,0,0.6875,global warming potential (lca)
organic farming systems,10.1016/j.jenvman.2012.08.018,1,"1)the study was related to european farming systems, 2) the study compared organic and conventional farming and provided quantitative results on at least one of the following aspects: soil organic carbon, land use, energy use, ghg emissions, eutrophication potential, acidification potential, nitrogen leaching, phosphorus losses, ammonia emissions or biodiversity, and 3) the paper was published in a scientific peer-reviewed journal. all types of studies (i.e. original field investigations, modelling studies and life cycle assessment studies) were included in the study.",1,1,1,1,1,1,1,0,0,0,1,0,1,0,0.6875,eutrophication (lca)
organic farming systems,10.1016/j.jenvman.2012.08.018,1,"1)the study was related to european farming systems, 2) the study compared organic and conventional farming and provided quantitative results on at least one of the following aspects: soil organic carbon, land use, energy use, ghg emissions, eutrophication potential, acidification potential, nitrogen leaching, phosphorus losses, ammonia emissions or biodiversity, and 3) the paper was published in a scientific peer-reviewed journal. all types of studies (i.e. original field investigations, modelling studies and life cycle assessment studies) were included in the study.",1,1,1,1,1,1,1,0,0,0,1,0,1,0,0.6875,energy use (lca)
organic farming systems,10.1016/j.jenvman.2012.08.018,1,"1)the study was related to european farming systems, 2) the study compared organic and conventional farming and provided quantitative results on at least one of the following aspects: soil organic carbon, land use, energy use, ghg emissions, eutrophication potential, acidification potential, nitrogen leaching, phosphorus losses, ammonia emissions or biodiversity, and 3) the paper was published in a scientific peer-reviewed journal. all types of studies (i.e. original field investigations, modelling studies and life cycle assessment studies) were included in the study.",1,1,1,1,1,1,1,0,0,0,1,0,1,0,0.6875,land use (lca)
organic farming systems,10.1016/j.jenvman.2012.08.018,1,"1)the study was related to european farming systems, 2) the study compared organic and conventional farming and provided quantitative results on at least one of the following aspects: soil organic carbon, land use, energy use, ghg emissions, eutrophication potential, acidification potential, nitrogen leaching, phosphorus losses, ammonia emissions or biodiversity, and 3) the paper was published in a scientific peer-reviewed journal. all types of studies (i.e. original field investigations, modelling studies and life cycle assessment studies) were included in the study.",1,1,1,1,1,1,1,0,0,0,1,0,1,0,0.6875,acidification (lca)
organic farming systems,10.2489/jswc.69.5.422,0,only articles that report results from field-based studies or on-farm research conducted in the continental united states were considered.,1,1,0,0,1,1,0,0,0,1,0,1,0,0,0.4375,carbon sequestration
organic farming systems,10.1007/978-3-319-00915-5_3,1,"1) a measure of bird abundance, productivity or species richness was given (not a percentage or results of a model prediction); 2)the quantitative bird metric was directly related to an arable farming practice, system, or crop type.",1,1,1,1,1,1,1,0,1,1,1,0,1,0,0.8125,biodiversity
organic farming systems,10.1016/j.soilbio.2021.108383,1,"(1) data should be available in the articles either in table or in graphical forms. in the case of graphics, the programme getdata graph digitizer (version 2.26 http://getdata-graph-digitizer.com/), was used to extract data from figures.
(2) nematode data should be a measurement of the abundance of nematode trophic groups, that is bacterial feeding (bf), fungal feeding (ff), omnivores and predators (op) and plant feeding nematodes (pf), and/or nematode diversity and/or nematode indices. diversity indices were taxonomic richness (s) and shannon diversity (h′). nematode indices were the maturity index (mi), plant-parasitic index (ppi), structure index (si), enrichment index (ei), and nematode channel ratio (ncr). studies had to report at least one of the abovementioned nematode parameters to be included in this synthesis.
(3) studies needed to evaluate the effect of the conversion of conventional agriculture to organic agriculture. conventional systems use pesticide, mineral fertilizers and tillage. organic agriculture does not use synthetic pesticide and mineral fertilizers. tillage is used for weed management.
(4) the samples should be collected from the topsoil layer (soil depth between 0 and 30 cm maximum).
(5) studies needed to report means (x ̅), standard deviations (sd) or standard errors (se) and sample size (n, number of true replications) of nematode variables in control and treatment groups. when sd, se or sample size were missing, articles were discarded as these data are required to compute the effect size. a total of 103 articles, i.e. 30% of articles, met these inclusion criteria and were used in the meta-analysis, corresponding to a total of 1338 unique observations (control + treatment, fig. 2).",1,1,1,1,1,1,1,1,0,1,1,1,1,1,0.9375,soil biological quality
organic farming systems,10.1080/03650340.2021.1946040,1,"1) in organic management, no synthetic fertilizers or pesticides were applied; these systems were defined as organic by the authors of the studies, 2) in conventional management synthetic products were used; low-input systems (low rates of fertilizers and pesticides) or integrated systems (combinations of fertilizers and pesticides with organic fertilizers) were grouped as conventional (control treatments under conventional management without the addition of inputs were discarded because they were considered unrealistic), 3) the closeness between the treatments ensured similar climatic conditions, 4) different rotations or nitrogen rates in the same experiment (or study) were treated separately as subtreatments and were not averaged except when the rotation or the nitrogen rates were not clearly defined or in cases in which the nitrogen rates were very similar (difference <20 kg n ha−1), 5) when the rotation was changing throughout the experimental period, that of the last period was considered, 6) within the same management treatment different varieties tested were averaged, different years were averaged, and different tillage systems were averaged too, 7) studies in which the yield per unit area could not be extracted or calculated were discarded, 8) the yield of
organic and conventional crops corresponded to the same year, data from different years were
discarded, 9) the number of replications (production fields in on-farm studies or plots in an experiment)
was well defined and was always greater than 1; when there were no true replications,
comparisons were discarded (on-farm studies of only 1 field per treatment or non-replicated
experiments), 10) when several articles presented data from the same experiment, only data from
the longest period under organic management was used to avoid double counting, 11) data on
mean yields of unspecified crop rotations were not used and 12) experiments with one treatment
installed at one location and the other at a different location were considered as on-farm data.",1,1,0,1,1,1,1,1,1,1,1,1,1,0,0.875,crop yield
organic farming systems,10.1071/SR21098,1,"data were collected from 66 experiments that generated 83 direct comparisons of organic vs conventional management. the data were divided into three groups: no carbon transfer between agroecosystems (no off-site effects, n = 15), with carbon transfer (off-site effects, n = 43), and undefined carbon management (n = 25).",1,1,0,1,1,1,1,1,1,1,1,1,1,0,0.875,carbon sequestration
organic fertilisation,10.1016/j.envpol.2018.10.124,1,"1) data from field-, pilot-, and laboratory-scale studies were included; 2) studies have control treatments to allow assessment of treatment effects, with mean values of nh3 emission for each treatment available.",1,1,0,0,1,1,0,1,1,1,1,0,1,0,0.6875,air pollutants emissions
organic fertilisation,10.1111/gcb.13485,1,"1) publications enclosing individual field measurements with only soil no data or in the cases that both no and n2o fluxes were simultaneously measured; 2) only field measurement data were included in this analysis, without considering laboratory or pot experimental data, vertical profile monitoring data over vegetation canopy or modeling results; 3) for data from croplands, the consecutive measurement period covers at least one whole cropping season.",1,1,1,0,1,1,0,1,1,1,1,1,1,0,0.8125,air pollutants emissions
organic fertilisation,10.3390/agronomy10081149,0,"1) studies focused on maize production with substitution of mineral fertilizer with organic fertilizer, including animal manure (47%), compost (37%), commercial organic fertilizer (e.g., industrially processed, standardized poultry or livestock manure; 9%), digestate (5%), slurry (2%); 2) the amounts of applied organic material and the n content were clearly specified; 3) the mineral fertilizer treatment and “substitution treatments” (partial or full substitution of chemical with organic fertilizer) had identical total n rates, and phosphorus (p) and potassium (k) inputs were not major factors limiting maize growth; 4) the n application rates for each treatment were reported to allow calculation of the fertilization rates, defined as organic n input/total n applied; 5) field or lysimeter study, with articles reporting data from the same experiment excluded; and 6) experimental duration of at least 3 years with respect to the effects of organic fertilizer on soil properties (e.g., soc).",1,1,0,0,1,1,0,1,0,1,1,1,1,0,0.625,air pollutants emissions
organic fertilisation,10.1007/s10705-017-9903-5,1,"1) studies that reported crop yield, soil organic carbon, microbial biomass (mb) and/or plant-available p data for at least two types of treatments: (a) those that did not receive any fertiliser (‘nil control’); or (b) those where only inorganic npk fertiliser (if, ‘standard control’) was applied, and (c) where organic amendments (oa) with or without supplemental if was used. we defined oa as raw or composted materials derived from animals (e.g., manure), plant (e.g., straw) and municipal waste (e.g., sludge). the standard control did not always receive equivalent nutrient rates to those in oa and oa + if treatments; 2) crop yield data were included only for wheat, barley, corn, and rice grain in order to minimise differences in nutrient needs and rooting systems.",1,1,1,1,1,1,0,1,0,1,1,0,1,0,0.75,carbon sequestration
organic fertilisation,10.1016/j.agee.2013.02.003,1,"1) pair-wise comparisons of the performance of rmps and conventional management, performed under similar pedo-climatic conditions, and after at least 3 or more years of management;  2) analysis was also restricted to croplands, including arable crops, orchards and horticulture, but excluding permanent grassland and forests;  3) only studies performed in field conditions excluding laboratory and experimental greenhouse studies.",1,0,1,1,1,1,0,1,0,1,1,0,1,1,0.75,carbon sequestration
organic fertilisation,10.1016/j.agee.2016.10.024,1,1) all the studies were carried out in areas under a mediterranean climate type; 2) laboratory studies were excluded and only studies under field conditions were selected; 3) we did not distinguish between irrigation and no irrigation.,1,1,1,1,1,1,0,1,0,1,1,0,1,0,0.75,carbon sequestration
organic fertilisation,10.1016/j.agsy.2019.102736,1,"1) laboratory or greenhouse studies were excluded, and only studies performed in field conditions and carried out in a mediterranean climate were chosen; 2) when several papers included data from the same experiment, the longest study with the most soil and crop variables was chosen.",1,1,1,0,1,1,1,1,1,1,1,0,1,0,0.8125,carbon sequestration
organic fertilisation,10.1016/j.scitotenv.2020.141003,0,"1) the study involved application of manure to soil and the manure type was clearly stated; 2) control plots without manure application were included for comparison with the treatment that had received manure; 3) the literature investigated the activities of enzymes related to organic carbon (oc) or nutrient cycles; 4) the means, standard deviation (sd) and replicate numbers were reported.",1,1,1,0,1,1,0,1,0,1,1,1,1,0,0.6875,carbon sequestration
organic fertilisation,10.1016/S2095-3119(17)61673-3,1,"1) field experiments were conducted for more than than 10 years. thus, those field experiments conducted less than 10 years and laboratory incubation studies were excluded; 2) chemical fertilizer treatment was n, p, k balanced application. thus the treatments of n or p or k application alone were not included in the data compilation; 3) gross rates of soil n transformations were measured using 15n pool dilution technique and 15 n tracing model; 4) no fertilizer application treatment was used as the control.",1,1,0,0,1,1,0,1,0,1,1,0,1,0,0.625,carbon sequestration
organic fertilisation,10.1038/srep27199,1,"1)the study was conducted in the field and had a detailed description of the study site and the fertilisation treatments; 2) the literature reported the soil organic carbon (soc) or soil organic matter (som) under control (i.e., with no fertilisation) and treatment (i.e., with chemical fertiliser, manure application and/or residue retention) at the end of the experiment; all other experimental conditions were identical for the control and the treatment; 3) the literature recorded the experiment duration, and the duration was longer than one year.",1,1,1,0,1,1,0,0,0,1,0,1,1,0,0.625,carbon sequestration
organic fertilisation,10.1111/gcb.12438,0,"1) agronomic field experiments on cropland or grassland were included, but greenhouse, forest and mine soil reclamation experiments were excluded; 2) the experimental design should be replicated; 3) the soil c stocks (mg c ha−1) should be available or computable from soil c concentrations (g c kg−1 or %) and bulk density values. in studies which reported soil organic matter concentration instead of c, we estimated c as 58% of the organic matter; 4) experiments should include at least one treatment with animal manure and a reference treatment which could be a control (without any fertilization) and/or a mineral fertilization treatment. based on this criterion, two data sets (ref‐zero; ref‐min) were computed to evaluate soil organic carbon (soc) response to manure application in comparison to an unfertilized control and a mineral fertilization treatment, respectively. studies could be part of one or both data set(s). mineral fertilization had to include nitrogen (n). for the ref‐min data set, manure could be applied alone or combined with mineral fertilization to carry additional n, p, and k to approach mineral supply of the mineral fertilization treatment; 5) study duration should be at least 3 years. when there were more than one article on the same experiment, the latest was considered if soil c stocks (mg ha−1) were reported in both articles. if only one reported soil c stocks, this article was selected even if it was not the latest. soil c stocks were recorded or computed to 30 cm depth when possible. stocks for soil depths of <15 cm were not retained.",1,1,0,0,1,1,0,1,0,1,1,1,1,0,0.625,carbon sequestration
organic fertilisation,10.3390/agronomy10081149,0,"1) studies focused on maize production with substitution of mineral fertilizer with organic fertilizer, including animal manure (47%), compost (37%), commercial organic fertilizer (e.g., industrially processed, standardized poultry or livestock manure; 9%), digestate (5%), slurry (2%); 2) the amounts of applied organic material and the n content were clearly specified; 3) the mineral fertilizer treatment and “substitution treatments” (partial or full substitution of chemical with organic fertilizer) had identical total n rates, and phosphorus (p) and potassium (k) inputs were not major factors limiting maize growth; 4) the n application rates for each treatment were reported to allow calculation of the fertilization rates, defined as organic n input/total n applied; 5) field or lysimeter study, with articles reporting data from the same experiment excluded; and 6) experimental duration of at least 3 years with respect to the effects of organic fertilizer on soil properties (e.g., soc).",1,1,0,0,1,1,0,1,0,1,1,1,1,0,0.625,carbon sequestration
organic fertilisation,10.1007/s10705-017-9903-5,1,"1) studies that reported crop yield, soil organic carbon, microbial biomass (mb) and/or plant-available p data for at least two types of treatments: (a) those that did not receive any fertiliser (‘nil control’); or (b) those where only inorganic npk fertiliser (if, ‘standard control’) was applied, and (c) where organic amendments (oa) with or without supplemental if was used. we defined oa as raw or composted materials derived from animals (e.g., manure), plant (e.g., straw) and municipal waste (e.g., sludge). the standard control did not always receive equivalent nutrient rates to those in oa and oa + if treatments; 2) crop yield data were included only for wheat, barley, corn, and rice grain in order to minimise differences in nutrient needs and rooting systems.",1,1,1,1,1,1,0,1,0,1,1,0,1,0,0.75,crop yield
organic fertilisation,10.1007/s13593-019-0579-x,0,"1) the presence of a mean value for both a vermicompost (vc) treatment and a control soil without vermicompost (c) for root, shoot, or total biomass values, shoot–root ratio, or commercial yield; 2) the number of replicates for each treatment; 3) a parameter describing the deviation around the average value (variance, standard deviation, or standard error)",1,1,1,1,1,1,0,1,0,1,1,1,0,1,0.75,crop yield
organic fertilisation,10.1016/j.agsy.2019.102736,1,"1) laboratory or greenhouse studies were excluded, and only studies performed in field conditions and carried out in a mediterranean climate were chosen; 2) when several papers included data from the same experiment, the longest study with the most soil and crop variables was chosen.",1,1,1,0,1,1,1,1,1,1,1,0,1,0,0.8125,crop yield
organic fertilisation,10.1016/S2095-3119(17)61673-3,1,"1) field experiments were conducted for more than than 10 years. thus, those field experiments conducted less than 10 years and laboratory incubation studies were excluded; 2) chemical fertilizer treatment was n, p, k balanced application. thus the treatments of n or p or k application alone were not included in the data compilation; 3) gross rates of soil n transformations were measured using 15n pool dilution technique and 15 n tracing model; 4) no fertilizer application treatment was used as the control.",1,1,0,0,1,1,0,1,0,1,1,0,1,0,0.625,crop yield
organic fertilisation,10.1111/gcbb.12507,1,"1) only field-based studies were considered, excluding greenhouse or pot studies; 2) a fertilized treatment was directly compared to a control (unfertilized); 3) the amount of n in fertilizer (organic or synthetic) was explicitly stated; 4) species of shrub willow or bred cultivars with pedigree was clearly stated; 5) studies involving contaminated soils or phytoremediation studies were avoided; 6) studies conducted in the context of soil remediation were avoided; 7) studies investigating the effects of sewage sludge or municipal wastewater treatments on growth were included, however, treatments involving contaminated or toxic waste streams were not used; 8) only studies published in english were considered.",1,1,1,0,1,1,1,1,1,1,1,1,1,0,0.875,crop yield
organic fertilisation,10.2134/ael2019.07.0024,1,"1) replicated experimental design in field conditions; 2) comparisons made within the same cropping and management system; 3) no extreme conditions, such as flooding or major pest damage, occurred during the experiment; 4) only studies with approximately the same amount of plant-available n supplied from the fertiliser.",1,1,0,0,1,1,0,0,0,1,1,0,1,0,0.5625,crop yield
organic fertilisation,10.2134/agronj2016.10.0627,1,"1) a non‐fertilized control (e.g., no synthetic fertilizer or organic amendment; this was the most common factor excluding studies from meta‐analysis because most studies compared organic amendments to n–p–k fertilized plots at rates typical for a specific crop and region, without including a non‐fertilized control); 2) at least one sole organic amendment treatment (e.g., no integration of synthetic fertilizer and organic amendment) to compare with the non‐fertilized control; 3) studies were also excluded if they were not published in the english language; 4) if they contained confounding experimental treatments (e.g., effect of compost on diseased crops); 5) did not include field‐based results (e.g., greenhouse or pot studies).",1,1,0,0,1,1,0,1,0,1,1,1,0,1,0.6875,crop yield
organic fertilisation,10.2134/agronj2017.09.0513,1,1) replicated experimental design (≥3 replications); 2) clear description of soil and poultry litter (pl) used; 3) have at least one pl treatment and is comparable against an inorganic fertilizer (if) treatment; 4) data containing means and standard deviation (or standard error).,1,1,1,1,1,1,1,1,0,1,1,1,0,1,0.875,crop yield
organic fertilisation,10.3390/agronomy10081149,0,"1) studies focused on maize production with substitution of mineral fertilizer with organic fertilizer, including animal manure (47%), compost (37%), commercial organic fertilizer (e.g., industrially processed, standardized poultry or livestock manure; 9%), digestate (5%), slurry (2%); 2) the amounts of applied organic material and the n content were clearly specified; 3) the mineral fertilizer treatment and “substitution treatments” (partial or full substitution of chemical with organic fertilizer) had identical total n rates, and phosphorus (p) and potassium (k) inputs were not major factors limiting maize growth; 4) the n application rates for each treatment were reported to allow calculation of the fertilization rates, defined as organic n input/total n applied; 5) field or lysimeter study, with articles reporting data from the same experiment excluded; and 6) experimental duration of at least 3 years with respect to the effects of organic fertilizer on soil properties (e.g., soc).",1,1,0,0,1,1,0,1,0,1,1,1,1,0,0.625,crop yield
organic fertilisation,10.1007/s10705-017-9836-z,1,"1) only studies conducted in field conditions that were at least one growing season in duration were included; 2) the authors included cover crop studies that measured n2o emissions from cover crop growth periods, cash crop growth periods or both.",1,1,1,0,1,1,0,0,1,1,1,0,1,0,0.6875,ghg emissions
organic fertilisation,10.1016/j.agee.2012.09.006,1,1) the dataset was further narrowed down by restricting the data used to pairwise comparisons of field emissions from organic and synthetic fertilizers in order to examine them meta-analytically. weighted meta-analysis requires information on variance and the number of replications of each treatment; studies that did not report these data were therefore also excluded. these pairwise comparisons represent experiments where synthetic and organic fertilizers are compared under similar agro-climatic conditions and application rates.,1,1,1,0,1,1,0,1,0,1,1,0,1,0,0.6875,ghg emissions
organic fertilisation,10.1016/j.agee.2016.11.021,1,"1) n2o fluxes were measured from agricultural soils for at least 30 d (modelling outputs excluded, grazing pasture and paddy soils excluded); 2) unamended soils that received no fertilizer/amendment addition were used as control; 3) soils were amended with organic by-products with or without synthetic fertilizers; 4) information on chemical properties of amendments and application rates was available to estimate the relative contribution of the applied materials  (e.g., total n input) to cumulative n2o fluxes; 5) only field experiment data was retained and excluded experiments done under controlled conditions such as disturbed soil and undisturbed soil column incubations; 6) studies without spatial replication or no replicates reported were excluded from the analysis; 7) three studies against the selected 38 used micrometeorological instrumentation and were excluded because not in a relatively large number to adequately sub-group the meta-analysis considering methodological aspects in n2o measurements.",1,1,1,1,1,1,0,1,0,1,1,0,1,1,0.8125,ghg emissions
organic fertilisation,10.1016/j.fcr.2012.06.007,1,1) n2o and/or ch4 fluxes must have been measured under field conditions for the entire growing season (i.e. planting to harvest); 2) seasonal fluxes and the number of field replications had to be reported for both control and treatment plots; 3) growing conditions in the control and treatment plots had to be identical (except for the management practice being studied); 4) exact fertilizer n rates needed to be reported and the green manure treatment received the same total n rate as the control treatment.,1,1,0,0,1,1,0,1,0,1,1,0,1,0,0.625,ghg emissions
organic fertilisation,10.1016/j.jclepro.2020.124019,1,"1) experiments who had at least one pair of data (control and treatment) and calculated cumulative co2, ch4, and/or n2o emission fluxes; 2) clearly described experimental method with crop type and duration, and physiochemical properties of soil.",1,1,1,0,1,1,0,1,0,1,1,1,1,0,0.75,ghg emissions
organic fertilisation,10.1016/j.scitotenv.2020.139390,1,"1) studies were performed by field trial and with at least 3 replicates; 2) studies reported soil n2o emissions in both manure applied treatments and non-manure controls; and 3) at least one crop season was included at the same experimental site. if multiple growing seasons were available, each grow- ing season was considered as a separate observation. if multiple crops were cultivated at different periods in the same experimental site, each crop type was considered as one observation, as crop type contrib- utes greatly to changes in soil properties. if an experimental site included multiple measurements of n2o emission, only the final time point was chosen for this meta-analysis. when a treatment was applied as a mixed manure plus mineral fertilizer, the comparison was considered as one observation only if another treatment with the same mineral fertilizer application was set up as a control.",1,1,0,0,1,1,0,1,0,1,1,1,1,0,0.6875,ghg emissions
organic fertilisation,10.1016/j.scitotenv.2020.141795,1,"1) reports with soil n2o emissions measured for at least six months during the crop cycle from field-grown crops rather than in pots or soil columns; 2) studies with n2o emissions reported include both with and without n fertiliser treatments; 3) maximum n fertiliser use should be 600 kg n ha−1 yr−1, as rates of n above this level are seen only occasionally in commercial sugarcane production; 4) studies with replication; 5) n2o emissions were measured with manually operated or automatic chambers.",1,1,0,0,1,1,0,0,0,1,1,0,1,0,0.5625,ghg emissions
organic fertilisation,10.1016/S2095-3119(17)61673-3,1,"1) field experiments were conducted for more than than 10 years. thus, those field experiments conducted less than 10 years and laboratory incubation studies were excluded; 2) chemical fertilizer treatment was n, p, k balanced application. thus the treatments of n or p or k application alone were not included in the data compilation; 3) gross rates of soil n transformations were measured using 15n pool dilution technique and 15 n tracing model; 4) no fertilizer application treatment was used as the control.",1,1,0,0,1,1,0,1,0,1,1,0,1,0,0.625,ghg emissions
organic fertilisation,10.1111/gcb.13648,1,"1) studies compared soil n2o emissions between manure applications, and synthetic n fertilization and/or no fertilization treatments in the same agricultural system and at the same experimental site.",1,1,1,0,1,1,0,1,1,1,1,1,1,0,0.8125,ghg emissions
organic fertilisation,10.13031/2013.41918,1,1) studies must have reported measurement data of ch4 or n2o emission from swine manure land application to be included; 2) inclusion was not restricted by study size or publication type.,1,0,0,0,1,1,1,1,0,1,1,0,1,0,0.625,ghg emissions
organic fertilisation,10.2134/ael2019.07.0024,1,"1) replicated experimental design in field conditions; 2) comparisons made within the same cropping and management system; 3) no extreme conditions, such as flooding or major pest damage, occurred during the experiment; 4) only studies with approximately the same amount of plant-available n supplied from the fertiliser.",1,1,0,0,1,1,0,0,0,1,1,0,1,0,0.5625,ghg emissions
organic fertilisation,10.3390/agronomy10081149,0,"1) studies focused on maize production with substitution of mineral fertilizer with organic fertilizer, including animal manure (47%), compost (37%), commercial organic fertilizer (e.g., industrially processed, standardized poultry or livestock manure; 9%), digestate (5%), slurry (2%); 2) the amounts of applied organic material and the n content were clearly specified; 3) the mineral fertilizer treatment and “substitution treatments” (partial or full substitution of chemical with organic fertilizer) had identical total n rates, and phosphorus (p) and potassium (k) inputs were not major factors limiting maize growth; 4) the n application rates for each treatment were reported to allow calculation of the fertilization rates, defined as organic n input/total n applied; 5) field or lysimeter study, with articles reporting data from the same experiment excluded; and 6) experimental duration of at least 3 years with respect to the effects of organic fertilizer on soil properties (e.g., soc).",1,1,0,0,1,1,0,1,0,1,1,1,1,0,0.625,ghg emissions
organic fertilisation,10.3390/agronomy10081149,0,"1) studies focused on maize production with substitution of mineral fertilizer with organic fertilizer, including animal manure (47%), compost (37%), commercial organic fertilizer (e.g., industrially processed, standardized poultry or livestock manure; 9%), digestate (5%), slurry (2%); 2) the amounts of applied organic material and the n content were clearly specified; 3) the mineral fertilizer treatment and “substitution treatments” (partial or full substitution of chemical with organic fertilizer) had identical total n rates, and phosphorus (p) and potassium (k) inputs were not major factors limiting maize growth; 4) the n application rates for each treatment were reported to allow calculation of the fertilization rates, defined as organic n input/total n applied; 5) field or lysimeter study, with articles reporting data from the same experiment excluded; and 6) experimental duration of at least 3 years with respect to the effects of organic fertilizer on soil properties (e.g., soc).",1,1,0,0,1,1,0,1,0,1,1,1,1,0,0.625,nutrient leaching and run-off
organic fertilisation,10.2760/373351,1,"1) experiments that assess in the same experimental conditions (e.g. same location, climate, soil and plant) agronomic or environmental performance data following a processed manure n fertiliser treatment, a haber-bosch derived and equivalent n (hbe n) fertiliser treatment, and a control treatment (without n fertiliser applied); 2) all studies that meet the abovementioned search criteria and have a minimum of three replicates were initially retained; 3) only studies where the processed manure application rates vary in between 50% and 200% of the hbe n fertiliser treatment were selected as linearity in plant responses to n fertilisation was not assumed outside the range; 4) no time frame, i.e. cut-off date, was applied in the selection criteria: 5) only studies in english or at least translated in english were considered so they can be scrutinized by all stakeholders. specific studies were discarded due to the 1) non-relevant climate conditions (e.g. tropical or subtropical climate or soil conditions), 2) lack of a focus on n fertilisation (e.g. assessment fertilising properties of p contained in processed manure), and 3) presence of possibly toxic non-agricultural residues in co-digestates (e.g. codigestion of manure and sewage sludge).",1,1,0,0,1,1,0,1,0,1,1,1,1,0,0.6875,plant nutrient uptake
organic fertilisation,10.2760/373351,1,"1) experiments that assess in the same experimental conditions (e.g. same location, climate, soil and plant) agronomic or environmental performance data following a processed manure n fertiliser treatment, a haber-bosch derived and equivalent n (hbe n) fertiliser treatment, and a control treatment (without n fertiliser applied); 2) all studies that meet the abovementioned search criteria and have a minimum of three replicates were initially retained; 3) only studies where the processed manure application rates vary in between 50% and 200% of the hbe n fertiliser treatment were selected as linearity in plant responses to n fertilisation was not assumed outside the range; 4) no time frame, i.e. cut-off date, was applied in the selection criteria: 5) only studies in english or at least translated in english were considered so they can be scrutinized by all stakeholders. specific studies were discarded due to the 1) non-relevant climate conditions (e.g. tropical or subtropical climate or soil conditions), 2) lack of a focus on n fertilisation (e.g. assessment fertilising properties of p contained in processed manure), and 3) presence of possibly toxic non-agricultural residues in co-digestates (e.g. codigestion of manure and sewage sludge).",1,1,0,0,1,1,0,1,0,1,1,1,1,0,0.6875,air pollutants emissions
organic fertilisation,10.2760/373351,1,"1) experiments that assess in the same experimental conditions (e.g. same location, climate, soil and plant) agronomic or environmental performance data following a processed manure n fertiliser treatment, a haber-bosch derived and equivalent n (hbe n) fertiliser treatment, and a control treatment (without n fertiliser applied); 2) all studies that meet the abovementioned search criteria and have a minimum of three replicates were initially retained; 3) only studies where the processed manure application rates vary in between 50% and 200% of the hbe n fertiliser treatment were selected as linearity in plant responses to n fertilisation was not assumed outside the range; 4) no time frame, i.e. cut-off date, was applied in the selection criteria: 5) only studies in english or at least translated in english were considered so they can be scrutinized by all stakeholders. specific studies were discarded due to the 1) non-relevant climate conditions (e.g. tropical or subtropical climate or soil conditions), 2) lack of a focus on n fertilisation (e.g. assessment fertilising properties of p contained in processed manure), and 3) presence of possibly toxic non-agricultural residues in co-digestates (e.g. codigestion of manure and sewage sludge).",1,1,0,0,1,1,0,1,0,1,1,1,1,0,0.6875,nutrient leaching and run-off
organic fertilisation,10.3390/agronomy10081149,0,"1) studies focused on maize production with substitution of mineral fertilizer with organic fertilizer, including animal manure (47%), compost (37%), commercial organic fertilizer (e.g., industrially processed, standardized poultry or livestock manure; 9%), digestate (5%), slurry (2%); 2) the amounts of applied organic material and the n content were clearly specified; 3) the mineral fertilizer treatment and “substitution treatments” (partial or full substitution of chemical with organic fertilizer) had identical total n rates, and phosphorus (p) and potassium (k) inputs were not major factors limiting maize growth; 4) the n application rates for each treatment were reported to allow calculation of the fertilization rates, defined as organic n input/total n applied; 5) field or lysimeter study, with articles reporting data from the same experiment excluded; and 6) experimental duration of at least 3 years with respect to the effects of organic fertilizer on soil properties (e.g., soc).",1,1,0,0,1,1,0,1,0,1,1,1,1,0,0.625,plant nutrient uptake
organic fertilisation,10.1007/s10705-017-9903-5,1,"1) studies that reported crop yield, soil organic carbon, microbial biomass (mb) and/or plant-available p data for at least two types of treatments: (a) those that did not receive any fertiliser (‘nil control’); or (b) those where only inorganic npk fertiliser (if, ‘standard control’) was applied, and (c) where organic amendments (oa) with or without supplemental if was used. we defined oa as raw or composted materials derived from animals (e.g., manure), plant (e.g., straw) and municipal waste (e.g., sludge). the standard control did not always receive equivalent nutrient rates to those in oa and oa + if treatments; 2) crop yield data were included only for wheat, barley, corn, and rice grain in order to minimise differences in nutrient needs and rooting systems.",1,1,1,1,1,1,0,1,0,1,1,0,1,0,0.75,soil biological quality
organic fertilisation,10.1016/j.agee.2011.08.020,1,"they defined organic amendments as only those solid, raw or composted materials derived from animals. the analysis was also restricted to studies that reported soil microbial biomass (mb) for at least two types of treatments: (a) those that received only inorganic fertilizer (‘control’) and (b) those that received organic inputs with or without supplemental inorganic fertilizers.",1,1,0,0,1,1,0,0,0,1,1,1,1,0,0.625,soil biological quality
organic fertilisation,10.1016/j.agee.2016.07.015,1,"1) study should be carried out in cropland (cereal crop, economic crop); 2) soil sampling should be conducted within the soil layer of 0–20 cm depth; 3) besides a control experiment with no fertilization (ck), the analytical data should be obtained from one of the four following fertilization regimes: inorganic nitrogen fertilizer only (nf, including the amount applied in kg n ha1 y1); inorganic nitrogen, phosphorus and potassium fertilizers (cf); organic fertilizer only (mf, including the amount applied in kg organic c ha1 y1); and organic fertilizer plus inorganic nitrogen, phosphorus and potassium fertilizers (mcf); 4) six kinds of organic fertilizer were considered and categorized as follows: animal manure (pig, cattle, chicken, horse), animal compost (pig, cattle, chicken, horse), cover crop (mulch, clover, legume, grain, grass, rye, vetch, oats), straw compost, straw, sludge (sewage, sugarcane) and waste (food, paper, biosolids).",1,0,0,0,1,1,0,0,1,1,1,1,1,1,0.6875,soil biological quality
organic fertilisation,10.1016/j.scitotenv.2020.141003,0,"1) the study involved application of manure to soil and the manure type was clearly stated; 2) control plots without manure application were included for comparison with the treatment that had received manure; 3) the literature investigated the activities of enzymes related to organic carbon (oc) or nutrient cycles; 4) the means, standard deviation (sd) and replicate numbers were reported.",1,1,1,0,1,1,0,1,0,1,1,1,1,0,0.6875,soil biological quality
organic fertilisation,10.1016/j.soilbio.2019.107632,1,"1) if the interest data were only shown in figure or graph, both the means and the standard deviation (sd) were extracted by using the imagej 1.50i software and the standard errors (se) converted to sd; 2) if one research reported various independent experiments (e.g., three experiments at separate locations), each of experiment was considered as an independent observation into present dataset; 3) if one literature contained results from multiple sampling dates and soil depths, the data from the latest sampling time-point and the uppermost layer of soil were used for our database.",1,1,0,0,1,1,1,1,1,1,1,1,1,0,0.8125,soil biological quality
organic fertilisation,10.1007/s10705-017-9903-5,1,"1) studies that reported crop yield, soil organic carbon, microbial biomass (mb) and/or plant-available p data for at least two types of treatments: (a) those that did not receive any fertiliser (‘nil control’); or (b) those where only inorganic npk fertiliser (if, ‘standard control’) was applied, and (c) where organic amendments (oa) with or without supplemental if was used. we defined oa as raw or composted materials derived from animals (e.g., manure), plant (e.g., straw) and municipal waste (e.g., sludge). the standard control did not always receive equivalent nutrient rates to those in oa and oa + if treatments; 2) crop yield data were included only for wheat, barley, corn, and rice grain in order to minimise differences in nutrient needs and rooting systems.",1,1,1,1,1,1,0,1,0,1,1,0,1,0,0.75,soil nutrients
organic fertilisation,10.1016/j.agsy.2019.102736,1,"1) laboratory or greenhouse studies were excluded, and only studies performed in field conditions and carried out in a mediterranean climate were chosen; 2) when several papers included data from the same experiment, the longest study with the most soil and crop variables was chosen.",1,1,1,0,1,1,1,1,1,1,1,0,1,0,0.8125,soil nutrients
organic fertilisation,10.1016/j.apsoil.2017.03.011,1,"1) studies were required to have used 15n isotope tracers to separate unlabeled native soil n from labeled fertilizer n, and to report data for both fertilizer and control plots.",1,1,1,0,1,1,0,1,1,1,1,0,1,0,0.75,soil nutrients
organic fertilisation,10.1016/j.geoderma.2020.114784,1,1) the amount or the rate of n immobilization by soil microbes was reported; 2) microbial biomass n was reported; 3) identical management except organic-c input were performed for the control and the organic-c treatments; 4) the means and sample sizes of the chosen variables for both the control and the organic-c treatments could be directly or indirectly obtained from the literature.,1,1,0,0,1,1,0,0,0,1,0,1,1,0,0.5625,soil nutrients
organic fertilisation,10.1016/j.scitotenv.2020.141003,0,"1) the study involved application of manure to soil and the manure type was clearly stated; 2) control plots without manure application were included for comparison with the treatment that had received manure; 3) the literature investigated the activities of enzymes related to organic carbon (oc) or nutrient cycles; 4) the means, standard deviation (sd) and replicate numbers were reported.",1,1,1,0,1,1,0,1,0,1,1,1,1,0,0.6875,soil nutrients
organic fertilisation,10.1016/S2095-3119(17)61673-3,1,"1) field experiments were conducted for more than than 10 years. thus, those field experiments conducted less than 10 years and laboratory incubation studies were excluded; 2) chemical fertilizer treatment was n, p, k balanced application. thus the treatments of n or p or k application alone were not included in the data compilation; 3) gross rates of soil n transformations were measured using 15n pool dilution technique and 15 n tracing model; 4) no fertilizer application treatment was used as the control.",1,1,0,0,1,1,0,1,0,1,1,0,1,0,0.625,soil nutrients
organic fertilisation,10.5586/aa.1662,0,not mentioned.,1,0,0,0,1,1,0,0,0,0,0,0,1,0,0.25,soil nutrients
peatland conservation and restoration,10.1016/j.geoderma.2019.03.036,1,"1) the experiment had to be performed under field conditions, and experiments conducted in a laboratory or those where data were collected through modeling or remote sensing were excluded; 2) the study had to report the soc content (or soc stocks) directly before and after wetland cultivation; 3) the experiment had to be replicated, and the standard deviation (sd) was reported or could be calculated from the information provided; and 4) the experiment had to include a natural (or nearly natural) wetland as a control treatment, and the other treatments had to be in the vicinity (within ~10 km) of the control treatment or were converted from the control treatment.",1,1,1,0,1,1,0,1,1,1,1,1,1,0,0.8125,carbon sequestration
peatland conservation and restoration,10.1016/j.geoderma.2019.06.027,1,"1) the experiment had to be performed under field conditions, and those conducted in a laboratory or in which data were collected through modeling or remote sensing were excluded; 2) the study had to report the soc content (or soc stocks) directly before and after wetland restoration; 3) the experiment had to be replicated, and the standard deviation (sd) had to be reported or could be calculated from the information provided; and 4) the experiment had to include a control treatment (a natural wetland or a cultivated wetland). the restored wetlands had to be converted from control wetlands, and all treatments had to be adjacent to one another (within ~10 km).",1,1,1,0,1,1,0,1,1,1,1,1,1,0,0.8125,carbon sequestration
peatland conservation and restoration,10.1002/ece3.2469,0,only studies which covered at least one growing season and measured at weekly or more frequent intervals were selected.,1,1,0,0,1,1,1,0,0,1,0,1,1,0,0.5625,ghg emissions
peatland conservation and restoration,10.1038/s41558-021-01059-w,1,"1) the study should measure at least water-table depth (wtd) and one flux of co2 or ch4 under both low- and high water-table treatments over the same time period in the same geographic region and have the same natural background and land use type; 2) studies that compare ecosystem responses under altered water table during different time periods, were not incorporated; 3) studies using laboratory peat columns, with synthetic/repacked soils, artificial additions (ameliorant, biochar or compost) or through incubations or have a treatment less than 1 month were also excluded.",1,1,0,1,1,1,1,1,1,1,1,1,1,1,0.9375,ghg emissions
peatland conservation and restoration,10.1111/gcb.14933,1,"1) the selected experiments were conducted in the field and included at least one type of natural wetland that was classified as natural coastal wetland, natural riparian wetland or natural peatland; 2) all converted land-use types were directly transformed from the natural wetlands, and land-use types that had undergone multiple land-use transitions, such as restored wetlands, were excluded; 3) the selected experiments were conducted at the same temporal and spatial scales in both the natural wetlands and converted land-use types ; 4) the selected studies provided data for at least one type of greenhouse gas flux.",1,1,1,0,1,0,0,1,1,1,1,0,1,0,0.6875,ghg emissions
peatland conservation and restoration,10.1186/2047-2382-3-5,1,"1) relevant population(s): lowland peatland systems in temperate and boreal regions; 2) exposure/intervention: long-term rewetting or draining of peat or peat related soils. agricultural conversion of peat or peat-related soils. afforestation of peat or peat-related soils. agricultural or forestry management on peat or peat-related soils. natural experiments comparing areas of peat or peat-related soils in the same region with different long term (not seasonal or sporadic) hydrology; 3) types of comparator: control or no intervention or before-after comparisons; 4) types of outcome: amount of c or ghg stored in, sequestered or released from soils. other physical measures of c loss or gain from peat or peat-related soils, e.g. erosion, efflux of doc, subsidence and/or accumulation; 5) types of study: any primary study including measures of c or ghg storage, sequestration or release from peat or peat-related soils. studies that measured c or ghg storage, sequestration or release under laboratory conditions were excluded.",1,1,1,1,1,1,1,1,1,1,1,1,1,1,1,ghg emissions
peatland management,10.1016/j.biocon.2005.06.003,0,1) the study must have compared any form of burning with no burning as a variable; 2) the study must explore as outcome changes in floristic composition interpreted in terms of favourable condition as defined using the upland common standards monitoring (csm) tables.,1,1,0,1,0,0,0,0,0,0,1,0,1,0,0.375,biodiversity
peatland management,10.1016/j.agee.2008.12.004,1,"1) the study had been carried out in finland; 2) the fertilizer used was single superphosphate containing 9% p, 20% calcium (ca) and 11% sulphur (s). for the overall database, p rates ranged from 6 to 100 kg/ha; mean 28 kg/ha; 3) the study had an appropriate control, i.e. fertilization with nitrogen (n) and potassium (k), but no p. n rates ranged from 15 to 200 kg/ha; mean 30 kg/ha,while k rates ranged from 30 to 150 kg/ha; mean 60 kg/ha; 4) the impact of p fertilization on the yields of either cereals, perennial grass mixtures or other crops had been assessed; 5) responses to p fertilization in terms of means of the treatment (= fertilized with pkn, xpkn) and control (= fertilized with kn, xkn) groups, corresponding standard deviations (spkn, skn) and sample sizes (npkn, nkn) were reported in the articles or reports in numerical or graphic form.",1,1,1,0,1,1,0,1,0,1,1,1,0,0,0.6875,crop yield
peatland management,10.1016/j.ese.2020.100063,1,"1) the control experiment was defined by no nitrogen input or atmospheric nitrogen deposition; 2) non-repetitive experimental studies were excluded; 3) non-experimental studies (such as modeling, meta-analyses, and reviews) were excluded.",1,1,1,0,1,1,0,1,1,1,1,1,1,1,0.875,ghg emissions
peatland management,10.1186/2047-2382-3-5,1,"1) relevant population(s): lowland peatland systems in temperate and boreal regions; 2) exposure/intervention: long-term rewetting or draining of peat or peat related soils. agricultural conversion of peat or peat-related soils. afforestation of peat or peat-related soils. agricultural or forestry management on peat or peat-related soils. natural experiments comparing areas of peat or peat-related soils in the same region with different long term (not seasonal or sporadic) hydrology; 3) types of comparator: control or no intervention or before-after comparisons; 4) types of outcome: amount of c or ghg stored in, sequestered or released from soils. other physical measures of c loss or gain from peat or peat-related soils, e.g. erosion, efflux of doc, subsidence and/or accumulation; 5) types of study: any primary study including measures of c or ghg storage, sequestration or release from peat or peat-related soils. studies that measured c or ghg storage, sequestration or release under laboratory conditions were excluded.",1,1,1,1,1,1,1,1,1,1,1,1,1,1,1,ghg emissions
peatland management,10.1016/j.ese.2020.100063,1,"1) the control experiment was defined by no nitrogen input or atmospheric nitrogen deposition; 2) non-repetitive experimental studies were excluded; 3) non-experimental studies (such as modeling, meta-analyses, and reviews) were excluded.",1,1,1,0,1,1,0,1,1,1,1,1,1,1,0.875,soil biological quality
pesticides reduction strategies,10.1017/wsc.2018.25,1,"selection criteria: (1) included studies were replicated field studies that assessed the relative efficacy of stand-alone or integrated weed management techniques taking place in annual cropping or perennial systems; (2) studies using herbicides were included only if the applied herbicide was approved for use, if it was applied within recommended rates and if the mecanism of action of the herbicide was known and classified; (3) studies have to report control/treatment comparisons that published quantitative response measurements for aboveground density, cover, biomass, frequency, survival, or percent control (measured from 0% to 100%) of c. arvensis.",1,1,1,1,1,1,0,1,0,1,1,0,1,0,0.75,crop yield
pesticides reduction strategies,10.1017/wsc.2018.25,1,"selection criteria: (1) included studies were replicated field studies that assessed the relative efficacy of stand-alone or integrated weed management techniques taking place in annual cropping or perennial systems; (2) studies using herbicides were included only if the applied herbicide was approved for use, if it was applied within recommended rates and if the mecanism of action of the herbicide was known and classified; (3) studies have to report control/treatment comparisons that published quantitative response measurements for aboveground density, cover, biomass, frequency, survival, or percent control (measured from 0% to 100%) of c. arvensis.",1,1,1,1,1,1,0,1,0,1,1,0,1,0,0.75,pests and diseases
pesticides reduction strategies,10.1017/wsc.2018.6,1,"selection criteria: (1) the study had to be written in english; (2) included studies were replicated field studies that assessed the relative efficacy of stand-alone or integrated weed management techniques taking place in annual cropping or perennial systems; (3) studies using herbicides were included only if the applied herbicide was approved for use, if it was applied within recommended rates and if the mecanism of action of the herbicide was known and classified; (4) studies have to report control/treatment comparisons that published quantitative response measurements for aboveground density, cover, biomass, frequency, survival, or percent control (measured from 0% to 100%) of c. arvense.",1,1,1,1,1,1,0,1,0,1,1,0,1,0,0.75,crop yield
pesticides reduction strategies,10.1017/wsc.2018.6,1,"selection criteria: (1) the study had to be written in english; (2) included studies were replicated field studies that assessed the relative efficacy of stand-alone or integrated weed management techniques taking place in annual cropping or perennial systems; (3) studies using herbicides were included only if the applied herbicide was approved for use, if it was applied within recommended rates and if the mecanism of action of the herbicide was known and classified; (4) studies have to report control/treatment comparisons that published quantitative response measurements for aboveground density, cover, biomass, frequency, survival, or percent control (measured from 0% to 100%) of c. arvense.",1,1,1,1,1,1,0,1,0,1,1,0,1,0,0.75,pests and diseases
pesticides reduction strategies,10.1371/journal.pone.0200131,1,"selection criteria: (1) the study was published no earlier than 1996; (2) the trials included a non-bt and a commercialized bt variety; (3) were conducted in a field setting, relied upon natural heliothine populations; (3) provided a measure of variance; (4) the number of observations could be determined from the information provided.",1,1,1,1,1,1,0,1,1,1,0,0,1,0,0.75,crop yield
pesticides reduction strategies,10.1371/journal.pone.0200131,1,"selection criteria: (1) the study was published no earlier than 1996; (2) the trials included a non-bt and a commercialized bt variety; (3) were conducted in a field setting, relied upon natural heliothine populations; (3) provided a measure of variance; (4) the number of observations could be determined from the information provided.",1,1,1,1,1,1,0,1,1,1,0,0,1,0,0.75,pesticide use
pesticides reduction strategies,10.1371/journal.pone.0200131,1,"selection criteria: (1) the study was published no earlier than 1996; (2) the trials included a non-bt and a commercialized bt variety; (3) were conducted in a field setting, relied upon natural heliothine populations; (3) provided a measure of variance; (4) the number of observations could be determined from the information provided.",1,1,1,1,1,1,0,1,1,1,0,0,1,0,0.75,pests and diseases
pesticides reduction strategies,10.1080/14735903.2016.1242332,1,"five pre-established criteria. the study had to provide information on (1) treatment means, (2) the standard deviation (sd), or the standard error of the means (se), the standard error of the difference (sed), least significant difference (lsd), or the variance, and (3) the number of treatment replicates (n). the study had to (4) include a randomized experimental design and (5) utilize control plots.",1,1,0,0,1,1,0,1,0,0,0,1,1,1,0.625,crop yield
pesticides reduction strategies,10.1080/14735903.2016.1242332,1,"five pre-established criteria. the study had to provide information on (1) treatment means, (2) the standard deviation (sd), or the standard error of the means (se), the standard error of the difference (sed), least significant difference (lsd), or the variance, and (3) the number of treatment replicates (n). the study had to (4) include a randomized experimental design and (5) utilize control plots.",1,1,0,0,1,1,0,1,0,0,0,1,1,1,0.625,pests and diseases
pesticides reduction strategies,10.2134/agronj2015.0512,1,"selection criteria: only papers evaluating at least one low-input system, and one conventional or one organic system were selected for the analysis. experiments testing a single cropping technique (e.g., tillage, cultivar), or several levels of one type of input, and experiments conducted over less than 2 yr were excluded. the analysis also excludes systems involving grazing animals, systems mainly composed of feed crops, and studies with insufficient information about crop rotations, cropping practices, and yields.  only rainfed systems, and experiments conducted in europe and north america were considered.",1,1,1,1,1,1,1,1,0,1,1,1,1,1,0.9375,crop yield
pesticides reduction strategies,10.2134/agronj2015.0512,1,"selection criteria: only papers evaluating at least one low-input system, and one conventional or one organic system were selected for the analysis. experiments testing a single cropping technique (e.g., tillage, cultivar), or several levels of one type of input, and experiments conducted over less than 2 yr were excluded. the analysis also excludes systems involving grazing animals, systems mainly composed of feed crops, and studies with insufficient information about crop rotations, cropping practices, and yields.  only rainfed systems, and experiments conducted in europe and north america were considered.",1,1,1,1,1,1,1,1,0,1,1,1,1,1,0.9375,pesticide use
pesticides reduction strategies,10.1016/j.biocon.2018.11.020,1,"selection criteria: (1) the study had to be written in english; (2) to estimate taxon richness and community similarity, a study had to provide raw data on the abundance or occurrence frequency of more than three taxonomic groups (at the species, genus, or family level) in two or more of the five land management regimes (conventional, integrated, organic, abandoned or semi-natural or natural habitat); (3) to be included in the analyses of taxon abundance and yield, a study had to report the mean abundance/yield, its variance (standard deviation [sd], standard error [se], or 95% confidence interval), and sample size (n > 1) in two or more of the five land management regimes for abundance or of the three (con, int, and org) for yield.",1,1,1,1,1,1,0,0,1,1,0,0,1,1,0.75,biodiversity
pesticides reduction strategies,10.1016/j.biocon.2018.11.020,1,"selection criteria: (1) the study had to be written in english; (2) to estimate taxon richness and community similarity, a study had to provide raw data on the abundance or occurrence frequency of more than three taxonomic groups (at the species, genus, or family level) in two or more of the five land management regimes (conventional, integrated, organic, abandoned or semi-natural or natural habitat); (3) to be included in the analyses of taxon abundance and yield, a study had to report the mean abundance/yield, its variance (standard deviation [sd], standard error [se], or 95% confidence interval), and sample size (n > 1) in two or more of the five land management regimes for abundance or of the three (con, int, and org) for yield.",1,1,1,1,1,1,0,0,1,1,0,0,1,1,0.75,biodiversity
pesticides reduction strategies,10.1016/j.biocon.2018.11.020,1,"selection criteria: (1) the study had to be written in english; (2) to estimate taxon richness and community similarity, a study had to provide raw data on the abundance or occurrence frequency of more than three taxonomic groups (at the species, genus, or family level) in two or more of the five land management regimes (conventional, integrated, organic, abandoned or semi-natural or natural habitat); (3) to be included in the analyses of taxon abundance and yield, a study had to report the mean abundance/yield, its variance (standard deviation [sd], standard error [se], or 95% confidence interval), and sample size (n > 1) in two or more of the five land management regimes for abundance or of the three (con, int, and org) for yield.",1,1,1,1,1,1,0,0,1,1,0,0,1,1,0.75,crop yield
pesticides reduction strategies,10.1016/j.biocon.2018.11.020,1,"selection criteria: (1) the study had to be written in english; (2) to estimate taxon richness and community similarity, a study had to provide raw data on the abundance or occurrence frequency of more than three taxonomic groups (at the species, genus, or family level) in two or more of the five land management regimes (conventional, integrated, organic, abandoned or semi-natural or natural habitat); (3) to be included in the analyses of taxon abundance and yield, a study had to report the mean abundance/yield, its variance (standard deviation [sd], standard error [se], or 95% confidence interval), and sample size (n > 1) in two or more of the five land management regimes for abundance or of the three (con, int, and org) for yield.",1,1,1,1,1,1,0,0,1,1,0,0,1,1,0.75,pesticide use
pesticides reduction strategies,10.1371/journal.pone.0111629,1,"selection criteria: (1) the study is an empirical investigation of the agronomic and/or economic impacts of gm soybean, gm maize, or gm cotton using micro-level data from individual plots and/or farms; (2) the study reports gm crop impacts in terms of one or more of the following outcome variables: yield, pesticide quantity (especially insecticides and herbicides), pesticide costs, total variable costs, gross margins, farmer profits. if only the number of pesticide sprays was reported, this was used as a proxy for pesticide quantity; (3) the study analyses the performance of gm crops by either reporting mean outcomes for gm and non-gm, absolute or percentage differences, or estimated coefficients of regression models that can be used to calculate percentage differences between gm and non-gm crops; (4) the study contains original results and is not only a review of previous studies.",1,1,0,1,1,0,1,1,1,1,0,1,1,1,0.8125,crop yield
pesticides reduction strategies,10.1371/journal.pone.0111629,1,"selection criteria: (1) the study is an empirical investigation of the agronomic and/or economic impacts of gm soybean, gm maize, or gm cotton using micro-level data from individual plots and/or farms; (2) the study reports gm crop impacts in terms of one or more of the following outcome variables: yield, pesticide quantity (especially insecticides and herbicides), pesticide costs, total variable costs, gross margins, farmer profits. if only the number of pesticide sprays was reported, this was used as a proxy for pesticide quantity; (3) the study analyses the performance of gm crops by either reporting mean outcomes for gm and non-gm, absolute or percentage differences, or estimated coefficients of regression models that can be used to calculate percentage differences between gm and non-gm crops; (4) the study contains original results and is not only a review of previous studies.",1,1,0,1,1,0,1,1,1,1,0,1,1,1,0.8125,pesticide use
pesticides reduction strategies,10.3390/agronomy10040560,1,"selection criteria: (1) the experiment evaluated at least one dss-based strategy (i.e.  the number and timing of fungicide applications was decided during the course of the experiment based on risk indicators), one calendar-based strategy (i.e.  the number and timing of fungicide applications was fixed before the experiment in calendar-based programs, usually based on the standard practices for disease control) and an untreated control; (2) each experiment included three sub-experiments according to the type of treatment (dss, calendar or untreated); (3) all sub-experiments reported disease incidence (i.e., proportion of diseased organs) and sample size (i.e., total of organs considered to evaluate disease incidence).",1,1,1,0,1,1,1,0,1,1,0,1,1,0,0.75,pests and diseases
pesticides reduction strategies,10.1126/science.1139208,1,"first set of criteria: (1) involve a field crop species genetically transformed to express one or more cry genes derived frombacillus thuringiensis; (2) measure effects of the transformed crop for one or more groups of non-target invertebrate; (3) include a comparison to a non-transgenic control or a range of exposure levels to the transgenic plant or plant products (e.g. pollen); and (4) be written in english. second set of criteria: (1) involved one of three categories of bt crops (lepidopteran resistant cry1ac cotton, lepidopteran resistant cry1ab maize, and coleopteran resistant cry3bb maize) for which suitable data were available to calculate effect sizes derived from a minimum of five distinct publications or reports; (2) occurred in the field or in a cage in the field; (3) reported abundance as a response variable for a nontarget group; (4) included a comparison to a non-transgenic control (either sprayed with an insecticide or not); and (5) presented treatment means, accompanied by standard deviations (s) and sample sizes (n) (or the author directly provided these values to the authors) necessary to calculate the chosen effects size, hedges’ d.",1,1,0,0,1,0,0,1,1,1,1,1,1,0,0.6875,biodiversity
pesticides reduction strategies,10.1016/j.fcr.2017.01.010,1,"selection criteria: (1) cash crop (cc) yields were reported; (2) weed biomass was measured atleast once during the crop cycle or during the cover crop period after harvest; (3) yield and weed biomass data were reported for both the intercropped treatment and the sole crop control treatment, (4) the companion plants (cps) used in intercropped treatments were legume species or mixtures of legume/non-legume species; (5) the cc was seeded at the same rate in the cc and cc + cp treatments (additive intercrop design).",1,1,1,1,1,1,1,1,1,1,1,1,1,1,1,crop yield
pesticides reduction strategies,10.1016/j.fcr.2017.01.010,1,"selection criteria: (1) cash crop (cc) yields were reported; (2) weed biomass was measured atleast once during the crop cycle or during the cover crop period after harvest; (3) yield and weed biomass data were reported for both the intercropped treatment and the sole crop control treatment, (4) the companion plants (cps) used in intercropped treatments were legume species or mixtures of legume/non-legume species; (5) the cc was seeded at the same rate in the cc and cc + cp treatments (additive intercrop design).",1,1,1,1,1,1,1,1,1,1,1,1,1,1,1,pests and diseases
soil amendment with biochar,10.1007/s11104-018-3619-4,1,"1) the research was on soil n cycle in response to biochar addition; 2) biochar was produced by pyrolyzing organic materials anaerobically (technology levels range from highly advanced facilities to simply equipped stoves); and 3) control and biochar treatments were subjected to the same management (e.g. same tillage, watering, fertilization, or residue addition).",1,1,0,0,1,1,0,1,0,1,1,1,1,0,0.6875,air pollutants emissions
soil amendment with biochar,10.1016/j.scitotenv.2018.11.316,1,"1) experimental details such as location, year and treatment to be reported to enable removal of duplicates. 2) paired design (including a control and a treatment with biochar, the control having the same experimental conditions without a biochar treatment). 3) original data regarding cumulative av or loss proportion to be presented. 4) sample size, av mean values and standard deviations of the means to be provided.",1,1,1,1,1,1,0,1,0,1,1,1,1,1,0.875,air pollutants emissions
soil amendment with biochar,10.1016/j.jclepro.2020.125736,1,"selected studies fulfilled the following criteria: 1) they included experiments measuring soc or som levels within existing vineyards or through experimental manipulation of vineyard management practices; 2) they were performed under field conditions (laboratory studies and pot experiments were excluded) for a minimum period of three years; and 3) they were published in or after 2000. when several studies contained data from the same field experiment, only the longest study was selected to avoid redundancy in the data.",1,1,1,0,1,1,1,1,1,1,1,1,1,1,0.9375,carbon sequestration
soil amendment with biochar,10.1016/j.scitotenv.2020.142582,1,"the study mainly targeted on the term “biochar and soil potentially toxic metal or soil heavy metal concentration” was selected. furthermore, the search was limited to the studies conducted either in the pot or field experiment. however, the studies conducted on soils artificially amended with potentially toxic metals were excluded from this study.",1,1,0,0,1,1,1,1,0,1,1,1,1,0,0.75,carbon sequestration
soil amendment with biochar,10.1111/gcb.14658,1,"1) soc was measured in field experiments (to estimate the potential of biochar to increase soil carbon, we also included soil incubation and pot experiments with regard to biochar use); 2) observations were conducted on croplands excluding orchards and pastures; 3) ancillary information was provided, such as experiment duration, replication, and sampling depth; and 4) other agronomic management practices were included besides the three target management practices in this study.",1,0,0,0,1,1,0,1,0,1,1,1,1,1,0.6875,carbon sequestration
soil amendment with biochar,10.1111/gcbb.12194,0,not reported,1,0,0,0,1,1,1,1,0,0,1,1,1,0,0.5,carbon sequestration
soil amendment with biochar,10.1111/gcbb.12265,1,"studies under controlled conditions (laboratory incubation or greenhouse pot studies) were also included to better quantitatively understand the integrative effect of biochar on soil co2 fluxes, soc, and mbc content across soils. studies with no replication or no reported number of replications were excluded. moreover, grouping categories with fewer than two data pairs were excluded from the analyses.",1,0,0,0,1,1,1,1,0,1,1,1,1,1,0.75,carbon sequestration
soil amendment with biochar,10.1111/gcbb.12266,0,"the data were selected with a limitation ofexperiment duration for a column exper- iment having longer than 45 days, a pot experiment having longer than 3 months, and a field experiment having longer than a year.",1,1,0,0,1,1,0,0,0,1,1,1,1,0,0.5625,carbon sequestration
soil amendment with biochar,10.1007/s11056-015-9491-7,0,"the authors included all studies based on woody plant species that presented mean responses for aboveground biomass, or for both height and stem diameter. the authors only considered studies specifically examining responses to chars, and not wood ash, except cases of high-carbon wood ash with organic matter >30 %.",1,1,0,0,1,1,0,0,0,1,1,1,0,0,0.5,crop yield
soil amendment with biochar,10.1007/s11104-018-3619-4,1,"1) the research was on soil n cycle in response to biochar addition; 2) biochar was produced by pyrolyzing organic materials anaerobically (technology levels range from highly advanced facilities to simply equipped stoves); and 3) control and biochar treatments were subjected to the same management (e.g. same tillage, watering, fertilization, or residue addition).",1,1,0,0,1,1,0,1,0,1,1,1,1,0,0.6875,crop yield
soil amendment with biochar,10.1016/bs.agron.2017.11.005,0,"the data were selected with a limitation ofexperiment duration for a column exper- iment having longer than 45 days, a pot experiment having longer than 3 months, and a field experiment having longer than a year.",1,1,0,0,1,1,0,0,0,1,1,1,1,0,0.5625,crop yield
soil amendment with biochar,10.1016/j.agrformet.2019.107625,1,"1) field studies were continued for at least a full crop season in the field. 2) experiments measured ch4 or n2o fluxes and had at least one pair of data (control and treatment). 3) soil and biochar properties, the method of biochar application and experimental durations were clearly described. 4) the means, standard deviations/errors, and sample sizes of the variables could be extracted directly from tables, graphs or contexts.",1,1,1,0,1,1,1,1,1,1,1,1,1,0,0.875,crop yield
soil amendment with biochar,10.1016/j.fcr.2020.108049,1,"1) the studies had to be conducted in the field rather than in a pot or greenhouse; 2) the experimental sites had to be located in subtropical china; 3) the studies had to be conducted with side-by-side comparisons of control (without organic fertilizer application) and treatment (with organic fertilizer application) groups; 4) the means, standard deviations (sd), and sample sizes of the rice yield, yield attributes, and soil physicochemical properties had to be reported or have the possibility of being calculated.",1,1,0,1,1,1,1,0,0,1,1,1,1,0,0.75,crop yield
soil amendment with biochar,10.1016/j.scitotenv.2018.08.392,1,"the selected articles were those with the theme of ch4 emission affected by field management practices conducted at the site-specific rice fields. the following criteria were used to filter the paired experiments: 1) studies should be designed as side-by-side paired-plot field experiments in rice field; 2) absolute emission of ch4 was provided or could be calculated and conducted with closed chamber method for the entire rice growing season; 3) field management practices, treatments, and controls were described in detail in each study; and 4) the location of the experiment was provided. the data for the n2o emission and rice yield were also extracted from filtered articles.",1,1,1,0,1,1,1,1,0,1,1,1,1,1,0.875,crop yield
soil amendment with biochar,10.1016/j.scitotenv.2020.136635,0,"1) the study must be the original research with quantitative results of the change of plant productivity due to biochar application; 2) the reported results must comprise the means and standard deviation (sd), or standard error (se) in some cases; 3) the study design had to include at least three replications. from the selected studies, only treatments for pairwise comparison between groups with biochar application and corresponding control group without bc application were extracted.",1,1,0,0,1,1,0,1,0,1,1,1,1,1,0.6875,crop yield
soil amendment with biochar,10.1016/j.scitotenv.2020.140696,1,"1) only field experimental data were included and laboratory or pot experimental data and modeling results were not considered, 2) measurements obtained under green soybean crops were not considered, and 3) n2o emissions and related input rates of n fertilizers and irrigation water were recorded over a whole growing season. authors excluded a few measurements that were only reported on an annual basis. authors did not use the measurements from unfertilized treatments in further data processing, statistical analysis and meta-analysis except when specifically mentioned.",1,1,0,0,1,1,1,1,1,1,1,0,1,0,0.75,crop yield
soil amendment with biochar,10.1088/1748-9326/aa67bd,1,"1) report means and a measure of variance from which standard deviation could be calculated (when no measures of variance were given, efforts were made to obtain these from the corresponding authors); 2) the study design had to include replication (n ≥ 3) and randomisation; 3) only treatments from each study were included if a 'control' could be identified in which all factors, such as soil amendments, were the same as the biochar 'treatment', but without the application of biochar. all reported auxiliary variables for both soil and biochar properties were recorded in the database.",1,1,1,0,1,1,0,1,1,1,1,1,1,0,0.8125,crop yield
soil amendment with biochar,10.1111/gcbb.12720,1,"1) observations had one pair of data at lowest (comparing a control and biochar‐amended treatment) and measured photosynthesis in plants; 2) the plots for all treatments had the same environmental conditions and dominant vegetation composition as the control at the beginning of the experiments; 3) the methods for biochar amendment were explicitly described, including biochar application rate and experimental duration; and 4) the mean and its standard deviation or error of variables in each treatment could be extracted from contexts or supplemental materials directly.",1,1,1,0,1,1,0,1,0,1,1,1,1,1,0.8125,crop yield
soil amendment with biochar,10.3390/su12083436,0,"1) treatments and the control group must be included in the same independent trials; 2) either crop yield or soil ghg emissions must be present in both treatments and control groups; 3) the data of soil ghg emissions must come from topsoil (0–20 cm); 4) the means, standard deviation (or standard error), and number of replicates must be presented or calculated from the reported data; 5) the number of trial design iterations must be higher than two.",1,1,0,0,1,1,0,1,0,1,1,1,1,0,0.625,crop yield
soil amendment with biochar,10.1007/s10021-018-0248-y,1,"for each paired measurement, we gathered a range of original documented information by integrating mean and/or cumulative ch4 fluxes, standard deviation (sd), and number of replicates from both biochar amendment and control treatments. besides field studies, the studies under controlled experimental contexts (laboratory incubation or pot studies) were also introduced to fully evaluate the integrative effect of biochar on ch4 fluxes across soils (figure 1). for incubation or pot studies, however, only those highly simulating the field water capacity (30–85% wfps) were included in this analysis to guarantee the ability to group the available soils into different original land-use types. only studies with at least three replicates were included for this analysis.",1,1,1,0,1,1,1,1,1,1,1,1,1,1,0.9375,ghg emissions
soil amendment with biochar,10.1007/s11104-018-3619-4,1,"1) the research was on soil n cycle in response to biochar addition; 2) biochar was produced by pyrolyzing organic materials anaerobically (technology levels range from highly advanced facilities to simply equipped stoves); and 3) control and biochar treatments were subjected to the same management (e.g. same tillage, watering, fertilization, or residue addition).",1,1,0,0,1,1,0,1,0,1,1,1,1,0,0.6875,ghg emissions
soil amendment with biochar,10.1016/bs.agron.2017.11.005,0,"the data were selected with a limitation ofexperiment duration for a column exper- iment having longer than 45 days, a pot experiment having longer than 3 months, and a field experiment having longer than a year.",1,1,0,0,1,1,0,0,0,1,1,1,1,0,0.5625,ghg emissions
soil amendment with biochar,10.1016/j.agrformet.2019.107625,1,"1) field studies were continued for at least a full crop season in the field. 2) experiments measured ch4 or n2o fluxes and had at least one pair of data (control and treatment). 3) soil and biochar properties, the method of biochar application and experimental durations were clearly described. 4) the means, standard deviations/errors, and sample sizes of the variables could be extracted directly from tables, graphs or contexts.",1,1,1,0,1,1,1,1,1,1,1,1,1,0,0.875,ghg emissions
soil amendment with biochar,10.1016/j.scitotenv.2018.08.392,1,"the selected articles were those with the theme of ch4 emission affected by field management practices conducted at the site-specific rice fields. the following criteria were used to filter the paired experiments: 1) studies should be designed as side-by-side paired-plot field experiments in rice field; 2) absolute emission of ch4 was provided or could be calculated and conducted with closed chamber method for the entire rice growing season; 3) field management practices, treatments, and controls were described in detail in each study; and 4) the location of the experiment was provided. the data for the n2o emission and rice yield were also extracted from filtered articles.",1,1,1,0,1,1,1,1,0,1,1,1,1,1,0.875,ghg emissions
soil amendment with biochar,10.1016/j.scitotenv.2018.10.060,1,"studies were scrutinized using the following inclusion/exclusion quality criteria: they: 1) were conducted in soil (e.g., horticultural substrates were excluded); 2) included a minimum of three replicates per treatment; 3) followed a randomized design; 4) contained a “treatment” and a “control” such that the treatment was the same as the control in all aspects except for the inclusion of biochar; and 5) reported cumulative net n2o emissions, cumulative no3− leached and/or final no3− concentrations in soil.",1,1,1,0,1,1,1,1,1,1,1,1,1,1,0.9375,ghg emissions
soil amendment with biochar,10.1016/j.scitotenv.2018.11.396,1,1) data of yield-scaled ghgi must be reported or could be calculated through gwp and crop yield for control and biochar treatment; 2) sample size must be given for each treatment with a minimum of three replications. it should be noted that the only difference between control and biochar treatment was the application of biochar.,1,1,1,0,1,1,0,1,0,1,1,1,1,0,0.75,ghg emissions
soil amendment with biochar,10.1016/j.scitotenv.2020.140696,1,"1) only field experimental data were included and laboratory or pot experimental data and modeling results were not considered, 2) measurements obtained under green soybean crops were not considered, and 3) n2o emissions and related input rates of n fertilizers and irrigation water were recorded over a whole growing season. authors excluded a few measurements that were only reported on an annual basis. authors did not use the measurements from unfertilized treatments in further data processing, statistical analysis and meta-analysis except when specifically mentioned.",1,1,0,0,1,1,1,1,1,1,1,0,1,0,0.75,ghg emissions
soil amendment with biochar,10.1039/c8em00278a,0,"a minimum of three replicates per treatment was required for the study to be included in the meta-analysis. only studies where the gas sampling frequency was 3 times or more during the entire experiment were included. data were collected on studies that compared ch4 emissions/uptake between a control and a biochar treatment, where the control was defined as being identical to the treatment for all variables except biochar addition.",1,1,0,0,1,1,0,1,0,1,1,1,1,1,0.6875,ghg emissions
soil amendment with biochar,10.3390/su12083436,0,"1) treatments and the control group must be included in the same independent trials; 2) either crop yield or soil ghg emissions must be present in both treatments and control groups; 3) the data of soil ghg emissions must come from topsoil (0–20 cm); 4) the means, standard deviation (or standard error), and number of replicates must be presented or calculated from the reported data; 5) the number of trial design iterations must be higher than two.",1,1,0,0,1,1,0,1,0,1,1,1,1,0,0.625,ghg emissions
soil amendment with biochar,10.1080/00380768.2017.1367627,1,"the inhibitor types considered for the analysis were dcd (a ni), pyrazole derivatives (pd, a ni), and n-(n-butyl) thiophosphoric triamide (nbpt, a ui). only direct measurements were included and no data were obtained from modeling studies. studies performed under laboratory, greenhouse, and field conditions were all included. only studies with a measurement period that lasted longer than 30 days were considered.",1,1,1,0,1,1,0,0,0,1,1,1,1,1,0.75,grassland production
soil amendment with biochar,10.1007/s11368-020-02726-9,0,"the properties of the test sites, soil types, and amendments were clear; control treatments were found in the experiments; each treatment was repeated at least 3 times in the experiment; cd fractions in soils were analyzed by the tessier continuous extraction method; the experimental crop was rice and the remediation was for single cd-contaminated soil by amendments.",1,1,1,0,1,1,0,1,0,1,1,0,1,0,0.625,heavy metals pollution
soil amendment with biochar,10.1016/bs.agron.2017.11.005,0,"the data were selected with a limitation ofexperiment duration for a column exper- iment having longer than 45 days, a pot experiment having longer than 3 months, and a field experiment having longer than a year.",1,1,0,0,1,1,0,0,0,1,1,1,1,0,0.5625,heavy metals pollution
soil amendment with biochar,10.1016/j.jenvman.2018.05.004,1,the title and abstract of each article were examined and the articles relevant to heavy metal uptake by plant in soils treated with and without biochar were selected.,1,1,1,0,1,1,0,1,0,1,1,1,1,0,0.75,heavy metals pollution
soil amendment with biochar,10.1016/j.scitotenv.2017.10.222,1,1) the treatment and control groups were the same in all aspects except biochar application; 2) experiments used a randomized design; 3) the standard deviation (sd) was provided directly or could be calculated by the standard error (se); and 4) the culture medium was soil.,1,1,0,0,1,1,1,1,0,1,1,1,1,0,0.75,heavy metals pollution
soil amendment with biochar,10.1016/j.scitotenv.2020.142582,1,"the study mainly targeted on the term “biochar and soil potentially toxic metal or soil heavy metal concentration” was selected. furthermore, the search was limited to the studies conducted either in the pot or field experiment. however, the studies conducted on soils artificially amended with potentially toxic metals were excluded from this study.",1,1,0,0,1,1,1,1,0,1,1,1,1,0,0.75,heavy metals pollution
soil amendment with biochar,10.1016/j.scitotenv.2020.143117,1,"1) the study must be original research on the behaviors of as and cd in co-contaminated soils in response to biochar application; 2) treatments and controls have at least three replicates; 3) original data are expressed as mean ± standard deviation (sd) or mean ± standard error (se) and can be extracted from tables or figures. if the studies included multiple determinations throughout the experimental period, the results were collected from the last sampling period to meet the principle of meta-analysis.",1,1,0,1,1,1,1,1,0,1,1,1,1,1,0.875,heavy metals pollution
soil amendment with biochar,10.1007/s11104-018-3619-4,1,"1) the research was on soil n cycle in response to biochar addition; 2) biochar was produced by pyrolyzing organic materials anaerobically (technology levels range from highly advanced facilities to simply equipped stoves); and 3) control and biochar treatments were subjected to the same management (e.g. same tillage, watering, fertilization, or residue addition).",1,1,0,0,1,1,0,1,0,1,1,1,1,0,0.6875,nutrient leaching and run-off
soil amendment with biochar,10.1016/j.scitotenv.2018.10.060,1,"studies were scrutinized using the following inclusion/exclusion quality criteria: they: 1) were conducted in soil (e.g., horticultural substrates were excluded); 2) included a minimum of three replicates per treatment; 3) followed a randomized design; 4) contained a “treatment” and a “control” such that the treatment was the same as the control in all aspects except for the inclusion of biochar; and 5) reported cumulative net n2o emissions, cumulative no3− leached and/or final no3− concentrations in soil.",1,1,1,0,1,1,1,1,1,1,1,1,1,1,0.9375,nutrient leaching and run-off
soil amendment with biochar,10.1007/s11104-018-3619-4,1,"1) the research was on soil n cycle in response to biochar addition; 2) biochar was produced by pyrolyzing organic materials anaerobically (technology levels range from highly advanced facilities to simply equipped stoves); and 3) control and biochar treatments were subjected to the same management (e.g. same tillage, watering, fertilization, or residue addition).",1,1,0,0,1,1,0,1,0,1,1,1,1,0,0.6875,plant nutrient uptake
soil amendment with biochar,10.1016/j.scitotenv.2018.12.381,1,authors checked tables and figures in the text to determine if a related paper contained original data and provided relevant si and nutrient contents and their uptake in crops. the biochars from which we collected data were primarily produced by thermal pyrolysis of biomass materials (crop residue feedstocks) under oxygen-limited conditions with pyrolysis temperatures ranging from 150 °c to 900 °c.,1,1,0,0,1,1,1,0,1,0,1,0,1,0,0.625,plant nutrient uptake
soil amendment with biochar,10.1016/j.scitotenv.2020.140696,1,"1) only field experimental data were included and laboratory or pot experimental data and modeling results were not considered, 2) measurements obtained under green soybean crops were not considered, and 3) n2o emissions and related input rates of n fertilizers and irrigation water were recorded over a whole growing season. authors excluded a few measurements that were only reported on an annual basis. authors did not use the measurements from unfertilized treatments in further data processing, statistical analysis and meta-analysis except when specifically mentioned.",1,1,0,0,1,1,1,1,1,1,1,0,1,0,0.75,plant nutrient uptake
soil amendment with biochar,10.1016/j.agee.2017.01.006,1,the collected literature was carefully checked to exclude studies conducted with non-agricultural soils. the used biochar could not specified as pure or mixed biochar as detailed information of the applied biochar was not always available in some of the reported experiments.,1,1,1,0,1,0,0,1,1,1,1,1,1,0,0.75,soil biological quality
soil amendment with biochar,10.1016/j.scitotenv.2018.06.231,1,"articles satisfying the following criteria were included for the meta-analysis: at least three replicates per treatment, biochar and control treatments in the same experimental site (i.e., the same experimental conditions), clearly reported biochar addition rates, and analyzed data of soil microbial activities (bacteria, fungi and actinomycetes), total microbial biomass and activities (total plfa), and microbial community structure changes (fungi to bacteria ratios and gram-positive bacteria to gram-negative bacteria ratios) using the plfa method.",1,1,1,0,1,1,1,1,1,1,1,1,1,1,0.9375,soil biological quality
soil amendment with biochar,10.1016/j.scitotenv.2020.141593,0,"the paired observations including a control treatment and a biochar amendment treatment and data points from studies with any additional input (e.g., fertilizers) to influence microbial communities were excluded from this meta-analysis. the microbial community data in the top 1–20 cm soil were used in this analysis.",1,1,1,1,1,1,0,1,1,1,1,1,1,1,0.875,soil biological quality
soil amendment with biochar,10.1111/gcbb.12265,1,"studies under controlled conditions (laboratory incubation or greenhouse pot studies) were also included to better quantitatively understand the integrative effect of biochar on soil co2 fluxes, soc, and mbc content across soils. studies with no replication or no reported number of replications were excluded. moreover, grouping categories with fewer than two data pairs were excluded from the analyses.",1,0,0,0,1,1,1,1,0,1,1,1,1,1,0.75,soil biological quality
soil amendment with biochar,10.1111/gcbb.12773,1,"1) at least three replicates in each treatment and control treatment were included. 2) the biochar addition load was provided as a percentage in weight or in units of ton/ha or kg/m2. when the application rate was provided as mass per area, the data were converted to percentage of weight assuming a soil bulk density of 1.5 g/cm3 (biederman & harpole, 2013). 3) only the control and biochar application treatment data were selected if the experiment included other fertilizer additions. 4) the data of the selected variables were available or could be found or calculated from the related publications. 5) data from studies focused on charcoal rather than biochar were not considered in this study.",1,1,0,0,1,1,0,1,0,1,1,1,1,0,0.6875,soil biological quality
soil amendment with biochar,10.1016/j.geoderma.2016.03.029,1,only the biochar soil studies that compared the changes between the control (without biochar) and biochar amended soils were collected to form a literature data base. the authors excluded the studies without replicated treatments and data pairs.,1,1,0,0,1,0,0,1,0,1,1,1,1,0,0.625,soil physico-chemical quality
soil amendment with biochar,10.1016/j.scitotenv.2020.136857,0,"the treatment and control were established as being identical for this ma with regards to all variables other than the addition of biochar. therefore, only studies including a control (no biochar) and biochar treated soils were collected. studies without replicated treatments and control as defined were excluded from the ma. studies that measured water holding capacity (by drainage method) as field capacity were excluded because water holding capacity does not include water potential, which describes how freely water drains in soils and how much is available for plant use",1,1,0,0,1,0,0,1,0,1,1,1,1,0,0.5625,soil physico-chemical quality
soil amendment with biochar,10.1016/j.scitotenv.2020.142582,1,"the study mainly targeted on the term “biochar and soil potentially toxic metal or soil heavy metal concentration” was selected. furthermore, the search was limited to the studies conducted either in the pot or field experiment. however, the studies conducted on soils artificially amended with potentially toxic metals were excluded from this study.",1,1,0,0,1,1,1,1,0,1,1,1,1,0,0.75,soil physico-chemical quality
soil amendment with biochar,10.1016/j.still.2020.104926,1,"1) studies needed to report soil aggregation as a percentage of water-stable aggregates (wsa), mean weight diameter (mwd) or gravimetric mean diameter (gmd) by different sieving methods; 2) studies needed to have at least one pair of data (without biochar as the control and biochar amended soils as the treatment); 3) studies needed to include at least three replications for each treatment.",1,1,0,0,1,1,1,1,0,1,1,1,1,1,0.8125,soil physico-chemical quality
soil amendment with biochar,10.1016/j.geoderma.2016.03.029,1,only the biochar soil studies that compared the changes between the control (without biochar) and biochar amended soils were collected to form a literature data base. the authors excluded the studies without replicated treatments and data pairs.,1,1,0,0,1,0,0,1,0,1,1,1,1,0,0.625,soil water retention
soil amendment with biochar,10.1016/j.geoderma.2019.114055,0,"1) published in english, 2) peer-reviewed, with full text available, 3) biochar information included, at least, feedstock, and the application rate, 4) soil information included, at least, soil type or textural class, 5) data on soil water retention variables were reported in numerical format or legible graphical format, and 6) data were not already included in a previous paper to avoid double counting.",1,1,0,0,1,1,1,0,1,1,1,1,1,0,0.6875,soil water retention
soil amendment with biochar,10.1016/j.scitotenv.2020.136857,0,"the treatment and control were established as being identical for this ma with regards to all variables other than the addition of biochar. therefore, only studies including a control (no biochar) and biochar treated soils were collected. studies without replicated treatments and control as defined were excluded from the ma. studies that measured water holding capacity (by drainage method) as field capacity were excluded because water holding capacity does not include water potential, which describes how freely water drains in soils and how much is available for plant use",1,1,0,0,1,0,0,1,0,1,1,1,1,0,0.5625,soil water retention
soil amendment with biochar,10.1016/j.fcr.2020.107763,1,"1) compared water use efficiency (wue) between treatments with and without biochar application and ensured that all other treatment factors were the same; 2) each treatment had several repeated samples. in this study, considering that wue was a continuous variable, in addition to the number of repetitions, authors needed standard deviations (sd) to calculate the variance. the most common reason for discarding studies was no obtainable or computable sd. another common reason was that compared to the control, biochar-based fertilizer rather than biochar was applied in experimental treatments.",1,1,1,1,1,1,0,1,0,1,1,1,1,0,0.8125,water use
soil amendment with biochar,10.1111/gcbb.12720,1,"1) observations had one pair of data at lowest (comparing a control and biochar‐amended treatment) and measured photosynthesis in plants; 2) the plots for all treatments had the same environmental conditions and dominant vegetation composition as the control at the beginning of the experiments; 3) the methods for biochar amendment were explicitly described, including biochar application rate and experimental duration; and 4) the mean and its standard deviation or error of variables in each treatment could be extracted from contexts or supplemental materials directly.",1,1,1,0,1,1,0,1,0,1,1,1,1,1,0.8125,water use
soil amendment with lime and gypsum,10.1016/j.chemosphere.2021.130345,0,"1) the soil in the study sites was saline or sodic soil (ec > 4 ds m−1 or ph > 8.5), 2) there were paired treatments with and without fgdg application, 3) the study measured at least one of the following variables for plant productivity, soil physical, chemical, and biological properties, and heavy metals; 4) the authors excluded the laboratory studies with fgdg application because laboratory environments are different from field conditions. thus, all the selected studies were conducted in the field.",1,1,0,0,1,1,0,1,0,1,1,1,1,0,0.625,carbon sequestration
soil amendment with lime and gypsum,10.1016/j.jenvman.2018.06.013,1,"1)they were grassland field studies in which soc data were recorded in response to either liming, fertilizer application or grazing regime, 2) soc data were recorded for both the managed field and a well-defined control field, and measurements were made at the same temporal and spatial scales, 3) only one of the target management practices such as grazing regime or nitrogen fertilizer varied while other management activities were absent or remained constant, 4) the depth of soil samples used for soc determination were clearly specified, 5) the mean, sample sizes, measures of variability such as standard deviation, standard error or coefficient of variation can be extracted from the study, 6) experimental and control plots were established within the same ecosystem and had similar environmental characteristics at the beginning of the study, 7) management activities such as grazing intensity were clearly described quantitatively and/or qualitatively, and 8) experimental duration was clearly specified and was at least one entire growing season in order to avoid the effect of short term noise.",1,1,1,1,1,1,1,1,1,1,1,1,1,1,1,carbon sequestration
soil amendment with lime and gypsum,10.1002/agj2.20125,1,"exclusion when: (i) plants grown in a greenhouse or on tilled, harrowed soil; (ii) absence of a control treatment (i.e., no gypsum application); (iii) fewer than three replicates and/or absence of causation; (iv) no initial assessment (baseline) of subsoil acidity; and (v) crops with data from fewer than five harvests.",1,1,1,0,1,1,1,1,0,1,1,1,1,0,0.8125,crop yield
soil amendment with lime and gypsum,10.1007/s11368-018-2120-2,1,"1) paired observations between a no-liming control and a liming treatment under identical experimental conditions were included. if an individual study used more than one level or material type of lime application at the same site, measurements of different application rates or liming materials were separately paired with no-liming control. 2) the mean and standard deviation (or standard error) of the achieved yield (either grain yield or biomass), soil ph value, and at least two replications were provided either as part of the experimental design or in figure captions. 3) liming management practices were included as treatments, while other essential agronomic practices such as cropping intensity, fertilizer management, and irrigation were similar.",1,1,1,0,1,1,1,1,0,1,1,1,1,0,0.8125,crop yield
soil amendment with lime and gypsum,10.1016/j.agsy.2021.103095,1,"1)maize was included as a crop; 2) the experiment was conducted in east africa; 3) at least two of the following variables were reported: maize yields, initial soil ph and/or - if applied - the amount of liming.",1,1,0,0,1,0,1,0,1,1,0,0,1,0,0.5625,crop yield
soil amendment with lime and gypsum,10.1016/j.chemosphere.2021.130345,0,"1) the soil in the study sites was saline or sodic soil (ec > 4 ds m−1 or ph > 8.5), 2) there were paired treatments with and without fgdg application, 3) the study measured at least one of the following variables for plant productivity, soil physical, chemical, and biological properties, and heavy metals; 4) the authors excluded the laboratory studies with fgdg application because laboratory environments are different from field conditions. thus, all the selected studies were conducted in the field.",1,1,0,0,1,1,0,1,0,1,1,1,1,0,0.625,crop yield
soil amendment with lime and gypsum,10.1590/18069657rbcs20170025,0,the criteria for publication exclusion were as follows: (a) studies focused on biomass production only; (b) studies conducted in greenhouses and/or on soils under conventional tillage; and (c) studies not reporting the initial main chemical properties of the soils.,1,1,0,0,1,0,1,0,1,0,1,0,0,0,0.4375,crop yield
soil amendment with lime and gypsum,10.1016/j.agsy.2021.103095,1,"1)maize was included as a crop; 2) the experiment was conducted in east africa; 3) at least two of the following variables were reported: maize yields, initial soil ph and/or - if applied - the amount of liming.",1,1,0,0,1,0,1,0,1,1,0,0,1,0,0.5625,ghg emissions
soil amendment with lime and gypsum,10.1016/j.chemosphere.2021.130345,0,"1) the soil in the study sites was saline or sodic soil (ec > 4 ds m−1 or ph > 8.5), 2) there were paired treatments with and without fgdg application, 3) the study measured at least one of the following variables for plant productivity, soil physical, chemical, and biological properties, and heavy metals; 4) the authors excluded the laboratory studies with fgdg application because laboratory environments are different from field conditions. thus, all the selected studies were conducted in the field.",1,1,0,0,1,1,0,1,0,1,1,1,1,0,0.625,heavy metals pollution
soil amendment with lime and gypsum,10.1016/j.scitotenv.2021.146477,1,"1) the control and the treatments should be subject to the same management conditions, and lime was adopted alone as one type of soil amendment, and (2) all treatments had at least three replicates and the cd content in rice grains should be presented as a mean and standard deviation (sd).",1,1,1,1,1,1,1,1,1,1,1,1,1,0,0.9375,heavy metals pollution
soil amendment with lime and gypsum,10.1016/j.chemosphere.2021.130345,0,"1) the soil in the study sites was saline or sodic soil (ec > 4 ds m−1 or ph > 8.5), 2) there were paired treatments with and without fgdg application, 3) the study measured at least one of the following variables for plant productivity, soil physical, chemical, and biological properties, and heavy metals; 4) the authors excluded the laboratory studies with fgdg application because laboratory environments are different from field conditions. thus, all the selected studies were conducted in the field.",1,1,0,0,1,1,0,1,0,1,1,1,1,0,0.625,soil biological quality
soil amendment with lime and gypsum,10.1016/j.chemosphere.2021.130345,0,"1) the soil in the study sites was saline or sodic soil (ec > 4 ds m−1 or ph > 8.5), 2) there were paired treatments with and without fgdg application, 3) the study measured at least one of the following variables for plant productivity, soil physical, chemical, and biological properties, and heavy metals; 4) the authors excluded the laboratory studies with fgdg application because laboratory environments are different from field conditions. thus, all the selected studies were conducted in the field.",1,1,0,0,1,1,0,1,0,1,1,1,1,0,0.625,soil nutrients
soil amendment with lime and gypsum,10.1007/s11368-018-2120-2,1,"1) paired observations between a no-liming control and a liming treatment under identical experimental conditions were included. if an individual study used more than one level or material type of lime application at the same site, measurements of different application rates or liming materials were separately paired with no-liming control. 2) the mean and standard deviation (or standard error) of the achieved yield (either grain yield or biomass), soil ph value, and at least two replications were provided either as part of the experimental design or in figure captions. 3) liming management practices were included as treatments, while other essential agronomic practices such as cropping intensity, fertilizer management, and irrigation were similar.",1,1,1,0,1,1,1,1,0,1,1,1,1,0,0.8125,soil physico-chemical quality
soil amendment with lime and gypsum,10.1016/j.chemosphere.2021.130345,0,"1) the soil in the study sites was saline or sodic soil (ec > 4 ds m−1 or ph > 8.5), 2) there were paired treatments with and without fgdg application, 3) the study measured at least one of the following variables for plant productivity, soil physical, chemical, and biological properties, and heavy metals; 4) the authors excluded the laboratory studies with fgdg application because laboratory environments are different from field conditions. thus, all the selected studies were conducted in the field.",1,1,0,0,1,1,0,1,0,1,1,1,1,0,0.625,soil physico-chemical quality
soil amendment with lime and gypsum,10.1016/j.scitotenv.2021.146477,1,"1) the control and the treatments should be subject to the same management conditions, and lime was adopted alone as one type of soil amendment, and (2) all treatments had at least three replicates and the cd content in rice grains should be presented as a mean and standard deviation (sd).",1,1,1,1,1,1,1,1,1,1,1,1,1,0,0.9375,soil physico-chemical quality
water-saving irrigation practices in flooded lands,10.3390/plants11131690,0,"(1) the study must be a field trial under conventional flood irrigation + no nitrogen application versus different irrigation schedules (alternating wet and dry, shallow wet irrigation, etc.) + different nitrogen application levels. (2) the study should record at least one or more data on yield, nitrogen use efficiency, n2o emissions, nitrogen runoff, nitrogen leaching, and ammonia volatilization. (3) articles with duplicate trial data should be excluded.",1,1,0,0,1,1,0,1,0,1,1,0,1,0,0.5625,air pollutants emissions
water-saving irrigation practices in flooded lands,10.1088/1748-9326/ab2108,1,"articles were  sifted through a systematic title and abstract screening to exclude articles which were: (1) not related to irrigation of rice that could be equated to either alternate wet and dry or mid-season drainage; (2) were not field based. selected articles were then assessed through reading of their content, including supplementary material, and were retained for analysis if they reported soc concentrations for each water treatment at the end of at least one season, resulting in seven articles being carried forward into the analysis. exclusion criteria were similar for both searches. for the 2nd search, papers that reported cumulative ch4 and co2 emissions for each water treatment at the end of at least one season were included only. in both searches, only articles where all other aspects of the treatments (chemical fertilization, organic amendments, residue retention, planting method, tillage, initial soil properties, etc) are the same between control and treatment, and only water management is adjusted were kept.",1,1,1,1,1,1,1,0,1,1,0,1,1,0,0.8125,carbon sequestration
water-saving irrigation practices in flooded lands,10.1016/j.agee.2012.10.009,1,(1) the measurements must be conducted under field conditions; (2) ch4 and n2o fluxes must have been measured for an entire growth period of rice using static chamber method; (3) both rice yield and ghg emissions have been determined simultaneously.,1,1,0,0,1,1,1,1,1,1,0,0,1,0,0.6875,crop yield
water-saving irrigation practices in flooded lands,10.1016/j.fcr.2016.12.002,1,"only publications comprising field experiments with side-by-side comparisons of awd and cf were selected. here, the authors refer to awd as an irrigation practice where, at least once during the growing season, the soil is allowed to dry to a certain extent below saturation and is then reflooded. accordingly, studies that referred to awd as rice subjected to flush or sprinkle irrigation were excluded (these fields were never flooded), as were experiments where the field was reflooded as soon as the field water level reached the soil surface (these soils never fell below saturation). in all cases, awd was compared to a cf control treatment where the field was kept submerged from the initial flood (i.e. transplanting in transplanted systems, sowing in water seeded systems, or 3–4 leaf stage in drill seeded systems) until the pre-harvest drainage.",1,1,1,0,1,1,0,1,0,1,0,1,1,1,0.75,crop yield
water-saving irrigation practices in flooded lands,10.1016/j.fcr.2019.02.010,1,"studies needed to include a “continuous flooding” treatment as a control. they excluded 3 observations of ch4 emissions (out of a total of 195) and 6 observations of n2o emissions (out of a total of 146), because the r value was negative (dataset 1). we also excluded 3 observations where there was a net seasonal uptake of n2o.",1,1,1,0,1,1,1,0,1,1,0,1,1,0,0.75,crop yield
water-saving irrigation practices in flooded lands,10.1016/j.jclepro.2019.118928,0,"1) the irrigation water amount must be distributed clearly; 2) trials were conducted on-farms with reported locations; 3) comparisons were made between farmers’ irrigation and optimized irrigation; 4) for each trial, except for comparisons 
between farmers’ irrigation and optimized irrigation, the other conditions of soil and management, such as the chemical fertilizers used to promote rice growth, the machinery used for tillage, sowing, and harvest, and the pesticides used to controls of weeds, disease, and pests, were the same.",1,1,0,0,1,1,0,1,0,1,1,1,1,1,0.6875,crop yield
water-saving irrigation practices in flooded lands,10.1016/j.scitotenv.2018.08.392,1,"the selected articles were those with the theme of ch4 emission affected by field management practices conducted at the site-specific rice fields. the following criteria were used to filter the paired experiments: (1) studies should be designed as side-by-side paired-plot field experiments in rice field; (2) absolute emission of ch4 was provided or could be calculated and conducted with closed chamber method for the entire rice growing season; (3) field management practices, treatments, and controls were described in detail in each study; and (4) the location of the experiment was provided. the data for the n2o emission and rice yield were also extracted from filtered articles.",1,1,1,0,1,1,1,1,1,1,0,1,1,1,0.875,crop yield
water-saving irrigation practices in flooded lands,10.1038/s41598-022-24055-2,1,"studies were included if they measured effects on the relative density of larvae and pupae of malaria vectors (measured by area samplers, sweeping or standard dipping techniques) or the relative density of adult malaria vectors (measured by human landing catch, cdc light trap, pyrethrum spray catch, odour-baited traps or emergent traps). the secondary outcomes of interest were agronomic measures including rice yield (in tonnes per hectare) and water consumption (defined as the amount of used for rice cultivation in cubic metres).
only experimental study designs were considered; (1) controlled time series trials (ctss), with the unit of allocation being a rice plot and at least two replications per arm; (2) controlled interrupted time series studies (citss), with a contemporaneous control group and at least two replications per arm. studies were included only if they reported data collected from experimental rice fields; laboratory and semifield studies were excluded. studies were excluded if a control arm was absent and if the follow-up periods in each arm differed.",1,1,1,1,1,1,1,0,1,1,1,1,1,1,0.9375,crop yield
water-saving irrigation practices in flooded lands,10.1080/00380768.2019.1683890,1,"(1) the experiment was conducted under field conditions in one of south-east asia countries, (2) emissions of ch4 and/or n2o were measured by an appropriate method throughout the rice cultivation periods, and (3) the experiment was designed to make quantitative comparisons of the emissions between mitigation options and baseline management with setting appropriate replications for statistical analysis.",1,1,0,0,1,1,0,1,1,1,0,1,1,0,0.6875,crop yield
water-saving irrigation practices in flooded lands,10.1111/gcb.15796,1,"studies related to the management practices investigated were then selected. each study selected contains measurements of ghg emissions for both control and treatment management practices. studies with the following meas- urements were excluded: (i) measurements made in pot, laboratories or greenhouses and (ii) measurements conducted in organic (peaty) soils where n2o are much higher than those in mineral soils and where soil carbon fluxes are different (ipcc, 2006).",1,1,0,0,1,1,0,1,0,1,0,1,1,0,0.625,crop yield
water-saving irrigation practices in flooded lands,10.3390/ijerph19127324,1,"(1) the study conducted in situ ch4 flux measurements for at least one growing season; (2) soil ch4 flux could be extracted from the text, tables, and figures directly, or could be calculated from cumulative soil ch4 emissions and rice growth period; (3) irrigation and other field management practices were directly given in the articles.",1,1,1,0,1,0,1,1,0,1,1,0,1,0,0.6875,crop yield
water-saving irrigation practices in flooded lands,10.3390/plants11131690,0,"(1) the study must be a field trial under conventional flood irrigation + no nitrogen application versus different irrigation schedules (alternating wet and dry, shallow wet irrigation, etc.) + different nitrogen application levels. (2) the study should record at least one or more data on yield, nitrogen use efficiency, n2o emissions, nitrogen runoff, nitrogen leaching, and ammonia volatilization. (3) articles with duplicate trial data should be excluded.",1,1,0,0,1,1,0,1,0,1,1,0,1,0,0.5625,crop yield
water-saving irrigation practices in flooded lands,10.1016/j.agee.2012.10.009,1,(1) the measurements must be conducted under field conditions; (2) ch4 and n2o fluxes must have been measured for an entire growth period of rice using static chamber method; (3) both rice yield and ghg emissions have been determined simultaneously.,1,1,0,0,1,1,1,1,1,1,0,0,1,0,0.6875,ghg emissions
water-saving irrigation practices in flooded lands,10.1016/j.agee.2015.04.035,1,(1) studies had to report treatment plot data and control plot data. (2) studies included in our database were only field experiments; no data were included from pot or laboratory experiments. (3) the duration of experiment to study the effect of management on soc change had to be at least 3 years.,1,0,0,0,1,1,1,1,0,0,0,1,1,0,0.5625,ghg emissions
water-saving irrigation practices in flooded lands,10.1016/j.fcr.2019.02.010,1,"studies needed to include a “continuous flooding” treatment as a control. they excluded 3 observations of ch4 emissions (out of a total of 195) and 6 observations of n2o emissions (out of a total of 146), because the r value was negative (dataset 1). we also excluded 3 observations where there was a net seasonal uptake of n2o.",1,1,1,0,1,1,1,0,1,1,0,1,1,0,0.75,ghg emissions
water-saving irrigation practices in flooded lands,10.1016/j.jclepro.2019.118928,0,"1) the irrigation water amount must be distributed clearly; 2) trials were conducted on-farms with reported locations; 3) comparisons were made between farmers’ irrigation and optimized irrigation; 4) for each trial, except for comparisons 
between farmers’ irrigation and optimized irrigation, the other conditions of soil and management, such as the chemical fertilizers used to promote rice growth, the machinery used for tillage, sowing, and harvest, and the pesticides used to controls of weeds, disease, and pests, were the same.",1,1,0,0,1,1,0,1,0,1,1,1,1,1,0.6875,ghg emissions
water-saving irrigation practices in flooded lands,10.1016/j.scitotenv.2018.08.392,1,"the selected articles were those with the theme of ch4 emission affected by field management practices conducted at the site-specific rice fields. the following criteria were used to filter the paired experiments: (1) studies should be designed as side-by-side paired-plot field experiments in rice field; (2) absolute emission of ch4 was provided or could be calculated and conducted with closed chamber method for the entire rice growing season; (3) field management practices, treatments, and controls were described in detail in each study; and (4) the location of the experiment was provided. the data for the n2o emission and rice yield were also extracted from filtered articles.",1,1,1,0,1,1,1,1,1,1,0,1,1,1,0.875,ghg emissions
water-saving irrigation practices in flooded lands,10.1080/00380768.2019.1683890,1,"(1) the experiment was conducted under field conditions in one of south-east asia countries, (2) emissions of ch4 and/or n2o were measured by an appropriate method throughout the rice cultivation periods, and (3) the experiment was designed to make quantitative comparisons of the emissions between mitigation options and baseline management with setting appropriate replications for statistical analysis.",1,1,0,0,1,1,0,1,1,1,0,1,1,0,0.6875,ghg emissions
water-saving irrigation practices in flooded lands,10.1088/1748-9326/ab2108,1,"articles were  sifted through a systematic title and abstract screening to exclude articles which were: (1) not related to irrigation of rice that could be equated to either alternate wet and dry or mid-season drainage; (2) were not field based. selected articles were then assessed through reading of their content, including supplementary material, and were retained for analysis if they reported soc concentrations for each water treatment at the end of at least one season, resulting in seven articles being carried forward into the analysis. exclusion criteria were similar for both searches. for the 2nd search, papers that reported cumulative ch4 and co2 emissions for each water treatment at the end of at least one season were included only. in both searches, only articles where all other aspects of the treatments (chemical fertilization, organic amendments, residue retention, planting method, tillage, initial soil properties, etc) are the same between control and treatment, and only water management is adjusted were kept.",1,1,1,1,1,1,1,0,1,1,0,1,1,0,0.8125,ghg emissions
water-saving irrigation practices in flooded lands,10.1111/gcb.15796,1,"studies related to the management practices investigated were then selected. each study selected contains measurements of ghg emissions for both control and treatment management practices. studies with the following measurements were excluded: (i) measurements made in pot, laboratories or greenhouses and (ii) measurements conducted in organic (peaty) soils where n2o are much higher than those in mineral soils and where soil carbon fluxes are different (ipcc, 2006).",1,1,0,0,1,1,0,1,0,1,0,1,1,0,0.625,ghg emissions
water-saving irrigation practices in flooded lands,10.2134/jeq2017.11.0445,1,"first, the experiments had to be conducted in the united states. second, ch4 fluxes must have been measured under field conditions for at least the entire flooded portion of the growing season. finally, seasonal fluxes had to be reported or easily extracted from figures or tables. for the meta-analytical approach, only peer-reviewed publications, which included side-by-side  comparisons of two identical practices, except for the management practice in question, were used.",1,1,0,0,1,1,1,1,0,1,0,1,1,0,0.6875,ghg emissions
water-saving irrigation practices in flooded lands,10.3390/ijerph19127324,1,"(1) the study conducted in situ ch4 flux measurements for at least one growing season; (2) soil ch4 flux could be extracted from the text, tables, and figures directly, or could be calculated from cumulative soil ch4 emissions and rice growth period; (3) irrigation and other field management practices were directly given in the articles.",1,1,1,0,1,0,1,1,0,1,1,0,1,0,0.6875,ghg emissions
water-saving irrigation practices in flooded lands,10.3390/plants11131690,0,"(1) the study must be a field trial under conventional flood irrigation + no nitrogen application versus different irrigation schedules (alternating wet and dry, shallow wet irrigation, etc.) + different nitrogen application levels. (2) the study should record at least one or more data on yield, nitrogen use efficiency, n2o emissions, nitrogen runoff, nitrogen leaching, and ammonia volatilization. (3) articles with duplicate trial data should be excluded.",1,1,0,0,1,1,0,1,0,1,1,0,1,0,0.5625,ghg emissions
water-saving irrigation practices in flooded lands,10.3390/plants11131690,0,"(1) the study must be a field trial under conventional flood irrigation + no nitrogen application versus different irrigation schedules (alternating wet and dry, shallow wet irrigation, etc.) + different nitrogen application levels. (2) the study should record at least one or more data on yield, nitrogen use efficiency, n2o emissions, nitrogen runoff, nitrogen leaching, and ammonia volatilization. (3) articles with duplicate trial data should be excluded.",1,1,0,0,1,1,0,1,0,1,1,0,1,0,0.5625,nutrient leaching and run-off
water-saving irrigation practices in flooded lands,10.3390/plants11131690,0,"(1) the study must be a field trial under conventional flood irrigation + no nitrogen application versus different irrigation schedules (alternating wet and dry, shallow wet irrigation, etc.) + different nitrogen application levels. (2) the study should record at least one or more data on yield, nitrogen use efficiency, n2o emissions, nitrogen runoff, nitrogen leaching, and ammonia volatilization. (3) articles with duplicate trial data should be excluded.",1,1,0,0,1,1,0,1,0,1,1,0,1,0,0.5625,plant nutrient uptake
water-saving irrigation practices in flooded lands,10.1088/1748-9326/ab2108,1,"articles were  sifted through a systematic title and abstract screening to exclude articles which were: (1) not related to irrigation of rice that could be equated to either alternate wet and dry or mid-season drainage; (2) were not field based. selected articles were then assessed through reading of their content, including supplementary material, and were retained for analysis if they reported soc concentrations for each water treatment at the end of at least one season, resulting in seven articles being carried forward into the analysis. exclusion criteria were similar for both searches. for the 2nd search, papers that reported cumulative ch4 and co2 emissions for each water treatment at the end of at least one season were included only. in both searches, only articles where all other aspects of the treatments (chemical fertilization, organic amendments, residue retention, planting method, tillage, initial soil properties, etc) are the same between control and treatment, and only water management is adjusted were kept.",1,1,1,1,1,1,1,0,1,1,0,1,1,0,0.8125,soil nutrients
water-saving irrigation practices in flooded lands,10.1016/j.fcr.2016.12.002,1,"only publications comprising field experiments with side-by-side comparisons of awd and cf were selected. here, the authors refer to awd as an irrigation practice where, at least once during the growing season, the soil is allowed to dry to a certain extent below saturation and is then reflooded. accordingly, studies that referred to awd as rice subjected to flush or sprinkle irrigation were excluded (these fields were never flooded), as were experiments where the field was reflooded as soon as the field water level reached the soil surface (these soils never fell below saturation). in all cases, awd was compared to a cf control treatment where the field was kept submerged from the initial flood (i.e. transplanting in transplanted systems, sowing in water seeded systems, or 3–4 leaf stage in drill seeded systems) until the pre-harvest drainage.",1,1,1,0,1,1,0,1,0,1,0,1,1,1,0.75,water use
water-saving irrigation practices in flooded lands,10.1016/j.jclepro.2019.118928,0,"1) the irrigation water amount must be distributed clearly; 2) trials were conducted on-farms with reported locations; 3) comparisons were made between farmers’ irrigation and optimized irrigation; 4) for each trial, except for comparisons 
between farmers’ irrigation and optimized irrigation, the other conditions of soil and management, such as the chemical fertilizers used to promote rice growth, the machinery used for tillage, sowing, and harvest, and the pesticides used to controls of weeds, disease, and pests, were the same.",1,1,0,0,1,1,0,1,0,1,1,1,1,1,0.6875,water use
water-saving irrigation practices in flooded lands,10.1038/s41598-022-24055-2,1,"studies were included if they measured effects on the relative density of larvae and pupae of malaria vectors (measured by area samplers, sweeping or standard dipping techniques) or the relative density of adult malaria vectors (measured by human landing catch, cdc light trap, pyrethrum spray catch, odour-baited traps or emergent traps). the secondary outcomes of interest were agronomic measures including rice yield (in tonnes per hectare) and water consumption (defined as the amount of used for rice cultivation in cubic metres).
only experimental study designs were considered; (1) controlled time series trials (ctss), with the unit of allocation being a rice plot and at least two replications per arm; (2) controlled interrupted time series studies (citss), with a contemporaneous control group and at least two replications per arm. studies were included only if they reported data collected from experimental rice fields; laboratory and semifield studies were excluded. studies were excluded if a control arm was absent and if the follow-up periods in each arm differed.",1,1,1,1,1,1,1,0,1,1,1,1,1,1,0.9375,water use
water-saving irrigation practices in non-flooded lands,10.1007/s11269-022-03278-y,1,"the literature includes those related to deficit irrigation on wheat and maize in field experiments published in china and abroad. selection criteria: (1) the location of the test site was clearly described and is located in china; (2) the test conditions were consistent (wheat is a field test, and maize includes canopy tests), and potted plants, mulching and model simulations were excluded; (4) the test data include at least one yield and wue value, the mean, standard deviation (error), and sample size (number of treatment replicates) and were reported in numeric form or in figures; and (5) literature with the same data were included only once.",1,1,0,0,1,0,1,1,0,1,0,1,1,1,0.6875,crop yield
water-saving irrigation practices in non-flooded lands,10.1007/s11356-020-08322-1,1,"(1) studied nitrate leaching in vegetable fields rather than in soil columns or pot experiments; (2) carried out study for at least one growing season; and (3) measured nitrate leaching in terms of mass of n lost by suction cup, lysimeter, or soil sample methods.",1,1,0,0,1,1,0,1,0,1,1,1,1,0,0.6875,crop yield
water-saving irrigation practices in non-flooded lands,10.1016/j.agee.2013.04.018,1,"(i) study of nl in an irrigated agricultural cropping system; (ii) study for at least one growing season; (iii) conducted under field conditions; (iv) nl was measured in terms of mass of n lost (i.e. no3-n concentration and the volume of water leached were both considered) studies that determined the risk of nl through soil or soil solution no3-n concentrations, were not considered as these might give a skewed view of nl. even if the study relied on computer modeling to simulate components of the water balance or solute transport, the studies were selected if data collected under field conditions were the major component of the results. for all studies, a general site and environment description was required to ensure proper location, soil and climate type and crop identification. articles were also discarded from the ma either because they did not follow an experimental design with a control (17 articles) or because mixed treatments impeded obtaining pair comparison observations (11).",1,1,1,1,1,1,0,0,0,1,0,1,1,0,0.6875,crop yield
water-saving irrigation practices in non-flooded lands,10.1016/j.agwat.2017.11.019,1,"studies were only included if (i) they reported yield data on individual crop species in a di, prdi treatment and there was a control treatment of full irrigation (fi); (ii) they reported primary data; (iii) the scale of the yield observations for the fi, di and prdi were comparable; (iv) reported the mean (x), sample size (n) and a measure of dispersion (se, sd, 95% ci; not necessarily mandatory) as numerical or graphical data, or if sd of yields could be estimated from the reported data for all three irrigation regimes; and (v) the data were not already included from another paper, in order to avoid multiple counting.",1,1,1,0,1,1,1,1,0,1,0,1,1,1,0.8125,crop yield
water-saving irrigation practices in non-flooded lands,10.1016/j.agwat.2018.07.038,1,"two rounds of article screening were subsequently carried out. the ﬁrst screening excluded articles unrelated to ai of crops, e.g. dynamic changes in bubble profile under ai, water and air flow under ai, only ai application without information on crop yield and water use. the second screening excluded articles for which the authors were unable to obtain or calculate wue values, and relating soilless cultivation experiment. after the two rounds of article screening, 62 empirical studies focusing on crop yield and wue under ai remained. papers during the ﬁnal screening were then scrutinized and included if they met the following criteria: 1) the experimental design had to be detailed enough to determine all the critical aspects of the treatment, including aerated volume, aerated equipment, and irrigation levels; 2) included an experiment and control and ensured that the treatment was the same as the control in all aspects except for the inclusion of aerated irrigation; 3) used replicated samples for each treatment.",1,1,1,1,1,1,0,1,0,1,1,1,1,1,0.875,crop yield
water-saving irrigation practices in non-flooded lands,10.1016/j.agwat.2018.08.035,0,"the literature was screened by the following criteria: 1) contained data for tomato yield and water and n inputs, 2) year and experimental site were provided and 3) temperature and rainfall during the growing season were documented. additionally (for pairewise comparision: data set contained at least two n inputs and/or two water inputs for the pairwise comparisons).",1,1,1,0,1,1,1,0,0,1,0,0,1,1,0.625,crop yield
water-saving irrigation practices in non-flooded lands,10.1016/j.agwat.2019.06.008,1,"publications which consist of field experiments or pot experiments with contrast of rdi and the control without water deficit (ck) were chosen. here, rdi technique mainly refers to that the plant sensitivity to water stress is not continuous at stages of crops growth period. in all situations, experiments with rdi were included.",1,1,1,0,1,1,1,0,0,1,0,1,1,0,0.6875,crop yield
water-saving irrigation practices in non-flooded lands,10.1016/j.agwat.2019.105906,1,"publications were screened on the basis of the following criteria: only publications describing field experiments with side-by-side comparisons of full/sufficient and deficit irrigation were selected and pot experiments were excluded. importantly, other inclusion criteria
included strict enforcement of full/sufficient irrigation and documentation of paired data of yield and wue of wheat under full/sufficient and deficit irrigation, together with standard deviation/error for wue and simple size. in this study, authors mainly focus on agronomic crop wue at field level, defined following viets (1962) as the ratio between yield (the economic output of crops) and evapotranspiration (et). observations of leaf or whole-plant level are not included.",1,1,1,0,1,1,1,1,1,1,1,1,1,1,0.9375,crop yield
water-saving irrigation practices in non-flooded lands,10.1016/j.agwat.2020.106119,1,"screening criteria: all data were from field experiments, so laboratory experiments, pot experiments, experiments under rain-proof shelter conditions, and model simulations were excluded; and data were required to include maize yield, seasonal water supply and wp in the maize growth period.",1,1,1,0,1,1,0,1,1,1,1,1,1,0,0.8125,crop yield
water-saving irrigation practices in non-flooded lands,10.1016/j.agwat.2021.106771,1,"(i) only publications describing experiments conducted in the field with side-by-side comparisons of full or di and apri were selected and pot or rain shelter were excluded. (ii) yield or wue data in apri and full or di treatments were reported. (iii) the primary data of yield or wue under apri and full or di must be comparable. (iv) the mean, sample size and a measure of dispersion (se or sd; not necessarily mandatory) as numerical or graphical data were reported, or sd of yield or wue could be calculated from the reported data for the three irrigation methods. when data were presented graphically, the figures were digitized to extract the numerical values using the get-data graph digitizer (ver. 2.22, russian federation). (v) more than two years of data were reported.",1,1,1,0,1,1,0,1,0,1,1,1,1,1,0.8125,crop yield
water-saving irrigation practices in non-flooded lands,10.1016/j.agwat.2021.106986,1,"our targeted articles must compare tww irrigation treatment with the control (conventional water irrigation) under the condition that other factors remained unchanged, regardless of whether the study was conducted over the whole growth stage or specific growth stages of a crop. second, to provide reference value for the application of tww in practical agricultural irrigation, only field studies were taken into consideration. third, in this paper, we collected studies in which the wastewater used for irrigation came from domestic sewage or food processing saline effluents due to the basically equivalent treatment processes of the two kinds of wastewater and because the content of heavy metals in these two kinds of wastewater is very small, making them easier and more likely to be reused in agriculture. in addition, they were characterized by high salinity after being treated; thus, their use has received considerable attention. the final screening criteria were the accessibility of the mean, standard deviation and replicate number for both the control and tww irrigation treatments in a data pair.",1,1,0,0,1,1,0,1,0,1,0,1,1,0,0.625,crop yield
water-saving irrigation practices in non-flooded lands,10.1016/j.agwat.2021.107027,1,"(1) the impact of deficit irrigation on seed cotton yield or wp (defined as yield/etc (fernández et al., 2020)) contained side-by-side comparisons of deficit irrigation and full irrigation in pot/rainproof or field experiments. what needed to point out was that the amount of deficit irrigation was less than the total water demand of cotton and full irrigation was 100% etc or reference evapotranspiration or pan evaporation or field water capacity or local irrigation practice or a given irrigation quota. (2) all target variables, i.e., mean, sample size (n) and standard error (se) or standard deviation (sd), were provided in graphs or tables. the calculation methods of sd were as follows: (a) if the paper provided data more than one year, sd was calculated (yu et al., 2020); otherwise, sd was assumed to be 0.1 of the mean of seed cotton yield/wp (tian et al., 2015); (b) if se rather than sd was given, sd was calculated as (jian et al., 2016). (3) the deficit stage could be any growth stage (seedling stage or bud stage or blooming or boll opening stage or any combination of growth stages). (4) the production was seed cotton yield instead of lint cotton yield.",1,1,0,0,1,1,1,1,1,1,1,1,1,1,0.875,crop yield
water-saving irrigation practices in non-flooded lands,10.1016/j.agwat.2021.107105,1,"(1) the unit of brackish or saline water was eci not salt content and the value of eci was identified. (2) the study used fresh water irrigation as a control, and at least one salinity treatment. all factors other than the salinity of irrigation were the same among treatments. (3) at least one of the variables (crop yield, wp or iwp) was measured. (4) the amount of salty water irrigation must be the same as that of fresh water irrigation. (5) papers reported original data (no reviews). (6) the experimental design was arranged in a randomized block design with at least two replicates. (7) yield was the total yield not remarkable yield. (8) wp was total yield divided by water consumption and iwp was total yield divided by water use. (9) means, sample size (n), standard deviations (sd) or standard error (se) were reported or could be calculated in graph or table. if data were only shown in graph or figure, they were extracted using the get-data graph digitizer software. if sd and se were not available from the paper, sd was estimated as 0.1 of the mean. (10) if one paper reported the same experiment setup at separate locations, they were considered as individual studies and collected into our dataset. (11) the study must contained side-by-side comparisons of brackish or saline water irrigation and fresh water irrigation.",1,1,0,0,1,1,1,1,1,1,1,1,1,1,0.875,crop yield
water-saving irrigation practices in non-flooded lands,10.1016/j.agwat.2021.107321,1,"publications were screened by the following criteria: 1) experiment site and year of study were clear; 2) experimental treatment included both di (experimental group) and full irrigation (control group) with the same irrigation management measures. 3) paired data of yield and wue of experimental and control groups were included, together with sample number and standard deviation; 4) temperature and rainfall during the growing season were documented; 5) pot experiments were excluded.",1,1,1,0,1,1,0,1,1,1,1,1,1,1,0.875,crop yield
water-saving irrigation practices in non-flooded lands,10.1016/j.agwat.2022.107645,1,"the following criteria were further used to screen these publications: 1) experiments were conducted in the open field and greenhouse (pot/rainproof experiments were excluded); 2) yield, iwp (yield/irrigation water applied) or wp (yield/crop evapotranspiration (et) or yield/total water applied by irrigation and rainfall)) data under subsurface drip irrigation (ssdi) and surface drip irrigation (sdi) must be paired; 3) the means, standard deviations (sd) and the number of replications (n) could be directly derived from the publication or could be calculated from the reported data.",1,1,1,1,1,1,1,1,1,1,0,1,1,1,0.9375,crop yield
water-saving irrigation practices in non-flooded lands,10.1016/j.agwat.2022.107746,0,"an article was selected when it meets the following selection criteria: (1) the results are from experiments on maize crop; (2) the article reports at least one of the three response variables (grain yield, actual crop evapotranspiration, and crop water productivity); (3) the article presents the standard deviations (sd) of the optimal irrigation (no stress) and di stress treatments, or the level of significance of the results, and the number of replicates. articles that reported data from pot experiments were excluded from this review.",1,1,1,1,1,1,1,1,1,1,1,1,1,1,0.9375,crop yield
water-saving irrigation practices in non-flooded lands,10.1016/j.jclepro.2017.06.085,0,"(1) comparisons between non-irrigation and irrigation practices; (2) at least one parameter of interest (grain yield, yield components, water productivity, and et) was reported; and (3) the experimental location was stated. studies that described only the relationship between irrigation and wheat yield without a non-irrigation practice, and those that did not provide clear descriptions of the experimental methods were rejected.",1,1,1,0,1,1,0,1,0,1,1,1,1,0,0.6875,crop yield
water-saving irrigation practices in non-flooded lands,10.1016/j.scitotenv.2020.140696,1,"1) only field experimental
 data were included and laboratory or pot experimental data and modeling results were not considered, 2) measurements obtained
 under green soybean crops were not considered, 3) n2o emissions and related input rates of n fertilizers and irrigation water were recorded over a whole growing season, 4) a few measurements 
that were only reported on an annual basis were excluded.",1,1,1,0,1,1,0,1,1,1,1,1,1,0,0.8125,crop yield
water-saving irrigation practices in non-flooded lands,10.1016/j.scitotenv.2022.160774,1,"data from these publications for present study were screened by the following criteria: 1) studies had to represent experiments in field and greenhouse (pot experiments and model simulations were excluded) worldwide containing side-by-side comparisons of rw and fw; 2) studies must report yield data and possess replications, as well as plots, should be randomized; 3) the farming practices of treatment groups and control groups had to be the same, except for water types; 4) literatures were not included in the meta-analysis when the tested crops were no edible values (yang et al., 2022); 5) if a study reported observations from different years in the same experiment, each year observation was also included as separate observations (van gronigen et al., 2013); 6) if the data of crop yield were only shown in graphs or figures, the data from graphs were obtained by software named getdata graph digitizer.",1,1,1,0,1,1,1,1,1,1,1,1,1,1,0.9375,crop yield
water-saving irrigation practices in non-flooded lands,10.1038/s41598-018-32964-4,1,"the data had to be generated from field experiments, rather than pot experiments, experiments under rain-proof shelters or model simulations; the details of experimental sites had to be provided; and maize yield and seasonal water supply had to be documented or calculated based on published data; only irrigated maize were considered.",1,1,1,0,1,1,1,0,1,1,1,1,1,0,0.8125,crop yield
water-saving irrigation practices in non-flooded lands,10.1038/s41598-021-01433-w,1,"should be an open-field or greenhouse plot study (pot studies were excluded), provided yield data for fi and dis; provided detailed information on irrigation criteria and di was given as a percentage of fi; provided information on soil texture of experimental site or percentage of sand, silt and clay particles in the soil; provided mean yield and sample size for individual irrigation levels.",1,1,0,0,1,1,0,1,0,1,0,1,1,1,0.6875,crop yield
water-saving irrigation practices in non-flooded lands,10.3390/agronomy12102305,1,"only field measurement data were included, without considering laboratory or pot experimental data and modeling results. the n2o fluxes were always measured by using manual static chambers, with three or more spatial replicates. the consecutive measurement period covered at least an experimental year.",1,1,0,0,1,1,1,1,0,1,0,1,1,0,0.6875,crop yield
water-saving irrigation practices in non-flooded lands,10.1016/j.atmosenv.2018.12.046,1,a study was excluded during the meta-analysis process that reported n2o uptake on an annual basis because the natural log could not be calculated.,1,1,1,0,1,1,1,1,1,1,0,0,1,0,0.75,ghg emissions
water-saving irrigation practices in non-flooded lands,10.1016/j.scitotenv.2020.140696,1,"1) only field experimental
 data were included and laboratory or pot experimental data and modeling results were not considered, 2) measurements obtained
 under green soybean crops were not considered, 3) n2o emissions and related input rates of n fertilizers and irrigation water were recorded over a whole growing season, 4) a few measurements 
that were only reported on an annual basis were excluded.",1,1,1,0,1,1,0,1,1,1,1,1,1,0,0.8125,ghg emissions
water-saving irrigation practices in non-flooded lands,10.1111/gcb.15636,1,"(a) the study was field based and n2 o emissions accumulated at least a crop season (paddy field, greenhouse and laboratory incubation experiments excluded), (b) the study was of replicated plot design with at least three replicates per treatment, (c) the study included a control treatment condition of no added fertilizer n, or (d) n 2 o emissions were reported for treatment of drip irrigation and at least one other irrigation system, or (e) treatments of n product type or rate of fertilizer addition in a drip-irrigated system.",1,1,1,1,1,1,1,1,1,1,1,1,1,1,1,ghg emissions
water-saving irrigation practices in non-flooded lands,10.3390/agronomy12102305,1,"only field measurement data were included, without considering laboratory or pot experimental data and modeling results. the n2o fluxes were always measured by using manual static chambers, with three or more spatial replicates. the consecutive measurement period covered at least an experimental year.",1,1,0,0,1,1,1,1,0,1,0,1,1,0,0.6875,ghg emissions
water-saving irrigation practices in non-flooded lands,10.1016/j.jclepro.2017.06.085,0,"(1) comparisons between non-irrigation and irrigation practices; (2) at least one parameter of interest (grain yield, yield components, water productivity, and et) was reported; and (3) the experimental location was stated. studies that described only the relationship between irrigation and wheat yield without a non-irrigation practice, and those that did not provide clear descriptions of the experimental methods were rejected.",1,1,1,0,1,1,0,1,0,1,1,1,1,0,0.6875,global warming potential (lca)
water-saving irrigation practices in non-flooded lands,10.1007/s11356-020-08322-1,1,"(1) studied nitrate leaching in vegetable fields rather than in soil columns or pot experiments; (2) carried out study for at least one growing season; and (3) measured nitrate leaching in terms of mass of n lost by suction cup, lysimeter, or soil sample methods.",1,1,0,0,1,1,0,1,0,1,1,1,1,0,0.6875,nutrient leaching and run-off
water-saving irrigation practices in non-flooded lands,10.1016/j.agee.2013.04.018,1,"(i) study of nl in an irrigated agricultural cropping system; (ii) study for at least one growing season; (iii) conducted under field conditions; (iv) nl was measured in terms of mass of n lost (i.e. no3-n concentration and the volume of water leached were both considered) studies that determined the risk of nl through soil or soil solution no3-n concentrations, were not considered as these might give a skewed view of nl. even if the study relied on computer modeling to simulate components of the water balance or solute transport, the studies were selected if data collected under field conditions were the major component of the results. for all studies, a general site and environment description was required to ensure proper location, soil and climate type and crop identification. articles were also discarded from the ma either because they did not follow an experimental design with a control (17 articles) or because mixed treatments impeded obtaining pair comparison observations (11).",1,1,1,1,1,1,0,0,0,1,0,1,1,0,0.6875,nutrient leaching and run-off
water-saving irrigation practices in non-flooded lands,10.1016/j.agwat.2018.08.035,0,"the literature was screened by the following criteria: 1) contained data for tomato yield and water and n inputs, 2) year and experimental site were provided and 3) temperature and rainfall during the growing season were documented. additionally (for pairewise comparision: data set contained at least two n inputs and/or two water inputs for the pairwise comparisons).",1,1,1,0,1,1,1,0,0,1,0,0,1,1,0.625,plant nutrient uptake
water-saving irrigation practices in non-flooded lands,10.1016/j.scitotenv.2020.140696,1,"1) only field experimental
 data were included and laboratory or pot experimental data and modeling results were not considered, 2) measurements obtained
 under green soybean crops were not considered, 3) n2o emissions and related input rates of n fertilizers and irrigation water were recorded over a whole growing season, 4) a few measurements 
that were only reported on an annual basis were excluded.",1,1,1,0,1,1,0,1,1,1,1,1,1,0,0.8125,plant nutrient uptake
water-saving irrigation practices in non-flooded lands,10.1016/j.agwat.2021.106986,1,"our targeted articles must compare tww irrigation treatment with the control (conventional water irrigation) under the condition that other factors remained unchanged, regardless of whether the study was conducted over the whole growth stage or specific growth stages of a crop. second, to provide reference value for the application of tww in practical agricultural irrigation, only field studies were taken into consideration. third, in this paper, we collected studies in which the wastewater used for irrigation came from domestic sewage or food processing saline effluents due to the basically equivalent treatment processes of the two kinds of wastewater and because the content of heavy metals in these two kinds of wastewater is very small, making them easier and more likely to be reused in agriculture. in addition, they were characterized by high salinity after being treated; thus, their use has received considerable attention. the final screening criteria were the accessibility of the mean, standard deviation and replicate number for both the control and tww irrigation treatments in a data pair.",1,1,0,0,1,1,0,1,0,1,0,1,1,0,0.625,soil physico-chemical quality
water-saving irrigation practices in non-flooded lands,10.1016/j.jclepro.2017.06.085,0,"(1) comparisons between non-irrigation and irrigation practices; (2) at least one parameter of interest (grain yield, yield components, water productivity, and et) was reported; and (3) the experimental location was stated. studies that described only the relationship between irrigation and wheat yield without a non-irrigation practice, and those that did not provide clear descriptions of the experimental methods were rejected.",1,1,1,0,1,1,0,1,0,1,1,1,1,0,0.6875,soil water retention
water-saving irrigation practices in non-flooded lands,10.1016/j.jclepro.2020.122307,1,"the review considered field experiments in china. selection criteria: 1) per unit area n leaching or n runoff from both traditional and optimal treatments were available; 2) available crop yield (y) of corresponding treatments from part 1 were available; and 3) there are no significant yield differences between the traditional and optimal treatments, or the yield in the optimal treatment was higher than that in the traditional treatment.",1,1,0,0,1,0,0,0,1,1,1,1,1,0,0.625,water footprint (lca)
water-saving irrigation practices in non-flooded lands,10.1007/s00271-008-0141-0,1,"first, experiments with potted plants or in controlled environments were excluded; these artificial conditions are known to generate a range of artifacts. second, field experiments with obvious confounded factors were excluded, e.g. partial root-zone drying and regular irrigation treatments using different irrigation equipment (spreer et al. 2007), shallow water tables (kang et al. 2002) or where high irrigation rates indicated that runoff was likely (gencoglan et al. 2006).",1,1,1,0,1,1,1,0,0,0,1,1,1,0,0.6875,water use
water-saving irrigation practices in non-flooded lands,10.1007/s11269-022-03278-y,1,"the literature includes those related to deficit irrigation on wheat and maize in field experiments published in china and abroad. selection criteria: (1) the location of the test site was clearly described and is located in china; (2) the test conditions were consistent (wheat is a field test, and maize includes canopy tests), and potted plants, mulching and model simulations were excluded; (4) the test data include at least one yield and wue value, the mean, standard deviation (error), and sample size (number of treatment replicates) and were reported in numeric form or in figures; and (5) literature with the same data were included only once.",1,1,0,0,1,0,1,1,0,1,0,1,1,1,0.6875,water use
water-saving irrigation practices in non-flooded lands,10.1016/j.agwat.2018.07.038,1,"two rounds of article screening were subsequently carried out. the ﬁrst screening excluded articles unrelated to ai of crops, e.g. dynamic changes in bubble profile under ai, water and air flow under ai, only ai application without information on crop yield and water use. the second screening excluded articles for which the authors were unable to obtain or calculate wue values, and relating soilless cultivation experiment. after the two rounds of article screening, 62 empirical studies focusing on crop yield and wue under ai remained. papers during the ﬁnal screening were then scrutinized and included if they met the following criteria: 1) the experimental design had to be detailed enough to determine all the critical aspects of the treatment, including aerated volume, aerated equipment, and irrigation levels; 2) included an experiment and control and ensured that the treatment was the same as the control in all aspects except for the inclusion of aerated irrigation; 3) used replicated samples for each treatment.",1,1,1,1,1,1,0,1,0,1,1,1,1,1,0.875,water use
water-saving irrigation practices in non-flooded lands,10.1016/j.agwat.2018.08.035,0,"the literature was screened by the following criteria: 1) contained data for tomato yield and water and n inputs, 2) year and experimental site were provided and 3) temperature and rainfall during the growing season were documented. additionally (for pairewise comparision: data set contained at least two n inputs and/or two water inputs for the pairwise comparisons).",1,1,1,0,1,1,1,0,0,1,0,0,1,1,0.625,water use
water-saving irrigation practices in non-flooded lands,10.1016/j.agwat.2019.06.008,1,"publications which consist of field experiments or pot experiments with contrast of rdi and the control without water deficit (ck) were chosen. here, rdi technique mainly refers to that the plant sensitivity to water stress is not continuous at stages of crops growth period. in all situations, experiments with rdi were included.",1,1,1,0,1,1,1,0,0,1,0,1,1,0,0.6875,water use
water-saving irrigation practices in non-flooded lands,10.1016/j.agwat.2019.105906,1,"publications were screened on the basis of the following criteria: only publications describing field experiments with side-by-side comparisons of full/sufficient and deficit irrigation were selected and pot experiments were excluded. importantly, other inclusion criteria
included strict enforcement of full/sufficient irrigation and documentation of paired data of yield and wue of wheat under full/sufficient and deficit irrigation, together with standard deviation/error for wue and simple size. in this study, authors mainly focus on agronomic crop wue at field level, defined following viets (1962) as the ratio between yield (the economic output of crops) and evapotranspiration (et). observations of leaf or whole-plant level are not included.",1,1,1,0,1,1,1,1,1,1,1,1,1,1,0.9375,water use
water-saving irrigation practices in non-flooded lands,10.1016/j.agwat.2020.106119,1,"screening criteria: all data were from field experiments, so laboratory experiments, pot experiments, experiments under rain-proof shelter conditions, and model simulations were excluded; and data were required to include maize yield, seasonal water supply and wp in the maize growth period.",1,1,1,0,1,1,0,1,1,1,1,1,1,0,0.8125,water use
water-saving irrigation practices in non-flooded lands,10.1016/j.agwat.2021.106771,1,"(i) only publications describing experiments conducted in the field with side-by-side comparisons of full or di and apri were selected and pot or rain shelter were excluded. (ii) yield or wue data in apri and full or di treatments were reported. (iii) the primary data of yield or wue under apri and full or di must be comparable. (iv) the mean, sample size and a measure of dispersion (se or sd; not necessarily mandatory) as numerical or graphical data were reported, or sd of yield or wue could be calculated from the reported data for the three irrigation methods. when data were presented graphically, the figures were digitized to extract the numerical values using the get-data graph digitizer (ver. 2.22, russian federation). (v) more than two years of data were reported.",1,1,1,0,1,1,0,1,0,1,1,1,1,1,0.8125,water use
water-saving irrigation practices in non-flooded lands,10.1016/j.agwat.2021.107027,1,"(1) the impact of deficit irrigation on seed cotton yield or wp (defined as yield/etc (fernández et al., 2020)) contained side-by-side comparisons of deficit irrigation and full irrigation in pot/rainproof or field experiments. what needed to point out was that the amount of deficit irrigation was less than the total water demand of cotton and full irrigation was 100% etc or reference evapotranspiration or pan evaporation or field water capacity or local irrigation practice or a given irrigation quota. (2) all target variables, i.e., mean, sample size (n) and standard error (se) or standard deviation (sd), were provided in graphs or tables. the calculation methods of sd were as follows: (a) if the paper provided data more than one year, sd was calculated (yu et al., 2020); otherwise, sd was assumed to be 0.1 of the mean of seed cotton yield/wp (tian et al., 2015); (b) if se rather than sd was given, sd was calculated as (jian et al., 2016). (3) the deficit stage could be any growth stage (seedling stage or bud stage or blooming or boll opening stage or any combination of growth stages). (4) the production was seed cotton yield instead of lint cotton yield.",1,1,0,0,1,1,1,1,1,1,1,1,1,1,0.875,water use
water-saving irrigation practices in non-flooded lands,10.1016/j.agwat.2021.107105,1,"(1) the unit of brackish or saline water was eci not salt content and the value of eci was identified. (2) the study used fresh water irrigation as a control, and at least one salinity treatment. all factors other than the salinity of irrigation were the same among treatments. (3) at least one of the variables (crop yield, wp or iwp) was measured. (4) the amount of salty water irrigation must be the same as that of fresh water irrigation. (5) papers reported original data (no reviews). (6) the experimental design was arranged in a randomized block design with at least two replicates. (7) yield was the total yield not remarkable yield. (8) wp was total yield divided by water consumption and iwp was total yield divided by water use. (9) means, sample size (n), standard deviations (sd) or standard error (se) were reported or could be calculated in graph or table. if data were only shown in graph or figure, they were extracted using the get-data graph digitizer software. if sd and se were not available from the paper, sd was estimated as 0.1 of the mean. (10) if one paper reported the same experiment setup at separate locations, they were considered as individual studies and collected into our dataset. (11) the study must contained side-by-side comparisons of brackish or saline water irrigation and fresh water irrigation.",1,1,0,0,1,1,1,1,1,1,1,1,1,1,0.875,water use
water-saving irrigation practices in non-flooded lands,10.1016/j.agwat.2021.107321,1,"publications were screened by the following criteria: 1) experiment site and year of study were clear; 2) experimental treatment included both di (experimental group) and full irrigation (control group) with the same irrigation management measures. 3) paired data of yield and wue of experimental and control groups were included, together with sample number and standard deviation; 4) temperature and rainfall during the growing season were documented; 5) pot experiments were excluded.",1,1,1,0,1,1,0,1,1,1,1,1,1,1,0.875,water use
water-saving irrigation practices in non-flooded lands,10.1016/j.agwat.2022.107645,1,"the following criteria were further used to screen these publications: 1) experiments were conducted in the open field and greenhouse (pot/rainproof experiments were excluded); 2) yield, iwp (yield/irrigation water applied) or wp (yield/crop evapotranspiration (et) or yield/total water applied by irrigation and rainfall)) data under subsurface drip irrigation (ssdi) and surface drip irrigation (sdi) must be paired; 3) the means, standard deviations (sd) and the number of replications (n) could be directly derived from the publication or could be calculated from the reported data.",1,1,1,1,1,1,1,1,1,1,0,1,1,1,0.9375,water use
water-saving irrigation practices in non-flooded lands,10.1016/j.agwat.2022.107746,0,"an article was selected when it meets the following selection criteria: (1) the results are from experiments on maize crop; (2) the article reports at least one of the three response variables (grain yield, actual crop evapotranspiration, and crop water productivity); (3) the article presents the standard deviations (sd) of the optimal irrigation (no stress) and di stress treatments, or the level of significance of the results, and the number of replicates. articles that reported data from pot experiments were excluded from this review.",1,1,1,1,1,1,1,1,1,1,1,1,1,1,0.9375,water use
water-saving irrigation practices in non-flooded lands,10.1016/j.jclepro.2017.06.085,0,"(1) comparisons between non-irrigation and irrigation practices; (2) at least one parameter of interest (grain yield, yield components, water productivity, and et) was reported; and (3) the experimental location was stated. studies that described only the relationship between irrigation and wheat yield without a non-irrigation practice, and those that did not provide clear descriptions of the experimental methods were rejected.",1,1,1,0,1,1,0,1,0,1,1,1,1,0,0.6875,water use
water-saving irrigation practices in non-flooded lands,10.1016/j.scitotenv.2020.140696,1,"1) only field experimental
 data were included and laboratory or pot experimental data and modeling results were not considered, 2) measurements obtained
 under green soybean crops were not considered, 3) n2o emissions and related input rates of n fertilizers and irrigation water were recorded over a whole growing season, 4) a few measurements 
that were only reported on an annual basis were excluded.",1,1,1,0,1,1,0,1,1,1,1,1,1,0,0.8125,water use
water-saving irrigation practices in non-flooded lands,10.1038/s41598-018-32964-4,1,"the data had to be generated from field experiments, rather than pot experiments, experiments under rain-proof shelters or model simulations; the details of experimental sites had to be provided; and maize yield and seasonal water supply had to be documented or calculated based on published data; only irrigated maize were considered.",1,1,1,0,1,1,1,0,1,1,1,1,1,0,0.8125,water use
water-saving irrigation practices in non-flooded lands,10.1038/s41598-021-01433-w,1,"should be an open-field or greenhouse plot study (pot studies were excluded), provided yield data for fi and dis; provided detailed information on irrigation criteria and di was given as a percentage of fi; provided information on soil texture of experimental site or percentage of sand, silt and clay particles in the soil; provided mean yield and sample size for individual irrigation levels.",1,1,0,0,1,1,0,1,0,1,0,1,1,1,0.6875,water use
wetland conservation and restoration,10.1007/s11273-014-9360-8,1,"1) relevant subject: community composition in any floodplain wetland. studies were included irrespective of habitat or spatial scale, except for experimental studies with a focus on micro scale processes; 2) types of intervention: human induced alteration of the natural flow regime, described in quantitative units; 3) types of comparator: undisturbed reference conditions in space or time (before-after or control- impact studies); 4) types of outcome: a quantitative comparison in terms of community composition (species richness, abundance or density).",1,1,1,0,1,1,1,1,0,1,1,1,1,1,0.875,biodiversity
wetland conservation and restoration,10.1007/s12237-019-00536-y,1,"1) the study evaluated a marsh or wetland restoration action (in 2014, we included the following restoration techniques: wetland creation, thin-layer sediment addition, marsh terracing, sediment and fresh-water diversions, canal backfilling, or other coastal marsh restoration methods; in 2017, only wetland creation and thin-layer sediment addition were included); 2) the restored marsh or wetland was located in the northern gulf of mexico; 3) in the same year, the author(s) measured at least one ecological parameter (e.g., soil, vegetation, fish, wildlife) in a restored marsh or wetland, and in one or more natural marshes that could serve as reference sites; 4) the restored site included one treatment over an ecologically relevant area (on the order of acres) and did not represent a small-scale experiment.",1,1,1,1,1,1,0,1,0,1,1,1,1,1,0.875,biodiversity
wetland conservation and restoration,10.1007/s12237-019-00630-1,1,the authors reviewed the papers identified during the literature searches for relevant data on nekton density of coastal habitats in the northern gom.,1,1,1,1,1,1,0,1,0,1,1,1,1,0,0.8125,biodiversity
wetland conservation and restoration,10.1016/j.aquabot.2012.06.003,1,"exclusion criteria: 1) were not primarily about wetland plants (e.g. were concerned with fish, invertebrates or waterbirds); 2) papers simply described the vegetation and did not explore a causal relationship; 3) their focus was a process like methane or co2 flux, heavy metal pollution, or wastewater treatment.",1,1,1,0,0,0,0,1,0,0,0,0,1,0,0.4375,biodiversity
wetland conservation and restoration,10.1016/j.biocon.2007.11.006,1,"1) the study has been made in europe; 2) the method of reed management used has been either harvesting, mowing, burning or grazing; 3) the study had an appropriate control (unmanaged stands); 4) impact of reedbed management on either plants, invertebrates and/or birds have been assessed; 5) responses to treatments in terms of means of the experimental (mannaged) and control (unmanaged) groups, corresponding standard deviations and sample sizes have been reported in numerical or graphical form in the article.",1,1,1,0,1,1,0,0,0,1,1,1,1,0,0.6875,biodiversity
wetland conservation and restoration,10.1111/1365-2664.12518,1,"1) studies of wetlands under natural hydrological regimes, planted with native species, and in which no allochthonous substrates were imported during the restoration or creation activities.; 2) articles must compare measurements of structural components and biogeochemical processes in restored or created and reference wetlands at a known age.",1,1,1,0,1,1,0,0,1,1,1,1,1,1,0.8125,biodiversity
wetland conservation and restoration,10.1111/gcb.15765,1,"1) published native faunal responses to spartina species invasions or removals (i.e., diversity, abundance, and fitness metrics; and 2) replicated studies with treatment and control, where mean values and statistical variations were presented and which statistically compared the responses of native faunal communities between the control and treatment (i.e., uninvaded vs. invaded; before- invasion vs. after- invasion; unremoved vs. removed; before- removal vs. after- removal) by field observations or experimental manipulations.",1,1,1,1,1,1,0,0,0,1,1,1,1,1,0.8125,biodiversity
wetland conservation and restoration,10.1111/rec.12435,1,"1) the paper report quantitative measures of one or more variables relating to the provision of one or more ecosystem services or to biodiversity, in the context of an assessment of the implementation of environmental flow releases; 2) studies that focused on frameworks, methodology, models, simulations, and scenario analysis, as well as on theoretical hydro-ecological responses were excluded.",1,1,1,0,1,1,0,0,0,1,1,1,1,0,0.6875,biodiversity
wetland conservation and restoration,10.1371/journal.pone.0093507,1,"1) studies had to focus on at least one estuarine, lacustrine, palustrine, or riverine wetland; as well as report the following information: 2) quantitative assessment of passive restoration (i.e. natural regeneration) or active restoration in terms of variables related to biodiversity and/or to the supply of one or more wetland es consistent with the framework of the millennium ecosystem assessment, according to which biodiversity underpins all es; 3) comparison of restored wetland with either degraded or natural wetland;
4) sample size of the reported data and at least a variance estimate of such data.",1,1,1,0,1,1,0,1,1,1,1,1,1,1,0.875,biodiversity
wetland conservation and restoration,10.1007/s12237-019-00536-y,1,"1) the study evaluated a marsh or wetland restoration action (in 2014, we included the following restoration techniques: wetland creation, thin-layer sediment addition, marsh terracing, sediment and fresh-water diversions, canal backfilling, or other coastal marsh restoration methods; in 2017, only wetland creation and thin-layer sediment addition were included); 2) the restored marsh or wetland was located in the northern gulf of mexico; 3) in the same year, the author(s) measured at least one ecological parameter (e.g., soil, vegetation, fish, wildlife) in a restored marsh or wetland, and in one or more natural marshes that could serve as reference sites; 4) the restored site included one treatment over an ecologically relevant area (on the order of acres) and did not represent a small-scale experiment.",1,1,1,1,1,1,0,1,0,1,1,1,1,1,0.875,carbon sequestration
wetland conservation and restoration,10.1007/s10530-021-02540-5,1,"1) papers that conducted pairwise comparisons between an invaded state and either an uninvaded control or a managed treatment (i.e., variables were measured with and without the invasive grasses)",1,1,1,1,1,1,1,1,1,1,1,1,1,0,0.9375,ghg emissions
wetland conservation and restoration,10.1111/gcb.14933,1,"1) the selected experiments were conducted in the field and included at least one type of natural wetland that was classified as natural coastal wetland, natural riparian wetland or natural peatland; 2) all converted land-use types were directly transformed from the natural wetlands, and land-use types that had undergone multiple land-use transitions, such as restored wetlands, were excluded; 3) the selected experiments were conducted at the same temporal and spatial scales in both the natural wetlands and converted land-use types ; 4) the selected studies provided data for at least one type of greenhouse gas flux.",1,1,1,0,1,0,0,1,1,1,1,0,1,0,0.6875,ghg emissions
wetland conservation and restoration,10.1002/aqc.889,1,"1) subject of control/eradication intervention: one or more of the following spartina species: s. alternifolia (smooth or ‘atlantic’ smooth cordgrass) +hybrids, s. anglica (common or ‘english’ cordgrass), s. densiflora (chilean cordgrass), s. patens (saltmeadow cordgrass), and s. x townsendii (townsend’s cordgrass); 2) interventions: one or more of the following control/eradication management interventions: hand pulling and manual excavation, mechanical excavation and dredging, mowing, crushing and mechanical smothering, covering or blanketing, flooding or draining, salinity adjustments and herbicide (aerial, boat or ground application methods) and any combination of the above methods; 3) outcome measure of the study: either a measure of change in cover, density, frequency, biomass or a measure of any plant characteristic (e.g. height of plant, leaf elongation); 4) types of study: any randomised block design, control trial, site comparison or before and after time series experiment was accepted through to the final review analysis.",1,1,0,1,1,1,0,0,0,1,1,1,1,1,0.75,pests and diseases
wetland conservation and restoration,10.1016/j.biocon.2007.11.006,1,"1) the study has been made in europe; 2) the method of reed management used has been either harvesting, mowing, burning or grazing; 3) the study had an appropriate control (unmanaged stands); 4) impact of reedbed management on either plants, invertebrates and/or birds have been assessed; 5) responses to treatments in terms of means of the experimental (mannaged) and control (unmanaged) groups, corresponding standard deviations and sample sizes have been reported in numerical or graphical form in the article.",1,1,1,0,1,1,0,0,0,1,1,1,1,0,0.6875,pests and diseases
wetland conservation and restoration,10.1371/journal.pone.0093507,1,"1) studies had to focus on at least one estuarine, lacustrine, palustrine, or riverine wetland; as well as report the following information: 2) quantitative assessment of passive restoration (i.e. natural regeneration) or active restoration in terms of variables related to biodiversity and/or to the supply of one or more wetland es consistent with the framework of the millennium ecosystem assessment, according to which biodiversity underpins all es; 3) comparison of restored wetland with either degraded or natural wetland;
4) sample size of the reported data and at least a variance estimate of such data.",1,1,1,0,1,1,0,1,1,1,1,1,1,1,0.875,pests and diseases
wetland conservation and restoration,10.1111/rec.12435,1,"1) the paper report quantitative measures of one or more variables relating to the provision of one or more ecosystem services or to biodiversity, in the context of an assessment of the implementation of environmental flow releases; 2) studies that focused on frameworks, methodology, models, simulations, and scenario analysis, as well as on theoretical hydro-ecological responses were excluded.",1,1,1,0,1,1,0,0,0,1,1,1,1,0,0.6875,soil erosion
wetland conservation and restoration,10.1007/s10530-021-02540-5,1,"1) papers that conducted pairwise comparisons between an invaded state and either an uninvaded control or a managed treatment (i.e., variables were measured with and without the invasive grasses)",1,1,1,1,1,1,1,1,1,1,1,1,1,0,0.9375,soil nutrients
wetland conservation and restoration,10.1007/s12237-019-00536-y,1,"1) the study evaluated a marsh or wetland restoration action (in 2014, we included the following restoration techniques: wetland creation, thin-layer sediment addition, marsh terracing, sediment and fresh-water diversions, canal backfilling, or other coastal marsh restoration methods; in 2017, only wetland creation and thin-layer sediment addition were included); 2) the restored marsh or wetland was located in the northern gulf of mexico; 3) in the same year, the author(s) measured at least one ecological parameter (e.g., soil, vegetation, fish, wildlife) in a restored marsh or wetland, and in one or more natural marshes that could serve as reference sites; 4) the restored site included one treatment over an ecologically relevant area (on the order of acres) and did not represent a small-scale experiment.",1,1,1,1,1,1,0,1,0,1,1,1,1,1,0.875,soil nutrients
wetland conservation and restoration,10.1007/s10530-021-02540-5,1,"1) papers that conducted pairwise comparisons between an invaded state and either an uninvaded control or a managed treatment (i.e., variables were measured with and without the invasive grasses)",1,1,1,1,1,1,1,1,1,1,1,1,1,0,0.9375,soil water retention
wetland conservation and restoration,10.1007/s13280-020-01345-5,1,"1) the inlet water had to originate from drainage systems transporting water from agricultural fields, and must not be mixed with water from other sources such as streams; 2) based on the köppen-geiger climate classification system, the sites had to be located in oceanic (cfb, cfc) or continental (dfa, dfb, dfc, dfd, dsc) climates, where the conditions for denitrification are often suboptimal. thus, climate zones with dry winters (letter w) were excluded; 3) the study had to be a field study with sites exposed to ambient temperature and with a surface area larger than 10 m2; 4) the study had to include a mass balance for either nitrate—n, total phosphorus (tp) or total suspended solids (tss) for at least one drainage season, whose length depended on the climate region.",1,1,1,1,1,1,1,1,1,1,1,1,1,1,1,water quality
wetland conservation and restoration,10.1111/rec.12435,1,"1) the paper report quantitative measures of one or more variables relating to the provision of one or more ecosystem services or to biodiversity, in the context of an assessment of the implementation of environmental flow releases; 2) studies that focused on frameworks, methodology, models, simulations, and scenario analysis, as well as on theoretical hydro-ecological responses were excluded.",1,1,1,0,1,1,0,0,0,1,1,1,1,0,0.6875,water quality
wetland conservation and restoration,10.1186/s13750-016-0060-0,1,"1) relevant study: secondary or tertiary treated domestic wastewater, urban storm water, stream/river water, freshwater aquaculture effluents, and runoff from agricultural fields were considered in the study. untreated wastewater was not considered since it is not permissible to discharge such water into the environment in most european countries. industrial or agricultural wastewater can vary considerably in composition, and was therefore also excluded. farmyard runoff was in most cases classified as agricultural wastewater, and thus excluded, since it is often mixed with untreated parlour washings and silage/farmyard manure effluents, among other things; 2) types of intervention: creation or restoration of wetlands; 3) the comparator has to be no intervention (inlet conditions
can serve as control); 4) types of outcome: included outcomes are mass removal of total nitrogen (tn) or total phosphorus (tp) from the water body per unit wetland area and year. removal efficiency of tn or tp (% of load); 5) to be included in the review, it is a prerequisite that the wetland is established in field conditions and exposed to the ambient climate. this means that laboratory and greenhouse studies were excluded and that each study must cover at least one complete annual cycle; 6) in order to reflect realistic conditions the wetland must be of a reasonable size. while typical microcosm studies were excluded, mesocosm studies were included since they potentially provide valuable information on the variability of the outcomes based on true replicates. a cut-off wetland size of 1 m2 was applied; 7) climate: studies conducted in snow climates, warm temperate climates, and equatorial climates with one dry season were included; 8) to be included the studies must have taken all removal processes into account.",1,1,1,1,1,1,1,0,1,1,1,1,1,1,0.9375,water quality
wetland management,10.1002/ecm.1221,1,"1) paper examined the effects of herbivores, omnivores, or predators (including parasitoids) on plants in observational studies and field or laboratory experiments (studies of omnivores or predators without examining their effects on plants or herbivory were excluded); 2) measured the effects of consumers on variables related to plant demography, growth, chemistry, or diversity;  3) reported mean values of the data with sample sizes and some measure of variance (e.g., standard deviations/errors) in both consumer present and absent treatments.",1,1,1,1,1,1,0,0,0,1,1,1,1,1,0.8125,biodiversity
wetland management,10.1111/1365-2664.12892,1,"1) studies must have measured an ecosystem property on a grazed and ungrazed area of salt marsh; 2) only ungulate grazers were considered. 3) both observational and experimental studies were included, as were those that replicated the effects of livestock by clipping or trampling.",1,1,1,1,1,1,1,1,1,1,1,1,1,1,1,biodiversity
wetland management,10.1016/j.soilbio.2021.108467,1,"1) only in situ n addition experiments were selected, the laboratory incubation studies were excluded; 2) soil ch4 flux was measured using the static chamber method and gas chromatography technique; 3) the measurement duration of soil-atmosphere interface ch4 flux should be at least one growing season or an entire year; 4) for studies involving factorial experiments, only data from control and solely n addition treatments were selected; 5) means, sample size and standard deviation (sd) of control and n treatments were reported or could be calculated from the information provided in the publication.",1,1,1,1,1,1,0,1,1,1,1,1,1,1,0.9375,carbon sequestration
wetland management,10.1111/1365-2664.12892,1,"1) studies must have measured an ecosystem property on a grazed and ungrazed area of salt marsh; 2) only ungulate grazers were considered. 3) both observational and experimental studies were included, as were those that replicated the effects of livestock by clipping or trampling.",1,1,1,1,1,1,1,1,1,1,1,1,1,1,1,carbon sequestration
wetland management,10.1016/j.ese.2020.100063,1,"1) the control experiment was defined by no nitrogen input or atmospheric nitrogen deposition; 2) non-repetitive experimental studies were excluded; 3) non-experimental studies (such as modeling, meta-analyses, and reviews) were excluded.",1,1,1,0,1,1,0,1,1,1,1,1,1,1,0.875,ghg emissions
wetland management,10.1016/j.soilbio.2021.108467,1,"1) only in situ n addition experiments were selected, the laboratory incubation studies were excluded; 2) soil ch4 flux was measured using the static chamber method and gas chromatography technique; 3) the measurement duration of soil-atmosphere interface ch4 flux should be at least one growing season or an entire year; 4) for studies involving factorial experiments, only data from control and solely n addition treatments were selected; 5) means, sample size and standard deviation (sd) of control and n treatments were reported or could be calculated from the information provided in the publication.",1,1,1,1,1,1,0,1,1,1,1,1,1,1,0.9375,ghg emissions
wetland management,10.1111/j.1461-0248.2009.01351.x,1,"1) the authors included studies in which control and treatment sites experienced same climatic, soil and vegetation conditions. therefore, some studies examining n enrichment effects along n deposition gradients were not included; 2) although n2o emission from leguminous crops may be considerable, the authors could not estimate n2o response ratio caused by biological n fixation because there is no non-n fixation control treatment. the application of organic n fertilizers, such as animal manures, also increases c supply. the effects of added c and n on ghg emissions could not be separated. therefore, those studies that examined organic fertilizers were excluded from this analysis; 3) publications which did not report experimental error were not included in the analysis. in total, six response variables, nee, ec, soc, ch4 emission, ch4 uptake and n2o emission, were included to characterize the effects of n addition on the ghg flux.",1,0,0,0,1,1,0,1,0,1,1,1,1,0,0.625,ghg emissions
wetland management,10.1111/gcb.13125,1,"1) measurements and data were only collected from field manipulative experiments of p addition that conducted in natural terrestrial ecosystems; 2) the examined variables were plant biomass production at the community level, plant n and p concentration, and soil n and p concentration; 3) when data from the same site were presented in multiple publications, a single measurement from the latest sample date was used to meet the statistical assumption of independence among observations.",1,1,0,0,1,1,0,1,0,1,1,1,1,0,0.6875,plant nutrient uptake
wetland management,10.1016/j.ese.2020.100063,1,"1) the control experiment was defined by no nitrogen input or atmospheric nitrogen deposition; 2) non-repetitive experimental studies were excluded; 3) non-experimental studies (such as modeling, meta-analyses, and reviews) were excluded.",1,1,1,0,1,1,0,1,1,1,1,1,1,1,0.875,soil biological quality
wetland management,10.1016/j.soilbio.2021.108467,1,"1) only in situ n addition experiments were selected, the laboratory incubation studies were excluded; 2) soil ch4 flux was measured using the static chamber method and gas chromatography technique; 3) the measurement duration of soil-atmosphere interface ch4 flux should be at least one growing season or an entire year; 4) for studies involving factorial experiments, only data from control and solely n addition treatments were selected; 5) means, sample size and standard deviation (sd) of control and n treatments were reported or could be calculated from the information provided in the publication.",1,1,1,1,1,1,0,1,1,1,1,1,1,1,0.9375,soil nutrients
intercropping,10.1016/j.soilbio.2021.108383,1,"(1) data should be available in the articles either in table or in graphical forms. in the case of graphics, the programme getdata graph digitizer (version 2.26 http://getdata-graph-digitizer.com/), was used to extract data from figures.
(2) nematode data should be a measurement of the abundance of nematode trophic groups, that is bacterial feeding (bf), fungal feeding (ff), omnivores and predators (op) and plant feeding nematodes (pf), and/or nematode diversity and/or nematode indices. diversity indices were taxonomic richness (s) and shannon diversity (h′). nematode indices were the maturity index (mi), plant-parasitic index (ppi), structure index (si), enrichment index (ei), and nematode channel ratio (ncr). studies had to report at least one of the abovementioned nematode parameters to be included in this synthesis.
(3) studies needed to evaluate the effect of the conversion of conventional agriculture to organic agriculture. conventional systems use pesticide, mineral fertilizers and tillage. organic agriculture does not use synthetic pesticide and mineral fertilizers. tillage is used for weed management.
(4) the samples should be collected from the topsoil layer (soil depth between 0 and 30 cm maximum).
(5) studies needed to report means (x ̅), standard deviations (sd) or standard errors (se) and sample size (n, number of true replications) of nematode variables in control and treatment groups. when sd, se or sample size were missing, articles were discarded as these data are required to compute the effect size. a total of 103 articles, i.e. 30% of articles, met these inclusion criteria and were used in the meta-analysis, corresponding to a total of 1338 unique observations (control + treatment, fig. 2).",1,1,1,1,1,1,1,1,0,1,1,1,1,1,0.9375,soil biological quality
pesticides ban,10.1016/j.soilbio.2021.108383,1,"(1) data should be available in the articles either in table or in graphical forms. in the case of graphics, the programme getdata graph digitizer (version 2.26 http://getdata-graph-digitizer.com/), was used to extract data from figures.
(2) nematode data should be a measurement of the abundance of nematode trophic groups, that is bacterial feeding (bf), fungal feeding (ff), omnivores and predators (op) and plant feeding nematodes (pf), and/or nematode diversity and/or nematode indices. diversity indices were taxonomic richness (s) and shannon diversity (h′). nematode indices were the maturity index (mi), plant-parasitic index (ppi), structure index (si), enrichment index (ei), and nematode channel ratio (ncr). studies had to report at least one of the abovementioned nematode parameters to be included in this synthesis.
(3) studies needed to evaluate the effect of the conversion of conventional agriculture to organic agriculture. conventional systems use pesticide, mineral fertilizers and tillage. organic agriculture does not use synthetic pesticide and mineral fertilizers. tillage is used for weed management.
(4) the samples should be collected from the topsoil layer (soil depth between 0 and 30 cm maximum).
(5) studies needed to report means (x ̅), standard deviations (sd) or standard errors (se) and sample size (n, number of true replications) of nematode variables in control and treatment groups. when sd, se or sample size were missing, articles were discarded as these data are required to compute the effect size. a total of 103 articles, i.e. 30% of articles, met these inclusion criteria and were used in the meta-analysis, corresponding to a total of 1338 unique observations (control + treatment, fig. 2).",1,1,1,1,1,1,1,1,0,1,1,1,1,1,0.9375,soil biological quality
organic fertilisation,10.1016/j.soilbio.2021.108383,1,"(1) data should be available in the articles either in table or in graphical forms. in the case of graphics, the programme getdata graph digitizer (version 2.26 http://getdata-graph-digitizer.com/), was used to extract data from figures.
(2) nematode data should be a measurement of the abundance of nematode trophic groups, that is bacterial feeding (bf), fungal feeding (ff), omnivores and predators (op) and plant feeding nematodes (pf), and/or nematode diversity and/or nematode indices. diversity indices were taxonomic richness (s) and shannon diversity (h′). nematode indices were the maturity index (mi), plant-parasitic index (ppi), structure index (si), enrichment index (ei), and nematode channel ratio (ncr). studies had to report at least one of the abovementioned nematode parameters to be included in this synthesis.
(3) studies needed to evaluate the effect of the conversion of conventional agriculture to organic agriculture. conventional systems use pesticide, mineral fertilizers and tillage. organic agriculture does not use synthetic pesticide and mineral fertilizers. tillage is used for weed management.
(4) the samples should be collected from the topsoil layer (soil depth between 0 and 30 cm maximum).
(5) studies needed to report means (x ̅), standard deviations (sd) or standard errors (se) and sample size (n, number of true replications) of nematode variables in control and treatment groups. when sd, se or sample size were missing, articles were discarded as these data are required to compute the effect size. a total of 103 articles, i.e. 30% of articles, met these inclusion criteria and were used in the meta-analysis, corresponding to a total of 1338 unique observations (control + treatment, fig. 2).",1,1,1,1,1,1,1,1,0,1,1,1,1,1,0.9375,soil biological quality
livestock feeding techniques,10.3168/jds.2012-5923,1,1) to include a control treatment group that did not receive monensin; 2) to be conducted in vivo using cattle; 3) to include measured ch4 production as an outcome.,1,1,0,1,1,1,1,1,1,1,1,1,1,1,93.75,animal production
livestock feeding techniques,10.1016/j.anifeedsci.2023.115806,1,"the population considered calves, heifers, steers, cows lactating and/or gestating cows and dairy calves. the intervention was represented by the inclusion of tannin in cattle diets. the comparator was considered as animals undergoing the same treatment with or without intervention. two previously trained reviewers independently assessed the publications by analyzing the title, abstract, and keywords of each
abstract. the inclusion criteria for research selection was: (1) it was primary study; (2) evaluate the effects of tannins in the feeding of cattle; and (3) evaluate at least one of the response variables (scfa, n-nh3, dmd or ch4). randomized and non-randomized studies were included. manuscripts",1,1,1,1,1,1,0,0,0,1,0,1,1,1,75,animal production
livestock feeding techniques,10.3389/fanim.2023.1214076,1,"to be included in the data set, the trials had to use diets formulated with the same levels of digestible lysine (diglys) and apparent metabolizable energy (ame) or nitrogen-corrected ame (amen) within each trial. trials were removed if the daily lys intake of the control broilers deviated by more than 20% from the recommended lys intake, which is derived from hauschild et al. (2015). only trials using fast-growing strains (ross 308 or cobb 500) were considered, and the bird performance in the control treatment was required to be at least 90% of the genetic potential of the breeder’s guidelines. in addition, feed composition, experimental conditions (bird variety, sex, age, ambient temperature, etc.), and growth performance had to be detailed.",1,1,0,1,1,1,0,0,0,0,0,1,1,0,56.25,animal production
livestock feeding techniques,10.3389/fanim.2023.1214076,1,"to be included in the data set, the trials had to use diets formulated with the same levels of digestible lysine (diglys) and apparent metabolizable energy (ame) or nitrogen-corrected ame (amen) within each trial. trials were removed if the daily lys intake of the control broilers deviated by more than 20% from the recommended lys intake, which is derived from hauschild et al. (2015). only trials using fast-growing strains (ross 308 or cobb 500) were considered, and the bird performance in the control treatment was required to be at least 90% of the genetic potential of the breeder’s guidelines. in addition, feed composition, experimental conditions (bird variety, sex, age, ambient temperature, etc.), and growth performance had to be detailed.",1,1,0,1,1,1,0,0,0,0,0,1,1,0,56.25,nutrient excretion
conservation agriculture systems,10.1111/gcb.15001,1,"(a) experiments of no-till lasting more than 5 years, which were used to reduce the instabilities at the beginning of the experiment; (b) the duration of conventional tillage and no-till were the same; (c) measured thick- ness of soil layers was not less than 30 cm; and (d) reduced tillage and minimum tillage practices were excluded and only continuous no-till (i.e. complete absence of tillage) was selected.",1,1,1,1,1,1,0,1,1,1,1,1,1,0,0.875,crop yield
conservation agriculture systems,10.1038/s43016-020-0114-x,1,"studies from the retrieved publications were screened and had to meet the following defined basic selection criteria to be included in the meta-analysis. first, studies report crop yields from field experiments in which a ct treatment is compared with a (partial) ca treatment using statistical methods. second, the effect of no- or reduced tillage must be tested with the ca treatment. third, the experiments must be conducted under rain-fed field conditions in a specified location in sub-saharan africa. fourth, the mean, sample size and standard deviation of crop yields must be directly reported as numerical or graphical data or can be calculated from the reported data. standard deviations were calculated from standard errors, coefficients of variation, 95% ci or least significant differences in cases where they were not reported in the papers. for some observations, the least significant difference was estimated as the smallest difference between the mean values of treatments that were still significant. data from the same study that were reported in more than one publication were not repeated to avoid double counting; instead, the data from the most recent publication were used. observations were excluded from the analysis when only average crop yields over seasons or sites were presented. if more than one form of tillage was assessed in a study, we selected the ct treatment that represented the greatest soil disturbance. studies were rejected if crop management practices other than those related to the three ca principles (rt, m and ir) differed between ca and ct treatments, with the exception of weed management. tillage in ct systems helps with the control of weeds, and its absence in ca systems often implies the use of herbicides and/or additional mechanical weeding. in total, 87 publications were selected, giving 992 ca-to-ct yield comparisons.",1,1,1,0,1,1,1,1,1,1,1,1,1,1,0.9375,crop yield
conservation agriculture systems,10.1038/s41893-020-0500-2,1,"1. field experiments with side-by-side comparisons of ca and ct practices

2. ca practices falling within the three options described in table 1

3. studies conducted in the same location and same soil type with the same crop management practices in ca and ct options

4. studies that used the same methods of measurements in ct and ca options

5. studies that reported yield data",1,1,1,0,1,1,1,0,0,1,1,1,1,1,0.8125,crop yield
conservation agriculture systems,10.1038/s41893-020-0500-2,1,"1. field experiments with side-by-side comparisons of ca and ct practices

2. ca practices falling within the three options described in table 1

3. studies conducted in the same location and same soil type with the same crop management practices in ca and ct options

4. studies that used the same methods of measurements in ct and ca options

5. studies that reported yield data",1,1,1,0,1,1,1,0,0,1,1,1,1,1,0.8125,water use
conservation agriculture systems,10.1038/s41893-020-0500-2,1,"1. field experiments with side-by-side comparisons of ca and ct practices

2. ca practices falling within the three options described in table 1

3. studies conducted in the same location and same soil type with the same crop management practices in ca and ct options

4. studies that used the same methods of measurements in ct and ca options

5. studies that reported yield data",1,1,1,0,1,1,1,0,0,1,1,1,1,1,0.8125,ghg emissions
conservation agriculture systems,10.1038/s41893-020-0500-2,1,"1. field experiments with side-by-side comparisons of ca and ct practices

2. ca practices falling within the three options described in table 1

3. studies conducted in the same location and same soil type with the same crop management practices in ca and ct options

4. studies that used the same methods of measurements in ct and ca options

5. studies that reported yield data",1,1,1,0,1,1,1,0,0,1,1,1,1,1,0.8125,global warming potential (lca)
conservation agriculture systems,10.1038/nature13809,1,"this search produced a total of 2,471 publications, which were screened on the basis of the following criteria: (1) studies had to represent field experiments containing side-by-side comparisons of no-till and conventional tillage practices; (2) no-till treatments consisted of zero tillage immediately before crop establishment for a given growing season (that is, reduced tillage treatments such as strip-tillage were rejected); (3) crop yields were reported; (4) location of the experiment was stated; (5) management information regarding at least one other conservation agriculture principle was available (that is, residue management or crop rotation); and (6) confounding effects between treatments were absent (that is, differences in residue management, seeding rates, fertilizer rates, etc. were determined to be negligible). conference proceedings and non-english language publications were excluded. studies were rejected if it was unclear from reading the experimental methods whether factors other than tillage differed between treatments with the exception of herbicides (the absence of tillage as a weed control strategy generally requires changes in herbicide management under no-till). owing to the large size of the database, particular attention was given to avoiding data duplication (for example, when different studies reported the same data). thus, if it was unclear whether a publication contained duplicate data, it was rejected.",1,1,1,0,1,1,0,1,1,1,1,1,1,0,0.8125,crop yield
conservation agriculture systems,10.1016/j.jenvman.2020.110773,0,"(1) studies had to be field experiments containing side-by-side comparisons of no-till (zero tillage or/and minimum/reduced tillage) and conventional tillage practices; (2) c-sequestration, ghg emission, water use, costs and returns were reported; (3) the location of the experiment was stated. the database was further screened and finalized using the criteria of lundy et al. (2015): (1) studies for which crop rotation information was available; (2) duration of the experiment was reported; (3) information on crop residue management practices was stated (retention of >30% of crop residue/soil cover).",1,1,0,0,1,1,0,1,0,0,0,1,0,0,0.4375,carbon sequestration
conservation agriculture systems,10.1016/j.jenvman.2020.110773,0,"(1) studies had to be field experiments containing side-by-side comparisons of no-till (zero tillage or/and minimum/reduced tillage) and conventional tillage practices; (2) c-sequestration, ghg emission, water use, costs and returns were reported; (3) the location of the experiment was stated. the database was further screened and finalized using the criteria of lundy et al. (2015): (1) studies for which crop rotation information was available; (2) duration of the experiment was reported; (3) information on crop residue management practices was stated (retention of >30% of crop residue/soil cover).",1,1,0,0,1,1,0,1,0,0,0,1,0,0,0.4375,water use
conservation agriculture systems,10.1016/j.agee.2016.01.005,1,"in general only papers that included information on soil c stocks (as opposed to soil c concentration) were selected, though in some cases soc stock could be calculated from the published data on soc concentration and soil bulk density. in a few cases, where an experiment had continued for at least 5 years but the authors only quoted soc concentrations, an assumed bulk density value (based on published bulk density data for similar soils in the region) was used to estimate stock.",1,0,0,0,1,0,0,0,0,0,0,1,1,0,0.375,carbon sequestration
agroforestry practices and systems,10.1111/j.1523-1739.2009.01350.x,0,"the authors selected only articles that compared bird richness or abundance between natural habitats and plantations with different structural complexity. of the 60 publications considered, 38 were conducted in tropical and subtropical broadleaved forests and 14 were carried out in temperate broadleaf and mixed forests. three studies were conducted in mediterranean environments.",1,1,1,1,1,1,1,0,0,0,0,0,1,0,56.25,biodiversity
agroforestry practices and systems,10.1016/j.agee.2012.12.010,0,"data collection was limited to experimental plots that included exclusively an unimproved herbaceous layer (i.e. unfertilized, nonirrigated, not sown with genetically improved varieties) to avoid possible confounding effects of agricultural inputs with that of tree environment. data collection was restricted to results in which means, variance (standard deviation, standard error, or confidence intervals), and sample size (i.e. total number of repetitions) were reported directly as numerical or graphical data in the paper, or were made available to us through personal communication with the authors. data were considered only if pasture yield estimates for a specific year was available together with precipitation (mm) for the same year.",1,1,1,0,1,1,0,1,0,1,0,1,1,1,68.75,grassland production
agroforestry practices and systems,10.1016/j.baae.2015.08.006,1,"papers that presented data on any of the following variables were considered: (1) pest abundance, (2) proportion of plant damage due to pests and diseases, (3) abundance of natural enemies, (4) diversity of natural enemies, (5) proportion of pests predated or parasitized and (6) weed abundance. a study had to fulfil the following criteria: (1) the study was conducted at the plot, field or farm scale, (2) a measure of pest control was reported for both a control treatment (i.e. the crop grown without the agro-forestry intervention or under low levels of shade) and for one or more treatments subjected to either agroforestry interventions, or higher shade levels, and (3) the same crop was grown in both treatment and control.",1,1,1,0,1,1,0,0,0,1,1,1,1,1,75,pests and diseases
agroforestry practices and systems,10.1016/j.agee.2016.06.002,1,"the systematic literature mapping sought to include all scientific publications that provide quantitative data comparing agroforestry with an alternative land use system in a european study area and using indicators that assess biodiversity and ecosystem services. 53 articles selected (31 silvopastoral, 13 silvoarable, 7 mixed).",1,1,1,1,1,1,0,0,0,1,1,1,1,1,81.25,biodiversity
agroforestry practices and systems,10.1016/j.agee.2016.06.002,1,"the systematic literature mapping sought to include all scientific publications that provide quantitative data comparing agroforestry with an alternative land use system in a european study area and using indicators that assess biodiversity and ecosystem services. 53 articles selected (31 silvopastoral, 13 silvoarable, 7 mixed).",1,1,1,1,1,1,0,0,0,1,1,1,1,1,81.25,grassland production
agroforestry practices and systems,10.1016/j.agee.2016.06.002,1,"the systematic literature mapping sought to include all scientific publications that provide quantitative data comparing agroforestry with an alternative land use system in a european study area and using indicators that assess biodiversity and ecosystem services. 53 articles selected (31 silvopastoral, 13 silvoarable, 7 mixed).",1,1,1,1,1,1,0,0,0,1,1,1,1,1,81.25,farming system productivity
agroforestry practices and systems,10.1016/j.agee.2016.06.002,1,"the systematic literature mapping sought to include all scientific publications that provide quantitative data comparing agroforestry with an alternative land use system in a european study area and using indicators that assess biodiversity and ecosystem services. 53 articles selected (31 silvopastoral, 13 silvoarable, 7 mixed).",1,1,1,1,1,1,0,0,0,1,1,1,1,1,81.25,soil nutrients
agroforestry practices and systems,10.1016/j.agee.2016.04.011,1,"studies that reported annual biomass increments (above-ground, below-ground or total biomass), soil c sequestration rate or annual ch4 and n2o emissions in field measurements, or provided enough information from which annual sequestration rates and emission rates of non-co2 greenhouse gases could be estimated through unit conversions and/or extrapolation of given data.",1,1,1,0,1,1,1,0,1,1,1,0,1,0,75,carbon sequestration
agroforestry practices and systems,10.1016/j.agee.2016.04.011,1,"studies that reported annual biomass increments (above-ground, below-ground or total biomass), soil c sequestration rate or annual ch4 and n2o emissions in field measurements, or provided enough information from which annual sequestration rates and emission rates of non-co2 greenhouse gases could be estimated through unit conversions and/or extrapolation of given data.",1,1,1,0,1,1,1,0,1,1,1,0,1,0,75,ghg emissions
agroforestry practices and systems,10.1016/j.agee.2016.04.011,1,"studies that reported annual biomass increments (above-ground, below-ground or total biomass), soil c sequestration rate or annual ch4 and n2o emissions in field measurements, or provided enough information from which annual sequestration rates and emission rates of non-co2 greenhouse gases could be estimated through unit conversions and/or extrapolation of given data.",1,1,1,0,1,1,1,0,1,1,1,0,1,0,75,soil nutrients
agroforestry practices and systems,10.1016/j.agee.2016.04.011,1,"studies that reported annual biomass increments (above-ground, below-ground or total biomass), soil c sequestration rate or annual ch4 and n2o emissions in field measurements, or provided enough information from which annual sequestration rates and emission rates of non-co2 greenhouse gases could be estimated through unit conversions and/or extrapolation of given data.",1,1,1,0,1,1,1,0,1,1,1,0,1,0,75,soil physico-chemical quality
agroforestry practices and systems,10.1016/j.agsy.2016.06.007,1,"first, candidate papers were selected on title and abstract, meeting following conditions: i) data from areas with temperate climate, ii) actual field data are used (modelling studies are excluded), iii) true controls are present allowing yield comparison with and without tree-influence, iv) yield data are linked to the distance from the trees and v) interaction with arable crops, not with pasture. we focused on arable crops because we expect the effect of trees to be better measurable in crops compared to pasture. when necessary, the authors were contacted and asked to provide more information on the experimental setup or data statistics.",1,1,0,0,1,1,0,1,0,0,0,0,1,0,50,crop yield
agroforestry practices and systems,10.1016/j.agee.2017.04.015,1,"the selection criteria for the studies included in the meta-analysis were based on title and abstract retention, reference checking, and author searching. specific studies were chosen for various analyses related to natural pest control, carbon stock, and nutrient interception.",1,1,1,0,1,1,0,1,1,1,1,0,1,0,75,carbon sequestration
agroforestry practices and systems,10.1016/j.agee.2017.04.015,1,"the selection criteria for the studies included in the meta-analysis were based on title and abstract retention, reference checking, and author searching. specific studies were chosen for various analyses related to natural pest control, carbon stock, and nutrient interception.",1,1,1,0,1,1,0,1,1,1,1,0,1,0,75,crop yield
agroforestry practices and systems,10.1016/j.agee.2017.04.015,1,"the selection criteria for the studies included in the meta-analysis were based on title and abstract retention, reference checking, and author searching. specific studies were chosen for various analyses related to natural pest control, carbon stock, and nutrient interception.",1,1,1,0,1,1,0,1,1,1,1,0,1,0,75,nutrient leaching and run-off
agroforestry practices and systems,10.1016/j.agee.2017.04.015,1,"the selection criteria for the studies included in the meta-analysis were based on title and abstract retention, reference checking, and author searching. specific studies were chosen for various analyses related to natural pest control, carbon stock, and nutrient interception.",1,1,1,0,1,1,0,1,1,1,1,0,1,0,75,pests and diseases
agroforestry practices and systems,10.1016/j.agee.2017.04.015,1,"the selection criteria for the studies included in the meta-analysis were based on title and abstract retention, reference checking, and author searching. specific studies were chosen for various analyses related to natural pest control, carbon stock, and nutrient interception.",1,1,1,0,1,1,0,1,1,1,1,0,1,0,75,soil erosion
agroforestry practices and systems,10.1002/ldr.3136,1,"studies included field data, and each study site had an agroforestry system and adjacent cropland or pasture control plots. modeling studies and reviews were excluded.",1,1,0,1,1,1,1,1,0,1,1,1,1,0,81.25,carbon sequestration
agroforestry practices and systems,10.1016/j.agee.2017.11.032,1,1)above ground carbon sequestration per year (mg c ha−1yr−1) or total carbon storage per hectare (mg c ha−1) before and after implementation of the agroforestry system; 2) soil carbon sequestration per year (mg c ha−1yr−1) or total carbon storage per hectare (mg c ha−1) before and after implementation of the agroforestry system (covering soil carbon only and not tree roots); 3) land use before and after the implementation of the agroforestry system; 4) time since implementation of the agroforestry system (age of the agroforestry system in number of years); 5) climate; 6) country. selected papers: 40 for above-ground carbon + 46 for soil carbon,1,1,1,0,1,1,0,0,1,1,0,0,1,0,62.5,carbon sequestration
agroforestry practices and systems,10.1016/j.jaridenv.2017.11.017,0,"papers were rejected because they did not address a biodiversity issue or did not take place in the terrestrial ecosystem of the mediterranean basin. among the studies reviewed, some were excluded from the systematic review, due to their lacking information necessary for the analysis (e.g., sample size, mean or standard deviation of species richness). all studies included in the review used quantitative methods in their analyses. if a study considered more than one taxon, more than one parameter (e.g., diversity and abundance), or more than one measure of comparison, we treated them as independent studies, resulting in the inclusion of 154 papers.",1,1,1,1,1,1,1,1,0,1,1,1,0,0,75,biodiversity
agroforestry practices and systems,10.1016/j.scitotenv.2018.01.104,1,"1)studies had to report at least one of variables including soil initial infiltration rate and steady infiltration rate before and after land use change; 2) means and sample sizes had to be reported; 3) any studies lacking replication was not considered; 4) land use change could be represented by two different land use types, as long as they locate in adjacent sites.",1,1,1,1,1,1,0,1,0,1,1,1,1,1,87.5,carbon sequestration
agroforestry practices and systems,10.1016/j.scitotenv.2018.01.104,1,"1)studies had to report at least one of variables including soil initial infiltration rate and steady infiltration rate before and after land use change; 2) means and sample sizes had to be reported; 3) any studies lacking replication was not considered; 4) land use change could be represented by two different land use types, as long as they locate in adjacent sites.",1,1,1,1,1,1,0,1,0,1,1,1,1,1,87.5,soil physico-chemical quality
agroforestry practices and systems,10.1016/j.agee.2018.07.014,1,only those reports that included data on soil c stocks were included. soil c concentration or stock per unit land area (mg c ha−1 or equivalent). paired sites were chosen for further analysis.,1,1,1,1,1,1,1,1,1,1,1,1,1,1,100,carbon sequestration
agroforestry practices and systems,10.1007/s10457-017-0147-9,0,"to be included, studies had to contain information about soil c concentration or stocks per unit land area (i.e. mg of c/ ha or in other appropriate equivalent), for both non-agroforestry and agroforestry land uses.",1,1,0,0,1,1,1,1,0,1,1,1,0,0,62.5,carbon sequestration
agroforestry practices and systems,10.1088/1748-9326/aaeb5f,1,"the selection criteria for studies included in the meta-analysis were: estimation of soil organic carbon (soc) stocks or necessary data to calculate them, biomass carbon stocks, previous land use, measurement depth, time frame of land use change, and location or climate data of study sites.",1,1,1,0,1,0,0,0,1,1,1,0,1,0,62.5,carbon sequestration
agroforestry practices and systems,10.1111/1365-2664.12943,1,"the selection criteria for the studies included in the meta-analysis were:

studies must evaluate the roles of scattered trees in both natural and disturbed environments.

studies should use the same sampling method for treatments being compared.

only studies reporting abundance or species richness of individual species or groups were included.",1,1,0,0,1,1,1,0,0,1,1,0,1,1,68.75,biodiversity
agroforestry practices and systems,10.1016/j.agsy.2019.102676,1,"1. a measure of abundance or activity density of invertebrate herbivores/pests, natural enemies or pollinators, and/or a measure of conservation biological control of animal pests and/or pollination were recorded; 2. studies were undertaken in a temperate region, defined as latitude> 40° north or south; 3. a silvoarable system, for this purpose defined as trees or shrubs incorporated into an arable field, was compared with an arable control, with the respective arable components comprising annual crops. to minimise the risk of publication bias, we sourced both peer-reviewed and non-peer-reviewed literature, including theses and reports.",1,1,1,1,1,1,1,1,1,1,1,1,1,1,100,pollination
agroforestry practices and systems,10.1016/j.agsy.2019.102676,1,"1. a measure of abundance or activity density of invertebrate herbivores/pests, natural enemies or pollinators, and/or a measure of conservation biological control of animal pests and/or pollination were recorded; 2. studies were undertaken in a temperate region, defined as latitude> 40° north or south; 3. a silvoarable system, for this purpose defined as trees or shrubs incorporated into an arable field, was compared with an arable control, with the respective arable components comprising annual crops. to minimise the risk of publication bias, we sourced both peer-reviewed and non-peer-reviewed literature, including theses and reports.",1,1,1,1,1,1,1,1,1,1,1,1,1,1,100,pests and diseases
agroforestry practices and systems,10.1371/journal.pone.0215702,1,"the selection criteria for the studies included in the meta-analysis were:

no-till: included if experiments had a no-till treatment compared to conventional or reduced tillage.

cover crop: included if there was a control with no cover crop present.

crop rotation: included if there was a control of continuous cropping with at least one additional crop in rotation.",1,1,1,1,1,1,0,1,1,1,1,1,1,1,93.75,soil physico-chemical quality
agroforestry practices and systems,10.1007/s10457-020-00494-6,1,"the selection criteria for the studies included in the meta-analysis were:

studies must report productivity data of forages or livestock in silvopastures and open pastures.

studies must report productivity data of trees in silvopastures or conventional silvicultural systems.

excluded studies did not include appropriate control comparisons or were from tropical regions.",1,1,1,1,1,0,0,0,0,0,1,0,0,0,50,farming system productivity
agroforestry practices and systems,10.1007/s11104-019-04377-3,1,"the authors selected studies based on six indicators related to erosion and nutrient loss reduction in agroforestry. they included literature published in english over the past 40 years, focusing on the reduction of fertilizer and pesticide loss, and extracted critical data from 83 case studies across 33 countries.",1,1,0,0,1,1,0,0,1,0,0,0,1,0,43.75,carbon sequestration
agroforestry practices and systems,10.1007/s11104-019-04377-3,1,"the authors selected studies based on six indicators related to erosion and nutrient loss reduction in agroforestry. they included literature published in english over the past 40 years, focusing on the reduction of fertilizer and pesticide loss, and extracted critical data from 83 case studies across 33 countries.",1,1,0,0,1,1,0,0,1,0,0,0,1,0,43.75,nutrient leaching and run-off
agroforestry practices and systems,10.1007/s11104-019-04377-3,1,"the authors selected studies based on six indicators related to erosion and nutrient loss reduction in agroforestry. they included literature published in english over the past 40 years, focusing on the reduction of fertilizer and pesticide loss, and extracted critical data from 83 case studies across 33 countries.",1,1,0,0,1,1,0,0,1,0,0,0,1,0,43.75,soil erosion
agroforestry practices and systems,10.1111/geb.13145,1,"the selection criteria for studies included in the meta-analysis were: (a) field data reporting carbon stocks in agroforestry systems (afs) with adjacent cropland or pasture as control; (b) afs must be tree-based; and (c) carbon stock data must be extractable from the text, tables, or figures.",1,1,1,1,1,1,0,1,1,1,1,1,1,1,93.75,carbon sequestration
agroforestry practices and systems,10.3733/ca.2020a0015,0,"the selection criteria for studies included in the meta-analysis were:

soil observations across at least three sites for composite metric-management pairs.

two sites for composite plant metrics to include compost amendments.

inclusion of all management practices regardless of literature support, with qualitative descriptions for limited evidence.",0,0,0,0,1,1,0,0,0,1,0,0,1,0,25,carbon sequestration
agroforestry practices and systems,10.3733/ca.2020a0015,0,"the selection criteria for studies included in the meta-analysis were:

soil observations across at least three sites for composite metric-management pairs.

two sites for composite plant metrics to include compost amendments.

inclusion of all management practices regardless of literature support, with qualitative descriptions for limited evidence.",0,0,0,0,1,1,0,0,0,1,0,0,1,0,25,soil biological quality
agroforestry practices and systems,10.3733/ca.2020a0015,0,"the selection criteria for studies included in the meta-analysis were:

soil observations across at least three sites for composite metric-management pairs.

two sites for composite plant metrics to include compost amendments.

inclusion of all management practices regardless of literature support, with qualitative descriptions for limited evidence.",0,0,0,0,1,1,0,0,0,1,0,0,1,0,25,soil nutrients
agroforestry practices and systems,10.3733/ca.2020a0015,0,"the selection criteria for studies included in the meta-analysis were:

soil observations across at least three sites for composite metric-management pairs.

two sites for composite plant metrics to include compost amendments.

inclusion of all management practices regardless of literature support, with qualitative descriptions for limited evidence.",0,0,0,0,1,1,0,0,0,1,0,0,1,0,25,soil physico-chemical quality
agroforestry practices and systems,10.3733/ca.2020a0015,0,"the selection criteria for studies included in the meta-analysis were:

soil observations across at least three sites for composite metric-management pairs.

two sites for composite plant metrics to include compost amendments.

inclusion of all management practices regardless of literature support, with qualitative descriptions for limited evidence.",0,0,0,0,1,1,0,0,0,1,0,0,1,0,25,soil water retention
agroforestry practices and systems,10.1016/j.agee.2021.107437,1,"the selection criteria for the studies included in the meta-analysis were: (1) addressing agroforestry practices, (2) publication of data, and (3) publication after the year 2000.",1,1,1,1,1,1,0,0,1,0,1,0,1,0,68.75,carbon sequestration
agroforestry practices and systems,10.1186/s12862-021-01911-9,1,"the selection criteria for studies included in the meta-analysis were:

studies must quantify biodiversity in agroforestry.

references from reviewed studies were verified for inclusion.

extractable measures of species richness or other biodiversity metrics were required.

full texts were sought online; authors were contacted if necessary.",1,1,1,1,1,1,1,1,1,1,1,1,1,1,100,biodiversity
agroforestry practices and systems,10.3389/fsufs.2021.606631,1,"the selection criteria for studies included in the meta-analysis were:

studies must contain primary data on crop yields in european agroforestry.

inclusion of a tree-free control or observation plots far from trees.

studies must report yields from control sites to ensure valid comparisons.",1,1,1,1,1,1,1,1,1,0,1,1,1,0,87.5,crop yield
agroforestry practices and systems,10.3389/fsufs.2021.606631,1,"the selection criteria for studies included in the meta-analysis were:

studies must contain primary data on crop yields in european agroforestry.

inclusion of a tree-free control or observation plots far from trees.

studies must report yields from control sites to ensure valid comparisons.",1,1,1,1,1,1,1,1,1,0,1,1,1,0,87.5,grassland production
agroforestry practices and systems,10.1016/j.agee.2021.107689,1,"several identified studies and observations had to be excluded from the meta-analysis due to e.g., duplicated sites, changes in land use or stock of trees or lack of comparable control sites. the control types diachronic, where the control is sampled on the same plot before establishment of the afs, and synchronic, where the control is a treeless neighbouring plot with similar land use and management as in the agroforestry alleys, were both included in the data set. the meta-analysis was restricted to temperate climate zones according to the köppen-geiger climate classification. as typical afs systems in temperate zones, silvopastoral systems, alley cropping, hedgerows and shelterbelts were identified. silvopasture integrates trees in animal production systems, such as cattle grazing on pasture under widely spaced or scattered trees. alley cropping uses both slow- and fast-growing woody species grown in crop fields with close in-row spacing and wider between-row spacing to allow mechanization. here, trees may be pruned to reduce shading of the crops. single rows of trees or shrubs planted at the edges of the fields are defined as shelterbelts or hedgerows.",1,1,1,0,1,1,0,0,1,0,1,1,1,0,62.5,carbon sequestration
agroforestry practices and systems,10.1016/j.iswcr.2021.08.001,0,not clearly defined.,1,1,0,0,1,1,0,0,1,1,0,0,1,0,43.75,soil erosion
agroforestry practices and systems,10.3389/fenvs.2022.949185,0,"the selection criteria for the studies included in the meta-analysis were:

grass performance data collected in the same calendar year or continuous year.

studies conducted in the field with natural tree shade.

assessment of grass responses under two contrasting seasons and multiple levels of tree cover.

exclusion of studies reporting data for only one season or one level of tree cover.",1,1,1,1,1,1,1,0,0,0,1,0,1,1,68.75,grassland production
agroforestry practices and systems,10.3390/su14031296,1,"the selection criteria for the meta-analysis included:

studies must report soil organic carbon (soc) or soil organic matter (som).

exclusion of studies comparing agroforestry sites established from natural forests to agricultural fields without trees.

focus on studies where trees were introduced into agricultural fields.

exclusion of manuscripts reporting total carbon instead of soc.",1,1,1,1,1,1,0,0,1,0,1,1,1,0,75,carbon sequestration
agroforestry practices and systems,10.1007/s13593-023-00927-3,1,"the selection criteria for the meta-analysis included:

yield data per unit area of annual crops in both sole cropping and agroforestry systems.

information on experiment design and data replication.

data variance information.

geographic area within mediterranean climatic zones.

consistent agronomic practices between systems.

exclusion of studies from controlled environments and those presenting only modeled results or reviews.",1,1,1,1,1,1,1,1,1,1,1,1,1,1,100,crop yield
agroforestry practices and systems,10.1007/s13593-023-00927-3,1,"the selection criteria for the meta-analysis included:

yield data per unit area of annual crops in both sole cropping and agroforestry systems.

information on experiment design and data replication.

data variance information.

geographic area within mediterranean climatic zones.

consistent agronomic practices between systems.

exclusion of studies from controlled environments and those presenting only modeled results or reviews.",1,1,1,1,1,1,1,1,1,1,1,1,1,1,100,grassland production
agroforestry practices and systems,10.1016/j.agsy.2023.103705,1,"the selection criteria for the studies included in the meta-analysis were:

published in peer-reviewed journals with clear methodology and funding.

field experiments comparing tci systems to sole cropping systems in china.

inclusion of crop yield data for both tci and sole cropping systems.",1,1,1,0,1,1,0,1,1,1,1,1,1,1,87.5,crop yield
agroforestry practices and systems,10.1016/j.ecoser.2023.101537,1,"the selection criteria for studies included in the meta-analysis by iano et al. (2018) were:

reports on soil organic carbon comparing agroforestry (af) systems to non-agroforestry land.

information on land use prior to af system adoption.

detailed experimental data (location, age, soil depth, climate).

if soil carbon data was not directly reported, it was estimated using bulk density and soil depth.",1,0,0,0,1,1,0,0,0,1,0,1,1,1,56.25,carbon sequestration
agroforestry practices and systems,10.1016/j.scitotenv.2023.164094,1,"the selection criteria for studies included in the meta-analysis were based on pre-defined inclusion criteria from zumsteg et al. (2012) and bilotta et al. (2014). all life cycle impact categories were of interest, focusing on agroforestry-related data and excluding non-agroforestry activities.",1,1,1,1,0,0,0,0,0,0,1,0,1,0,50,global warming potential (lca)
agroforestry practices and systems,10.3389/fsufs.2023.1167686,1,"the selection criteria for studies included in the meta-analysis were:

growth experiments under field conditions.

reported maize yields in weight per unit area from both agroforestry and valid control settings.

agroforestry component must consist of living trees or woody plants.

valid control settings had no trees or intercrops and received the same agronomic treatment.

exclusions included studies lacking a tree-free control, using different agricultural procedures, or involving livestock.",1,1,1,1,1,1,0,0,0,1,1,1,1,0,75,crop yield
agroforestry practices and systems,10.1007/s11104-023-06385-w,0,"the selection criteria for the meta-analysis included: (a) studies with both control (monoculture) and treatment (agroforestry) plots; (b) observations in tropical, temperate, or mediterranean environments; (c) provision of additional information like replication and soil layer; (d) direct reporting of means, sample sizes, and standard deviations or errors.",1,1,0,1,1,1,0,1,0,1,1,0,1,0,62.5,carbon sequestration
agroforestry practices and systems,10.1007/s11104-023-06385-w,0,"the selection criteria for the meta-analysis included: (a) studies with both control (monoculture) and treatment (agroforestry) plots; (b) observations in tropical, temperate, or mediterranean environments; (c) provision of additional information like replication and soil layer; (d) direct reporting of means, sample sizes, and standard deviations or errors.",1,1,0,1,1,1,0,1,0,1,1,0,1,0,62.5,soil biological quality
agroforestry practices and systems,10.1007/s11104-023-06385-w,0,"the selection criteria for the meta-analysis included: (a) studies with both control (monoculture) and treatment (agroforestry) plots; (b) observations in tropical, temperate, or mediterranean environments; (c) provision of additional information like replication and soil layer; (d) direct reporting of means, sample sizes, and standard deviations or errors.",1,1,0,1,1,1,0,1,0,1,1,0,1,0,62.5,soil erosion
agroforestry practices and systems,10.1007/s11104-023-06385-w,0,"the selection criteria for the meta-analysis included: (a) studies with both control (monoculture) and treatment (agroforestry) plots; (b) observations in tropical, temperate, or mediterranean environments; (c) provision of additional information like replication and soil layer; (d) direct reporting of means, sample sizes, and standard deviations or errors.",1,1,0,1,1,1,0,1,0,1,1,0,1,0,62.5,soil nutrients
agroforestry practices and systems,10.1007/s11104-023-06385-w,0,"the selection criteria for the meta-analysis included: (a) studies with both control (monoculture) and treatment (agroforestry) plots; (b) observations in tropical, temperate, or mediterranean environments; (c) provision of additional information like replication and soil layer; (d) direct reporting of means, sample sizes, and standard deviations or errors.",1,1,0,1,1,1,0,1,0,1,1,0,1,0,62.5,soil physico-chemical quality
agroforestry practices and systems,10.1007/s11104-023-06385-w,0,"the selection criteria for the meta-analysis included: (a) studies with both control (monoculture) and treatment (agroforestry) plots; (b) observations in tropical, temperate, or mediterranean environments; (c) provision of additional information like replication and soil layer; (d) direct reporting of means, sample sizes, and standard deviations or errors.",1,1,0,1,1,1,0,1,0,1,1,0,1,0,62.5,soil water retention
agroforestry practices and systems,10.1111/gcb.17036,1,"the selection criteria for studies included in the meta-analysis were: geographical scope (latin america, mountain ecosystems), study type (only field studies), and methodological procedures (relevant comparisons of biodiversity or ecosystem functions in agroforestry systems relative to similar land uses without trees).",1,1,1,1,1,1,0,1,0,1,1,1,1,1,87.5,carbon sequestration
agroforestry practices and systems,10.1111/gcb.17036,1,"the selection criteria for studies included in the meta-analysis were: geographical scope (latin america, mountain ecosystems), study type (only field studies), and methodological procedures (relevant comparisons of biodiversity or ecosystem functions in agroforestry systems relative to similar land uses without trees).",1,1,1,1,1,1,0,1,0,1,1,1,1,1,87.5,grassland production
agroforestry practices and systems,10.1111/gcb.17036,1,"the selection criteria for studies included in the meta-analysis were: geographical scope (latin america, mountain ecosystems), study type (only field studies), and methodological procedures (relevant comparisons of biodiversity or ecosystem functions in agroforestry systems relative to similar land uses without trees).",1,1,1,1,1,1,0,1,0,1,1,1,1,1,87.5,crop yield
agroforestry practices and systems,10.1111/gcb.17036,1,"the selection criteria for studies included in the meta-analysis were: geographical scope (latin america, mountain ecosystems), study type (only field studies), and methodological procedures (relevant comparisons of biodiversity or ecosystem functions in agroforestry systems relative to similar land uses without trees).",1,1,1,1,1,1,0,1,0,1,1,1,1,1,87.5,soil biological quality
agroforestry practices and systems,10.1111/gcb.17036,1,"the selection criteria for studies included in the meta-analysis were: geographical scope (latin america, mountain ecosystems), study type (only field studies), and methodological procedures (relevant comparisons of biodiversity or ecosystem functions in agroforestry systems relative to similar land uses without trees).",1,1,1,1,1,1,0,1,0,1,1,1,1,1,87.5,soil erosion
agroforestry practices and systems,10.1111/gcb.17036,1,"the selection criteria for studies included in the meta-analysis were: geographical scope (latin america, mountain ecosystems), study type (only field studies), and methodological procedures (relevant comparisons of biodiversity or ecosystem functions in agroforestry systems relative to similar land uses without trees).",1,1,1,1,1,1,0,1,0,1,1,1,1,1,87.5,soil nutrients
agroforestry practices and systems,10.2134/jeq2006.0462,1,"the selection criteria for studies included in the meta-analysis were based on buffer width categories (0–25 m, 26–50 m, and >50 m), vegetation cover type (forest, wetland, etc.), and hydrologic flow conditions (surface vs. subsurface).",1,1,0,0,1,1,0,0,1,1,1,0,1,0,62.5,water quality
agroforestry practices and systems,10.1111/j.1461-0248.2011.01642.x,1,"1) a sample size consisting of at least ﬁve unique ""landscapes"", in which a landscape comprises a ﬁeld and the area surrounding it, separated by a minimum distance of 1 km from anyother ﬁeld in the study; 2) quantitative measurements of landscape complexity using gis or other spatial techniques at ≥ 500 m around the farm; 3) statistics reported as the univariate relationship between landscape complexity and arthropod response or the partial contribution of landscape complexity among other factors.",1,1,1,0,1,1,0,1,0,1,1,1,1,1,75,pests and diseases
agroforestry practices and systems,10.1016/j.scitotenv.2018.07.124,0,"1) the article contained at least one runoff or soil loss response variable; 2) each data point was collected during at least a full year, or the reported data could be extrapolated to represent a full year with a sufﬁcient degree of reliability; 3) the same response variables were compared between lands treated with soil conservation techniques (scts), hereafter called treated, and those not treated with scts (hereafter called control); 4) the treated lands and control lands were exposed to the same environmental conditions; 5) the number of replications was reported; 6) the groups of categories contained more than two data pairs; 7) only runoff and soil loss measurements from bound runoff plots equipped with tanks for collecting runoff and soil loss were used to reduce the inﬂuence of measurement uncertainties, and only plots with a minimum length of 5 m were retained because they were considered to be representative.",1,1,0,0,1,1,0,1,0,1,1,1,1,0,62.5,soil erosion
agroforestry practices and systems,10.1002/ldr.3258,1,"1) the experiments or observations were conducted under field conditions (i.e., no laboratory or greenhouse experiments); 2) the article contained at least one minimum soil disturbance practices as response variables and conventional tillage as a control; 3) the article
contained at least one response variable of runoff or sediment generation; 4) the minimum soil disturbance lands and control lands for each independently published research were under the same topography and environmental conditions; 5) the article reported the
number of replications.",1,1,0,0,1,1,1,0,1,1,1,1,1,1,81.25,soil erosion
agroforestry practices and systems,10.1007/s11356-020-08988-7,1,"1) at least one plant hedgerow was used to control agricultural agricultural non-point source pollution (npsp); 2) the same response variables were compared between the treatments with or without plant hedgerows (control); 3) the treatment with plant hedgerows and the control were performed under the same environmental conditions; 4) the number of replicates was reported; 5) if the data were repeatedly stated, only one of the values was selected; 6) data on soil organic matter (som), total n (tn), total p (tp), total k (tk), alkali n (an), available p (ap), and readily available k (ak) were available for the treatments with or without plant hedgerows.",1,1,0,1,1,1,1,1,0,1,1,1,1,0,81.25,carbon sequestration
agroforestry practices and systems,10.1007/s11356-020-08988-7,1,"1) at least one plant hedgerow was used to control agricultural agricultural non-point source pollution (npsp); 2) the same response variables were compared between the treatments with or without plant hedgerows (control); 3) the treatment with plant hedgerows and the control were performed under the same environmental conditions; 4) the number of replicates was reported; 5) if the data were repeatedly stated, only one of the values was selected; 6) data on soil organic matter (som), total n (tn), total p (tp), total k (tk), alkali n (an), available p (ap), and readily available k (ak) were available for the treatments with or without plant hedgerows.",1,1,0,1,1,1,1,1,0,1,1,1,1,0,81.25,soil nutrients
agroforestry practices and systems,10.1111/ele.13576,1,1) pollination and/or pest control services in crops were measured in both crop fields adjacent to floral plantings and control fields without planting; 2) the replication at the field level was ≥ six fields per study (three fields with plantings and three without; i.e. disqualifying small-scaled plot treatment comparisons within fields).,1,1,0,0,1,1,0,0,1,1,0,1,1,0,62.5,pests and diseases
agroforestry practices and systems,10.1111/ele.13576,1,1) pollination and/or pest control services in crops were measured in both crop fields adjacent to floral plantings and control fields without planting; 2) the replication at the field level was ≥ six fields per study (three fields with plantings and three without; i.e. disqualifying small-scaled plot treatment comparisons within fields).,1,1,0,0,1,1,0,0,1,1,0,1,1,0,66.66666667,pollination
agroforestry practices and systems,10.1007/s10113-021-01798-8,1,"1) report soc contents or stocks in hedgerow soils 2) studies with a paired-plot design, in which adjacent agricultural fields were sampled as a control 3) original studies with measured data; model studies were not considered 4) the control plot had to have a comparable soil type, especially a comparable texture, with that of the hedgerow plot 5) studies analysing other types of field margins, e.g. windbreaks. consisting of one tree line and no shrubs or field margins with mainly herbaceous vegetation, were excluded 6) the analysis was restricted to the temperate climate zone with a mean annual temperature of between 0 and 18 °c, according to the ipcc definition of temperate climate.",1,1,1,1,1,1,1,1,1,1,1,1,1,1,100,carbon sequestration
