fpid,doi,impact_matrix,factor1_title,factor1_direction,factor2_title,factor2_direction,factor3_title,factor3_direction,factor4_title,factor4_direction,factor5_title,factor5_direction,factor6_title,factor6_direction,factor7_title,factor7_direction,factor8_title,factor8_direction
Cover and catch crops,10.1002/ael2.20022,Pests and diseases,Time after cover crop,"Measurements taken before cash-crop planting showed a 74% (CI: 51–85%) reduction in WBIO, compared with only 44% (CI: 12–64%) in measurements taken after planting (p < .01).",Type of weed,"Winter annual weeds showed the largest reductions (65%; CI: 27–83%), followed by summer annuals (47%; CI: 10–68%), with perennial weeds being unaffected by CCs.",Cover crop biomass production,"Weed suppression was significantly affected by cover crop biomass for both weed biomass (p = .03) and weed density (p < .01). An estimated 5 Mg ha−1 of CCBIO at termination reduced WBIO by 75% for grass CCs, but only 40% for other CCs.",NA,NA,NA,NA,NA,NA,NA,NA,NA,NA
Soil amendment with lime and gypsum,10.1002/agj2.20125,Crop yield,Al saturation,Higher yield gain in case of high Al saturation,Water deficiency,High yield gain in case of water deficiency,Crop species,Higher yield gain for cereals than for soybean,NA,NA,NA,NA,NA,NA,NA,NA,NA,NA
Wetland conservation and restoration,10.1002/aqc.889,Pests and diseases,NA,NA,NA,NA,NA,NA,NA,NA,NA,NA,NA,NA,NA,NA,NA,NA
Crop residue management,10.1002/clen.202000386,Soil biological quality,NA,NA,NA,NA,NA,NA,NA,NA,NA,NA,NA,NA,NA,NA,NA,NA
Intercropping; Leguminous crops,10.1002/eap.1629,Crop yield,Crop type,"Authors observed a significant yield increase for all crops tested in three or more studies, with the exception of sorghum. The highest increase was recorded for corn and legumes.",Crop/cultivar combinations,Mixtures with more cultivars (i.e. higher than three) and those with more functional trait diversity showed higher relative yields. Planned mixtures based on both disease and physical characteristics were significantly better than those mixtures based on either a physical or a disease basis alone,Soil organic matter,"Auhtors found a negative correlation between soil organic mater and RY, suggesting that, in environments where nutrient supply from organic matter mineralization may be more limited, mixtures resulted in greater yield benefits.",Soil pH,"Soil pH levels that were below crop-optimum levels positively affected RY, while soils with pH levels above crop optima substantially reduced the RY of mixtures",Fertiliser application,RY was greater in studies where no fertilizers were applied,Disease severity,"Generally, mixtures in environments with high disease pressure had greater RY compared to those grown under conditions with little or no disease pressure. This effect was also detected when considering mixtures intentionally constructed based on both physical and disease characteristics, but not for those based on only disease characteristics.",Latitude,"Those studies conducted closer to the equator in the tropical region had significantly higher RYs than those studies conducted in the temperate region, which constituted the vast majority of observations. Latitude as a continuous variable follows the trend suggested by the climate zones with a weak, but significant, negative relationship with RY.",NA,NA
Leguminous crops; Crop rotation,10.1002/eap.1648,Carbon sequestration,Crop type,"The negative effect of legume grains on SOC concentrations was mediated by the species of cereal grain in the control rotation: Cereal + legume grain rotations, when compared to either a Maize monoculture or to a wheat monoculture, did not differ significantly in their SOC concentrations. Compared to grain only rotations that included multiple species of cereal grains (“miscellaneous”), incorporating legume grains into rotations decreased SOC concentrations by 7.5%; The negative effect of legume grains on SOC concentrations was mediated by the species of cereal grain in the control rotation: Cereal + legume grain rotations, when compared to either a corn monoculture or to a wheat monoculture, did not differ significantly in their SOC concentrations. Compared to grain only rotations that included multiple species of cereal grains (“miscellaneous”), incorporating legume grains into rotations decreased SOC concentrations by 7.5%",N application rate,Cereal + legume grain rotations decreased SOC compared to cereal rotations more under high N fertilizer rates (>75 kg N ha-1 y-1) than under low N fertilizer rates (<75 kg N ha-1 y-1),Elevation,At higher elevations incorporating legume grains into a cereal grain rotation had less of a negative effect on SOC concentrations,Latitude,Further from the equator incorporating legume grains into a cereal grain rotation had less of a negative effect on SOC concentrations,Site-level SOC concentration,"At higher site-level SOC concentrations, incorporating legume grains into a cereal grain rotation had less of a negative effect on SOC concentrations",NA,NA,NA,NA,NA,NA
Cover and catch crops,10.1002/eap.2278,Carbon sequestration,Growing window,"Cover crop planting and termination date, i.e., growing window, was the most significant predictor of SOC response across all the individual moderators (P = 0.003). Continuous cover and autumn planted and terminated cover crops exhibited the highest influence on SOC response (36% and 27%, respectively) relative to overwintering (8%) and summer cover crops (7%).",Cover crop biomass production,"SOC response under high cover crop biomass production (>7 Mg·ha−1·yr−1) was 30%, which was almost 20% greater than low (12%) or moderate (11%) cover crop biomass production.",Rotation type,Perennial crop rotations (35% increase in SOC) had 27% and 23% higher SOC response to cover cropping relative to both continuous annual and multi-crop annual systems,Tillage,"Systems managed with no-till had higher mean percent change than conventional tillage (16% vs. 9%, respectively), but there were no differences between no-till and reduced tillage or conventional tillage and reduced tillage",Soil texture,Higher clay content soils (≥20% clay) demonstrated greater SOC response relative to lower (<20%) clay content soils (P = 0.009,Pedo-climatic zone,Temperate cool climates exhibited between 10% and 21% lower mean SOC percent change relative to both levels of subtropical climate,NA,NA,NA,NA
Peatland conservation and restoration,10.1002/ece3.2469,GHG emissions,Fen vs. Bog,"Drainage reduced CH4 emissions from the fen ecosystems by more than that from bog ecosystems, and a t-test showed a significant difference (t = 2.46, p < .015) between fens and bogs.",NA,NA,NA,NA,NA,NA,NA,NA,NA,NA,NA,NA,NA,NA
Grazing management,10.1002/ece3.3287,Biodiversity,NA,NA,NA,NA,NA,NA,NA,NA,NA,NA,NA,NA,NA,NA,NA,NA
Wetland management,10.1002/ecm.1221,Biodiversity,NA,NA,NA,NA,NA,NA,NA,NA,NA,NA,NA,NA,NA,NA,NA,NA
Grazing management,10.1002/eco.1934,Soil physico-chemical quality,Mean annual precipitation,Infiltration was negatively related to mean annual precipitation.,Mean annual precipitation/mean annual potential evapotranspiration,Infiltration was negatively related to the ratio mean annual precipitation (PPT) / mean annual evapotranspiration potential (PET).,Soil texture,Infiltration effect size had a significant logarithmic relation with percentage of sand.,NA,NA,NA,NA,NA,NA,NA,NA,NA,NA
Grassland management,10.1002/ecy.2905,Grassland production,NA,NA,NA,NA,NA,NA,NA,NA,NA,NA,NA,NA,NA,NA,NA,NA
Intercropping,10.1002/evl3.206,Pests and diseases,Crop/cultivar combinations,Genetic diversity reduced parasitism more when cultivars were mixed unevenly,Crop type,The negative effect of genetic diversity on parasitism was stronger for cereal crops (Poaceae) than for noncereal crops,NA,NA,NA,NA,NA,NA,NA,NA,NA,NA,NA,NA
Mulching,10.1002/jsfa.11248,Crop yield,NA,NA,NA,NA,NA,NA,NA,NA,NA,NA,NA,NA,NA,NA,NA,NA
Mulching,10.1002/jsfa.11248,Water use,NA,NA,NA,NA,NA,NA,NA,NA,NA,NA,NA,NA,NA,NA,NA,NA
Agroforestry practices and systems,10.1002/ldr.3136,Carbon sequestration,age of agroforest,Level of increase of soil carbon depends on tree ages (level of increase higher with younger trees) and on soil depth (level of increase higher in the uppermost 60-80cm).,Soil type,"The increases of soil C stocks in AF compared with controls were influenced by complex interactions among these factors: soil properties (texture, pH, and P and N content), climate (temperature and precipitation), and vegetation (tree density and cover percentage).",pedo-climate,"The increases of soil C stocks in AF compared with controls were influenced by complex interactions among these factors: soil properties (texture, pH, and P and N content), climate (temperature and precipitation), and vegetation (tree density and cover percentage).",tree-density,"The increases of soil C stocks in AF compared with controls were influenced by complex interactions among these factors: soil properties (texture, pH, and P and N content), climate (temperature and precipitation), and vegetation (tree density and cover percentage).",NA,NA,NA,NA,NA,NA,NA,NA
Agroforestry practices and systems; Landscape features,10.1002/ldr.3258,Soil erosion,NA,NA,NA,NA,NA,NA,NA,NA,NA,NA,NA,NA,NA,NA,NA,NA
Landscape features,10.1002/ldr.3424,Carbon sequestration,NA,NA,NA,NA,NA,NA,NA,NA,NA,NA,NA,NA,NA,NA,NA,NA
Landscape features,10.1002/ldr.3424,Crop yield,NA,NA,NA,NA,NA,NA,NA,NA,NA,NA,NA,NA,NA,NA,NA,NA
Landscape features,10.1002/ldr.3424,Soil erosion,NA,NA,NA,NA,NA,NA,NA,NA,NA,NA,NA,NA,NA,NA,NA,NA
No tillage and reduced tillage,10.1002/ldr.3470,Carbon sequestration,Time,Stronger effect with time,Soil depth,Stronger effect at 0-10cm,NA,NA,NA,NA,NA,NA,NA,NA,NA,NA,NA,NA
No tillage and reduced tillage,10.1002/ldr.3470,Soil physico-chemical quality,Time,Stronger effect with time,NA,NA,NA,NA,NA,NA,NA,NA,NA,NA,NA,NA,NA,NA
No tillage and reduced tillage,10.1002/ldr.3470,Soil water retention,NA,NA,NA,NA,NA,NA,NA,NA,NA,NA,NA,NA,NA,NA,NA,NA
Crop residue management,10.1002/ldr.3492,Carbon sequestration,Crop type,"There was a highly significant increase in SOC under rice paddy due to RR by 16.5% (P < .05), compared with other crops. Significant increase by 57.2% in active organic carbon under maize than that under rice or wheat (P < .05).",Crop rotation,Positive impact on SOC and active organic carbon decreased when RR was combined with crop rotation.,Mineral N fertiliser amount applied,"Within medium nitrogen fertilisation input (150–250 kg N ha−1), RR increased more SOC and active organic carbon compared with other nitrogen fertilisation inputs levels.",Duration of treatment,"Over the long term >10 years), RR increased SOC and active organic carbon.",Sampling depth,"In comparison with deeper than 20-cm soil depth, relatively higher increments in SOC and active organic carbon by RR were observed at 0- to 20-cm soil depth.",Proportion of residues retained,"Compared with 100% in rate of RR, reducing the amount of RR (retained parts of residues) could enhance the effects of RR to increase active organic carbon. However, lower SOC was observed under reduced amount of RR as compared with 100% amount of RR.","Soil chemical, biological, and physical quality","The increase in SOC may primarily be attributed to increases in the active C pool, especially for particulate organic carbon (r = .88, P < .05) and microbial biomass carbon (r = .60, P < .05). In addition, alleviation in soil compaction and increased soil available nitrogen also enhanced SOC under RR. Among the SOC fractions, active organic carbon was positively related to microbial biomass carbon (r = .65, P < .05). Dissolved organic carbon was significantly and positively related to labile organic carbon.",Tillage,The results presented herein showed higher increases in SOC and active organic carbon under RR combined with conventional tillage rather than no-till.
Crop residue management,10.1002/ldr.3492,Crop yield,Crop type,Significant increases by 8.9% in crop yield were higher under maize than that under rice or wheat (P < .05).,Tillage intensity,The highest increments in crop yield (9.5%) were observed under residues retention when combined with no-till.,Mineral N fertiliser amount applied,"Within medium NFI (150–250 kg N ha−1), RR increased more crop yield compared with other NFI levels.",Duration of treatment,"Over the medium term (5-10 years), RR significantly increased crop yields.",Proportion of residues retained,"Compared with 100% in rate of retained residues, reducing the amount of RR (retained parts of residues) could enhance the effects of RR to increase crop yield.","Soil N, P and organic carbon","Crop yield was significantly and positively related to AN, TP, AP, and AK (P < .05), albeit with low correlation coefficients.",NA,NA,NA,NA
Crop residue management,10.1002/ldr.3492,GHG emissions,Crop type,The significant increase by 41.0% in N2O emission were the most sensitive for maize among crop species (P < .05).,Crop rotation,The increased emission of CH4 was enhanced for regions in which RR was adopted with than without crop rotation. Significant increase of 18.4% in N2O emission was observed in regions where resisdues retention was adopted with crop rotation (P < .05).,Tillage intensity,Increases in CH4 and N2O emissions were observed in residues retention combined with conventional tillage.,Mineral N fertiliser amount applied,"The highest emissions of CH4 and N2O occurred under RR in combination with higher and medium nitrogen fertiliser input (150-250, and >250 kg N/ha).",Duration of treatment,"Over the short term (<5 years), residues retention (RR) did not significantly increase N2O emission. Over the medium term (5-10 years), RR significantly increased N2O emission. Over the long term (>10 years), RR sharply increased CH4 emission.",Proportion of residues retained,"Compared with 100% in rate of retained residues (RR), reducing the amount of RR (retained parts of residues) could enhance the effects of RR to decrease CH4 emission. However, more N2O emission were observed under reduced amount of RR as compared with 100% amount of RR.",NA,NA,NA,NA
Crop residue management,10.1002/ldr.3492,Soil biological quality,Soil carbon sequestration,"Microbial biomass carbon was positively related to dissolved organic carbon, labile organic carbon, and particulate organic carbon fractions of the soil.",NA,NA,NA,NA,NA,NA,NA,NA,NA,NA,NA,NA,NA,NA
Crop residue management,10.1002/ldr.3492,Soil nutrients,Crop type,"There was also a highly significant increase in AN, TP, AP, and TK under rice paddy due to RR by 11.5%, 10.1%, 32.3%, and 6.4%, respectively (P < .05), compared with other crops. With adoption of RR in wheat (Triticum aestivum L.) cultivation, significant increases observed in TN (12.9%) and AK (15.1%) were the highest among crop species (P < .05). Additionally, a significant decrease in soil C:N ratio by 2.7% was observed with RR under wheat.",Crop rotation,"The increase TP in response to RR could be enhanced by the regions that combined residues retention (RR) with crop rotation than those without crop rotation. However, increase in soil nutrient concentration decreased with RR.",Tillage intensity,"Among the positive effects observed under residues retention (RR) when combined with conventional tillage were highest increments in TP (13.3%) and AK (12.5%). Furthermore, the highest increments in TN (10.8%) and AN (14.5%) were observed under RR when combined with that under rotary tillage. Significant increase in C:N ratio (8.6%) and the highest increments in AP (45.8%) were observed under RR when combined with subsoiling tillage.",Mineral N fertiliser amount applied,"RR increased more AK under less NFI (<150 kg N ha−1), when compared with that for other NFI level. Within medium NFI (150–250 kg N ha−1), RR increased more TK compared with other NFI levels. However, significant decrease in C:N ratio was observed under RR only when combined with higher NFI (>250 kg N ha−1).",Duration of treatment,"Over the medium term (5-10 years), RR significantly increased crop yields along with TN, AN, TP, TK, and AK (P < .05). Over the long term (>10 years), RR increased AP.",Sampling depth,"In comparison with deeper than 20-cm soil depth, relatively higher increments in AP by RR were observed at 0- to 20-cm soil depth but higher TN, AN, and AK were observed for deeper than 20 cm than that at 0- to 20-cm depth.",Proportion of residues retained,"Compared with 100% in rate of RR, reducing the amount of RR (retained parts of residues) could enhance the effects of RR to increase AN. However, lower other soil nutrients were observed under reduced amount of RR as compared with 100% amount of RR.",Soil properties,"TN was significantly and positively related with AN, TP, AP, TK, AK, microbial biomass carbon (MBC), and dissolved organic carbon but negatively related with C:N ratio and bulk density (BD). Furthermore, AN was positively related with MBC and soil porosity but negatively related with BD. TP was positively related with MBC but negatively related with BD."
Crop residue management,10.1002/ldr.3492,Soil physico-chemical quality,Crop type,"With adoption of RR in wheat (Triticum aestivum L.) cultivation, significant increases observed in SA (17.3%) were the highest among crop species (P < .05). The significant decrease by 2.9% in soil pH was the most sensitive for maize among crop species (P < .05).",Crop rotation,"For the positive effects, the increases in soil porosity and soil aggregation in response to residues retention (RR) could be enhanced by the regions that combined RR with crop rotation than those without crop rotation. However, decreases in bulk density decreased with RR. In contrast, for regions combined with crop rotation, RR significantly reduced soil pH by 1.3%.",Tillage intensity,"Among the positive effects observed under RR when combined with conventional tillage were significant decrease in bulk density (3.4%), the highest increments in soil porosity (5.6%) and aggregation (16.4%). Furthermore, when combined with rotary tillage, soil pH was significantly increased by 0.2% (P < .05).",Mineral N fertiliser amount applied,"Residues retention decreased more bulk density and increased more soil aggregation under less nitrogen fertiliser imputs (<150 kg N/ha), when compared with that for other level of nitrogen fertiliser input. However, significant increase in soil pH was observed with medium and higher inputs (>250 kg N/ha).",Duration of treatment,"Over the short term (<5 years), RR significantly increased soil aggregation (P < .05). Over the long term (>10 years), RR decreased bulk density and soil pH, and increased soil porosity.",Sampling depth,"In comparison with deeper than 20-cm soil depth, relatively higher increments in soil porosity by RR were observed at 0- to 20-cm soil depth. However, lower bulk density was observed for deeper than 20 cm than that at 0- to 20-cm depth. In addition, soil pH decreased significantly only at 0- to 20-cm soil depth by 1.6%.",Proportion of residues retained,"Compared with 100% in rate of residues retained, reducing the amount of RR (retained parts of residues) could enhance the effects of RR to increase soil aggragation and decrease bulk density. However, lower soil pH was observed under reduced amount of RR as compared with 100% amount of RR.",Soil physical properties,"There were also relationships among soil physical properties, such as a significant negative relationship was observed between bulk density with soil porosity (r = −.50, P < .05) and soil water content (r = −.25, P < .05)."
Crop residue management,10.1002/ldr.3492,Soil water retention,Soil physical properties,"There were also relationships among soil physical properties, such as a significant negative relationship was observed between bulk density with soil porosity (r = −.50, P < .05) and soil water content (r = −.25, P < .05).",NA,NA,NA,NA,NA,NA,NA,NA,NA,NA,NA,NA,NA,NA
No tillage and reduced tillage,10.1002/saj2.20260,Carbon sequestration,Temperature,Increase,Soil depth,Decrease,NA,NA,NA,NA,NA,NA,NA,NA,NA,NA,NA,NA
No tillage and reduced tillage,10.1002/saj2.20260,Soil nutrients,Legume in rotation,Increase,Soil depth,Decrease,NA,NA,NA,NA,NA,NA,NA,NA,NA,NA,NA,NA
Crop residue management,10.1002/saj2.20261,Soil biological quality,NA,NA,NA,NA,NA,NA,NA,NA,NA,NA,NA,NA,NA,NA,NA,NA
Organic farming systems,10.1007/978-3-319-00915-5_3,Biodiversity,NA,NA,NA,NA,NA,NA,NA,NA,NA,NA,NA,NA,NA,NA,NA,NA
Leguminous crops,10.1007/978-3-319-58789-9_4,Carbon sequestration,Agroforestry type,"Level of increase of soil carbon depends on the type of agroforestry (alley cropping, improved fallow, mulching or parkland).",Soil type,Level of increase of soil carbon depends on soil characteristics.,NA,NA,NA,NA,NA,NA,NA,NA,NA,NA,NA,NA
Leguminous crops,10.1007/978-3-319-58789-9_4,Soil nutrients,NA,NA,NA,NA,NA,NA,NA,NA,NA,NA,NA,NA,NA,NA,NA,NA
Leguminous crops,10.1007/978-94-007-0394-0_9,Crop yield,Time after tree establishment,Increase in yield is more apparent from the third year after tree establishment and onwards. Rainfall and soil fertility:  The results from the meta-analysis indicate that they are generally best-performing in low to medium potential sites in terms of rainfall and fertility.,NA,NA,NA,NA,NA,NA,NA,NA,NA,NA,NA,NA,NA,NA
Water-saving irrigation practices in non-flooded lands,10.1007/s00271-008-0141-0,Water use,Crop type,"Restricting the analysis to grapevine, the species with the largest number of studies, revealed no benefit of partial root-zone drying.",Crop type,"Restricting the analysis to grapevine, the species with the largest number of studies, revealed no benefit of partial root-zone drying.",NA,NA,NA,NA,NA,NA,NA,NA,NA,NA,NA,NA
No irrigation,10.1007/s00271-020-00696-x,Water use,Crop type,"Center pivot irrigation: Corn had a 46% change (n = 10; CI 0.47–4.60; p value: 0.514) in WUE compared to the dryland control, while cotton had a 71% change (n = 52; CI 1.09–2.67; p value: 0.02). Sorghum had the greatest response to irrigation with a change of 160% n = 111; CI 1.76–3.83; p value: < 0.001) and wheat had the smallest mean effect change of 29% (n = 62; CI 0.61–2.74; p value: 0.511). Surface drip irrigation: Effects for WUE between the irrigation treatments and the dryland control in corn and sorghum were quite large with a 260% change
n = 10: CI p value: 0.036) and 341% change (n = 12; CI 1–19.56; p value: 0.051), respectively. Results for cotton showed a much smaller effect with a 63% change (n = 16; CI 0.67–3.98; p value: 0.285) in WUE.",Irrigation amount,"Center pivot irrigation: Low and high irrigation capacities were similar with a change of 73% n = 113; CI: 1 0.21–2.46; p value: 0.002) and 61% (n = 47; CI 0.73–3.54; p value: 0.238), respectively. Average amounts of water applied had the greatest effect of 175% n = 75; CI 1.71–4.41; p value: < 0.001).",Annual precipitation,"Center pivot irrigation: WUE improved in dry and wet years, with changes of 101% (n = 133; CI 1.41–2.85; p value: 0.114) and 123% (n = 55; CI 1.30–3.84; p value: 0.004), respectively. Average rainfall conditions had the smallest effect of 65% n = 47; CI 0.89–3.09; p value: < 0.001). Surface drip irrigation: The addition of rain fall 
with SDI had the biggest change in dry years of 223% n = 12; CI 0.85–12.29; p value: 0.085) and comparable effects between average and wet rainfall years with changes of 127% n = 22; CI 1.00–5.14; p value: 0.050) and 134% (n = 6; CI 0.43–12.69; p value: 0.324).",Soil type,Center pivot irrigation: Olton loam had a negative effect of - 5% (n = 24; CI 0.33–2.73; p value: 0.927) while Pullman clay loam and Pullman silty clay loam had increases in WUE of 84% (n = 196; CI 1.35–2.50; p value: < 0.001) and 250% (n = 15; CI 1.89–6.49; p value: < 0.001). Surface drip irrigation: Abilene clay loam soils had a 41% (n = 12; CI 0.51–3.84; p value: 0.507) in WUE compared to a 268% (n= 28; CI 1.59–8.54; p value: 0.002) change in WUE on Pullman clay loam soils.,Planting time,"Center pivot irrigation: Crops planted early had a greater change in effects compared to crops planted on time, with changes of 118% (n = 128; CI 1.43–3.33; p value: < 0.001) and 87% (n = 107; CI 1.32–2.63; p value: < 0.001), respectively. Surface drif irrigation: Early planting increased WUE by 285% (n = 15; CI 1.17–12.63; p value: 0.026) compared to a 106% (n = 25; CI 0.95–4.43; p value: 0.066) change with crops planted on time.",Mineral N fertiliser amount applied,Center pivot irrigation: Low and medium nitrogen application amounts had similar effects with a 95% (n = 53; CI 1.13–3.36; p value: 0.017) and 82% (n = 100; CI 1.24–2.68; p value: 0.002) change relative to the rainfed control. High amounts of nitrogen had a 133% (n = 82; CI 1.42–3.85; p value: 0.001) change. Surface drip irrigation: Low amounts of nitrogen application had a much greater response on WUE with a change of 282% n = 17; CI 1.37–10.62; p value: 0.010). Medium nitrogen application had a change on WUE of 86% (n = 23; CI 0.81–4.27; p value: 0.145).,Year of study,"Center pivot irrigation: Water use efficiency generally improved over time as studies planted from 2010 to 2015 had a greater water response than studies planted between 1990 and 1995. The largest change in WUE was 264% (n = 9; CI 1.66–8.00; p value: 0.001) from studies with experiments planted the most recently. Studies with experiments planted between 2000 and 2005 had the second largest change of 157% (n = 52; CI 1.44–4.58; p value: 0.001). Studies planted between 2005 and 2010 had an unexpectedly small change. Surface drip irrigation: Studies published from 1990 to 1995 and 2000 to 2005 had similar effects with changes of 260% (n = 12; CI 1.09–11.88; p value: 0.036) and 277% (n = 16; CI 1.15–12.32; p value: 0.0287), respectively. Studies with experiments planted more recently between 2010 and 2015 had a 41% n = 12; CI 0.51–3.84; p value: 0.507) change on WUE.",NA,NA
Crop rotation,10.1007/s00374-021-01580-2,Carbon sequestration,Duration of treatment,"The longterm use of crop rotation (>10y) increases SOC stability by increasing the proportion of aromatic and carbonyl groups, while the O-alkyl groups are decreased compared with those studies employing crop rotation for 6 years.",NA,NA,NA,NA,NA,NA,NA,NA,NA,NA,NA,NA,NA,NA
Soil amendment with biochar,10.1007/s10021-018-0248-y,GHG emissions,Soil type,"When averaged across all studies in paddy soils, biochar amendment significantly decreased CH4 release rates by 12% (CI − 26 to − 3%), largely attributed to incubation and pot studies. Biochar amendment significantly decreased CH4 releases from upland soils by 72% (CI − 97 to − 44%). When averaged all studies on upland soils acting as a sink of CH4, biochar amendment consistently decreased soil CH4 uptake in both incubation and pot studies.",Scale of experiment,"Paddy soils showed the weakest negative response of CH4 release (− 4%, CI − 6 to 11%) in field studies.  Decreased CH4 releases from upland soils was overwhelmingly contributed by incubation studies (− 226%, CI − 243 to − 191%).  Biochar amendment consistently decreased soil CH4 uptake in both incubation and pot studies, but slightly increased soil CH4 uptake in field studies,",Soil texture,"For soils acting as a source of CH4, soil CH4 release were significantly increased in soils with fine texture (+34%, CI 8–62%), in contrast to negative responses (decrease) in soils with medium (− 170, CI − 214 to − 126%) or coarse texture (− 32%, CI − 78 to − 12%).  For upland soils as a sink of CH4, soil CH4 uptake rates were significantly decreased following biochar amendment over all investigated soil textures and the strongest negative response occurred in soils with medium texture (− 129, CI − 144 to − 78%).",Soil pH,"Across all observations, experimental soils were divided into acid, neutral, and alkaline soils, corresponding to soil pH < 6.5, 6.6–7.5, and > 7.5, respectively. For soils acting as source of CH4, biochar significantly decreased soil CH4 release rates by 128% (CI 96–142%) in neutral soils, in contrast to a less decrease in alkaline soils or significant increase in acid soils. For upland soils acting as sink of CH4, biochar amendment significantly decreased CH4 uptake rates both in acid and neutral soils. The decrease in CH4 uptake rates was the greatest in neutral soils (− 1640, CI − 185 to − 122%), against minor positive responses in alkaline soils (+11, CI − 3 to 27%).
",N-fertilisation,"Biochar amendment significantly decreased soil CH4 release rates by 115% (CI 99–131%) for unfertilized soils, as a contrast to a minor decrease in soil CH4 release for fertilized soils (− 9%, CI − 14 to 1%). Similarly, the biochar-induced decrease in CH4 uptake of upland soils was weakened by fertilizer application. Biochar combined with synthetic and organic N fertilizer led to a decrease by 39% (CI 26–47%) and 8% (CI 2–13%) in CH4 release rates, respectively, whereas biochar combined with compound N fertilizer (N-P-K) incurred a significant positive response (+28%, CI 22–39%). Significant negative effects on soil CH4 uptake for synthetic N (− 25%, CI − 41 to − 17%) but positive effects for organic N fertilizer (+20%, CI 18–23%).",Biochar application rate,"The response of soil CH4 release to biochar amendment generally decreased with biochar rates, shifting from the highest positive response at rates less than 20 t ha−1 (+28%, CI 24–37%) to the lowest negative response at rates of over 60 t ha−1 (− 186%, CI − 241 to − 152%). Similarly, for upland soils acting as a sink of CH4, the response of soil CH4 uptake rates to biochar also presented a declined trend with biochar rates, from the insignificant increase effect (+9%, CI − 1 to 13%) at the amended rate lower than 20 t ha−1 to the largest decrease effect (− 171%, CI − 222 to − 143%) at an amended rate over 60 t ha−1 .",Biochar feedstock,"Significant negative responses were found to wood, biowaste, ligneous and herbage materials as feedstock sources, contrary to significant positive responses to manure-derived biochar (+21%, CI 19–28%). For upland soils as a sink of CH4, soil CH4 uptake rates were significantly decreased across wood, ligneous and herbage feedstock materials, whereas slightly increased using manure as feedstock sources (+8%, CI − 5 to 12%).",Biochar C/N ratio and pH,"Responses of soil CH4 release to biochar amendment shifted from the highest positive response to biochar with the C/N ratio of below 50 (+57%, CI 43–79%) to the lowest negative response to biochar with the C/N ratio of above 300 (− 168%, CI − 214 to − 147%). For upland soils acting as a sink of CH4, negative responses of soil CH4 uptake to biochar amendment consistently increased with the C/N ratio of biochar, but there was no significant difference in size of effect among them. Acidic and slightly alkaline biochar (pH 7.0–8.5) significantly increased CH4 release rates by 23 and 21% respectively, whereas highly alkaline biochar (pH 8.6–10 or > 10) led to a significant decrease by 99% or had no significant effect on CH4 release (Figure 6C). For upland soils as a sink of CH4, soil CH4 uptake significantly and negatively responded to acid (− 124%, CI − 141 to − 87%) and extremely alkaline biochar (− 25%, CI − 79 to − 20%), as a contrast with positive response to slightly (+9%, CI 2–15%) and highly alkaline (+14%, CI 12–18%) biochar."
Cover and catch crops; No irrigation,10.1007/s10113-018-1447-y,Carbon sequestration,NA,NA,NA,NA,NA,NA,NA,NA,NA,NA,NA,NA,NA,NA,NA,NA
Mulching; Cover and catch crops; No irrigation,10.1007/s10113-018-1447-y,Crop yield,NA,NA,NA,NA,NA,NA,NA,NA,NA,NA,NA,NA,NA,NA,NA,NA
Cover and catch crops,10.1007/s10113-018-1447-y,Soil erosion,NA,NA,NA,NA,NA,NA,NA,NA,NA,NA,NA,NA,NA,NA,NA,NA
Mulching; No irrigation,10.1007/s10113-018-1447-y,Soil water retention,NA,NA,NA,NA,NA,NA,NA,NA,NA,NA,NA,NA,NA,NA,NA,NA
Agroforestry practices and systems; Landscape features,10.1007/s10113-021-01798-8,Carbon sequestration,NA,NA,NA,NA,NA,NA,NA,NA,NA,NA,NA,NA,NA,NA,NA,NA
Leguminous crops,10.1007/s10311-017-0698-z,Crop yield,Fertilisation rate,The estimated mean yield ratios decreased significantly as a function of the N fertilization rate applied to subsequent cereals (p < 0.05). The positive effects of oilseeds and grain legumes on yields of subsequent cereals became negligible when the mean N fertilization exceeded 150 kg N ha−1 (this threshold was reduced to 98 kg N ha−1 when only oilseeds were considered and was equal to 153 kg N ha−1 when only grain legumes were considered).,NA,NA,NA,NA,NA,NA,NA,NA,NA,NA,NA,NA,NA,NA
Mulching,10.1007/s10333-022-00900-y,Crop yield,NA,NA,NA,NA,NA,NA,NA,NA,NA,NA,NA,NA,NA,NA,NA,NA
Agroforestry practices and systems,10.1007/s10457-017-0147-9,Carbon sequestration,Perennial species,NA,site,NA,soil type,NA,previous land use,NA,climate,NA,soil depth,NA,agroforestry type,NA,NA,NA
Agroforestry practices and systems,10.1007/s10457-020-00494-6,Farming system productivity,Tree density,Tree density affects forage yields; lower densities can match open pasture production.,tree species,NA,forage types,NA,"Tree height, diameter, and biomass yield",affects productivity comparisons between silvopastures and conventional systems.,livestock species,NA,NA,NA,NA,NA,NA,NA
Wetland conservation and restoration,10.1007/s10530-021-02540-5,GHG emissions,NA,NA,NA,NA,NA,NA,NA,NA,NA,NA,NA,NA,NA,NA,NA,NA
Wetland conservation and restoration,10.1007/s10530-021-02540-5,Soil nutrients,NA,NA,NA,NA,NA,NA,NA,NA,NA,NA,NA,NA,NA,NA,NA,NA
Wetland conservation and restoration,10.1007/s10530-021-02540-5,Soil physico-chemical quality,NA,NA,NA,NA,NA,NA,NA,NA,NA,NA,NA,NA,NA,NA,NA,NA
Wetland conservation and restoration,10.1007/s10530-021-02540-5,Soil water retention,NA,NA,NA,NA,NA,NA,NA,NA,NA,NA,NA,NA,NA,NA,NA,NA
Grassland management,10.1007/s10531-018-1562-6,Biodiversity,NA,NA,NA,NA,NA,NA,NA,NA,NA,NA,NA,NA,NA,NA,NA,NA
No tillage and reduced tillage,10.1007/s10533-004-0360-2,Carbon sequestration,Climate,Implementation of no-till or reduced tillage led to the largest increases in SOC storage under tropical moist conditions and the smallest increases under temperate dry conditions.,NA,NA,NA,NA,NA,NA,NA,NA,NA,NA,NA,NA,NA,NA
No tillage and reduced tillage,10.1007/s10533-011-9600-4,Carbon sequestration,C fertilization,"When an increase of inputs under NT was reported, it led systematically to increased or equivalent SOC storage (e.g. Hernanz et al. 2002). On the contrary, when C inputs were smaller under NT, SOC storage was reduced or increased depending on the study.",NA,NA,NA,NA,NA,NA,NA,NA,NA,NA,NA,NA,NA,NA
Leguminous crops; Intercropping,10.1007/s10658-019-01711-4,Pests and diseases,Time after plantation; Season,"Greater control effect during early and mid season than during late season.; The effect of intercropping on disease incidence varied over the season, with a greater control effect during early (Δy =βtime(early)= −0.407, effect of intercropping = 33%, P < 0.001) and midseason (Δy = βtime(mid)=-0.305, effect of intercropping = 26%, P < 0.001;) than during late season (Δy=βtime(late) =− 0.118, effect of intercropping =11%, P = 0.055)",N fertilizer input; Pathogen species,"Plant disease incidence increased significantly with N fertilizer input.; Disease reduction by intercropping was significant (P < 0.01) for four out of six studied pathogens: yellow rust (Puccinia striiformis f.sp. tritici) and mildew (Blumeria graminis) in wheat (Triticum aestivum), and chocolate spot (Botrytis fabae) and Fusarium wilt (Fusarium oxysporum) in faba bean (Vicia faba). Disease reduction was marginally significant for yellow rust in barley (Puccinia striiformis f.sp. hordei) (P < 0.10) and not significant for bean rust (Uromyces fabae).",N dose*time of survey,"Disease incidence at the mid time increased significantly with N fertilizer, but the incidences at both early and late observation times were not significantly affected by N fertilizer input. Higher doses of N fertilizer significantly increased wheat Powdery Mildew incidence in both sole crops and intercrops, but N fertilizer did not influence the incidence of other diseases.",Pathogens,"Significant for the 2 studied wheat pathogens, not for the studied barley pathogen.",NA,NA,NA,NA,NA,NA,NA,NA
Enhanced efficiency fertilisers; Grassland management,10.1007/s10705-012-9498-9,Air pollutants emissions,NA,NA,NA,NA,NA,NA,NA,NA,NA,NA,NA,NA,NA,NA,NA,NA
No tillage and reduced tillage,10.1007/s10705-017-9836-z,Crop yield,NA,NA,NA,NA,NA,NA,NA,NA,NA,NA,NA,NA,NA,NA,NA,NA
Green manure; Cover and catch crops; Crop rotation; Leguminous crops; Organic fertilisation; Manure land application techniques; No tillage and reduced tillage,10.1007/s10705-017-9836-z,GHG emissions,N fertilisation rate; Difference in total N inputs between organic and mineral fertilisers,"Based on the 12 studies reporting N2O emissions in cover cropping systems during the cash crop growth periods in conjunction with cover crop N content, we found a significant positive correlation between the LRR for N2O emissions and the extra N inputs from both legume and non-legume cover crops.; Positive correlation between the log-response ratio for N2O emissions and the difference in total N inputs (y = 0.0081x - 0.033, R2 = 0.23, p\0.0001).",Period; Soil clay content,"Six studies (19 observations) measured N2O during only the cover crop growth period. An additional nine studies (37 observations) measured N2O emissions during only grain crop growth, after cover crops had been killed or incorporated. The remaining six studies measured N2O emissions during both cover crop and grain crop growth, but only three of these studies reported the two crop phases separately. Using the data available for each crop phase, we found that N2O emissions from cover crop growth periods were 58% lower (bootstrapping 95% CI −81 to −27%) compared to bare fallows. N2O emissions, from cash crop growth periods and whole-year measurements, were non-significanly different compared to bare fallows.; We found a significantly negative correlation between the log-response ratio for N2O emissions and soil clay content. In coarser soils, manure slightly increased N2O emissions compared to inorganic fertilizer, while in finer soils, manure tended to have similar or lower N2O emission compared to fertilizer.",Organic fertiliser C/N ratio,"We also found a negative relationship between log-response ratio for N20 and manure C:N ratios (y = 3.6 - 0.13x, R2 = 0.2, p = 0.04).",NA,NA,NA,NA,NA,NA,NA,NA,NA,NA
Livestock feeding techniques,10.1007/s10705-017-9893-3,Air pollutants emissions,Dose,"In pigs, high reductions of NH3 can be achieved when the final CP level is low and the reductions in CP are high.  Contrary to the case in pigs, there was no influence of final CP on NH3 emission reductions.",Animal type,"Even at low crude protein levels, the NH3 reductions for a particular crude protein reduction is higher for cattle than pigs.",NA,NA,NA,NA,NA,NA,NA,NA,NA,NA,NA,NA
Crop residue management; Organic fertilisation,10.1007/s10705-017-9903-5,Carbon sequestration,"Soil N, P and organic carbon","For all treatment-control combinations: The effect on soil organic carbon was largest when the initial soil organic and total N contents were small, rendering a mean relative increase of >70 and >30%, respectively. For both categorical variables (regardless of the control used), the effect size was considerably reduced when the initial soil organic carbon was >20 g/kg and the initial total N content >2g/kg.",Soil pH,"Initial soil pH also had a role, with the greatest relative increase in soil organic carbon in soils with near-neutral pH values (89% when compared with the nil control and 46% when compared with the standard control, respectively). These were followed by the soils with pH values >7.4, and then by those with pH values < 6.5. Soils with an initial pH at near-neutral values (6.6–7.3) had the greatest absolute increase in soil final organic carbon (9.8 and 7.5 g/kg over the nil and standard control, respectively.",Climate,"The addition of OA and OA + MF amendments to soils located in warm regions (Mediterranean/sub- arid/arid, tropical and semi-tropical) had the greatest relative increases in soil final organic carbon (>50% when compared with the nil control and >30% when compared with the standard control), whereas relative increases were below these threshold values in soils under humid-temperate and continental-type climates.",Soil texture and soil type,"Soil organic carbon had the smallest response in silty soils. Among the soil orders considered, Alfisols had the greatest relative increase in soil organic carbon (>50% regardless of the type of control considered), whereas the rest of soil orders (Entisols/ Inceptisols, Mollisols and the soils grouped as ‘‘Paddy soils’’) had a relative soil organic carbon increase <50%.",Duration of treatment,"The mean relative increase in soil organic carbon under the longer-term application of OA and OA + MF (>20 years) (57 and 37% compared to the nil and standard controls, respectively) almost doubled compared to soils where these amendments were added for 10–20 years (32 and 23% increase for nil and standard controls, respectively), regardless of the type of control considered.",Organic fertiliser type,"Organic amendments that rendered the greatest relative increase in soil organic carbon were manures and biosolids (>50 and 40%, when comparing with the nil and the standard control, respectively).",Mineral N fertiliser application rate,"The additional application rates of inorganic N was only significant for the nil control. The smallest gain in soil organic carbon (33% and 4.2 g/kg, respectively) occurred with inorganic low N application rates (<100 kg/ha/year).",NA,NA
Crop residue management; Organic fertilisation,10.1007/s10705-017-9903-5,Crop yield,Mineral N fertiliser application rate,"OA and OA+IF versus nil control: The amount of inorganic N fertiliser added to the soil along with the organic also had an important effect on yield, particularly on the yieldm, with the largest relative increase (>170%) when the inorganic N application rates were between 100 and 200 kg/ha/year, followed by those above and below this application rate range. OA and OA+IF versus standard control: yieldf increased >10%  when N application rate at 100–200 kg/ha/year.",Soil texture and soil type,"OA and OA+IF versus nil control: Soils with clayey texture had the greatest yield response with mean yield increases of >120 and >210%, for yieldm and yieldf, respectively, whereas silty soils had the smallest yield increases (<25 and 70% increase, respectively). Yield responses of the Entisol/Inceptisol soil order groups to OA and OA + MF were the greatest (>80 and 140%,  for yieldm and yieldf, respectively) among all the soil orders considered, although only significant when compared with the Alfisol order. OA and OA+IF versus standard control: yieldf increased >10% in sandy soils.",Duration of treatment,OA and OA+IF versus nil control: Relative mean yieldm increased by >90% with a longer duration (>20 years) of OA and OA + MF application to soil compared to <60% for a shorter duration (10–20 years).,Climate,"OA and OA+IF versus nil control: Soils under tropical and subtropical climates had significantly greater responses in yieldm (112%) than in those under humid temperate-type climate (42%), with the response of soils under continental-type climate showing no significant differences from the former climate types. OA and OA+IF versus standard control: Differences in mean yield were observed between climatic groups, with a positive effect size of >12% and >10% with the addition of OA and OA + MF under tropical climate for yieldm and yieldf, respectively and a negative effect size >8% under humid-temperate climate for mean yieldm.","Soil N, P and organic carbon","OA and OA+IF versus nil control: The mean yield increases when the initial total N concentration was < 1g/kg were >260 and >180% for yieldm and yieldf, respectively. The yield responses dropped to <70% increases at initial total N concentrations between 1 and 2 g/kg, and to <5% at initial N concentrations >2 g/kg. When the initial available P concentration was < 5 mg/kg, mean yield increases were >430 and >580%, for yieldm and yieldf, respectively. The responses were smaller at higher initial available P concentrations, with a mean yield increase from ~80 to 100% at concentrations between 5 and 10 mg/kg, and ~40–50% mean yield increases at concentrations > 10 mg/kg. Soils with an initial organic carbon <10 g/kg having a mean increase in yieldm and on yieldf >150%; this dropped to a <100% increases in yield at organic carbon >10 g/kg and to <50% for soil organic carbon of >20 g/kg. OA and OA+IF versus standard control: For initial Olsen P, total N, and soil organic carbon, similar trends were observed as under the nil control, but at a much smaller scale. At low initial soil concentrations for these three categorical variables relative yieldf increases were between 24 and 28%, whereas the rest of groups within these variables had little influence, with increases <6%, if existent.",Organic fertiliser type,"OA and OA+IF versus nil control: The type of OA also contributed to the variation of the yieldm response, with the straw amendment causing a mean yield increase >160% whereas for the other OA the increases were <100%. OA and OA+IF versus standard control: The addition of OA and OA + MF caused >10% decrease in mean yieldm when biosolids was used as OA.",Crop type,OA and OA+IF versus nil control: Application of OA and OA + MF had a considerably smaller effect (<40%) on yieldm for barley than for the other crops considered (>60%). OA and OA+IF versus standard control: The addition of OA and OA + MF decreased mean yieldm in barley crops.,Soil pH,"OA and OA+IF versus nil control: Initial soil pH values ranging from 6.6 to 7.3 led to the greatest yield increases (>240%) followed by the soils with a pH>7.3 with mean yield increases <120%, and the soils with a pH < 6.6 had the smallest mean yield increases (<70%). OA and OA+IF versus standard control: yieldf increased >10% in when initial soil pH ranged between 6.6 and 7.3."
Crop residue management; Organic fertilisation,10.1007/s10705-017-9903-5,Soil biological quality,Climate,"Climate was the only variable that had a significant influence on the variability of the MB responses for both nil and standard controls. The use of OA and OA + IF led to a higher relative increase of microbial biomass size in studies located in tropical and subtropical regions, whereas the studies in continental-type climate (nil control) and Mediterranean, arid and semiarid-type climate (standard control) experienced the least increases in microbial biomass size.",Soil pH,Soils with near-neutral or basic pH and soils with the lowest initial soil organic carbon (<10 mg C/kg soil) had the greatest relative increase in the MB size when comparing with the nil control (82 and 88% for neutral and basic soils and 70% for low initial organic carbon soils).,Soil type,"The soil order that had the smallest relative response compared with the nil control was that of Alfisols (26%), while no significant differences were detected between the other soil types.",Soil texture,Clayey and sandy soils were more responsive to the use of OA than silty soils when compared to nilcontrol.,Duration of treatment,"Studies with longer periods of application (>20 years) led to larger increases in the relative microbial biomass size, fact that was more evident for the nil control.",NA,NA,NA,NA,NA,NA
Organic fertilisation,10.1007/s10705-017-9903-5,Soil nutrients,Organic fertiliser type,"Animal derived OA have a higher mean Olsen P concentration increase than plant derived OA. Those from animal origin having a relative mean increase of 232 and 93% as compared with their corresponding nil and standard controls, respectively. Plant-derived OA caused a mean increase of 120% in Olsen P levels as compared with the nil control, and had no significant effect as compared with their standard controls.",Organic fertiliser application rate,"The largest OA application rates (>10 t/ha/year) caused the greatest relative increase in the final Olsen P concentrations (~250 and ~100% as compared with the nil and standard control, respectively).",Soil Olsen P levels,The greatest effect (413% increase) was observed at the lowest initial Olsen P values (<5 mg/kg).,NA,NA,NA,NA,NA,NA,NA,NA,NA,NA
Crop residue management,10.1007/s10705-019-09991-2,Carbon sequestration,NA,NA,NA,NA,NA,NA,NA,NA,NA,NA,NA,NA,NA,NA,NA,NA
Crop residue management,10.1007/s10705-019-09991-2,Soil biological quality,Time since treatment,CFS had significantly negative effect on the activity of peroxidase when the experimental duration was 11–20 years.,Cropping system type,Greatest changes in invertase activity was obtained in double cropping under S treatment.,Soil pH,"A significant positive relationship was observed between the activity of phosphatase and soil pH, under CFS treatment conditions. A significant positive relationship was also observed between the activity of invertase and soil pH under CFS and S.",Soil organic carbon,The activity of peroxidase was negatively correlated with SOC under S treatment condition.,NA,NA,NA,NA,NA,NA,NA,NA
Crop residue management,10.1007/s10705-019-09991-2,Soil nutrients,NA,NA,NA,NA,NA,NA,NA,NA,NA,NA,NA,NA,NA,NA,NA,NA
Grassland conservation and restoration,10.1007/s10841-020-00247-x,Pollination,Pollinator taxa,"Lepidopteran abundance in restorations was significantly improved compared to degraded sites (d = 1.120, p = 0.047), though richness was not (d = 1.455, p = 0.07). For bees, neither abundance nor richness were improved from degraded sites (d = 0.925, p = 0.301; d = 1.541, p = 0.082, respectively). When restorations were compared to remnant grasslands, bee abundance and richness did not differ (abundance: d = − 0.811, p = 0.06; richness: d = − 0.322, p = 0.194) and lepidopterans showed similar responses (abundance: d = − 0.176, p = 0.767; richness: d = − 0.874, p = 0.326).",Time since treatment,"Pollinator richness in older restorations (> 10yrs) showed significant improvements compared to degraded sites (d = 2.35, p = 0.002). However, younger restorations did not show improvements from degraded sites (abundance: d = 0.922, p = 0.345; richness: d = 1.81, p = 0.202). When comparing young and old restorations to remnant grasslands, both old (abundance: d = − 0.33, p = 0.533; richness: d = 0.09, p = 0.86) and young restorations (abundance: d = − 0.32, p = 0.572; richness: d = − 1.03, p = 0.189) do not differ significantly from remnants.",Restoration method,"Lepidopteran abundance was influenced by restoration method, where restorations that implemented more than one method had a significant increase in abundance (d = 1.0722, p = 0.003). However, richness was not affected by the number of methods used (d = 0.09, p = 0.815).",NA,NA,NA,NA,NA,NA,NA,NA,NA,NA
Landscape features,10.1007/s10980-018-0673-5,Pests and diseases,NA,NA,NA,NA,NA,NA,NA,NA,NA,NA,NA,NA,NA,NA,NA,NA
Landscape features,10.1007/s10980-018-0673-5,Pollination,NA,NA,NA,NA,NA,NA,NA,NA,NA,NA,NA,NA,NA,NA,NA,NA
Landscape features,10.1007/s10980-018-0673-5,Water quality,NA,NA,NA,NA,NA,NA,NA,NA,NA,NA,NA,NA,NA,NA,NA,NA
Soil amendment with biochar,10.1007/s11056-015-9491-7,Crop yield,Type of experiment,There were not detectable differences in response between pot trials (including greenhouse and growth chamber studies as well as shadehouse and similar studies with growth containers) and field trials with trees planted in native soils (P > 0.05).,Time of,"There were not detectable differences in responses relative to duration of study (P > 0.05: Fig. 1d); however, there was a trend toward shorter-term studies showing larger responses, and the pairwise comparison between medium-term studies (6–12 months) and long-term studies (>12 months) was marginally significant (P = 0.098).",Tree species,"Considering tree species with a relatively large number of trials represented in the data set (N ≥ 3), there was very high apparent variation in responses among species (Fig. 2). Response ratio metrics were positive in all cases, but varied from ~0.05 to 0.75. Species-specific responses were significant (by the conservative Wilcoxon test used) in 5 of 14 cases.",NA,NA,NA,NA,NA,NA,NA,NA,NA,NA
Green manure; Fallowing; Leguminous crops,10.1007/s11104-008-9547-y,Crop yield,Site productivity; Yield potential,The yield difference of natural fallows compared to the control became narrower as site productivity increased.; Yield increase was higher on sites in low to medium potential sites.,Fallow length; Legume management,"The 3-year rotation gave higher RR compared to the 1- and 2- year improved fallows. However, no significant effect was found for D.; Response in green manure legumes managed as pure fallows was higher than in those managed as relay intercrops.",Post-fallow cropping season; Altitude,"There was no difference in RR between the one and two season and one and three season post-fallow crops. Variability in response increased with post-fallow cropping. However, the 95% confidence intervals of D indicate that response is higher in the first post-fallow crop (1.3–1.9 t ha−1)than in the third (1.0–1.2 t ha−1).; Overall yield response was higher in mid altitudes (700–1,400 m) than high (>1,400) and low (<700 m) altitudes",Fertiliser recommended dose in post-fallow cropping season (%); Rainfall,"RR for fallows of non-coppicing legumes was 28% higher when post-fallow plots were amended with 50% of the recommended dose of fertilizer than the similar plots that were not amended. Although amendment with 100% of the recommended dose of fertilizer increased yields by 56%, response was highly variable.; Overall yield response was higher in areas with high rainfall (>1,400 mm) than those that receive medium to low rainfall (<1,400).",Interaction between fertiliser recommended dose and post-fallow cropping season; Fertilizer amendment,"In post-fallow plots not amended with fertilizer, yield declined with the length of post-fallow cropping until it approached yields from the control in the third season.; Response in rotational fallows of non-coppicing legumes was higher when postfallow plots were amended with >50% of the recommended dose of fertilizer than the similar plots that were not amended. Although amendment with 100% of the recommended dose of fertilizer increased yields but response was highly variable. In relay intercropping with non-coppicing legumes, amending the soil with 50 and 100% of the recommended fertilizer increased yield by 27 and 42%, respectively, over similar plots not amended with fertilizer. Response was also higher where >50% of the recommended dose of fertilizer was applied to the maize intercropped with coppicing species than in plots without fertilizer amendment.",Fertilizer*treatment length,"In post-fallow plots not amended with fertilizer, yield declined with the length of post-fallow cropping until it approached yields from the control in the third season.",NA,NA,NA,NA
Soil amendment with biochar,10.1007/s11104-018-3619-4,Air pollutants emissions,Soil pH,"Biochar stimulates soil NH3 volatilization to a larger extent from acidic soils (pH ≤ 5) than from moderately acidic soils (5 < pH ≤ 6.5), while it shows little effect on neutral or alkaline soils.",Soil texture,Soil NH3 volatilization from clay textured soils are more prone to be increased by biochar than that from other types of soil.,Soil organic carbon,"Biochar addition to soils with less than 10 g SOC kg−1 induces a significant increase in soil NH3 volatilization, while no significant response to biochar is observed in soils with SOC > 10 g kg−1.",Biochar pH,"Biochar characterized by pH > 9 induces a significant increase in soil NH3 volatilization, however, biochar with pH lower than 9 shows no significant effect.",Biochar application rate,"Biochar being applied at the rate > 40 t ha−1 induces a significant increase in soil NH3 volatilization, however, biochar being applied at less than 40 t ha−1 shows no significant effect.",NA,NA,NA,NA,NA,NA
Soil amendment with biochar,10.1007/s11104-018-3619-4,Crop yield,Soil pH,"Biochar generally increases plant biomass in acidic soils (pH ≤ 6.5), but it shows little effect in neutral or alkaline soils.",Soil texture,The increasing impacts of biochar on plant biomass are usually maximized in soils with poor structure (rich in either sand or clay).,Soil cation exchange capacity,The increasing impacts of biochar on plant biomass are usually maximized in soils with low CEC.,Biochar application rate,"The relationship of biochar application rate with the response of plant biomass follows a convex curve, and over application of biochar (>80 t ha−1) will significantly inhibit plant biomass.",NA,NA,NA,NA,NA,NA,NA,NA
Soil amendment with biochar,10.1007/s11104-018-3619-4,GHG emissions,Soil texture,The decreasing effect of biochar on soil N2O emissions is maximized in loam soils.,Soil organic carbon,The effect size is small and non-significant for soils with low organic carbon (≤5 g kg−1).,Biochar application rate,"Along with the increase of biochar addition rate, the magnitude of the reduction in soil N2O emissions increases, reaching the maximum when biochar addition rate is higher than 40 t ha−1",NA,NA,NA,NA,NA,NA,NA,NA,NA,NA
Soil amendment with biochar,10.1007/s11104-018-3619-4,Nutrient leaching and run-off,Soil organic carbon,"In soils with lower organic carbon, biochar favors a larger decrease in soil total inorganic N leaching",Biochar application rate,"Along with the increase of biochar addition rate, the extent of decrease in soil total inorganic N leaching increases",NA,NA,NA,NA,NA,NA,NA,NA,NA,NA,NA,NA
Soil amendment with biochar,10.1007/s11104-018-3619-4,Plant nutrient uptake,Soil pH,"Biochar generally increases N uptake in acidic soils (pH ≤ 6.5), but it shows little effect in neutral or alkaline soils.",Soil texture,The increasing impacts of biochar on N uptake are usually maximized in soils with poor structure (rich in either sand or clay).,Soil cation exchange capacity,The increasing impacts of biochar on N uptake are usually maximized in soils with low CEC.,Biochar application rate,"The relationship of biochar application rate with the response of N uptake follows a convex curve, and over application of biochar (>80 t ha−1) will significantly inhibit N uptake.",NA,NA,NA,NA,NA,NA,NA,NA
Cover and catch crops,10.1007/s11104-018-3810-7,Crop yield,Soil P content,The majority of studies were conducted in soils with a low Pa. Cover crops had more pronounced effects on main crop performance in these soils compared with systems with abundant labile P,NA,NA,NA,NA,NA,NA,NA,NA,NA,NA,NA,NA,NA,NA
Cover and catch crops,10.1007/s11104-018-3810-7,Soil biological quality,Soil P content,Much stronger increase in AMF abundance in soils low in P-available compared with high-P-available soils.,NA,NA,NA,NA,NA,NA,NA,NA,NA,NA,NA,NA,NA,NA
Grassland management,10.1007/s11104-019-04119-5,Grassland production,NA,NA,NA,NA,NA,NA,NA,NA,NA,NA,NA,NA,NA,NA,NA,NA
Agroforestry practices and systems,10.1007/s11104-019-04377-3,Carbon sequestration,buffer strip width,NA,slope,NA,age of agroforestry,NA,water content and climate conditions,NA,NA,NA,NA,NA,NA,NA,NA,NA
Agroforestry practices and systems,10.1007/s11104-019-04377-3,Nutrient leaching and run-off,buffer strip width,NA,slope,NA,age of agroforestry,NA,water content and climate conditions,NA,NA,NA,NA,NA,NA,NA,NA,NA
Agroforestry practices and systems,10.1007/s11104-019-04377-3,Soil erosion,buffer strip width,NA,slope,NA,age of agroforestry,NA,water content and climate conditions,NA,NA,NA,NA,NA,NA,NA,NA,NA
Intercropping; Leguminous crops,10.1007/s11104-020-04768-x,Cropping system productivity,Crop/cultivar combinations; Crop type,"Intercrops increased LERB, LERY,NEY but not NEB only when maize was included in the mixture. LERB was significantly greater in intercrops with faba bean than in intercrops with soybean or chickpea. LERY was significantly greater in intercrops with faba
bean or chickpea than in intercrops with soybean. In terms of net effect, no significant effect of legume species was found.; Intercrops with maize had significantly higher LERB than intercrops without maize. Intercrops with faba bean and chickpea had greater LER for biomass and yield than intercrops with soybean, but in terms of net effect, no significant effect of legume species was found. Still, trends for NE were similar to those for LER.",Fertiliser application; P fertilization,"P fertilizer had a significant negative effect on LERB (β1 = 0.11, P = 0.017)  but no effects on NEB, LERY and NEY. N fertilizer rate had a significant and positive effect on NEB (β1 = 0.01, P = 0.039) but did not affect the LERY and absolute yield gain (NEY) in intercrops.; LERB decreased with 0.11 unit when the rate of P fertilizer was increased with 100 kg/ha. However, no response of NEB to rate of P fertilizer was found (β1 = 0.03, P = 0.64). The LERY and NEY showed no significant response to P input.",N fertilization,"N fertilizer rate had a significant and positive effect on NEB (β1 = 0.01, P = 0.039). The N fertilizer rate did not significantly affect the LERY and absolute yield gain (NEY) in intercrops.",P uptake,The increased P use efficiency is associated with a higher land use efficiency (LER > 1) and improved plant performance as indicated by positive net effects. Conversion efficiency of P uptake to biomass was lower in intercrops than in sole crops but the conversion efficiency of P uptake to yield was the same in intercrops and sole crops.,NA,NA,NA,NA,NA,NA,NA,NA
Leguminous crops; Intercropping,10.1007/s11104-020-04768-x,Plant nutrient uptake,Crop type; Crop/cultivar combinations,"Intercrops with faba bean and chickpea had greater LER for P uptake than intercrops with soybean, but in terms of net effect, no significant effect of legume species was found. Still, trends for NE were similar to those for LER.; The net effect for P uptake of systems with maize was significantly greater than 0, but the net effect for P uptake for systems without maize was not significantly greater than 0. Moreover, LERP was significantly greater in systems with legumes
with a stronger ability to mobilize sparingly soluble P in the soil (faba bean and chickpea)  than in systems with soybean.  In terms of net effect, no significant effect of legume species was found.",P fertilization; Fertiliser application,"P fertilizer had a significant and positive effect on NEP. This effect was characterized by a significant increase in the net effect of 3 kg P uptake/ha per 100 kg of P fertilizer per ha (β1 = 0.03, P = 0.026). However, P fertilizer rate had no effect on LERP.; P fertilizer had a significant and positive effect on NEP (β1 = 0.03, P = 0.026) but no effect on LERP. N fertilizer had a significant and positive on NEP (β1 = 0.03, P = 0.018) but no effect on LERP.",N fertilization; Sowing time,"The NEP increased 3.0 ± 0.06 kg/ha per 100 kg of N fertilizer per ha (β1 = 0.03, P = 0.018).; The absolute gain in P uptake (NEP) due to intercropping increased by 6.87 kg/ha per unit TND (temporal niche differentiation; β1 = 6.87, P = 0.031)",Temporal niche differentiation between species,"The absolute gain in P uptake (NEP) due to intercropping increased by 6.87 kg/ha per unit TND (β1 = 6.87, P = 0.031). A TND value of 0 means the two species are sown and harvested simultaneously, while a TND value of 1 means no overlap, i.e. double cropping. Double cropping was not considered in the data set as it is not intercropping.",NA,NA,NA,NA,NA,NA,NA,NA
Crop residue management,10.1007/s11104-021-04881-5,Carbon sequestration,Duration of litter removal,"Soil C content declined markedly with increasing duration of litter removal, whereas the posi- tive effect of litter addition attenuated over time.",NA,NA,NA,NA,NA,NA,NA,NA,NA,NA,NA,NA,NA,NA
Agroforestry practices and systems,10.1007/s11104-023-06385-w,Carbon sequestration,Tree species selection,NA,Water management,NA,Climate zone,NA,NA,NA,NA,NA,NA,NA,NA,NA,NA,NA
Agroforestry practices and systems,10.1007/s11104-023-06385-w,Soil biological quality,Tree species selection,NA,Water management,NA,Climate zone,NA,NA,NA,NA,NA,NA,NA,NA,NA,NA,NA
Agroforestry practices and systems,10.1007/s11104-023-06385-w,Soil erosion,Tree species selection,NA,Water management,NA,Climate zone,NA,NA,NA,NA,NA,NA,NA,NA,NA,NA,NA
Agroforestry practices and systems,10.1007/s11104-023-06385-w,Soil nutrients,Tree species selection,NA,Water management,NA,Climate zone,NA,NA,NA,NA,NA,NA,NA,NA,NA,NA,NA
Agroforestry practices and systems,10.1007/s11104-023-06385-w,Soil physico-chemical quality,Tree species selection,NA,Water management,NA,Climate zone,NA,NA,NA,NA,NA,NA,NA,NA,NA,NA,NA
Agroforestry practices and systems,10.1007/s11104-023-06385-w,Soil water retention,Tree species selection,NA,Water management,NA,Climate zone,NA,NA,NA,NA,NA,NA,NA,NA,NA,NA,NA
Water-saving irrigation practices in non-flooded lands,10.1007/s11269-022-03278-y,Crop yield,Precipitations,"The results showed that the wheat yield decreased most significantly in average years (ES=-0.489, 95% CI [-0.891, -0.086]), while the production cut was not significant in dry and wet years. The yield reduction of maize was most significant in dry years (ES=-0.705, 95% CI [-0.983, 0.428]), and did not change significantly under DI in wet years",Region/geographic area,"Except for Central China (ES = 0.79, 95% CI [-1.46, 3.04]), the wheat yield ES of the rest of the planting regions was negative, and the overall yield was significantly reduced (ES=-0.37, 95% CI [-0.63, -0.10]). For maize, the overall effect of yield was negative (ES=-1.39, 95% CI [-1.8, -0.99]), with great heterogeneity among groups (P < 0.05). The effect of yield reduction was most significant in Eastern China (ES=-5.79, 95% CI [-8.29, -3.29]).",Irrigation volume,The effect of maize yield reduction was not significant (95% CI including zero values) when the water supplement was greater than 70% FI in the growth period,Irrigation times,"The yield decreased to different degrees after the crops were irrigated once or twice (irrigating twice in North China was excluded, ES = 0.729, 95% CI [-0.616, 2.074]).",Irrigation stages,"For wheat, Yield (ES = 0.013) could be increased by irrigating in the jointing and flowering stages in East China. In Central China, higher yields (ES = 0.059) were obtained by irrigating in the overwintering and jointing stages. In North China, the yield effect was the largest when irrigation was applied at the jointing and milking stage or the jointing and heading stage. The yields (ES = 0.238) was the largest when irrigation was applied at the overwintering and greening stages in Northwest China",NA,NA,NA,NA,NA,NA
Water-saving irrigation practices in non-flooded lands,10.1007/s11269-022-03278-y,Water use,Precipitations,"WUE had the largest increase in dry years for wheat (ES = 1.341, 95% CI [0.125, 2.557]), WUE increased significantly in average years for maize (ES = 4.27, 95% CI [2.17, 6.38]), and it did not change significantly under DI in wet years.",Region/geographic area,"The WUE of wheat showed a positive effect (ES = 0.81, 95% CI [0.47, 1.14]), with the most significant effect in Northwest China (ES = 1.48, 95% CI [0.07, 2.88]). The overall effect of maize WUE was positive (ES = 0.32, 95% CI [0.01, 0.63]), but the comprehensive effect of each region was not significant (95% CI including zero values).",Irrigation volume,"the WUE effect size for wheat in different areas was positive under the G2 (100–200 mm) level and increased the most compared with that under G4 (≥ 300 mm). For maize, WUE was significantly increased when the water obtained in the field was greater than 80% FI in the whole growth period under DI.",Irrigation times,"In East China and North China, the effect value of WUE was the largest when the crops were irrigated twice during the growth period and once in Northwest China.",Irrigation stages,"For wheat, WUE (ES = 0.327) could be increased by irrigating in the jointing and flowering stages in East China. In Central China, higher WUE (ES = 0.528) was obtained by irrigating in the overwintering and jointing stages. In North China, the WUE effect was the largest when irrigation was applied at the jointing and milking stage or the jointing and heading stage. The WUE (ES = 2.464) was the largest when irrigation was applied at the overwintering and greening stages in Northwest China",NA,NA,NA,NA,NA,NA
Wetland conservation and restoration,10.1007/s11273-014-9360-8,Biodiversity,Intensity of hydrological alteration,"The disturbance class representing the strongest disturbance did show the largest pooled effect size, while lesser disturbance led to smaller (non-significant) effects, which was consistent for the mean species abundnace (MSA) and the LR of species richness. Increase in the intensity of hydrological alteration tends to lead to more drastic deviation from the reference state.",NA,NA,NA,NA,NA,NA,NA,NA,NA,NA,NA,NA,NA,NA
Livestock feeding techniques,10.1007/s11356-018-3878-x,GHG emissions,NA,NA,NA,NA,NA,NA,NA,NA,NA,NA,NA,NA,NA,NA,NA,NA
Water-saving irrigation practices in non-flooded lands,10.1007/s11356-020-08322-1,Crop yield,NA,NA,NA,NA,NA,NA,NA,NA,NA,NA,NA,NA,NA,NA,NA,NA
Cover and catch crops; Water-saving irrigation practices in non-flooded lands,10.1007/s11356-020-08322-1,Nutrient leaching and run-off,NA,NA,NA,NA,NA,NA,NA,NA,NA,NA,NA,NA,NA,NA,NA,NA
Agroforestry practices and systems; Landscape features,10.1007/s11356-020-08988-7,Carbon sequestration,NA,NA,NA,NA,NA,NA,NA,NA,NA,NA,NA,NA,NA,NA,NA,NA
Agroforestry practices and systems; Landscape features,10.1007/s11356-020-08988-7,Soil nutrients,NA,NA,NA,NA,NA,NA,NA,NA,NA,NA,NA,NA,NA,NA,NA,NA
Soil amendment with lime and gypsum,10.1007/s11368-018-2120-2,Crop yield,Crop species,"The largest percentage change of yield occurred for legume forages (Fabaceae spp.), while the smallest was reported for tobacco with percentage changes of 410.4% and 4.7%, respectively",Plowing,Plow increased both effect size and variances.,Soil texture,"The liming effect size on yield in silty soils was significantly higher than in clayey, loamy, and sandy soils by 306%, 295%, and 186%, respectively",NA,NA,NA,NA,NA,NA,NA,NA,NA,NA
Soil amendment with lime and gypsum,10.1007/s11368-018-2120-2,Soil nutrients,NA,NA,NA,NA,NA,NA,NA,NA,NA,NA,NA,NA,NA,NA,NA,NA
Soil amendment with lime and gypsum,10.1007/s11368-018-2120-2,Soil physico-chemical quality,Liming rate,"Liming rate was the most important factor for changes in the response ratio of soil pH in field-based experiments, followed by initial SOM, initial soil pH, and liming methods",Scale of experiment,The effect of liming on soil pH was more pronounced in pot conditions than in field conditions by 36%,Time scale,The effect size of liming on soil pH decreased from < 3- to 3–6-year studies.,Soil organic matter,Soil organic matter (SOM) < 10 g kg−1 had a significantly higher effect than SOM > 30 g kg−1.,Soil texture,The liming effect size in sandy soil was 32% higher than in clayey soils.,NA,NA,NA,NA,NA,NA
Crop residue management,10.1007/s11368-019-02498-x,Pests and diseases,NA,NA,NA,NA,NA,NA,NA,NA,NA,NA,NA,NA,NA,NA,NA,NA
Soil amendment with biochar,10.1007/s11368-020-02726-9,Heavy metals pollution,NA,NA,NA,NA,NA,NA,NA,NA,NA,NA,NA,NA,NA,NA,NA,NA
Wetland conservation and restoration,10.1007/s12237-019-00536-y,Biodiversity,Time since tretament,"For restored sites older than 5 years, the regression had a slightly negative slope, but the CI is nearly symmetric around zero, suggesting that no further recovery of vegetation cover was occurring over time. The mean RR for aboveground biomass shows a pattern ofconvergence toward zero (equality), and then continues with a decreasing trend (restored values below reference values) at older restored sites.",NA,NA,NA,NA,NA,NA,NA,NA,NA,NA,NA,NA,NA,NA
Wetland conservation and restoration,10.1007/s12237-019-00536-y,Carbon sequestration,Time since tretament,"At restored sites older than 15 years, the fitted regression shows little change in RR.",NA,NA,NA,NA,NA,NA,NA,NA,NA,NA,NA,NA,NA,NA
Wetland conservation and restoration,10.1007/s12237-019-00536-y,Soil nutrients,Time since tretament,"At restored sites older than 15 years, the fitted regression shows little change in RR.",NA,NA,NA,NA,NA,NA,NA,NA,NA,NA,NA,NA,NA,NA
Wetland conservation and restoration,10.1007/s12237-019-00630-1,Biodiversity,Time since tretament,Nekton and crustaceans improved with more than 5 years after restoration.,NA,NA,NA,NA,NA,NA,NA,NA,NA,NA,NA,NA,NA,NA
Landscape features; Wetland conservation and restoration,10.1007/s13280-020-01345-5,Water quality,NA,NA,NA,NA,NA,NA,NA,NA,NA,NA,NA,NA,NA,NA,NA,NA
Landscape features,10.1007/s13593-015-0301-6,Water quality,NA,NA,NA,NA,NA,NA,NA,NA,NA,NA,NA,NA,NA,NA,NA,NA
Leguminous crops,10.1007/s13593-015-0336-8,Crop yield,NA,NA,NA,NA,NA,NA,NA,NA,NA,NA,NA,NA,NA,NA,NA,NA
No tillage and reduced tillage,10.1007/s13593-016-0354-1,Carbon sequestration,NA,NA,NA,NA,NA,NA,NA,NA,NA,NA,NA,NA,NA,NA,NA,NA
No tillage and reduced tillage,10.1007/s13593-016-0354-1,Crop yield,NA,NA,NA,NA,NA,NA,NA,NA,NA,NA,NA,NA,NA,NA,NA,NA
No tillage and reduced tillage,10.1007/s13593-016-0354-1,Pests and diseases,NA,NA,NA,NA,NA,NA,NA,NA,NA,NA,NA,NA,NA,NA,NA,NA
Cover and catch crops; Leguminous crops,10.1007/s13593-016-0397-3,Nutrient leaching and run-off,NA,NA,NA,NA,NA,NA,NA,NA,NA,NA,NA,NA,NA,NA,NA,NA
Organic farming systems,10.1007/s13593-017-0455-5,Crop yield,NA,NA,NA,NA,NA,NA,NA,NA,NA,NA,NA,NA,NA,NA,NA,NA
Cover and catch crops,10.1007/s13593-018-0546-y,Soil physico-chemical quality,NA,NA,NA,NA,NA,NA,NA,NA,NA,NA,NA,NA,NA,NA,NA,NA
Organic fertilisation,10.1007/s13593-019-0579-x,Crop yield,Organic fertiliser type,Vermicompost from cattle manure provided higher effect sizes for commercial yield than vermicompost from green waste.,Mineral fertiliser addition,Decreases the positive effect of vermicompost on commercial yields.,Plant family,"The strongest positive effect of vermicompost was on Lamiaceae, Solanaceae and Poaceae families.",Plant functional type,The addition of vermicompost to the soil had a positive effect on herbs and grasses yields.,NA,NA,NA,NA,NA,NA,NA,NA
Leguminous crops,10.1007/s13593-019-0589-8,Carbon sequestration,Soil type,"Correlation between SOC and total N (rs 0.433, N = 45, P < 0.05), and SOC and available P (rs = 0.277, N = 49, P < 0.05) were positive and significant.",NA,NA,NA,NA,NA,NA,NA,NA,NA,NA,NA,NA,NA,NA
Leguminous crops,10.1007/s13593-019-0589-8,Crop yield,Soil type,"yields were two times higher under agroforestry with Acrisols, Cambisols, Lixisols, Luvisols, and Nitisols compared to controls. These soils also had the highest number of cases with RR > 1. On the contrary, Arenosols and Andosols had some occurrences where the RR was less than 1.",Soil nutrients,"Positive and significant correlations were found between crop yield and available P (rs = 0.360, N = 34, P < 0.05), suggesting that soil nutrient availability was a main driver of crop yield in this meta-analysis.",NA,NA,NA,NA,NA,NA,NA,NA,NA,NA,NA,NA
Leguminous crops,10.1007/s13593-019-0589-8,Soil nutrients,Soil type,"Effect of soil organic content depends on soil type (no effect on Andosols). Compared to non-agroforestry practices, agroforestry improved total N and available P for all soil types except on Acrisols and Luvisols in the case of total N.",Soil organic carbon,"Correlation between SOC and total N (rs 0.433, N = 45, P < 0.05), and SOC and available P (rs = 0.277, N = 49, P < 0.05) were positive and significant.",Pedo-climate,"Agroforestry also improved total N and available P for all categories of agro-ecological zones (humid, semi-arid) and elevation (Lowland, Highlandand) compared to non-agroforestry practices.",NA,NA,NA,NA,NA,NA,NA,NA,NA,NA
Leguminous crops,10.1007/s13593-019-0589-8,Soil water retention,NA,NA,NA,NA,NA,NA,NA,NA,NA,NA,NA,NA,NA,NA,NA,NA
Leguminous crops,10.1007/s13593-020-00626-3,Animal production,NA,NA,NA,NA,NA,NA,NA,NA,NA,NA,NA,NA,NA,NA,NA,NA
Leguminous crops,10.1007/s13593-020-00626-3,Grassland production,NA,NA,NA,NA,NA,NA,NA,NA,NA,NA,NA,NA,NA,NA,NA,NA
Crop residue management,10.1007/s13593-021-00715-x,GHG emissions,Climate,"Crop residue application significantly stimulated N2O emission by 29.7%, with a significantly higher increase of 35.7% in the temperate zone. In contrast, no significant effect of crop residue application on N2O emission was observed for tropical zones. N2O emission was significantly and positively correlated with latitude, but not with longitude, MAT, and MAP.",Soil pH,"Compared with the control, crop residue application significantly increased N2O emission by 54.0% when soil pH 5.5–6.5, and by 28.9% for soil pH > 7.5",Soil clay content,"Crop residue return caused a particularly strong and significant increase in soil N2O emissions except for soil with clay texture, indicating that clay content is an important determinant of the soil N2O emission response to crop residue application.",NA,NA,NA,NA,NA,NA,NA,NA,NA,NA
Crop residue management,10.1007/s13593-021-00715-x,Nutrient leaching and run-off,Climate,"NO3− leaching had a significant and positive relationship with longitude, but no significant relationship with latitude, MAT, and MAP.",Soil pH,"crop residue application mitigated soil NO3− leaching, and the decrease was significant for soil pH 6.5–7.5",Soil texture,"Compared with the control, NO3− leaching from sandy loam, silty clay loam, and silt loam showed a significant negative response to crop residue application, with a decrease of 32.4%, 32.0%, and 39.5%, respectively",Mineral fertiliser addition,"Nitrogen fertiliser composition significantly controlled the effect size of crop residue application on NO3− leaching. Application of NPK fertiliser increased the lnRR++ of NO3− leaching by 19.8%, whereas it was significantly decreased by 21.9% with application of single N fertiliser (Fig. 5a; Table S3). Among the different forms of synthetic N fertilisers, NH4NO3 significantly decreased NO3− leaching by 23.2% (Fig. 5a; Table S3). In contrast, the effect of urea did not significantly change the effect of crop residue application on NO3− leaching. The analysis also revealed that when the fertiliser was applied only once during the growing season, NO3− leaching was significantly reduced by 58.1%.",NA,NA,NA,NA,NA,NA,NA,NA
Crop residue management; No irrigation,10.1007/s13593-022-00766-8,Crop yield,NA,NA,NA,NA,NA,NA,NA,NA,NA,NA,NA,NA,NA,NA,NA,NA
Crop residue management; No irrigation,10.1007/s13593-022-00766-8,Water use,Irrigation amount,the wheat WUE significantly increased when the irrigation amount was 80–160 mm and  decreased when the irrigation amount was > 160 mm (p < 0.05).,Annual temperature,"When the mean annual temperature was ≥ 13°C, irrigation significantly increased the wheat WUE by 5% compared with rain-fed wheat (p <0.05; no effect below 13°C).",Irrigation timing,"Two irrigations can significantly increase the wheat WUE by 5% (p < 0.05), compared with no irrigation. One irrigation had no effect, >2 times had a negative effect on WUE.",N fertilization,"When the nitrogen application rate was at a level of 220–250 kg·ha−1, a significant increase of 6% in the WUE was observed. Below or above this range, irrigation had a negative effect on WUE. Zero nitrogen applications significantly decreases the wheat WUE  compared with no irrigation. >0 times had no effect on WUE. A significant negative relationship was observed between basal-topdressing ratio and the ln Rs of WUE.",Annual precipitation,"When the mean annual precipitation was > 625 mm, irrigation significantly decreased the wheat WUE compared with rain-fed wheat (no effect below 625). When the mean seasonal precipitation was > 140 mm, irrigation significantly decreased the wheat WUE compared with rain-fed wheat (no effect below 140). When the  annual precipitation was > 580 mm, irrigation significantly increased the wheat WUE compared with rain-fed wheat (negative effect below 580). When the seasonal irrigation amount+ precipitation (mm) was < 240 mmirrigation significantly increased the wheat WUE compared with rain-fed wheat (negative effect above 240).",Soil characteristics,"When soil pH was < 8, irrigation significantly decreased the wheat WUE compared with rain-fed wheat (no effect above 8). When soil organic carbon was 7-9 g kg-1 (no effect above or below that range).  The bulk density  was negatively correlated with the ln Rs of WUE.",Experimental duration,"When Experimental duration was > 2 years, irrigation significantly decreased the wheat WUE compared with rain-fed wheat (no effect below 2).",NA,NA
Leguminous crops,10.1007/s13593-022-00816-1,Crop yield,NA,NA,NA,NA,NA,NA,NA,NA,NA,NA,NA,NA,NA,NA,NA,NA
Leguminous crops,10.1007/s13593-022-00816-1,Cropping system productivity,Type of legume,"The LER varied with the grain legume species, and it was higher for maize/peanut intercrop in Africa (1.50 ± 0.05) compared with China (1.03 ± 0.02). China’s maize/soybean LER was 1.38 ± 0.03 compared with 1.35 ± 0.02 of the Africa. For China, the maize/faba bean LER was 1.31 ± 0.04 and that for maize/pea was 1.47 ± 0.03. For Africa, the LER for maize/cowpea was 1.37 ± 0.03 and that for maize/common bean was 1.34 ± 0.03. The net effect was significantly higher in China (2.43 ± 0.02) than in Africa (0.79 ± 0.01) for maize/soybean. Similarly, the net effect was 1.45 ± 0.06 for China and 0.61 ± 0.02 for Africa in maize/peanut intercrops. In China, net effect was high for maize/faba bean (2.30 ± 0.29) while it was lowest for maize/peanut (1.45 ± 0.03). The highest net effect was observed in maize/common bean (1.89 ± 0.05), and the lowest in maize/peanut (0.70 ± 0.01) for Africa.",Type of intercropping,"The LER for strip intercropping was 1.43 ± 0.03 for China and 1.30 ± 0.05 for Africa. Alternate row intercropping had a LER of 1.37 ± 0.02 for Africa and 1.10 ± 0.02 for China. Mixed intercropping had a LER of 1.48 ± 0.04 while that of relay intercropping was 1.35 ± 0.04 for Africa. Relay-strip intercropping was unique to China, with the highest LER (1.65 ± 0.26). The results on net effect indicated that China’s alternate row intercropping provides a higher net effect (1.03 ± 0.02) than Africa’s 0.90 ± 0.01 (Fig. 4b). While relay-strip and strip had higher net effect in China, the net effect was significantly lower in both strip (0.56 ± 0.03) and mixed intercropping (0.71 ± 0.01) for Africa. Africa’s relay intercropping had a higher net effect (2.34 ± 0.13) than other systems.",Geographical location,"When comparing China and Africa, the LER and net effect in strip intercropping were higher for China than for Africa.",NA,NA,NA,NA,NA,NA,NA,NA,NA,NA
Leguminous crops,10.1007/s13593-022-00816-1,Plant nutrient uptake,NA,NA,NA,NA,NA,NA,NA,NA,NA,NA,NA,NA,NA,NA,NA,NA
Agroforestry practices and systems,10.1007/s13593-023-00927-3,Crop yield,Tree Species,"Average change is −26.07%, ranging from −75.78% (ash) to +3.30% (walnut).",Tree Cover,"Average change is −23.95%, with high cover at −33.47% and low cover at −8.24%.",Crop Species,"Average change is −24.26%, from −80.78% (faba bean) to +13.11% (winter wheat).",Management,"Average change is −24.42%, from −52.84% (imposed warming/drought) to +16.13%.",NA,NA,NA,NA,NA,NA,NA,NA
Agroforestry practices and systems,10.1007/s13593-023-00927-3,Grassland production,Tree Species,"Average change is −26.07%, ranging from −75.78% (ash) to +3.30% (walnut).",Tree Cover,"Average change is −23.95%, with high cover at −33.47% and low cover at −8.24%.",Crop Species,"Average change is −24.26%, from −80.78% (faba bean) to +13.11% (winter wheat).",Management,"Average change is −24.42%, from −52.84% (imposed warming/drought) to +16.13%.",NA,NA,NA,NA,NA,NA,NA,NA
Organic fertilisation,10.1016/S2095-3119(17)61673-3,Carbon sequestration,NA,NA,NA,NA,NA,NA,NA,NA,NA,NA,NA,NA,NA,NA,NA,NA
Organic fertilisation,10.1016/S2095-3119(17)61673-3,Crop yield,NA,NA,NA,NA,NA,NA,NA,NA,NA,NA,NA,NA,NA,NA,NA,NA
Organic fertilisation,10.1016/S2095-3119(17)61673-3,GHG emissions,NA,NA,NA,NA,NA,NA,NA,NA,NA,NA,NA,NA,NA,NA,NA,NA
Organic fertilisation,10.1016/S2095-3119(17)61673-3,Soil nutrients,NA,NA,NA,NA,NA,NA,NA,NA,NA,NA,NA,NA,NA,NA,NA,NA
Soil amendment with biochar,10.1016/bs.agron.2017.11.005,Crop yield,Soil pH,"With the BC addition, an increase of grain yield with medium effect size values was estimated in the different ranges ofsoil pH (neutral, acidic, and very acidic; 0.414–0.553 E+).",NA,NA,NA,NA,NA,NA,NA,NA,NA,NA,NA,NA,NA,NA
Soil amendment with biochar,10.1016/bs.agron.2017.11.005,GHG emissions,Biochar feedstock,"Feedstock type showed negative or positive medium effect size (-0.467 E- to 0.776 E+) on cumulative CO2 emission from rice paddies. Rice husk BC increased the cumulative CO2 emission by 12.8% with a large E+ value of 3.2. In contrast, the BCs derived from wood and manure/ sludge feedstocks reduced cumulative CO2 emission from rice paddy soils with significant effects (-2.57 to -6.74 E-). The largest decrease (23.6%) in cumulative CO2 emission was measured following the application of wood BC, compared to the control. The BCs derived from rice husk and maize straw significantly reduced cumulative CH4 emission (-0.331 to -8.017 CI95%). Other than maize straw and rice husk BCs, a feedstock type of BC led to insignificant changes in cumulative CH4 emission with a negative medium N2O emission by an average of26.1% with E? values of?0.692 to ?0.863 effect size <0.39 E-. A feedstock type ofBC decreased cumulative N2O emission by an average of 26.1% with E- values of -0.692 to -0.863.",Biochar pyrolysis temperature,NA,Biochar application rate,NA,NA,NA,NA,NA,NA,NA,NA,NA,NA,NA
Soil amendment with biochar,10.1016/bs.agron.2017.11.005,Heavy metals pollution,Biochar feedstock,"Feedstock type showed negative or positive medium effect size (-0.467 E- to 0.776 E+) on cumulative CO2 emission from rice paddies. Rice husk BC increased the cumulative CO2 emission by 12.8% with a large E+ value of 3.2. In contrast, the BCs derived from wood and manure/ sludge feedstocks reduced cumulative CO2 emission from rice paddy soils with significant effects (-2.57 to -6.74 E-). The largest decrease (23.6%) in cumulative CO2 emission was measured following the application of wood BC, compared to the control. The BCs derived from rice husk and maize straw significantly reduced cumulative CH4 emission (-0.331 to -8.017 CI95%). Other than maize straw and rice husk BCs, a feedstock type of BC led to insignificant changes in cumulative CH4 emission with a negative medium N2O emission by an average of26.1% with E? values of?0.692 to ?0.863 effect size <0.39 E-. A feedstock type ofBC decreased cumulative N2O emission by an average of 26.1% with E- values of -0.692 to -0.863.",Biochar application rate,NA,NA,NA,NA,NA,NA,NA,NA,NA,NA,NA,NA,NA
Cover and catch crops; Green manure; Leguminous crops,10.1016/j.agee.2005.07.003,Crop yield,Soil type,NA,Tillage,NA,Climate,NA,Cover crop phenology,NA,Mineral fertilisation rate,"compared to low inorganic fertilizer application, legume systems averaged a 5% yield improvement. As a result, the overall effect size under all fertilizations tested was a 7% decline in yield in legume relative to conventional systems.",NA,NA,NA,NA,NA,NA
Green manure; Leguminous crops; Cover and catch crops,10.1016/j.agee.2005.07.003,Nutrient leaching and run-off,N cover crop input to soil,NA,NA,NA,NA,NA,NA,NA,NA,NA,NA,NA,NA,NA,NA,NA
Landscape features,10.1016/j.agee.2006.03.029,Nutrient leaching and run-off,NA,NA,NA,NA,NA,NA,NA,NA,NA,NA,NA,NA,NA,NA,NA,NA
Landscape features,10.1016/j.agee.2006.03.029,Soil erosion,NA,NA,NA,NA,NA,NA,NA,NA,NA,NA,NA,NA,NA,NA,NA,NA
Peatland management,10.1016/j.agee.2008.12.004,Crop yield,Soil P test at the beginning of the experimemt,"On organic soils with low soil test P, P fertilization increased crop yields to a larger extent than on soils with medium and high soil test P, which responded negligibly to P fertilization.",Productivity without P fertilisation,"Cereal responses to P fertilization varied depending on productivity on organic soils (Qb = 42.9, d.f. = 2, P = 0.0002). When productivity was less than 2000 kg/ha, the yield increase due to P fertilization was up to fourfold compared to that found in the case of higher productivity.",P application rate,"Phosphorus application rates of 6–15 kg/ha (mean 13 kg/ha) significantly increased cereal yields by 23% on organic soils compared to the control. However, no further yield benefits were obtained at higher P rates. Similarly, in the case of grasses, maximum grass yield increases were obtained with the lowest P applications, with no further yield increases above P rates of 6–15 kg/ha.",NA,NA,NA,NA,NA,NA,NA,NA,NA,NA
No tillage and reduced tillage,10.1016/j.agee.2010.08.006,Carbon sequestration,Cropping system,"The types of cropping systems affected the impacts of NT on soil C change with depth. NT with double cropping systems (two crops per year) caused more C accumulation in the surface 0-20 cm soil layers and less C decline in the 20-30 cm soil layer. When the total soil C to 60 cm depth is considered, NT led to significant increase in soil C (10.94%) only when double cropping was practiced. In all the single cropping systems, with increasing number of crop species in rotation, NT led to less increase in soil C in the surface 10 cm of soil and more decline in soil C at the 20-30 cm depth. As a result, net change of total soil C stock would change from positive to negative with increasing depth to 60 cm. For all the single cropping systems, the relative change of total soil C to the 60 cm depth (4.69%, 3.20% and -2.94% for monoculture, two and three crop types respectively) did not significantly differ from zero.",NA,NA,NA,NA,NA,NA,NA,NA,NA,NA,NA,NA,NA,NA
Organic farming systems,10.1016/j.agee.2011.03.014,Pests and diseases,Pests type,NA,Crop type,NA,Presence of pest management,NA,Experiment scale,"The scale of the experiments had an impact on the measured natural enemy response, with a significant positive mean effect size shown by natural enemies in farm scale studies (Fig. 2e). Field scale studies showed an opposing response although this was not significant.",NA,NA,NA,NA,NA,NA,NA,NA
Organic fertilisation,10.1016/j.agee.2011.08.020,Soil biological quality,Climate,The use of organic amendments increased microbial C more in mid latitude studies (55%) than in high (30%) and low (26%) latitude studies.,Organic fertiliser type,The type of amendment strongly influenced microbial carbon responses to organic inputs. Cattle manure increased microbial carbon (58%) more than both poultry and unspecified farm yard manure and was the only amendment that improved the microbial carbon response above the overall mean.,NA,NA,NA,NA,NA,NA,NA,NA,NA,NA,NA,NA
Organic fertilisation,10.1016/j.agee.2012.09.006,GHG emissions,Tillage,The lower mean cumulative emissions registered for tilled is opposed to no-tilled or minimum-tilled treatments.,Water management,"Irrigation is associated to the intensification in N inputs, and in Mediterranean cropping systems it usually takes place in late spring and summer, when temperatures are highest. Therefore, the most relevant physical properties of the soil (temperature and water and N availability) are optimal for N2O production during the cropping season.",N application rate,"A clear relationship between fertilizer dose and N2O emissions could be observed in EF, but not in cumulative emissions.",Crop type,Winter cereals and legumes exhibit exceptionally low N2O emission levels. The highest emissions were registered for maize.,NA,NA,NA,NA,NA,NA,NA,NA
Water-saving irrigation practices in flooded lands,10.1016/j.agee.2012.10.009,Crop yield,NA,NA,NA,NA,NA,NA,NA,NA,NA,NA,NA,NA,NA,NA,NA,NA
Water-saving irrigation practices in flooded lands,10.1016/j.agee.2012.10.009,GHG emissions,NA,NA,NA,NA,NA,NA,NA,NA,NA,NA,NA,NA,NA,NA,NA,NA
Landscape features,10.1016/j.agee.2012.12.010,Crop yield,Tree functional group,The tree functional groups had a significant effect on effect sizes (P < 0.0001).,NA,NA,NA,NA,NA,NA,NA,NA,NA,NA,NA,NA,NA,NA
Agroforestry practices and systems; Leguminous crops,10.1016/j.agee.2012.12.010,Grassland production,precipitation; Precipitation,"eucalyptus competition and N-fixing facilitation increase in the driest conditions and eucalyptus has negative effect on pasture yields in dry conditions.; Eucalyptus competition and N-fixing facilitation increase in the driest conditions and eucalyptus has negative effect on pasture yields in dry conditions. Linear mixed-models within each tree functional group revealed significant effect of annual precipitation for the Eucalyptus (QM = 12.16, d.f. = 1, P = 0.0005) and N-fixing (QM = 9.04, d.f. = 1, P = 0.0026) groups. A positive linear relationship (r2 = 0.35) between effect size and annual precipitation was found for the Eucalyptus group, while a negative linear relationship (r2 = 0.61) was found for the N2-fixing group.",Type of trees,eucalyptus competition and N-fixing facilitation increase in the driest conditions and eucalyptus has negative effect on pasture yields in dry conditions.,NA,NA,NA,NA,NA,NA,NA,NA,NA,NA,NA,NA
Organic farming systems; Organic fertilisation; No tillage and reduced tillage,10.1016/j.agee.2013.02.003,Carbon sequestration,C input; Organic fertiliser type; Land use,"Compost, either applied alone or in combination with cover crops, is the input associated to highest increases in SOC and in C sequestration rate. Manure application obtains poorer results, being the increase in C sequestration rate over conventional non-significant when this amendment is applied alone, while when manure is combined with cover crops, the increase is higher and significant.; The relatively lower effect of NT on SOC is influenced by the inclusion of 5 woody crops treatments. SOC increased by 18.2% (N = 28) under NT in herbaceous crops, but decreased by 22.9% (N = 5) in woody crops.",Soil disturbance; Organic fertiliser application rate,"C input rate had a significant correlation with C sequestration rate in the reviewed studies (R, Spearman = 0.74, p < 0.001). In many cases, SOC sequestration was higher than 50% of added C input, and in some cases it was even higher than 100%.",Tillage intensity,SOC content and C sequestration rate are significantly higher than in conventional soils for conservation tillage categories.,NA,NA,NA,NA,NA,NA,NA,NA,NA,NA
Water-saving irrigation practices in non-flooded lands; Cover and catch crops; Leguminous crops,10.1016/j.agee.2013.04.018,Crop yield,NA,NA,NA,NA,NA,NA,NA,NA,NA,NA,NA,NA,NA,NA,NA,NA
Water-saving irrigation practices in non-flooded lands; Cover and catch crops; Leguminous crops,10.1016/j.agee.2013.04.018,Nutrient leaching and run-off,Water management,"Observations were distributed between the various irrigation types: 23 for surface, 24 for sprinkle, 14 for central pivot and 54 for drip irrigation. Within a given irrigation type adopting a strategy to control NL had a positive effect, with largest effects achieved when mitigating strategies were implemented for surface irrigation and smallest effects when drip irrigation was used. This means that on average there is more potential for controlling NL in surface than in drip irrigated systems, with sprinkle and central pivot systems presenting intermediate opportunities for reductions in NL.",NA,NA,NA,NA,NA,NA,NA,NA,NA,NA,NA,NA,NA,NA
Cover and catch crops; Leguminous crops,10.1016/j.agee.2013.04.018,Plant nutrient uptake,NA,NA,NA,NA,NA,NA,NA,NA,NA,NA,NA,NA,NA,NA,NA,NA
Cover and catch crops; Leguminous crops,10.1016/j.agee.2015.01.023,Crop yield,Soil type,"Compared to controls, the effect of non-legume catch crops on grain yields tended to vary between soil textures (QB = 1.8, P = 0.06, df = 2): –8% (–10% to –3% CI, n = 11) on loam; –1% (–6% to –1% CI, n = 3) on clay, and no statistically significant change (3%, –10% to 15% CI, n = 4) on sandy soils. In contrast, the effect of legume catch crops showed no difference between the soil types (QB = 0.02, P = 0.9, df = 1).",N fertilisation rate,"Meta-regression indicated that the grain yield responses to the catch crops depended on N application rates (Fig. 4). At low N rates, catch crops had a positive effect; at 60 kg N ha−1, for example, the yield rose to 8% over that of the controls with no catch crops. In contrast, at 95 kg N ha−1, the yield response declined compared to that of the controls, and at 120 kg N ha−1, it dropped to –6%.",NA,NA,NA,NA,NA,NA,NA,NA,NA,NA,NA,NA
Cover and catch crops; Leguminous crops,10.1016/j.agee.2015.01.023,Nutrient leaching and run-off,NA,NA,NA,NA,NA,NA,NA,NA,NA,NA,NA,NA,NA,NA,NA,NA
Water-saving irrigation practices in flooded lands; Livestock feeding techniques,10.1016/j.agee.2015.04.035,GHG emissions,NA,NA,NA,NA,NA,NA,NA,NA,NA,NA,NA,NA,NA,NA,NA,NA
Enhanced efficiency fertilisers; Grassland management,10.1016/j.agee.2015.09.030,GHG emissions,Crop type,"On average, the largest inhibitor effect was for grassland systems (40.8%, 95% confidence interval (CI) 29.0% to 52.9%) followed by cropland (34.3%, 95% CI 23.6% to 46.0%). Paddy (26.5%, 95% CI 5.5% to 47.6%) and upland systems (27.0%, 95% CI 16.5% to 36.9%) showed the lowest inhibitor effect.",Soil texture and pH,"On average NI, application reduced N2O emissions and this effect varied with soil type: the inhibitor effect on sandy clay loam was 50.0%, on silt loam was 45.8%, on clay was 43.9%, on sandy loam was 42.9%, on clay loam was 37.8%, silty clay loam was 36.2% and on loam was 32.3%.",Fertiliser type,"The inhibitory effect depended on fertiliser type resulting in: 51.8% for calcium amonium nitrate (CAN), 48.0% for urine, 46.0% for urea (U), 42.6% for cattle slurry (CS), 33.9% for amonium sulphate nitrate (ASN), 31.2% for pig slurry (PS), 30.5% for amonium nitrate (AN), 30.0%  for amonium sulphate (AS), 24.4% for nitrophoska+U and 10.1% for potassium nitrate (PN) (only one data point).",NA,NA,NA,NA,NA,NA,NA,NA,NA,NA
Leguminous crops; Conservation agriculture systems,10.1016/j.agee.2016.01.005,Carbon sequestration,NA,NA,NA,NA,NA,NA,NA,NA,NA,NA,NA,NA,NA,NA,NA,NA
Grazing management,10.1016/j.agee.2016.01.026,Carbon sequestration,Grazing intensity,"SOC was significantly reduced by 13% when the grassland was heavily degraded (i.e. grazed) and 7% when moderately degraded. This resulted in a trend of declining differences in SOC stocks between degraded and non-degraded grasslands, with no differences between degraded and non-degraded grasslands when the grasslands were lightly grazed.",Mean annual precipitation,Changes in SOC stocks induced by grassland degradation were found to be significantly and negatively correlated with mean annual temperature with areas receiving 600 mm or less of rain per year showing a greater decline in SOC stocks (-16%) than areas receiving 600–1000 mm (-1%).,Mean annual temperature,"Grassland degradation (i.e. grazing) significantly reduced SOC stocks by 35% in sites with temperatures <0ºC, while there was no significant effect on SOC stocks for the 0–10 ºC and >10 ºC mean annual temperature categories.",Soil texture,"Grassland degradation (i.e., grazing) had a significant negative effect on coarser-textured than clayey- textured grassland soils. On average, grassland degradation resulted in a 12% decline in SOC stocks in loamy soils (20–32% clay), 10% in sandy soils (<20% clay) and there was a negligible effect (1%) in soils with a clay content of more than 32%.",Soil pH,"Changes in SOC stocks were the greatest in acidic soils (pH < 5), with an average loss of 14%.",Grass type,The depletion of SOC stocks as a result of grazing was found to be related to plant photosynthetic pathway (C3 for grasses adapted to cool-season conditions vs C4 for grasses adapted to warm-season conditions). Grassland degradation impact on SOC stocks was greater for C3 grasses (-14%) compared to C4 grasses.,NA,NA,NA,NA
Enhanced efficiency fertilisers,10.1016/j.agee.2016.01.044,Crop yield,NA,NA,NA,NA,NA,NA,NA,NA,NA,NA,NA,NA,NA,NA,NA,NA
Enhanced efficiency fertilisers,10.1016/j.agee.2016.01.044,GHG emissions,NA,NA,NA,NA,NA,NA,NA,NA,NA,NA,NA,NA,NA,NA,NA,NA
Grassland management,10.1016/j.agee.2016.02.008,Biodiversity,Geographical area,"In some continents (e.g. Southern Europe) mowing performed better compared to grazing, while in others grazing had a more positive effect (e.g. Central Europe).",Grassland type,"Grazing had a more positive effect in calcareous coastal dunes (d = -0.266), while grazing and mowing had a similar effect in semi-natural grasslands (d = 0.064). Grazing had a more positive effect in lowland grasslands (d = -0.193) while mowing had a more positive effect in mountainous grasslands (d = 0.185).",Organism,Grazing had a more positive effect on e.g. butterflies while grazing and mowing had a similar effect on plants (d = 0.002).,Mowing date,"The effect of grazing was more positive than mowing during summer (d = -0.160), while mowing during autumn had a more positive effect compared to grazing (d = 0.532).",Historical management,"For some historical management methods (e.g. mowing with aftermath grazing) the effect of mowing was more positive, while the effect of grazing was more positive in historically grazed grasslands (d = -0.134).",Recent management,"Grazing had a more positive effect if the recent management was e.g. abandonment and unchanged management, while mowing had a more positive when the previous management was agricultural (e.g. crop field) and mowing (d = 0.163), or when there was no change in management method when the study was initiated (d = 0.274).",NA,NA,NA,NA
Agroforestry practices and systems,10.1016/j.agee.2016.04.011,Carbon sequestration,Age of the system,"Effect on soil carbon sequestration rate diminishes over time, and depends on the type of agroforestry system considered.",Type of agroforestry,"Effect on soil carbon sequestration rate diminishes over time, and depends on the type of agroforestry system considered.",NA,NA,NA,NA,NA,NA,NA,NA,NA,NA,NA,NA
Agroforestry practices and systems,10.1016/j.agee.2016.04.011,GHG emissions,Soil bulk density,"Any reduced net CH4 emissions in agroforestry (i.e. greater uptake) compared with agriculture was probably mainly related to greater soil pore space in soils under agroforestry compared with agricultural fields, as reflected in reduced soil bulk density under agroforestry.",NA,NA,NA,NA,NA,NA,NA,NA,NA,NA,NA,NA,NA,NA
Agroforestry practices and systems,10.1016/j.agee.2016.04.011,Soil nutrients,NA,NA,NA,NA,NA,NA,NA,NA,NA,NA,NA,NA,NA,NA,NA,NA
Agroforestry practices and systems,10.1016/j.agee.2016.04.011,Soil physico-chemical quality,NA,NA,NA,NA,NA,NA,NA,NA,NA,NA,NA,NA,NA,NA,NA,NA
No tillage and reduced tillage,10.1016/j.agee.2016.04.033,Soil erosion,Climate,"Sediment concentration was lower under NT compared to CT in temperate maritime and temperate continental climatic zones, but there were no significant differences in sediment concentration between NT and CT in subtropical and tropical climatic zones. Soil losses were lower under NT compared to CT in temperate maritime and temperate continental climatic zones.",Mean annual precipitation,"Lower sediment concentration under NT was observed in locations receiving >1000 mm and <600 mm mean annual precipitation (77% and 62% for sediment concentration, respectively). Lower soil losses under NT were observed in locations receiving >1000 mm and <600 mm mean annual precipitation.",Mean annual temperature,"Sediment concentration was 56% and 73% lower in NT than CT in areas with mean annual temperature (MAT) <=10°C and 10 < MAT < 20°C, respectively. No significant difference existed between NT and CT were evident at higher mean annual temperature (>20°C). No significant differences in soil losses existed between NT and CT were evident at higher mean annual temperature (>20°C).",Topography,"Sediment concentration under NT were lower relative to CT on moderately steep (10–30%), gently sloping (2–5%) and very gently sloping (1–2%) gradients (79%, 68% and 35% respectively). Sediment concentration under NT were lower than under CT at all examined slope length categories with the largest difference (90%) being in 10–15 m long plots. Soil loss under NT was lower relative to CT on moderately steep (10–30%), gently sloping (2–5%) and very gently sloping (1–2%) gradients. Soil losses under NT were lower than under CT at all examined slope length categories with the largest difference (90%) being in 10–15 m long plots.",Soil texture and soil type,"Sediment concentration under NT was lower than CT in loamy (-71%) and sandy soils (-53%). Sediment concentration under NT compared to CT was 66% lower in soils with bulk density from 1.2 to 1.6 g cm^(-3) while no significant differences in sediment concentration were shown in lighter soils (>=1.2 g cm^-(3)). Soil loss (product of runoff and sediment concentration) in NT was 75% and 68% lower than in CT in loamy and sandy soils, respectively. Lower soil loss under NT than CT (-73%) was confined to soils with 1.2 to 1.6 g cm^(-3) bulk density.",Soil organic carbon,Largest effect of NT on sediment concentration in soils with 1 to 2% of SOC.,Time since treatment,NT only reduced sediment concentration compared to CT in short-term (<5 years) and medium-term (5–10 years) experiments as compared to long term ones. NT only reduced soil losses compared to CT in short-term (<5 years) and medium-term (5–10 years) experiments as compared to long term ones.,Crop type,"Effect of NT on sediment concentration were the lowest for legumes, compared to cereal-legume rotations and cereal mono-crops. Effect of NT on soil losses were the lowest for legumes, compared to cereal-legume rotations and cereal mono-crops."
Agroforestry practices and systems,10.1016/j.agee.2016.06.002,Biodiversity,Pedo-climate,"Bioclimatic area, annual average rainfall, temperature, slope. there was a trend that the ecosystem service benefit of agroforestry tended to decrease with precipitation (slope = −0.001 mm−1) and increase with temperature (slope = 0.164 °C−1)",NA,NA,NA,NA,NA,NA,NA,NA,NA,NA,NA,NA,NA,NA
Agroforestry practices and systems,10.1016/j.agee.2016.06.002,Farming system productivity,NA,NA,NA,NA,NA,NA,NA,NA,NA,NA,NA,NA,NA,NA,NA,NA
Agroforestry practices and systems,10.1016/j.agee.2016.06.002,Grassland production,NA,NA,NA,NA,NA,NA,NA,NA,NA,NA,NA,NA,NA,NA,NA,NA
Agroforestry practices and systems,10.1016/j.agee.2016.06.002,Soil nutrients,NA,NA,NA,NA,NA,NA,NA,NA,NA,NA,NA,NA,NA,NA,NA,NA
Enhanced efficiency fertilisers,10.1016/j.agee.2016.06.038,Crop yield,NA,NA,NA,NA,NA,NA,NA,NA,NA,NA,NA,NA,NA,NA,NA,NA
Enhanced efficiency fertilisers,10.1016/j.agee.2016.06.038,GHG emissions,Aridity,Higher effect in arid than in humid regions,Irrigation,Higher effect under irrigated than rainfed fields.,Soil characteristics,"Soil pH: no effect in acid soils. Soil texture: no effect on area-scaled N2O emission in coarse soil, only significant effect on yield-scaled N2O emissions in fine soil.",N application characteristics,"N application rate: no effect at medium N rates for wheat and maize. N application timing: only significant effect when N was applied after emergence as a top dressing fertilizer. N application placement: positive effect for SBC, negative effect under SB, no effect under BI.",Tillage,"No effect under RT and NT in humid areas, no effect under CT in arid areas",NA,NA,NA,NA,NA,NA
Organic fertilisation,10.1016/j.agee.2016.07.015,Soil biological quality,Organic fertiliser C content,Species richness and total nematode abundance increased with increasing carbon inputs from fertilizers,Organic fertiliser N content,"Greater nitrogen application rates from fertilizers signiﬁcantly reduced the species richness, Shannon’s diversity of nematodes.",NA,NA,NA,NA,NA,NA,NA,NA,NA,NA,NA,NA
Low ammonia emission techniques for mineral fertilisation; Enhanced efficiency fertilisers; Crop residue management,10.1016/j.agee.2016.08.019,Air pollutants emissions,N application rate; UI type,"Increasing N application rate resulted in up to 180.7% increase in NH3 volatilization.; Stronger effect for CHPT, no effect for hydroquinone",CRF type,Stronger effect for for methylene urea,NI type,"DCD application increases NH3 volatilization, while DMPP application had no impact on NH3 volatilization.",NA,NA,NA,NA,NA,NA,NA,NA,NA,NA
Organic fertilisation,10.1016/j.agee.2016.10.024,Carbon sequestration,NA,NA,NA,NA,NA,NA,NA,NA,NA,NA,NA,NA,NA,NA,NA,NA
Organic fertilisation,10.1016/j.agee.2016.11.021,GHG emissions,Organic fertiliser N content,"Pig slurries that contained greater mineral N content (>10% d.w.), more water content (>95%) and low C/N ratio (<5) had larger EFs than more viscous animal slurries (dry matter range of 5–15%), SM (dry matter >15%) or more stabilized products (C/N ratio >30).",Organic fertiliser C/N ratio,The EFs of organic fertilisers and combined organic and mineral fertilisers decreased as the C/N ratio of organic amendment decreased.,Soil texture,N2O emissions were greater in fine-textured than coarse-textured soils.,NA,NA,NA,NA,NA,NA,NA,NA,NA,NA
Soil amendment with biochar,10.1016/j.agee.2017.01.006,Soil biological quality,Time scale,"SMBC was significantly but moderately increased by 26% (CI: 20%–32%) in incubation experiments with durations shorter than 6 months but unchanged in those sustained over 6 months, following biochar addition. Compared to no significant change in the field studies having durations longer than 12 months, SMBC was significantly but largely increased by 34% (CI: 21%–49%) and 35% (CI: 26%–45%) respectively in the pot and field studies having durations less than 12 months.",NA,NA,NA,NA,NA,NA,NA,NA,NA,NA,NA,NA,NA,NA
Landscape features; Agroforestry practices and systems,10.1016/j.agee.2017.04.015,Carbon sequestration,Distance to field edge; hedgerow width to height ratio,"Close to the hedgerows, the SOC stock increased and the magnitude of this positive eﬀect decreased when D/H increased.; Negative influence (−0.52).",NA,NA,NA,NA,NA,NA,NA,NA,NA,NA,NA,NA,NA,NA
Landscape features; Agroforestry practices and systems,10.1016/j.agee.2017.04.015,Crop yield,Distance to field edge; hedgerow width to height ratio,"Crop yield was significatively affected by the ratio between the distance from the hedgerow and the width of hedgerow, with increasing crop yield when the ratio increses. Between D/H = 0.0 and D/H = 2.1 (D/H, which is the ratio of the distance from the hedgerow to the height of the hedgerow). Average relative crop yield in this zone was 79%. At D/H = 0.5, relative crop yield was 68%; at D/H = 1, relative crop yield was 85%. Between D/H = 2.1 and D/H = 20.4, crop yield was positively aﬀected by the hedgerow: at D/H= 2.5 (25 m from a 10- m-high HR), relative crop yield was 103% and at D/H= 5.0 (50 m from a 10-m-high HR), relative crop yield was 109%.; Negative impact at lower D/H values (up to 2.1), positive beyond D/H = 2.1.",NA,NA,NA,NA,NA,NA,NA,NA,NA,NA,NA,NA,NA,NA
Landscape features; Agroforestry practices and systems,10.1016/j.agee.2017.04.015,Nutrient leaching and run-off,Field edge width; hedgerow width to height ratio,"The wider the grass strip, the more P and N were intercepted. As well, the wider the hedgerow, the more N was intercepted.; N Interception (Surface): Positive influence (0.22). N Interception (Subsurface): Positive influence (1.42). P Interception: Positive influence (0.38).
",NA,NA,NA,NA,NA,NA,NA,NA,NA,NA,NA,NA,NA,NA
Landscape features; Agroforestry practices and systems,10.1016/j.agee.2017.04.015,Pests and diseases,hedgerow width to height ratio,Pest Control (Predator Density): Positive influence (2.32). Pest Control (Predator Diversity): Positive influence (1.53). Pest Control (Aphid Density): Positive influence (0.90).,NA,NA,NA,NA,NA,NA,NA,NA,NA,NA,NA,NA,NA,NA
Landscape features; Agroforestry practices and systems,10.1016/j.agee.2017.04.015,Soil erosion,Field edge width; hedgerow width to height ratio,"The wider the grass strip, the more soil sediment was intercepted.; Soil Sediment Interception: Positive influence (1.30).",NA,NA,NA,NA,NA,NA,NA,NA,NA,NA,NA,NA,NA,NA
Grazing management,10.1016/j.agee.2017.08.007,Soil biological quality,Soil depht,"When grouped by soil depth, grazing significantly increased soil microbial community size by 3.12 and 4.00% at 0–10 and>30 cm soil depth. In contrast, grazing significantly decreased soil microbial community size by 8.61 and 15.92% in 10–20 and 20–30 cm soil depth. Then, grazing significantly decreased fungal community size by 16.64, 12.96 and 56.66% at the 10–20, 20–30 and>30 cm soil depth; while it significantly increased fungal community about 22.45% in 10–20 cm soil depth. Lasty, grazing significantly decreased bacterial community size by 8.17, 21.20, 18.12 and 69.52% at 0–10, 10–20, 20–30 and>30 cm soil depth.",Duration of treatment,"Grazing significantly decreased soil microbial community size by 10.43 (< 10 years) and 33.1% (> 20 years), while increased by 22.67% in 10–20 yr under light, moderate and heavy grazing. Specifically, the heavy grazing intensity significantly decreased by 15.74 and 37.38% in>10 yr and>20 yr, respectively, but no significant decrease was found in light, moderate grazing intensity in<10 yr, 10–20 yr and>20 yr.",NA,NA,NA,NA,NA,NA,NA,NA,NA,NA,NA,NA
Leguminous crops,10.1016/j.agee.2017.09.029,Crop yield,Mean yield,"The largest relative increases in grain yields in a cereal crop following a legume were observed when the control yield of continuous cereals was small, and declined exponentially with larger control yields",Agro-ecological areas,"Grain yields of cereals varied among AEZs . Generally, cereals yielded poorly in the Sudano-Sahelian zone, presumably due to low and erratic rainfall leading to soil moisture stress.
Smaller mean yield increases that were not significant were observed after grain legumes in the Sudano-Sahelian zone, as well as the humid forest/derived savannah of West Africa. Studies from the Guinea savannah of West Africa and from southern Africa and East Africa reported larger, significant cereal yield responses to rotation with legumes.",Crop type,"The yield responses of millet and sorghum to a preceding legume were smaller and not significant, in contrast to maize showing larger and significant responses. All legume types had a significant residual effect on cereal yield. A significant interaction between legume type and yield response was observed, and the mean effects from soybean and groundnut were larger than from cowpea",Mineral fertiliser addition,"The application of 15–50 kg N ha−1 reduced the relative response of cereals from 56% (compared to no N applied) to 42%, and applying 60–120 kg N ha−1 further reduced it to 17%. Also the
absolute response declined from 0.54 to 0.32 t ha−1 from no N to 60–120 kg N ha−1 applied. Nevertheless, the yield response to a preceding legume was significant in all N application classes.",NA,NA,NA,NA,NA,NA,NA,NA
Enhanced efficiency fertilisers,10.1016/j.agee.2017.10.008,Crop yield,Fertiliser rate,Yields increase is more evident under suboptimal N rates.,NA,NA,NA,NA,NA,NA,NA,NA,NA,NA,NA,NA,NA,NA
Grazing management,10.1016/j.agee.2017.10.023,Carbon sequestration,Climate,"At all grazing intensity levels, grazing increased SOC stocks under the moist warm climate (+7.6%), but decreased them under the moist cool climate (−19.5%). However, for the dry warm and dry cool climates, only the low (+5.8%) and low to medium (+16.1%) grazing intensities, respectively, led to increases in SOC.",Plant type,"An ANOVA for grass photosynthetic pathway type (C3, C4 and mixed) showed that there was a significant difference (p = 0.003) with C4 grasslands increasing SOC by 0.056 (5.6%; StDev = 0.341), and C3 grasses and mixed grass decreasing SOC by −0.155 (−15.5%; StDev = 0.233) and −0.25 (−25%; StDev = 0.435), respectively.",NA,NA,NA,NA,NA,NA,NA,NA,NA,NA,NA,NA
Grazing management,10.1016/j.agee.2017.10.023,Soil nutrients,NA,NA,NA,NA,NA,NA,NA,NA,NA,NA,NA,NA,NA,NA,NA,NA
Agroforestry practices and systems,10.1016/j.agee.2017.11.032,Carbon sequestration,Time after establishment,Above-ground carbon sequestration varies with time since implementation. This increment is larger if the previous land use is degraded or grassland.,Pedo-climate,"The sequestration potential of the above ground plant components is lower in arid, semiarid, and temperate regions than in tropical regions and in degraded sites, carbon sequestration potential is also lower than in fertile humid sites.",agroforestry type,Values will afterward depend on the agroforestry system.,NA,NA,NA,NA,NA,NA,NA,NA,NA,NA
Landscape features,10.1016/j.agee.2017.12.025,Pollination,NA,NA,NA,NA,NA,NA,NA,NA,NA,NA,NA,NA,NA,NA,NA,NA
Agroforestry practices and systems,10.1016/j.agee.2018.07.014,Carbon sequestration,age of agroforest,NA,soil depth,NA,agroforestry type,NA,pedo-climate,NA,NA,NA,NA,NA,NA,NA,NA,NA
Crop residue management,10.1016/j.agee.2018.07.019,Crop yield,Straw addition rate,Crop yield was positively correlated with the residue application rate.,Duration of treatment,There was significant between-group heterogeneity among the different durations (Qb=24.4; P<0.001). Crop yield after 3–15 y (+10.8%) or 15 y residue application (+14.0%) was significantly greater than that in the first 3 years (+4.6%).,Mineral fertiliser addition,Chemical N fertiliser decreased the positive responses of crop yield to crop residue return,NA,NA,NA,NA,NA,NA,NA,NA,NA,NA
Crop residue management,10.1016/j.agee.2018.07.019,GHG emissions,Cropping system type,"Crop residue returns were found to have an effect in upland fields but not paddy fields, with an increase in N2O emission (+16.6%).",NA,NA,NA,NA,NA,NA,NA,NA,NA,NA,NA,NA,NA,NA
Crop residue management,10.1016/j.agee.2018.07.019,Nutrient leaching and run-off,Cropping system type,"Crop residue returns were found to have an effect in upland fields but not paddy fields, with a decrease in N leaching (−9.1%).",NA,NA,NA,NA,NA,NA,NA,NA,NA,NA,NA,NA,NA,NA
Crop residue management,10.1016/j.agee.2018.07.019,Plant nutrient uptake,NA,NA,NA,NA,NA,NA,NA,NA,NA,NA,NA,NA,NA,NA,NA,NA
Crop residue management,10.1016/j.agee.2018.07.019,Soil biological quality,Cropping system type,Crop residue return was also seen to have a greater stimulating effect on MBN in paddy fields (+61.3%) than in upland fields (+27.0%).,NA,NA,NA,NA,NA,NA,NA,NA,NA,NA,NA,NA,NA,NA
Crop residue management,10.1016/j.agee.2018.07.019,Soil nutrients,Cropping system type,"Crop residue return decreased NO3− concentration by 12.6% in paddy fields, with a minor effect in upland field.",Straw addition rate,Soil total nitrogen was positively correlated with the residue application rate.,Mineral fertiliser addition,Chemical N fertiliser decreased the positive responses of STN to crop residue return.,Type of application,There was significant between-group heterogeneity among different methods of crop residue placement (Qb=4.56; P<0.05). The percent increase in STN pool was marginally higher with the incorporation of crop residues into the soil (12.5%) than with mulching (+7.7%).,NA,NA,NA,NA,NA,NA,NA,NA
No tillage and reduced tillage,10.1016/j.agee.2018.09.002,Crop yield,Climate,"The effect of NT on crop yield in different climates was not consistent. In arid climates, NT soil management caused 10.2% greater crop yield, but in humid climates, NT decreased yield by 7.5%, compared to CT.",Soil texture,"Generally, soil texture had no statistically significant effect on the difference between NT and CT in crop yield.",Soil pH,NT signficantly improved yield (13.1%) in alkaline soils.,N application rate,NT enhanced crop yield (25.2%) at the low fertilizer N rate (< 100 kg N ha−1yr−1).,Crop residue management,Changes in crop yield due to NT were not influenced by residue management.,Tillage duration,The duration of NT had no impact on the differences in crop yield.,Crop type,"Crop yield differences between NT and CT were significant in barley and maize production systems, with barley yield being 49% higher and maize yield 9.3% lower in NT.",NA,NA
No tillage and reduced tillage,10.1016/j.agee.2018.09.002,GHG emissions,Climate,"Compared to CT, NT significantly decreased CO2 emission (-9.9%) in dry climates, but not in humid climates. Significant reductions in soil CH4 emission (-18.9%) with NT occurred in humid climates. NT increased soil CH4 uptake (47%) in humid climates.  Although climate did not significantly affect the difference in N2O emission between the tillage practices, N2O emission in NT was greater (12.3%) than in CT for humid climates.",Soil texture,"In fine textured soils, NT resulted in significantly higher (32.2%) N2O emission.",Soil pH,"With NT, CO2 emission was significantly lower, by 15.3% and 18.4%, in acidic and neutral soils, respectively. No-tillage significantly reduced CH4 emission by 25.2% in acidic soils. A significant decrease (31.2%) was found in CH4 uptake in neutral soils with NT. Differences in N2O emissions between NT and CT were not significantly influenced by soil pH although there was a nearly 15% greater emission from acidic soils in NT. No-tillage decreased GWP by 31.2% in acidic soils. However, with the realization that fluxes of all three GHGs were reported in few studies comparing NT and CT, these results were likely affected by publication bias, and therefore should be interpreted cautiously.",N application rate,"Compared to CT, NT significantly reduced CH4 emission (24.7%) at the medium N fertilizer rate (100–200 kg N/ha/yr). Compared to CT, NT significantly resulted in higher N2O emission (16.7%) at the high fertilizer rate (> 200 kg N/ha/yr).",Crop residue management,"With crop residue removal, CO2 emission was significantly lower (-15.8%) in NT compared to CT. However, with residue retention, there was no significant difference in CO2 emission between the tillage practices.",Tillage duration,"The duration of NT had inconsistent effects on CO2 emission. Emission of CO2 was reduced by 13.3%  with short NT duration, but there was no difference between NT and CT for studies where NT duration was longer than 5 years. The duration of NT had inconsistent effect on CH4 emission. Emission of CH4 was reduced by 21.4% with short NT duration, but there was no difference between NT and CT for studies where NT duration was longer than 5 years.",Crop type,"The difference in CO2 emission between NT and CT was largest with rice, where NT soils emitted 22.5% less CO2 than CT soils. There were no significant differences in CO2 emission between the tillage practices in barley or maize production systems. No tillage reduced CH4 emission in rice production systems by 22.4% , but it increased CH4 uptake in wheat by 31.1% There were no significant differences in CH4 flux between the tillage practices in barley or maize production systems. There were no significant differences in CH4 flux between the tillage practices in barley or maize production systems. Changes in N2O emission between NT and CT were only significantly different with wheat production, where a 15.2% increase in emission under NT was noted. No-tillage decreased GWP by 24.8% in rice fields. However, with the realization that fluxes of all three GHGs and crop yield was reported in few studies comparing NT and CT, these results were likely affected by publication bias, and therefore should be interpreted cautiously.",NA,NA
No irrigation,10.1016/j.agee.2018.12.009,Crop yield,Irrigation amount,"Yield was 25.57% higher in low-irrigation systems (<200 mm, n = 814) and 61.41% higher in high-irrigation systems (≥200 mm, n = 240) than in non-irrigated systems.",Annual precipitation,"The increases in yield associated with irrigation were 47.51%, 29.09%, and 12.17% for seasonal precipitation classes of ≤200 mm, 200–500 mm, and >500 mm, respectively.",Annual temperature,"The increases in yield associated with irrigation in where the temperature was ≥ 9℃ was 25.27%, which is higher than the when the temperature was < 9℃ (17.54%).",N application rate,"Increased yields were highest when N application was >250 kg ha−1 (35.07%), followed by 150–250 kg ha−1 (26.521%) and <150 kg ha−1 (23.71%). The lowest increases in yield occurred when there was no N application (17.74%).",Soil organic matter,Yield increases under irrigation relative to non-irrigated systems were 33.21% at SOM ≥ 15 g kg−1 (n = 201) and 22.39% at SOM < 15 g kg−1 (n = 307).,Soil bulk density,"Irrigation was also more beneficial at relative low soil bulk density (< 1.38 g cm−3, n = 157), with 23.13% higher yield vs. 27.09% higher yield at soil bulk density ≥ 1.38 g cm−3 (n = 195).",NA,NA,NA,NA
No irrigation,10.1016/j.agee.2018.12.009,Water use,Irrigation amount,WP was 10.91% higher in low-irrigation systems and 10.35% higher in high-irrigation systems than in non-irrigated systems.,Annual precipitation,There were no obvious differences in WP between irrigated and non-irrigated systems when seasonal precipitation was ≤200 mm and >500 mm. WP in irrigated systems was significantly higher (by 11.69%) with 200–500 mm of seasonal precipitation than in non-irrigated systems.,N application rate,"Increases in WP were only 11.26%, 4.08%, and 5.75% when N application was >250, 150–250, and <150 kg ha−1, respectively. In systems with no N application, WP in irrigated systems was the same as non-irrigated",Soil organic matter,The increase in WP was higher at SOM ≥ 15 g kg−1 (14.22%) than at SOM < 15 g kg−1 (0.93%).,Soil bulk density,"Irrigation was also more beneficial at relative low soil bulk density (< 1.38 g cm−3, n = 157), with 5.69% higher WP vs. no significantly increased WP at soil bulk density ≥ 1.38 g cm−3.",NA,NA,NA,NA,NA,NA
Livestock feeding techniques,10.1016/j.agee.2019.106748,Air pollutants emissions,Dose,"Ammonia emissions decreased with decreasing dietary CP reduction, with mean reduction values ranging from 18.2% to 65.5% (P < 0.05).",NA,NA,NA,NA,NA,NA,NA,NA,NA,NA,NA,NA,NA,NA
Livestock feeding techniques,10.1016/j.agee.2019.106748,Animal production,Type of additive,"Among the four types of enzymes, the impacts of phytase and carbohydrase were statistically significant.",Dose,The effect of lowering crude protein content on average daily gain and ratio of gain to feed intake (G:F) became non-significant if the CP reduction was less than 4%.,NA,NA,NA,NA,NA,NA,NA,NA,NA,NA,NA,NA
Livestock feeding techniques,10.1016/j.agee.2019.106748,Nutrient excretion,NA,NA,NA,NA,NA,NA,NA,NA,NA,NA,NA,NA,NA,NA,NA,NA
Enhanced efficiency fertilisers,10.1016/j.agee.2019.106763,Plant nutrient uptake,Crop type,Stronger UI effect on crop fertilizer-N recovery under paddy field.,NI type,stronger effect with nitrapyrin. The effect of DCD and DMPP application on studied metrics was not significant.,Fertiliser type,stronger effect when NI is applied with organic fertilizer or urea,Fertiliser rate,stronger effect under high N rate,Soil texture,Stronger effect neutral soils; stronger effect on soil retention and on fertilizer-N recovery in the crop-soil system in neutral coarse textured soils,SOM content,Stronger effect under medium SOM content.,NA,NA,NA,NA
Enhanced efficiency fertilisers,10.1016/j.agee.2019.106763,Soil nutrients,UI type,Stronger effect of PPD compared to HQ,Fertiliser rate,Stronger effect of UI under higher N application rate. Stronger effect under higher application rate (above 100 kg N/ha),Application timing,Stronger effect of UI and NI for multiple application timings,Soil texture and pH,Stronger effect of UI and NI in neutral coarse textured soils and with increased pH,Ecosystem type,No effect of UI on dry lands,NI type,"Among fertilisers amended with nitrification inhibitors types, DCD significantly increased soil retention but DMPP application had no impact.",NA,NA,NA,NA
No tillage and reduced tillage,10.1016/j.agee.2020.106849,Pests and diseases,NA,NA,NA,NA,NA,NA,NA,NA,NA,NA,NA,NA,NA,NA,NA,NA
Leguminous crops,10.1016/j.agee.2020.106899,Carbon sequestration,Soil type,SOC storage under agroforestry was significantly greater in sandy soils compared to loamy soils.,NA,NA,NA,NA,NA,NA,NA,NA,NA,NA,NA,NA,NA,NA
Leguminous crops,10.1016/j.agee.2020.106899,Soil erosion,Soil type,"The effect sizes for erosion rates also did not significantly differ among soil texture classes, but loamy soils had generally lower erosion rates than sandy soils.",NA,NA,NA,NA,NA,NA,NA,NA,NA,NA,NA,NA,NA,NA
Leguminous crops,10.1016/j.agee.2020.106899,Soil nutrients,Soil type,Increase in Total N was significantly higher in sandy soils than loamy soils. Agroforestry increased soil inorganic N by up to 52 % on clay soils as compared to the 25 % increase on loamy soils. P availability was significantly higher on loamy soils than sandy soils.,NA,NA,NA,NA,NA,NA,NA,NA,NA,NA,NA,NA,NA,NA
Grazing management,10.1016/j.agee.2020.107072,Biodiversity,NA,NA,NA,NA,NA,NA,NA,NA,NA,NA,NA,NA,NA,NA,NA,NA
Landscape features,10.1016/j.agee.2020.107290,Crop yield,Buffer maturity,"The effectiveness of plantings relative to controls significantly increased with planting maturity. As plantings matured, overall pollinator abundance and richness was greater in plantings relative to control.",NA,NA,NA,NA,NA,NA,NA,NA,NA,NA,NA,NA,NA,NA
Landscape features,10.1016/j.agee.2020.107290,Pollination,NA,NA,NA,NA,NA,NA,NA,NA,NA,NA,NA,NA,NA,NA,NA,NA
Mulching,10.1016/j.agee.2021.107354,Carbon sequestration,NA,NA,NA,NA,NA,NA,NA,NA,NA,NA,NA,NA,NA,NA,NA,NA
Mulching,10.1016/j.agee.2021.107354,Crop yield,Mineral N fertiliser amount applied,"Yield was elevated by 44% under high nitrogen level, 45% under moderate nitrogen level, and 45% under low nitrogen level.",Mean annual precipitation,"Increased yields were highest when annual mean precipitation was 250−400 mm (87%), followed by 400−500 mm (32%), 500−600 mm (29%) and over 600 mm (8.6%).",NA,NA,NA,NA,NA,NA,NA,NA,NA,NA,NA,NA
Mulching,10.1016/j.agee.2021.107354,Soil water retention,Soil depth,"Plastic mulching significantly increased SWS by 5.4–11% at 0–60 cm soil profile. Although there are a lot of negative signs in 60–200 cm soil profile, the significant negative effects were shown in 120−140 cm and 140−160 cm soil layers",NA,NA,NA,NA,NA,NA,NA,NA,NA,NA,NA,NA,NA,NA
Mulching,10.1016/j.agee.2021.107354,Water use,Mineral N fertiliser amount applied,"WUE was elevated by 43% under high nitrogen level, 40% under moderate nitrogen level, and 51% under low nitrogen level. Compared to non-mulching system, plastic mulching could improve ET by 2.2% and 4.2% in high and moderate nitrogen input levels, respectively.",Mean annual precipitation,"Increased WUE were highest when annual mean precipitation was 250−400 mm (88%), followed by 400−500 mm (30%), 500−600 mm (27%) and over 600 mm (26%). The enhancements on ET due to mulching were 3.7%, 5.3% and 1.1% at three different rainfall zones (i.e., 250−400 mm, 400−500 mm, and 500−600 mm annual mean precipi- tation, respectively). In a region where annual mean precipitation is over 600 mm, plastic mulching significantly decreased ET by 5.1% when compared with non-mulching control.",Soil depth,"Plastic mulching significantly increased SWS by 5.4–11% at 0–60 cm soil profile. Although there are a lot of negative signs in 60–200 cm soil profile, the significant negative effects were shown in 120−140 cm and 140−160 cm soil layers",Crop type,Mulching has a negative effect on evapotranspiration for maize and no effect for wheat.,NA,NA,NA,NA,NA,NA,NA,NA
Cover and catch crops,10.1016/j.agee.2021.107356,Carbon sequestration,NA,NA,NA,NA,NA,NA,NA,NA,NA,NA,NA,NA,NA,NA,NA,NA
Landscape features,10.1016/j.agee.2021.107409,Water quality,Temperature,Higher removal rate when temperature increases.,Vegetation presence in ditch,Higher removal rate in vegetated ditches and ponds.,Construction material,The removal rate of full-concrete ditches was significantly lower than that of non-concrete and part-concrete ditches.,Inflow concentration,Removal rate increases when inflow concentration increases.,NA,NA,NA,NA,NA,NA,NA,NA
Agroforestry practices and systems,10.1016/j.agee.2021.107437,Carbon sequestration,Initial carbon (C) levels,"For topsoils (0–20 cm), the most influential factors for soil C sequestration are initial C, AFS-type, and WRB soil class. In upper subsoils (20–40 cm), AFS-type is most important, followed by initial C and soil class. Lower subsoils (40–60 cm) show a similar trend.",Soil type,"For topsoils (0–20 cm), the most influential factors for soil C sequestration are initial C, AFS-type, and WRB soil class. In upper subsoils (20–40 cm), AFS-type is most important, followed by initial C and soil class. Lower subsoils (40–60 cm) show a similar trend.",Pedo-climatic zone,Koeppen-Geiger climate zone. The benefits are particularly pronounced in subtropical climate zones.,NA,NA,NA,NA,NA,NA,NA,NA,NA,NA
Agroforestry practices and systems,10.1016/j.agee.2021.107689,Carbon sequestration,Soil depth,NA,NA,NA,NA,NA,NA,NA,NA,NA,NA,NA,NA,NA,NA,NA
Crop residue management,10.1016/j.agee.2021.107795,Carbon sequestration,NA,NA,NA,NA,NA,NA,NA,NA,NA,NA,NA,NA,NA,NA,NA,NA
Crop residue management,10.1016/j.agee.2021.107795,Soil biological quality,NA,NA,NA,NA,NA,NA,NA,NA,NA,NA,NA,NA,NA,NA,NA,NA
Crop residue management,10.1016/j.agee.2021.107795,Soil nutrients,NA,NA,NA,NA,NA,NA,NA,NA,NA,NA,NA,NA,NA,NA,NA,NA
Leguminous crops,10.1016/j.agee.2022.108017,Carbon sequestration,Number of rotation cycles,"Rotation cycles were the second cycle (4.9%) and the third cycle or beyond (8.2%),",Number of crops in rotation,"Rotation length was 3- (2.5%), 4- (4.5%), and 5+-crop rotation (6.9%),",Tillage management,"With no-till CR increases SOC by 8.6%, while with reduced tillage 6.2%.",Fertilisation management,"Nitrogen fertilizer input rates were 0 (3.0%), 40–100 (4.1%), and 100–200 kg N ha–1 yr–1 (4.9%), and (7) nitrogen fertilizer form was either organic fertilizers (5.6%) or inorganic fertilizers (2.0%) (p < 0.05).",Residues retention,With straw retention CR increases SOC by 6.1%.,Climatic conditions,"Relative to CM, CR significantly enhanced SOC content by 8.6% in the mesic (8–15°C) and by 7.2% in thermic (> 15°C) temperature regions, respectively (p < 0.05, Fig. 2). The CR-induced significant changes in SOC content were much greater in regions with MAP = 600–1000 mm (9.1%) than in regions with MAP > 1000 mm (6.0%) (p < 0.05). However, no differences between CR and CM were detected when MAT was < 8°C or MAP was < 600 mm (p > 0.05).",Soil type,"Relative to CM, CR remarkably increased SOC content across all soil texture. The highest enhancements of SOC content were identified in loamy soils (8.2%), followed by sandy soils (4.8%) and clayey soils (2.5%) (p < 0.05, Fig. 3). The CR-induced significant changes in SOC content were more pronounced when initial SOC was 15–20 g kg–1 (7.6%) than when initial SOC was 10–15 (3.2%) and > 20 g kg–1 (6.6%) (p < 0.05). The SOC content under CR were enhanced by 2.6%, 6.8%, and 5.6% when initial TN was 0.75–1.00, 1.00–1.50, and > 1.50 g kg–1, respectively (p < 0.05). Relative to CM, CR enhanced SOC content when initial soil pH was 6–7 (4.5%) and 7–8 (4.2%) and when soil depth was 0–10 cm (5.2%) and 10–20 cm (4.9%) (p < 0.05). However, no differences were detected when initial SOC and TN were < 10 and < 0.75 g kg–1, when initial soil pH was < 6 or > 8, or in subsoils (20–30 cm and > 30 cm) (p > 0.05).",NA,NA
Soil amendment with biochar,10.1016/j.agrformet.2019.107625,Crop yield,Biochar C/N ratio,Biochar with a lower C/N was more effective at promoting productivity in clay soil with a higher N application.,Soil type,Biochar with a lower C/N was more effective at promoting productivity in clay soil with a higher N application.,N fertilisation rate,Biochar with a lower C/N was more effective at promoting productivity in clay soil with a higher N application.,Time scale,The yield enhancement in biochar-amended soil persisted over the studied years after a single amendment in field experiments.,NA,NA,NA,NA,NA,NA,NA,NA
Soil amendment with biochar,10.1016/j.agrformet.2019.107625,GHG emissions,Soil C/N ratio,"Biochar with a higher pyrolysis temperature exerted a greater mitigation of N2O emissions in higher C/N soil with a higher N application. For CH4 fluxes, greater negative effects occurred in lower pH and C/N soils when biochar with a higher C/N was amended.",N fertilisation rate,Biochar with a higher pyrolysis temperature exerted a greater mitigation of N2O emissions in higher C/N soil with a higher N application,Soil pH,"For CH4 fluxes, greater negative effects occurred in lower pH and C/N soils when biochar with a higher C/N was amended.",Biochar C/N,"Biochar with a higher pyrolysis temperature exerted a greater mitigation of N2O emissions in higher C/N soil with a higher N application. For CH4 fluxes, greater negative effects occurred in lower pH and C/N soils when biochar with a higher C/N was amended.",Time scale,The reduction in N2O emissions in biochar-amended soil persisted over the studied years after a single amendment in field experiments. Biochar application did not change soil CH4 fluxes in field studies for a shorter period (<0.5 year) but significantly decreased soil CH4 fluxes by 18.0-50.1% in experiments sustained over several years.,NA,NA,NA,NA,NA,NA
Organic farming systems,10.1016/j.agsy.2011.12.004,Crop yield,NA,NA,NA,NA,NA,NA,NA,NA,NA,NA,NA,NA,NA,NA,NA,NA
Agroforestry practices and systems,10.1016/j.agsy.2016.06.007,Crop yield,Distance from the tree row (H),"The analysis shows that as H increases, the impact of trees on crop yield decreases.",tree height,NA,NA,NA,NA,NA,NA,NA,NA,NA,NA,NA,NA,NA
Leguminous crops,10.1016/j.agsy.2018.07.016,Crop yield,Crop type,Cereal crops were found to benefit more than oilseeds when grown after a pulse crop in terms of increased yields,NA,NA,NA,NA,NA,NA,NA,NA,NA,NA,NA,NA,NA,NA
Leguminous crops,10.1016/j.agsy.2018.07.016,Global warming potential (LCA),NA,NA,NA,NA,NA,NA,NA,NA,NA,NA,NA,NA,NA,NA,NA,NA
Agroforestry practices and systems,10.1016/j.agsy.2019.102676,Pests and diseases,Landscape features,"Results can be affected by the proximity of landscape features (forest plots or boundary hedgerows), soil type and alley width",Soil type,NA,Alleys width,NA,NA,NA,NA,NA,NA,NA,NA,NA,NA,NA
Agroforestry practices and systems,10.1016/j.agsy.2019.102676,Pollination,NA,NA,NA,NA,NA,NA,NA,NA,NA,NA,NA,NA,NA,NA,NA,NA
Cover and catch crops; No tillage and reduced tillage; Organic fertilisation,10.1016/j.agsy.2019.102736,Carbon sequestration,NA,NA,NA,NA,NA,NA,NA,NA,NA,NA,NA,NA,NA,NA,NA,NA
Cover and catch crops; No tillage and reduced tillage; Organic fertilisation,10.1016/j.agsy.2019.102736,Crop yield,NA,NA,NA,NA,NA,NA,NA,NA,NA,NA,NA,NA,NA,NA,NA,NA
Cover and catch crops; No tillage and reduced tillage; Organic fertilisation,10.1016/j.agsy.2019.102736,Soil nutrients,NA,NA,NA,NA,NA,NA,NA,NA,NA,NA,NA,NA,NA,NA,NA,NA
Intercropping; Leguminous crops,10.1016/j.agsy.2019.102761,Carbon sequestration,NA,NA,NA,NA,NA,NA,NA,NA,NA,NA,NA,NA,NA,NA,NA,NA
Leguminous crops; Intercropping,10.1016/j.agsy.2019.102761,Cropping system productivity,Crop type,"Maize-pigeon pea and maize-groundnut showed a significantly greater LER (i.e., 1.57 and 1.52, respectively) than other cereal-legume combinations.",Relative density,pLER was higher in augmentation (additive) density compared to replacement.,Intercropping pattern,pLER was higher in row arrangement compared to strip arrangement,NA,NA,NA,NA,NA,NA,NA,NA,NA,NA
Intercropping; Leguminous crops,10.1016/j.agsy.2019.102761,Pests and diseases,NA,NA,NA,NA,NA,NA,NA,NA,NA,NA,NA,NA,NA,NA,NA,NA
Intercropping; Leguminous crops,10.1016/j.agsy.2019.102761,Soil erosion,NA,NA,NA,NA,NA,NA,NA,NA,NA,NA,NA,NA,NA,NA,NA,NA
Intercropping; Leguminous crops,10.1016/j.agsy.2019.102761,Soil nutrients,NA,NA,NA,NA,NA,NA,NA,NA,NA,NA,NA,NA,NA,NA,NA,NA
Intercropping; Leguminous crops,10.1016/j.agsy.2019.102761,Soil physico-chemical quality,NA,NA,NA,NA,NA,NA,NA,NA,NA,NA,NA,NA,NA,NA,NA,NA
Intercropping; Leguminous crops,10.1016/j.agsy.2019.102761,Soil water retention,Soil depth,"Intercropping  increased available soil moisture on the top 30 cm soil depth, but it decreased it in the deeper soil layers.",NA,NA,NA,NA,NA,NA,NA,NA,NA,NA,NA,NA,NA,NA
Soil amendment with lime and gypsum,10.1016/j.agsy.2021.103095,Crop yield,Soil pH,"Maize yield was positively correlated with soil pH, levelling off at a soil pH value of ca. 6, but the effect of liming on yield was higher at low pH.",NA,NA,NA,NA,NA,NA,NA,NA,NA,NA,NA,NA,NA,NA
Soil amendment with lime and gypsum,10.1016/j.agsy.2021.103095,GHG emissions,NA,NA,NA,NA,NA,NA,NA,NA,NA,NA,NA,NA,NA,NA,NA,NA
Agroforestry practices and systems,10.1016/j.agsy.2023.103705,Crop yield,mean annual temperature,"Crop yields decreased by 49.0%, 39.2%, and 43.4% at different mean annual temperatures (<10°C, 10–20°C, >20°C).",mean annual precipitation,Negative effects varied with mean annual precipitation.,tree characteristics,Negative effects varied with tree characteristics.,NA,NA,NA,NA,NA,NA,NA,NA,NA,NA
Mulching; No irrigation,10.1016/j.agwat.2017.05.005,Crop yield,NA,NA,NA,NA,NA,NA,NA,NA,NA,NA,NA,NA,NA,NA,NA,NA
Mulching; No irrigation,10.1016/j.agwat.2017.05.005,Soil water retention,NA,NA,NA,NA,NA,NA,NA,NA,NA,NA,NA,NA,NA,NA,NA,NA
Mulching; No irrigation,10.1016/j.agwat.2017.05.005,Water use,NA,NA,NA,NA,NA,NA,NA,NA,NA,NA,NA,NA,NA,NA,NA,NA
Water-saving irrigation practices in non-flooded lands,10.1016/j.agwat.2017.11.019,Crop yield,Crop type,"PRDI vs DI: The mean effect size for apples was 0.667, with a 95% CI of 0.169–1.175, suggesting that for apples, PRDI had a medium impact on yield. Although yield of apples under PRDI was greater (p = 0.010) than that of crops under DI, meta-regression analysis indicated that there were no differences among cumulative effect sizes for yield for the various crops (QB = 9.14; d.f. = 5; p = 0.104; I2 = 35.46%). DI vs FI: Significantly large crop yield advantage of FI over DI was observed for tomatoes, grapes, apples, and pepper with effect sizes of −1.340 (with a 95% CI = −1.877 to −0.802), −0.594 (with a 95% CI = −1.016 to −0.172), −1.021 (with a 95% CI = −1.157 to −0.468) and −1.726 (with a 95% CI = −2.604 to −0849), respectively. However, the meta-analysis suggested that yield differences between FI and DI for potatoes and oranges are not significantly different from zero. PRDI vs FI: Yield reductions under PRDI was large for tomatoes (p < 0.001), grapes (p = 0.003), apples (p = 0.040) and pepper (p < 0.001), with effect sizes of −1.077 (with 95% CI of −1.646 to −0.509), −0.722 (with 95% CI of −1.196 to −0.248), −0.898 (with 95% CI of −1.755 to −0.040), and −1.855 (with 95% CI of −2.484 to −1.226), respectively. Potato yield was just significantly different from zero (p = 0.049), with an effect size of −0.748 (95% CI of −1.492 to −0.005).",Soil texture,"PRDI vs DI: Except for experiments conducted using sandy loam where the effect size was positive and significant (d = 0.577; p = 0.009), the effect size of crop yield were either positive or negative across the remaining soil textures but none was significantly different from zero (i.e.: there is no difference between DI and PRDI yields). DI vs FI: The effect size related to comparisons from experiments conducted using sandy loam, clay, sandy clay loam, sandy clay, clay loam soils and peat were all negative and significant, suggesting that there is difference between FI and DI yields. In contrast, the effect size calculated from experiments conducted using clay silt loam, sandy soils and interestingly, for all experiments, for which the soil texture was not explicitly specified, did not differ from zero. PRDI vs FI: Similar to the results of FI by DI, the effect size related to comparisons from experiments conducted using sandy loam, clay, sandy clay loam, sandy clay, clay loam soils and peat were all negative and significant (i.e.: there is difference between FI and PRDI yields for these soil textures). In contrast, the effect size calculated from experiments conducted using clay silt loam, sandy soils and for all experiments, for which the soil texture was not specified, did not differ from zero, suggesting that for these soil textures, there is no difference between FI and PRDI yields.",NA,NA,NA,NA,NA,NA,NA,NA,NA,NA,NA,NA
Mulching,10.1016/j.agwat.2018.02.001,Carbon sequestration,Crop type,"Changes in the light fraction organic carbon (LFOC) in surface soil (0–10 cm) were not significant under PFM across all crops in Northwestern China. However, the LFOC contents in topsoils were significantly decreased for spring wheat and spring maize.",NA,NA,NA,NA,NA,NA,NA,NA,NA,NA,NA,NA,NA,NA
Mulching,10.1016/j.agwat.2018.02.001,Crop yield,Crop type,"The yield increase in maize, including spring maize (79.4%) and summer maize (51.4%) was greater than that of potato (43.4%) and wheat (19.8% and 24.6% for winter wheat and spring wheat, respectively).",Mean annual precipitation,"The effect of the PFM on crop yield was significantly different under different rainfall conditions during growing season. The increase in crop yield was greatest (72.8%) when cumulative rainfall in the growing season was in the range 200–300mm. The yields were increased by 38.3–42.0% and 21.5–25.5%, respectively, when the cumulative rainfall was>300mm and<200mm.",Mineral N fertiliser application rate,"Across all crops, PFM enhanced crop yield at all N fertilizer application rates, with greatest effect at 200–300 kg/ha (80.2%). For N application rates>300 kg/ha, the effect of PFM on enhancing grain yield decreased dramatically. It is worth noting that PFM significantly increased crop yield at zero N input (23.3%).",NA,NA,NA,NA,NA,NA,NA,NA,NA,NA
Mulching,10.1016/j.agwat.2018.02.001,Soil water retention,Soil depth,"The effect decreased with increasing soil depth; for example, soil water content at 0–20 cm depth was increased by 12.9%, more than twice of that at 80–100 cm depth (6.1%).",NA,NA,NA,NA,NA,NA,NA,NA,NA,NA,NA,NA,NA,NA
Mulching,10.1016/j.agwat.2018.02.001,Water use,Crop type,"The average WUE across all crops was significantly increased by 42.6% with PFM (Fig. 3b), with the highest increase in spring maize (76%), followed by potato (40.2%), winter wheat (21.9%) and summer maize (18.9%). However, the PFM had no significant effect on the WUE of spring wheat",NA,NA,NA,NA,NA,NA,NA,NA,NA,NA,NA,NA,NA,NA
Water-saving irrigation practices in non-flooded lands,10.1016/j.agwat.2018.07.038,Crop yield,Aerated method,"Venturi had the highest positive effect on crop yield (20.6%), which was significantly higher than that of peroxides and compressor, while compressor showed the lowest effect.",Aerated quantity,The effect of AI on crop yield increased with increasing aerated quantity. This effect was significantly larger for the high AI (22.8%) compared with the low AI (15.9%).,Soil pH,The relative crop yield was significantly higher in acidic soils (pH < 7) than soils with pH ≥ 7.,Soil texture,"The effect was lowest in fine-textured soils compared with medium- and coarse-textured soils, and no significant difference was found between the three groups.",Soil bulk density,"In terms of crop yield, soil bulk density ≥1.35 showed a significantly higher response than soil bulk density <1.35 to the application of AI.",Burial depth of subsurface tubing,"Burial depths from 10 to 20 cm had the highest positive effect on crop yield (18.6%), which was significantly higher than that of burial depth >20 cm but not than that of burial depth <10 cm.",Water management,The increase in crop yield was significantly larger when AI was applied to higher irrigation levels (≥100 FC).,NA,NA
Water-saving irrigation practices in non-flooded lands,10.1016/j.agwat.2018.07.038,Water use,Aerated method,Venturi showed the largest increase (19.5%) but there were no significant differences among the aerated methods.,Aerated quantity,"For WUE, although the largest effect was also observed for the high AI, there were no significant differences among the categories tested.",Soil pH,"For WUE, although the highest effect was also found in soil with pH < 7, no significant differences were found among the categories tested.",Soil texture,"The effect was lowest in fine-textured soils compared with medium- and coarse-textured soils, and no significant difference was found between the three groups.",Soil bulk density,The AI performed better with bulk density <1.35 with relative WUE being 20.2% (CI: 18.6%–21.9%) compared to 10.3% (CI: 8.2%–12.6%) in soils with higher bulk density (≥1.35).,Burial depth of subsurface tubing,"For the WUE, the burial depths from 10 to 20 cm also showed the largest increase (17.4%) but there were no significant differences between these three groups.",Water management,The increase in WUE was significantly larger when AI was applied to higher irrigation levels (≥100 FC).,NA,NA
Water-saving irrigation practices in non-flooded lands,10.1016/j.agwat.2018.08.035,Crop yield,NA,NA,NA,NA,NA,NA,NA,NA,NA,NA,NA,NA,NA,NA,NA,NA
Water-saving irrigation practices in non-flooded lands,10.1016/j.agwat.2018.08.035,Plant nutrient uptake,NA,NA,NA,NA,NA,NA,NA,NA,NA,NA,NA,NA,NA,NA,NA,NA
Water-saving irrigation practices in non-flooded lands,10.1016/j.agwat.2018.08.035,Water use,NA,NA,NA,NA,NA,NA,NA,NA,NA,NA,NA,NA,NA,NA,NA,NA
Water-saving irrigation practices in non-flooded lands,10.1016/j.agwat.2019.06.008,Crop yield,Soil texture,"When RDI was applied in loamy soils, yield decreased more (MD=-19.79, 95% CI:-26.53 to -13.06) in contrast to the experiments (MD=-14.26, 95% CI:-20.21 to -8.31) when practicing in non-loamy soils. In the subgroup analysis conducted to find whether the severe water deficit responded differently in different soil textures compared to mild water deficit, yield decreased more in loamy soil than in non-loamy soil. The MD was -25.94 (95% CI: -29.40 to -22.49) in loamy soil group, and the MD was -16.46 (95% CI: -31.48 to -1.43) in non-loamy soil group.",Irrigation times,"When RDI was carried out during the entire season, yield even decreased (MD=-21.33, 95% CI:-31.36 to -11.29). It also made some difference when RDI was carried out at one of the three stages (MD=-15.24, 95% CI:-20.44 to -10.03). No significant difference in yield was found at V and F stage, and the MD were -1.49 (95% CI: -4.96 to 1.99, p = 0.40) and -10.42 (95% CI: -22.29 to 1.45, p = 0.09) respectively (Fig. 5). However, RDI caused significant changes on yield at R stage. The yield decreased with the overall effect size (Z) of 3.59 (p < 0.00001). The MD was -14.77 (95% CI: -22.84 to -6.71, p = 0.0003).",NA,NA,NA,NA,NA,NA,NA,NA,NA,NA,NA,NA
Water-saving irrigation practices in non-flooded lands,10.1016/j.agwat.2019.06.008,Water use,Soil texture,"The soil texture significantly affected water use efficiency under RDI. The MD was 2.82 (95% CI: -0.02 to 5.65) in loamy soil. However, water use efficiency significantly increased in non-loamy soil with the MD of 2.48 (95% CI: 0.51 to 4.46).",Irrigation times,"WUE significantly increased in groups throughout the season (MD = 2.83, 95% CI: 0.70 to 4.95). The data of the groups not throughout the season showed WUE did not significantly increase with the MD was 2.08 (95% CI: -0.36 to 4.52). In terms of growth stage, WUE displayed no significant change at all stages except for the first stage, for the values of P were 0.04 at V stage, 0.78 at F stage and 0.50 at R stage.",NA,NA,NA,NA,NA,NA,NA,NA,NA,NA,NA,NA
Landscape features,10.1016/j.agwat.2019.105849,Soil water retention,Land use,The beneficial impact of terracing on water conservation varied with different land uses. It was higher in grasslands and tree croplands than in croplands.,NA,NA,NA,NA,NA,NA,NA,NA,NA,NA,NA,NA,NA,NA
Mulching,10.1016/j.agwat.2019.105883,Crop yield,NA,NA,NA,NA,NA,NA,NA,NA,NA,NA,NA,NA,NA,NA,NA,NA
Mulching,10.1016/j.agwat.2019.105883,Water use,NA,NA,NA,NA,NA,NA,NA,NA,NA,NA,NA,NA,NA,NA,NA,NA
Water-saving irrigation practices in non-flooded lands,10.1016/j.agwat.2019.105906,Crop yield,Irrigation method,"Deficit irrigation decreased wheat yield by 19.83, 2.2, 20.1, and 15.2 % when using sprinkler, border, drip and flood irrigations, respectively, but increased wheat yield by 10.8 % when using furrow irrigation.",Irrigation stages,"Deficit irrigation (compared to full irrigation) significantly decreased wheat yield by 14.1 (vegetative), 21.6 (reproductive), and 18.3 % (throughout the season).",Irrigation volume,"The effect size of deficit irrigation on yield was positively correlated with the volume of water used, expressed as a fraction of the normal irrigation volume. When this fraction is 0.945, the yield obtained is equal to that obtained under normal irrigation. Moreover, deficit irrigation decreased yield by 0.7, 13.2, 23.7 and 33.0 % when the irrigation level is in the ranges 1-0.8, 0.8-0.6, 0.6-0.4 and 0.4-0, respectively.",Precipitations,"Both WUE and yield showed the same trend with precipitation, initially decreasing and then increasing as precipitation increased. The decreases in yield associated with deficit irrigation were 13.3 and 19.3 % for precipitation categories< 200mm and ≥ 200 mm, respectively.",Soil characteristics,"Deficit irrigation decreased yield of wheat in clay, clay loam, loam and sandy soil by 23.0, 32.0, 8.1, and 9.8 %, respectively. The decreased yield of wheat in soil with bulk density<1.35 g/cm3 was 16.9 %, and 4.0 % higher than that of soil with bulk density ≥ 1.35 g/cm3, whereas the increase in WUE of wheat for soil with bulk density<1.35 g/cm3 was -0.7 % and 3.1 % for density ≥ 1.35 g/cm3. The decrease in yield of wheat in soil having pH < 7 and ≥ 7 were 6.8 and 13.3 %, respectively.",Climate,"The effect size of deficit irrigation on yield was negatively correlated with average annual temperature. The decrease in yield associated with deficit irrigation was higher in areas with an average annual temperature ≥ 9 ℃ (18.5 %), than in areas with lower average annual temperatures (8.6 %).",NA,NA,NA,NA
Water-saving irrigation practices in non-flooded lands,10.1016/j.agwat.2019.105906,Water use,Irrigation method,"Deficit irrigation increased wheat WUE by 11.5, 16.6, 3.4, and 5.7 % when using sprinkler, border, flood and furrow irrigation, but decreased wheat WUE by 18.1 % using drip irrigation.",Irrigation stages,"Deficit irrigation (compared to full irrigation) significantly increased wheat WUE by 2.6 (vegetative), 8.2 (reproductive), and 13.0 % (throughout the season).",Irrigation volume,"The effect size of WUE increased and then decreased as irrigation water amount increased, with the highest vertex coordinate being (0.79, 0.11). Similarly, deficit irrigation increased WUE by 7.7, 8.0 and 10.7, respectively, but decreased WUE by 1.8 % when relative water amount was 0–40 %.",Precipitations,"Both WUE and yield showed the same trend with precipitation, initially decreasing and then increasing as precipitation increased. Deficit irrigation increased wheat WUE by 4.7 and 2.1 % in regions where precipitation during the growing season amounted to<200mm and ≥ 200 mm, respectively.",Soil characteristics,"Changes in WUE under deficit irrigation compared to full irrigation were 3.1, -9.4, 6.4, and 34.6 % for clay, clay loam, loam and sandy soil, respectively. The increases in WUE in soil having pH < 7 and ≥ 7 were were 5.8 and 11.9 %, respectively.",NA,NA,NA,NA,NA,NA
Crop residue management; Mulching; Water-saving irrigation practices in non-flooded lands,10.1016/j.agwat.2020.106119,Crop yield,NA,NA,NA,NA,NA,NA,NA,NA,NA,NA,NA,NA,NA,NA,NA,NA
Crop residue management; Mulching; Water-saving irrigation practices in non-flooded lands,10.1016/j.agwat.2020.106119,Water use,NA,NA,NA,NA,NA,NA,NA,NA,NA,NA,NA,NA,NA,NA,NA,NA
Mulching,10.1016/j.agwat.2020.106444,Crop yield,NA,NA,NA,NA,NA,NA,NA,NA,NA,NA,NA,NA,NA,NA,NA,NA
Mulching,10.1016/j.agwat.2020.106444,Water use,NA,NA,NA,NA,NA,NA,NA,NA,NA,NA,NA,NA,NA,NA,NA,NA
Water-saving irrigation practices in non-flooded lands,10.1016/j.agwat.2021.106771,Crop yield,Crop type,"Higher yield were achieved in fruits (apple and grape) under APRI compared with FULL or DI. However, the percentage changes in WUE under APRI were not significantly different in vegetables (potato and tomato) and crops (maize, wheat and cotton).",Soil texture and soil type,"Compared with FULL, APRI performed better for acidic soils, clay loam or sandy loam, high bulk density (≥ 1.35 g cm−3), irrigation amount of 80–100% FULL, and was more appropriate for furrow irrigation in drier and colder environments. Compared with FULL, DI performed better for clay loam, low bulk density (< 1.35 g cm−3) and precipitation > 200 mm.",NA,NA,NA,NA,NA,NA,NA,NA,NA,NA,NA,NA
Water-saving irrigation practices in non-flooded lands,10.1016/j.agwat.2021.106771,Water use,Crop type,"Higher WUE were achieved in fruits (apple and grape) under APRI compared with FULL or DI. However, the percentage changes in WUE under APRI were not significantly different in vegetables (potato and tomato) and crops (maize, wheat and cotton).",Soil texture and soil type,"Compared with FULL, APRI performed better for acidic soils, clay loam or sandy loam, high bulk density (≥ 1.35 g cm−3), irrigation amount of 80–100% FULL, and was more appropriate for furrow irrigation in drier and colder environments. Compared with FULL, DI performed better for clay loam, low bulk density (< 1.35 g cm−3) and precipitation > 200 mm.",NA,NA,NA,NA,NA,NA,NA,NA,NA,NA,NA,NA
Water-saving irrigation practices in non-flooded lands,10.1016/j.agwat.2021.106986,Crop yield,NA,NA,NA,NA,NA,NA,NA,NA,NA,NA,NA,NA,NA,NA,NA,NA
Water-saving irrigation practices in non-flooded lands,10.1016/j.agwat.2021.106986,Soil nutrients,NA,NA,NA,NA,NA,NA,NA,NA,NA,NA,NA,NA,NA,NA,NA,NA
Water-saving irrigation practices in non-flooded lands,10.1016/j.agwat.2021.106986,Soil physico-chemical quality,NA,NA,NA,NA,NA,NA,NA,NA,NA,NA,NA,NA,NA,NA,NA,NA
Water-saving irrigation practices in non-flooded lands,10.1016/j.agwat.2021.107027,Crop yield,Climate,"The reduction in seed cotton yield was 17.5% when seasonal precipitation was ≥ 120 mm, which was significantly higher than that in regions with seasonal precipitation < 120 mm (−20.0%).",Water management,"The smallest reduction in seed cotton yield occurred under flood irrigation (−11.9%), while the largest decrease was found under sprinkler irrigation (−36.2%). However, this result needed to be further verified due to the small sample of flood irrigation (n = 2). The decreases of seed cotton yield under furrow irrigation and drip irrigation were similar (−19.6% and −19.5%, respectively).",NA,NA,NA,NA,NA,NA,NA,NA,NA,NA,NA,NA
Water-saving irrigation practices in non-flooded lands,10.1016/j.agwat.2021.107027,Water use,Climate,"WP in regions with seasonal precipitation < 120 mm (5.8%) showed higher increase than that with seasonal precipitation ≥ 120 mm (3.7%), but the increase was not significant.",Water management,"Although WP was increased by 3.6%, 5.2% and 11.4% under furrow, drip and sprinkler irrigation respectively, no significant difference was obtained among these irrigation methods",NA,NA,NA,NA,NA,NA,NA,NA,NA,NA,NA,NA
Cover and catch crops; Leguminous crops,10.1016/j.agwat.2021.107085,Crop yield,Pedo-climatic zone,"The succeeding crop yield decreased with cover crop relative to no cover crop in the semiarid region, but increased it in the subhumid and humid regions.",Soil type,"Compared to no cover crop, cover crop decreased succeeding crop yield in sandy loam soil, but increased in clay loam soil.",Cover crop biomass production,Succeeding crop yield increased linearly with increased cover crop biomass.,Cash crop seeding time,Succeeding crop yield increased with increased interval between cover crop termination and succeeding crop planting.,NA,NA,NA,NA,NA,NA,NA,NA
Cover and catch crops,10.1016/j.agwat.2021.107085,Soil water retention,Pedo-climatic zone,"Cover crop increased succeeding crop WUE compared to no cover crop in the semiarid, subhumid, and humid regions. Cover crop reduced PSE compared to no cover crop in all climatic regions, except for the humid region. The reduction in PSE was greater in the arid and subhumid regions than in the semiarid region. The SWSPT was lower with cover cropping than without in arid, semiarid, and subhumid regions, but not in the humid region. The SWSP30 increased with cover cropping compared to no cover cropping in semiarid and humid regions, but minimum impact in arid and subhumid regions.",Soil type,"Cover crop increased succeeding crop WUE in silt loam, silt clay loam, and clay loam soils, but decreased it in sandy loam soil. Cover crop also reduced PSE compared to no cover crop in silt loam and clay loam soils, but increased in loam soil. Cover crop also reduced SWSPT in sandy loam, loam, silt loam, and clay loam soils, with little effect in silty clay loam soil. SWSP30 due to cover crop vs. no cover crop was greater in silt loam, loam, and silt clay loam.",Termination method,"Cover crop residue placed at the surface increased, but residue removal reduced succeeding crop WUE. Surface placement and incorporation of cover crop residue into the soil significantly reduced PSE, compared to residue removal (no-effect). Residue incorporation into the soil increased, but residue removal decreased SWSP30 compared to surface placement of the residue.",Cover crop biomass production,The PSE was maximized at cover crop biomass of around 5.0 Mg ha−1.,NA,NA,NA,NA,NA,NA,NA,NA
Cover and catch crops,10.1016/j.agwat.2021.107085,Water use,Pedo-climatic zone,"Cover crop increased succeeding crop WUE compared to no cover crop in the semiarid, subhumid, and humid regions. Cover crop reduced PSE compared to no cover crop in all climatic regions, except for the humid region. The reduction in PSE was greater in the arid and subhumid regions than in the semiarid region. The SWSPT was lower with cover cropping than without in arid, semiarid, and subhumid regions, but not in the humid region. The SWSP30 increased with cover cropping compared to no cover cropping in semiarid and humid regions, but minimum impact in arid and subhumid regions.",Soil type,"Cover crop increased succeeding crop WUE in silt loam, silt clay loam, and clay loam soils, but decreased it in sandy loam soil. Cover crop also reduced PSE compared to no cover crop in silt loam and clay loam soils, but increased in loam soil. Cover crop also reduced SWSPT in sandy loam, loam, silt loam, and clay loam soils, with little effect in silty clay loam soil. SWSP30 due to cover crop vs. no cover crop was greater in silt loam, loam, and silt clay loam.",Termination method,"Cover crop residue placed at the surface increased, but residue removal reduced succeeding crop WUE. Surface placement and incorporation of cover crop residue into the soil significantly reduced PSE, compared to residue removal (no-effect). Residue incorporation into the soil increased, but residue removal decreased SWSP30 compared to surface placement of the residue.",Cover crop biomass production,The PSE was maximized at cover crop biomass of around 5.0 Mg ha−1.,NA,NA,NA,NA,NA,NA,NA,NA
Water-saving irrigation practices in non-flooded lands,10.1016/j.agwat.2021.107105,Crop yield,Water management,"Compared with brackish water irrigation, saline water irrigation caused larger reductions of crop yield. Farmers in semi-humid regions (MAP: 400–800 mm) and applying drip irrigation were more possible to obtain higher crop yield under salty water irrigation.",Crop type,"Cotton performed best under saline water irrigation, followed by wheat, maize, tomato and pepper.",Soil texture,Brackish water irrigation performed best in the medium soil.,Soil pH,Increased soil pH significantly increased crop yield regardless of irrigation water salinity,NA,NA,NA,NA,NA,NA,NA,NA
Water-saving irrigation practices in non-flooded lands,10.1016/j.agwat.2021.107105,Water use,Water management,"Compared with brackish water irrigation, saline water irrigation caused larger reductions of water productivity (WP) and irrigated water productivity (IWP).",Crop type,"Cotton performed best under saline water irrigation, followed by wheat, maize, tomato and pepper.",Soil texture,Brackish water irrigation performed best in the medium soil.,NA,NA,NA,NA,NA,NA,NA,NA,NA,NA
Crop residue management; Mulching,10.1016/j.agwat.2021.107128,Crop yield,NA,NA,NA,NA,NA,NA,NA,NA,NA,NA,NA,NA,NA,NA,NA,NA
Crop residue management; Mulching,10.1016/j.agwat.2021.107128,Plant nutrient uptake,NA,NA,NA,NA,NA,NA,NA,NA,NA,NA,NA,NA,NA,NA,NA,NA
Crop residue management; Mulching,10.1016/j.agwat.2021.107128,Water use,NA,NA,NA,NA,NA,NA,NA,NA,NA,NA,NA,NA,NA,NA,NA,NA
Mulching,10.1016/j.agwat.2021.107293,Water footprint (LCA),Crop type,"Overall, plastic mulching reduced VWA by 15.3%, 14.1%, and 16.3% for maize, wheat, and potato, respectively, compared to without plastic mulching (P < 0.05). WFo was reduced by plastic mulching by an average of 33.3%, 28.1%, and 32.1% for maize, wheat, and potato, respectively (P < 0.05); WFe under plastic mulching was reduced by 34.5%, 23.2%, and 37.9%, respectively (P < 0.05).",Mineral N fertiliser amount applied,"Compared to non-mulching practice, plastic mulching reduced VWA in maize by 16–17% under 101–300 kg N ha–1 and 11.8% under 1–100 kg N ha–1 (both P < 0.05), respectively. In wheat, VWA under plastic mulching was reduced by 14.8–15.8% under 1–400 kg N ha–1 (P < 0.05). VWA in potato under plastic mulching was reduced by 15.9–17.9% under > 100 kg N ha–1 (P < 0.05) and 13.9% under 1–100 kg N ha–1 (P < 0.05), respectively.",NA,NA,NA,NA,NA,NA,NA,NA,NA,NA,NA,NA
Water-saving irrigation practices in non-flooded lands,10.1016/j.agwat.2021.107321,Crop yield,Degree of irrigation deficit,"Across all studies of deficit degree, effect sizes of low and moderate degree on fruit tree yield were significantly different from severe degree. Compared to the full irrigation, effect sizes of the low and moderate degree on fruit tree yield were - 3.55% and - 4.13%, respectively, but the effect size of the severe degree on yield was as high as - 11.50%.",Growth stage,"Considering the timing of DI, employing DI at stage I, stage II, or stage Ⅳ had little impact on fruit tree yield compared to full irrigation, with effect sizes of 0.33%, - 1.28% and - 3.50%, respectively. However, fruit tree yield was a notably negative impact by employing DI at stage III or the whole stage, which effect sizes were - 14.78% and - 11.11%, respectively.",Irrigation method,"The application of furrow irrigation, surface drip irrigation, and small-tube irrigation for DI resulted in a large reduction in fruit yield by 6.01%, 4.41% and 8.98%, respectively (compared to full irrigation). Besides, adopting the bubbled-root irrigation and subsurface drip irrigation for DI had no significant effect on yield (1.19% ± 2.46% and 􀀀 1.10% ± 1.19%)",Crop type,"Compared to full irrigation, the application of DI to jujube and pear trees had no significant effect on yield (- 0.42% ± 3.23% and 0.36% ± 2.04%); whereas yields of peach, grape and apple trees were decreased by 5.89%, 7.46% and 10.16%, respectively.",Climate,"The reduction of fruit tree yield in arid regions was smaller than that in humid regions. Compared to full irrigation, fruit tree yield in arid and humid regions were decreased by 5.86% and 7.87%, respectively.",Soil bulk density,"When the soil bulk density was greater than 1.4 g/cm3 and lower than 1.4 g/cm3, fruit tree yield was reduced by 4.38% and 12.77%, respectivelly.",Soil texture,"With medium-textured soils, fruit trees had the smallest yield reduction of 5.37%; while with fine- and coarse-textured soils, fruit tree yield was reduced by 12.67% and 6.10%, respectively.",NA,NA
Water-saving irrigation practices in non-flooded lands,10.1016/j.agwat.2021.107321,Water use,Degree of irrigation deficit,"Low and moderate deficit degrees significantly increased WUE by 6.67% and 7.99%, respectively, while severe deficit degree increased WUE only by 0.49%.",Growth stage,"DI conducted at stage I, stage II, stage Ⅳ, or the whole stage all improved WUE of fruit trees. Compared to full irrigation, increments were 6.34%, 8.51%, 5.00% and 10.21%. But DI at stage III noticeably reduced WUE ( - 2.55%)",Irrigation method,"When adopting subsurface drip irrigation, furrow irrigation and bubbled-root irrigation, DI improved fruit tree WUE effectively. Among them, bubbled-root irrigation and subsurface drip irrigation had the most obvious increase, with the increase exceeding 10.00% (11.74% and 12.11%, respectively). Employing small-tube irrigation (0.55% ± 3.61%) and surface drip irrigation (1.69% ± 1.17%) for DI had no significant effect on WUE.",Crop type,"The application of DI was improved the WUE of jujube, apple, pear and peach trees. Among them, pear and peach trees were increased significantly by 18.59% and 21.98%, respectively. But WUE of grape trees was decreased by 0.73%.",Climate,"WUE was increased by 3.08% and 8.67%, in arid and  humid regions, respectively",Soil bulk density,"When the soil bulk density was greater than 1.4 g/cm3 and lower than 1.4 g/cm3, WUE was increased by 7.30% and 􀀀 3.13%, respectively.",Soil texture,"Applying DI in different soil textures all increased WUE. Especially medium-textured soils had the highest increase of 8.34%, while fine- and coarse-textured soils were only increased by 1.91% and 3.40%, respectively.",NA,NA
Mulching,10.1016/j.agwat.2021.107422,Crop yield,Mean annual precipitation,"When there was ≤ 350 mm precipitation in the growth stage, PFM significantly increased wheat yield by 22%, and SM increased it by 14%. When > 350 mm precipitation occurred in the growth stage, wheat yield showed an increase of 28% and 8% under PFM and SM, respectively. Under different precipitation conditions, water consumption in the growth stage of winter wheat treated with PFM increased signif- icantly, but SM had no such effect.",Mean annual temperature,"When the average temperature of the growth stage was ≤ 10 ◦C, PFM and SM significantly increased wheat yield by 21% and 14%, respectively. When the average temperature in the growth stage was > 10 ◦C, PFM resulted in a significant yield increase of 18%, and SM achieved a significant yield increase of 9%.",NA,NA,NA,NA,NA,NA,NA,NA,NA,NA,NA,NA
Mulching,10.1016/j.agwat.2021.107422,Water use,Mean annual precipitation,"SM had no significant effect on WUE related to precipitation, while PFM significantly increased it when there was > 350 mm precipitation. Both PFM and SM significantly improved WUE when the precipitation was < 350 mm.",Mean annual temperature,"In the case of a ≤ 10 ◦C average temperature in the growth stage, water consumption of wheat treated with PFM was increased by 5%, but water consumption under SM exhibited a decreasing trend, albeit not significant. With a > 10 ◦C average temperature in the growth stage, PFM and SM had no significant effects on water consumption. With a ≤ 10 ◦C average tem- perature in the growth stage, the WUE of wheat under both PFM and SM conditions was significantly increased, by 17% and 14%, respectively.",NA,NA,NA,NA,NA,NA,NA,NA,NA,NA,NA,NA
Mulching,10.1016/j.agwat.2022.107617,Crop yield,Mulching material,"Straw mulching, degradable film and plastic film all increased crop yield while gravel has no effect.",NA,NA,NA,NA,NA,NA,NA,NA,NA,NA,NA,NA,NA,NA
Mulching,10.1016/j.agwat.2022.107617,Water use,Mean annual precipitation,"Mulching increased WUE with annual mean precipitation from 200 to 400, while it has no effect between 400 and 600.",Planting method,Mulching increased WUE with ridge-furrow planting while it has no effect on traditional flat planting.,Mulching material,"Straw mulching, degradable film and plastic film increase WUE while gravel has no effect.",NA,NA,NA,NA,NA,NA,NA,NA,NA,NA
Water-saving irrigation practices in non-flooded lands,10.1016/j.agwat.2022.107645,Crop yield,Crop type,"The largest percentage increase in yield was observed in crops (6.42%), while the smallest percentage increase in yield occurred in fruits (3.37%)",Planting conditions and patterns,"SSDI also significantly increased yield and WP no matter crops, vegetables and fruits were planted in the open field or greenhouse. The percentage changes in yield of crops, vegetables and fruits planted in the open field were significantly larger than those in the greenhouse. When the agricultural species were planted under film mulching, the percentage increase in yield was significantly greater than those without film mulching.",Drip irrigation parameters,"With the increase of emitter spacing, the percentage increases in yield decreased. When the emitter spacing was less than 25 cm, there were notable percentage increases in yield (18.75%). The percentage changes in yield increased first and then decreased with the increase of emitter discharge rate, and there were quadratic parabola relationships between the effect size of yield and emitter discharge rate. When the irrigation amount of SSDI was higher (>100%) or lower (<100%) than that of SDI, there was no significant difference in yield between the two irrigation methods. When the irrigation amount was the same (100%), the percentage changes in yield was 5.45% (95%CI: 5.14–5.77%). The percentage changes in yield decreased first and then increased with the increase of buried depth of drip pipe. The buried depth < 10 cm produced the largest percentage increases (14.60%) and the buried depth of 20–30 cm showed the least increases (1.85%). A quadratic parabola relationship existed between the effect size (lnR) of yield and buried depth of drip pipe.",Fertilisation rate,"The maximum yield increase occurred when N fertilization rate was 100–200 kg ha-1 (10.20%), followed by ≥ 300 kg ha-1 (7.81%), 200–300 kg ha- 1 (6.54%) and < 100 kg ha-1 (3.55%). Moreover, yield under the N fertilization rate of 100–200 kg ha- 1 was significantly
higher than under the other three fertilization rates. Unlike N fertilization rates, the percentage changes of yield decreased with the increase of P and K fertilization rates.",Soil characteristics,"Overall, SSDI had a positively effect on yield regardless of soil bulk densities. The percentage increases were greater in soils with higher bulk density (≥1.4 g cm- 3) (7.44% for yield). When the soil bulk density was < 1.4 g cm- 3, the percentage changes in yield was 3.07%. In both acidic and alkaline soils, SSDI significantly increased yield compared with SDI. The percentage increase of yield in soils with pH < 7 were 15.05% (95%CI: 12.37–17.79%) which was significantly higher than those in soils with pH ≥ 7 (10.51%,95%CI: 9.90%- 11.12%). The maximum percentage increase of yield occurred in fine soils. When the soil texture was fine soil, the percentage increases of yield, was 11.01% (95%CI: 10.06–11.97%). For the medium soil, the percentage increases of yield, was 0.51% (95%CI: 0.03–1.00%). For the coarse soil, the percentage increases of yield was 7.31% (95%CI: 6.92–7.71%).",Climate,"SSDI significantly increased yield compared with SDI in both the annual average precipitation and temperature groups. The maximum yield increase occurred in the humid region (8.86%), but the differences between humid and arid regions (6.17%) were not significant. In semiarid regions, the percentage increases of yield was 5.42% (95%CI: 3.60–7.28%). In semi-humid regions, SSDI increased yield by 1.81% (95%CI: 1.12–2.50%). The percentage changes of yield was positively correlated to annual average temperature. The percentage increase of yield in regions with annual average temperature < 12 ℃ was 4.94% (95%CI: 3.46–6.44%) which was significantly lower than those with annual average temperature ≥ 12 ℃ (14.69%, 95%CI: 11.50–17.97% .",NA,NA,NA,NA
Water-saving irrigation practices in non-flooded lands,10.1016/j.agwat.2022.107645,Water use,Crop type,"The largest percentage increases in IWP and WP were found in vegetables (7.20%) and fruits (26.06%), respectively. However, the difference in IWP among agricultural species was not significant.",Planting conditions and patterns,"The percentage changes in IWP and WP of crops, vegetables and fruits planted in the open field were significantly larger than those in the greenhouse. The difference in IWP between SSDI and SDI was not significant when the agricultural species were planted in the greenhouse. When the agricultural species were planted under film mulching, the percentage increase in WP was significantly greater than those without film mulching. As for IWP, although a greater IWP was observed under film mulching, there was no significant difference between the two planting patterns",Drip irrigation parameters,"With the increase of emitter spacing, the percentage increases in IWP decreased. When the emitter spacing was ≥ 45 cm, the difference in IWP between SSDI and SDI was not significant. When the emitter spacing was less than 25 cm, there were notable percentage increases in IWP (17.89%) and WP (20.15%). The percentage changes in IWP and WP increased first and then decreased with the increase of emitter discharge rate, and there were quadratic parabola relationships between the effect size of IWP and WP and emitter discharge rate. When the irrigation amount of SSDI was higher (>100%) or lower (<100%) than that of SDI, there was no significant difference in WP between the two irrigation methods. When the irrigation amount was the same (100%), the percentage changes in IWP and WP were 7.39% (95% CI: 6.73–8.04%) and 4.41% (95%CI:.3.59–5.24%), respectively. For IWP, the buried depth < 10 cm produced the largest percentage increases (10.90%) and the buried depth of 20–30 cm showed the least increases (1.22%). However, WP was increased most by SSDI when the buried depth was 20–30 cm, and the difference in WP between the buried depth of 20–30 cm and < 10 cm was not significant. A quadratic parabola relationship existed between the effect size (lnR) of IWP and WP and buried depth of drip pipe.",Fertilisation rate,"The maximum percentage increase in IWP occurred when N fertilization rate was ≥ 300 kg ha-1 (15.77%), followed by 200–300 kg ha-1 (15.10%), 100–200 kg ha-1 (5.86%) and < 100 kg ha-1 (3.47%). As for WP, the maximum value occurred when N fertilization rate was
≥ 300 kg ha-1 (14.53%), followed by 200–300 kg ha-1 (6.15%), < 100 kg ha-1 (2.40%) and 100–200 kg ha-1 (- 0.91%).  The changes of WP decreased first and then increased with the increase of P fertilization rate. As for IWP, the percentage changes increased first and then decreased with the increase of P fertilization rate and increased with the increase of K fertilization rate.",Soil characteristics,"Overall, SSDI had a positively effect on IWP and WP regardless of soil bulk densities. The percentage increases were greater in soils with higher bulk density (≥1.4 g cm- 3) (6.73% for IWP and 10.50% for WP, respectively). When the soil bulk density was < 1.4 g cm- 3, the percentage changes in IWP and WP were 1.29% and 2.10%, respectively. In both acidic and alkaline soils, SSDI significantly increased IWP compared with SDI. The percentage increases of IWP in soils with pH < 7 was 26.89% (95%CI: 23.23–30.66%) which was significantly higher than those in soils with pH ≥ 7 (18.02%, 95%CI: 16.59%- 19.47%). However, WP in soils with pH < 7 was decreased by SSDI with a percentage changes of-33.90% (95%CI:- 38.77 to - 28.63%), which was significantly lower than that in soils with pH ≥ 7 (9.31%, 95%CI: 7.40–11.25%). The highest percentage changes in IWP and WP were obtained in medium soils. When the soil texture was fine soil, the percentage increases of IWP and WP were 3.13% (95%CI: 0.98–5.33%) and 3.90% (95%CI: 1.86–5.98%), respectively. For the medium soil, the percentage increases of IWP and WP were  9.68% (95%CI: 8.22–11.17%) and 12.32% (95%CI: 10.35–14.32%), respectively. For the coarse soil, the percentage increases of IWP and WP were 6.35% (95%CI: 5.64–7.06%) and 1.65% (95%CI: 0.75–2.56%),",Climate,"SSDI significantly increased WP compared with SDI in both the annual average precipitation and temperature groups. However, in semiarid and semi-humid regions, there was no difference in IWP between the two irrigation methods due to the 95% confidence internal overlapped zero. Generally, the percentage changes of yield, IWP and WP decreased first and then increased with the increase of annual average precipitation. The maximum IWP and WP increase occurred in the humid region (8.63% and 30.66%, respectively), but the differences between humid and arid regions (8.00% and 24.92%, respectively) were not significant. In semiarid regions, the percentage increases of IWP and WP were - 1.28% (95%CI: - 3.68 to - 1.19%) and 7.84% (95%CI: 4.20–11.60%), respectively. In semi-humid regions,
SSDI increased IWP and WP by - 0.03% (95%CI:-1.01 to 0.95%) and 2.28% (95%CI: 1.36–3.21%), respectively. The percentage changes of IWP was positively correlated to annual average temperature. The percentage increases of IWP in regions with annual average temperature < 12 ℃ was 4.18% (95%CI: 1.16–7.30%) which was significantly lower than those with annual average temperature ≥ 12 ℃ (10.41%, 95%CI:7.14–13.78%). As for WP, there was no significant difference between annual average temperature < 12 ℃ (15.80%, 95%
CI: 13.05–18.62%) and ≥ 12 ℃ (15.65%, 95%CI: 12.18–19.22%) (Fig. 10f).",NA,NA,NA,NA
Water-saving irrigation practices in non-flooded lands,10.1016/j.agwat.2022.107746,Crop yield,Fertilisation rate,"The highest response ratios of GY occurred for the > 400 kg N ha- 1 class ( p = 0.023). The response ratios of GY were significantly different between potassium classes (p = 0.005): the highest response ratios of GY occurred for the < 150 kg K ha- 1 (RR, - 0.22).",Climate,response ratios of GY were in the order semi-arid > humid / dry sub-humid / arid / hyper-arid (p < 0.05). The response ratio of GY was 64% higher in the semi-arid climate compared to the humid climate despite the similar DI stress in these two climates.,Growth stage,"The response ratio of GY was not significantly different between the reproductive and the vegetative (V) & reroductive (R) stages but was higher at the vegetative stage compared to the V&R stages. The response ratio of maize GY was significantly lower at the V&R stage (lower RR, 􀀀 0.28, p < 0.001) than the vegetative stage (highest RR, - 0.16; p < 0.001) for both the medium and heavy soils. The response ratio of GY decreased with increasing DI stress, with regression slopes following the order vegetative (- 0.69, p < 0.001) < V&R (- 0.37, p < 0.001) < reproductive (- 0.34, p < 0.001) stages. Thus, a unit increase of the response ratio of DI stress resulted in 69%, 37%, and 34% decrease of the response ratio of GY at vegetative, V&R, and reproductive stage, respectively.",Deficit irrigation stress,"Three types of DI stress applications arose from the collected data: (i) irrigation frequency reduction (IFR) which is the reduction of the number of irrigation events for a specific period, (ii) irrigation amount reduction (IAR), and (iii) both irrigation frequency and amount reductions (IFAR). Overall, the response ratio of GY followed the order IAR / IFAR > IFR. For the IFR, the response ratio of GY was significantly lower at V&R stage compared to the vegetative stage and the reproductive stage, while no significant difference occurred among the growth stages for IAR and IFAR.",Crop growing cycle,"The response ratio of GY was 1.8- and 2.3-fold higher (p < 0.001) for the short maize cycle than the medium (90–120 days) and the long maize cycles (> 120 days), respectively, despite the higher DI stress for the  short cycle (􀀀 0.32) than for the medium on and the long cycle.",NA,NA,NA,NA,NA,NA
Water-saving irrigation practices in non-flooded lands,10.1016/j.agwat.2022.107746,Water use,Fertilisation rate,"WP was higher in the DI stress treatments compared to the optimal treatments for the < 200 kg N ha􀀀 1 (RR = 0.06; p < 0.001), the < 200 kg P ha􀀀 1 (RR = 0.06; p < 0.001), and all potassium classes (p < 0.05)",Climate,"WP was significantly higher in the semi-arid climate (RR = 0.06, p < 0.001) and significantly lower in the hyper-arid climate (RR = - 0.27, p = 0.0396, Fig. 4b)",Growth stage,"the response ratio of WP decreased with raising DI stress at both vegetative (- 0.16, p = 0.022) and reproductive (- 0.26, p = 0.002) stages, but an opposite trend occurred at the V&R stage (0.15, p = 0.001)",Deficit irrigation stress,"The WP was significantly higher in the DI stress treatments than the optimal treatments for the IAR (RR = 0.04, p < 0.001); whereas it was not different between the two treatments for IFR and IFAR (p > 0.05). The WP of IAR was higher in the DI stress treatments than the
optimal treatments only at the V&R stage (RR = 0.055, p < 0.001).",Crop growing cycle,"for WP, which response ratio was 14- and 3.7-fold (p < 0.001) significantly higher for the short cycle than the medium (90–120 days) and the long maize cycle varieties (> 120 days)",Soil texture and soil type,"Maize WP was not significantly different between DI stress treatments and optimal treatments for light and medium soils; however, both the point-based and predicted response ratios of WP were significantly higher than zero for the heavy soils, especially for the clayey and silty soils",NA,NA,NA,NA
Livestock feeding techniques,10.1016/j.algal.2023.103359,Animal production,NA,NA,NA,NA,NA,NA,NA,NA,NA,NA,NA,NA,NA,NA,NA,NA
Livestock feeding techniques,10.1016/j.algal.2023.103359,GHG emissions,NA,NA,NA,NA,NA,NA,NA,NA,NA,NA,NA,NA,NA,NA,NA,NA
Livestock feeding techniques,10.1016/j.anifeedsci.2011.04.018,GHG emissions,NA,NA,NA,NA,NA,NA,NA,NA,NA,NA,NA,NA,NA,NA,NA,NA
Livestock feeding techniques,10.1016/j.anifeedsci.2022.115503,Animal production,Type of additive,"Categorical analysis based on macroalgae species revealed that there was no significant effect on all production parameters in all types of ruminants, except for the iodine concentrations in milk which were significantly higher on A. taxiformis inclusion (P = 0.001) compared to other groups.",NA,NA,NA,NA,NA,NA,NA,NA,NA,NA,NA,NA,NA,NA
Livestock feeding techniques,10.1016/j.anifeedsci.2022.115503,GHG emissions,Type of additive,"All macroalgae species showed a significant reduction on CH4 with the highest reduction shown by red macroalgae (P < 0.001). More specifically, inter-species effects were examined. Few macroalgae species showed significant CH4 reduction (P < 0.05) including A. taxiformis, Cladophora patentiramea, and Dictyota bartayresiana.",Dose,"Additionally, dietary levels of A. taxiformis had strong linear decrease (R2 = 0.946; P < 0.001) on CH4 (g/d) and curvilinear effect on CH4 when expressed as g/kg DMI (R2 = 0.687; P < 0.001).",Animal type,"When considering the types of animals, A. taxiformis decreased (P < 0.001) CH4 by 64.76 % in beef cattle but the effect in dairy cows and small ruminant were non-significant (P > 0.05) compared with control diet as a reference.",NA,NA,NA,NA,NA,NA,NA,NA,NA,NA
Livestock feeding techniques,10.1016/j.anifeedsci.2022.115564,GHG emissions,NA,NA,NA,NA,NA,NA,NA,NA,NA,NA,NA,NA,NA,NA,NA,NA
Livestock feeding techniques,10.1016/j.anifeedsci.2023.115806,Animal production,Dose,"Methane production was higher in animals receiving tannins (p = 0.025) when the total concentration of tannins in the source was greater than 500 g/kg MS (I2 = 17.1 %). The production of CH4, when added doses of tannins between 11 and 20 g/kg MS, was reduced by 4 % (p = 0.005; I2 = 44.5 % - moderate). In interactions, at total concentrations above 500 g/kg MS of a CT extract, methane production tended to increase (p = 0.089) in cattle supplemented with tannins (MD =  0.361 g/d; CI 95 %  0.778, 0.055; I2 = 20.9 %). Doses between 11 and 20 g/kg MS of HT extract reduced by 0.807 g/d the production of CH4 (CI 95 % 0.085, 1.529; p = 0.028; I2 =67.9 %).",NA,NA,NA,NA,NA,NA,NA,NA,NA,NA,NA,NA,NA,NA
Livestock feeding techniques,10.1016/j.anifeedsci.2023.115806,GHG emissions,Dose,"Methane production was higher in animals receiving tannins (p = 0.025) when the total concentration of tannins in the source was greater than 500 g/kg MS (I2 = 17.1 %). The production of CH4, when added doses of tannins between 11 and 20 g/kg MS, was reduced by 4 % (p = 0.005; I2 = 44.5 % - moderate). In interactions, at total concentrations above 500 g/kg MS of a CT extract, methane production tended to increase (p = 0.089) in cattle supplemented with tannins (MD =  0.361 g/d; CI 95 %  0.778, 0.055; I2 = 20.9 %). Doses between 11 and 20 g/kg MS of HT extract reduced by 0.807 g/d the production of CH4 (CI 95 % 0.085, 1.529; p = 0.028; I2 =67.9 %).",NA,NA,NA,NA,NA,NA,NA,NA,NA,NA,NA,NA,NA,NA
Livestock feeding techniques,10.1016/j.animal.2022.100458,Animal production,NA,NA,NA,NA,NA,NA,NA,NA,NA,NA,NA,NA,NA,NA,NA,NA
Livestock feeding techniques,10.1016/j.animal.2022.100458,Nutrient excretion,NA,NA,NA,NA,NA,NA,NA,NA,NA,NA,NA,NA,NA,NA,NA,NA
Livestock feeding techniques,10.1016/j.aninu.2021.09.005,Animal production,NA,NA,NA,NA,NA,NA,NA,NA,NA,NA,NA,NA,NA,NA,NA,NA
Livestock feeding techniques,10.1016/j.aninu.2021.09.005,GHG emissions,Animal type,The reduction in methane yield with 3-NOP ranged from 6.5% to 38% in dairy cattle (mean of 22.2%; P < 0.01; n = 7) and from 1.5% to 59% in beef cattle (mean of 30.0%; P < 0.01; n = 7). ,Type of additive,Tannins and saponins having the greatest effect,NA,NA,NA,NA,NA,NA,NA,NA,NA,NA,NA, 
Livestock housing techniques,10.1016/j.anireprosci.2020.106278,Animal production,Intensity of illumination,Higher effect with illumination intensity higher than 50 lx.,Sex ratio,Higher effect with ganders housed with the female geese.,Animal age,Higher effect when birds were older than 2 years of age.,NA,NA,NA,NA,NA,NA,NA,NA,NA,NA
Grassland management,10.1016/j.apsoil.2016.04.015,Soil biological quality,Duration of treatment,"The negative effect of N input on soil microbial biomass was significant only in long-term trials, but not in shorter-term studies.",NA,NA,NA,NA,NA,NA,NA,NA,NA,NA,NA,NA,NA,NA
Organic fertilisation,10.1016/j.apsoil.2017.03.011,Soil nutrients,NA,NA,NA,NA,NA,NA,NA,NA,NA,NA,NA,NA,NA,NA,NA,NA
Wetland conservation and restoration,10.1016/j.aquabot.2012.06.003,Biodiversity,NA,NA,NA,NA,NA,NA,NA,NA,NA,NA,NA,NA,NA,NA,NA,NA
Mulching; Water-saving irrigation practices in non-flooded lands; Cover and catch crops,10.1016/j.atmosenv.2018.12.046,GHG emissions,NA,NA,NA,NA,NA,NA,NA,NA,NA,NA,NA,NA,NA,NA,NA,NA
Enhanced efficiency fertilisers,10.1016/j.atmosenv.2020.117506,Air pollutants emissions,NA,NA,NA,NA,NA,NA,NA,NA,NA,NA,NA,NA,NA,NA,NA,NA
Enhanced efficiency fertilisers,10.1016/j.atmosenv.2020.117506,GHG emissions,NA,NA,NA,NA,NA,NA,NA,NA,NA,NA,NA,NA,NA,NA,NA,NA
Agroforestry practices and systems,10.1016/j.baae.2015.08.006,Pests and diseases,types of pests,Stronger effect on weeds.,Crop type,Effects stronger for perennial (orchards) than annual crops,NA,NA,NA,NA,NA,NA,NA,NA,NA,NA,NA,NA
Grazing management,10.1016/j.baae.2021.08.007,Biodiversity,NA,NA,NA,NA,NA,NA,NA,NA,NA,NA,NA,NA,NA,NA,NA,NA
Peatland management,10.1016/j.biocon.2005.06.003,Biodiversity,NA,NA,NA,NA,NA,NA,NA,NA,NA,NA,NA,NA,NA,NA,NA,NA
Wetland conservation and restoration,10.1016/j.biocon.2007.11.006,Biodiversity,Water salinity,"In fresh water marshes, the plant species richness was high (about 10), and reed management increased plant species richness by 90% (95% CI [48%; 160%], N =4). In contrast, in saline water marshes, the number of plant species was low (about 3) and reed management had no effect on it (-19%, 95% CI [-55%; 17%], N =4).",Duration of treatment,"Changes in the number of invertebrates in managed sites varied depending on the duration of management period (Qb = 7.2, d.f. = 2, P = 0.027): a decrease in the number of invertebrates was found after middle- (4–5 years) and long-term (7 years) reed management, but not after shorter management period (1–2 years).",Invertebrate taxonomic group,"The effect of reed management was highly variable depending on taxonomic groups of invertebrates (Qb = 48.9, d.f. = 13, P = 0.001). Numbers of the following groups were significantly decreased in managed sites compared to unmanaged sites: Mollusca, Coleoptera, Lepidoptera (-88%, 95% CI [-93%; -84%], N = 2) and Hymenoptera (-44%, 95% CI [-45%; -42%], N = 2), whereas abundance of the following groups were significantly increased in managed sites compared to unmanaged sites: Acarina, Oligochaeta (40%, 95% CI [29%; 49%], N = 2) and Isopoda (186%, 95% CI [100%; 300%], N = 2). Reed management also resulted in a 10- fold increase in abundance of Homoptera in managed sites (1110%, 95% CI [352%; 2298%], N = 3). Numbers of other groups of invertebrates such as Trichoptera, Diptera, Heteroptera, Araneae, Collembola, and Mysidaceawere not significantly affected by reed management (P > 0.05).",Colleoptera (beetles) family,"Within Coleoptera, the effect of reed management differed between families (Qb = 18.5, d.f. = 8, P = 0.018). For example, numbers of beetles belonging to families
Malachiidae, Curculionidae (-50%, 95% CI [-60%; -40%], N = 2) and Hydrophilidae (-40%, 95% CI [-70%; 0%], N = 2) decreased in managed sites, whereas numbers of Coccinellidae increased five times in managed sites compared to unmanaged ones (490%, 95% CI [333%; 699%], N = 2).",Araneae (spiders) family,"Reed management effects on spiders differed between families (Qb = 34.1, d.f. = 7, P = 0.006). Numbers of Gnaphosidae, Clubionidae, Araneidae (-75%, 95% CI [-83%; -62%], N = 2) and Salticidae (-69%, 95% CI [-86%; -43%], N = 2) decreased in managed sites, while number of Lycosidae was increased, and numbers of Linyphiidae and Philodromidae (-25%, 95% CI [-85%; 200%], N = 2) did not change in managed sites compared to unmanaged sites.",NA,NA,NA,NA,NA,NA
Wetland conservation and restoration,10.1016/j.biocon.2007.11.006,Pests and diseases,NA,NA,NA,NA,NA,NA,NA,NA,NA,NA,NA,NA,NA,NA,NA,NA
Grassland conservation and restoration,10.1016/j.biocon.2009.11.030,Biodiversity,Presence of remnant vegetation,"For birds, the estimated average effect size for studies in which the pasture did not include remnant vegetation was -2.02 (95% CI: -2.93, -1.12) indicating that species richness was 2 standard deviations lower in pastures that did not include remnant vegetation than in plantations. The estimated average effect size for studies in which the pasture did include remnant vegetation was 0.92 (95% CI: 0.01, 1.82) indicating that bird species richness was 1 standard deviation higher in pastures that included remnant vegetation than in plantations. For reptiles/amphibians, species richness was an estimated -2.06 (95% CI: -3.43, -0.68) standard deviations lower in pastures that did not contain remnant vegetation than in plantations. However there was no significant difference (95% CI: -0.81, 1.94) in species richness between pastures than did contain remnant vegetation and plantations. For mammal abundance, the estimated average effect size for studies in which the pasture did not include remnant vegetation was -1.83 (95% CI: -2.74, -0.92) indicating that mammal abundance was almost 2 standard deviations lower in pastures that did not include memnant vegetation than in plantations. Whereas the estimated average effect size for studies in which the pasture did include remnant vegetation was 0.52 (95% CI: 0.97, -1.43), indicating that there was no difference in mammal abundance between pastures that included remnant vegetation and plantations.",NA,NA,NA,NA,NA,NA,NA,NA,NA,NA,NA,NA,NA,NA
Grazing management,10.1016/j.biocon.2010.11.024,Biodiversity,NA,NA,NA,NA,NA,NA,NA,NA,NA,NA,NA,NA,NA,NA,NA,NA
Pesticides reduction strategies; Organic farming systems,10.1016/j.biocon.2018.11.020,Biodiversity,NA,NA,NA,NA,NA,NA,NA,NA,NA,NA,NA,NA,NA,NA,NA,NA
Pesticides reduction strategies; Organic farming systems,10.1016/j.biocon.2018.11.020,Crop yield,NA,NA,NA,NA,NA,NA,NA,NA,NA,NA,NA,NA,NA,NA,NA,NA
Pesticides reduction strategies,10.1016/j.biocon.2018.11.020,Pesticide use,NA,NA,NA,NA,NA,NA,NA,NA,NA,NA,NA,NA,NA,NA,NA,NA
Organic farming systems,10.1016/j.biocon.2018.11.020,Pests and diseases,NA,NA,NA,NA,NA,NA,NA,NA,NA,NA,NA,NA,NA,NA,NA,NA
Grassland conservation and restoration,10.1016/j.biombioe.2015.05.008,Carbon sequestration,NA,NA,NA,NA,NA,NA,NA,NA,NA,NA,NA,NA,NA,NA,NA,NA
Manure processing techniques; Manure storage techniques,10.1016/j.biosystemseng.2020.02.015,Air pollutants emissions,NA,NA,NA,NA,NA,NA,NA,NA,NA,NA,NA,NA,NA,NA,NA,NA
Manure processing techniques; Manure storage techniques,10.1016/j.biosystemseng.2020.02.015,GHG emissions,NA,NA,NA,NA,NA,NA,NA,NA,NA,NA,NA,NA,NA,NA,NA,NA
Mulching; Cover and catch crops; Leguminous crops,10.1016/j.catena.2020.105085,Nutrient leaching and run-off,Mean annual precipitation,"When MAP exceeded 800 mm, ground cover reduced losses of TN by 56.4%, NO3–-N by 60.3%, and NH4+-N by 55.5%",Slope gradient,"Slope gradient (<10°, 10–15°, 15–20°, 20–25° or >25°), TN losses had the tendency to increase with steeper slopes.",Mean annual temperature,"When the MAT exceeded 20 °C, the ground cover was more effective in reducing TN and NH4+-N losses than at the lower MAT ranges.",NA,NA,NA,NA,NA,NA,NA,NA,NA,NA
Mulching; Cover and catch crops; Leguminous crops,10.1016/j.catena.2020.105085,Soil erosion,Vegetation coverage,"Vegetation coverage (VC: 50–65%, 65–80% or 80–100%): as vegetation coverage increased, runoff and soil losses decreased.",Slope gradient,"Slope gradient (<10°, 10–15°, 15–20°, 20–25° or >25°). In all field sites with different slopes, the ground cover was more effective in reducing soil loss than runoff (Figs. 3 and 4). When the field slope was greater than 15°, a continuous decline of ground cover reduction effect was observed as the slope increased. When the field slope ranged from 10 to 15° and 15 to 20°, ground cover reduced runoff by 56.7 to 61.8% and soil loss by 68.2 to 78.6%. In fields with slopes less than 10° and between 20 and 25°, ground cover only reduced runoff by 43.0 to 43.5% and soil loss by 64.0 to 78.6%. When the fields slope was above 25°, ground cover reduced runoff by 39.8% and soil loss by 58.7%. mean annual precipitation (MAP: <400 mm, 400–800 mm or >800 mm).",NA,NA,NA,NA,NA,NA,NA,NA,NA,NA,NA,NA
Mulching,10.1016/j.catena.2021.105483,Carbon sequestration,Crop type,Stronger negative effect in paddy rice,Type of mulching,Some type of mulching have stronger effects than others,NA,NA,NA,NA,NA,NA,NA,NA,NA,NA,NA,NA
Mulching,10.1016/j.catena.2021.105483,Crop yield,Crop type,Stronger positive effect in rainfed uplands,Type of mulching,Some type of mulching have stronger effects than others,NA,NA,NA,NA,NA,NA,NA,NA,NA,NA,NA,NA
Mulching,10.1016/j.catena.2021.105483,GHG emissions,Film thickness,Stronger reduction of emission with thick film.,irrigation,No effect of mulching on CH4 uptake in case of irrigation.,Type of mulching,Effect on CH4 uptake was non significant for some types of mulching. Some type of mulching have stronger effects than others on N2O. No significant effect for several types of mulching on N2O emission.,Crop type,Stronger effect in paddy rice for CH4 and N2O emission.,NA,NA,NA,NA,NA,NA,NA,NA
Soil amendment with lime and gypsum,10.1016/j.chemosphere.2021.130345,Carbon sequestration,Soil salinity,FGDG application significantly increased SOC only in saline soil.,Soil depth,FGDG application significantly increased SOC only in two soil depths (0–20 cm and 20–40 cm).,Aplication season,FGDG significantly increased SOC only in spring applications.,NA,NA,NA,NA,NA,NA,NA,NA,NA,NA
Soil amendment with lime and gypsum,10.1016/j.chemosphere.2021.130345,Crop yield,Incorporation depth,Increases in crop yield were much higher in the treatment when FGDG was applied to soil depth >20 cm (354.5% ± 31.1%) compared to those to the top 20 cm (73.8 ± 28.7%),Irrigation,Positive correlation,Water table,NA,NA,NA,NA,NA,NA,NA,NA,NA,NA,NA
Soil amendment with lime and gypsum,10.1016/j.chemosphere.2021.130345,Heavy metals pollution,NA,NA,NA,NA,NA,NA,NA,NA,NA,NA,NA,NA,NA,NA,NA,NA
Soil amendment with lime and gypsum,10.1016/j.chemosphere.2021.130345,Soil biological quality,NA,NA,NA,NA,NA,NA,NA,NA,NA,NA,NA,NA,NA,NA,NA,NA
Soil amendment with lime and gypsum,10.1016/j.chemosphere.2021.130345,Soil nutrients,NA,NA,NA,NA,NA,NA,NA,NA,NA,NA,NA,NA,NA,NA,NA,NA
Soil amendment with lime and gypsum,10.1016/j.chemosphere.2021.130345,Soil physico-chemical quality,Incorporation depth,"Decreases in pH generally decreased with soil depth, with the greatest decreases in the 0–20 cm soil layer. Decreases in pH were also greater for deep FGDG incorporation depth (>20 cm) than for shallow FGDG incorporation depth (0–20 cm)",Soil salinity,Decreases in soil pH were greater in heavy sodic and strong sodic soils than in moderate sodic and saline soils.,NA,NA,NA,NA,NA,NA,NA,NA,NA,NA,NA,NA
Intercropping,10.1016/j.cropro.2011.11.020,Pests and diseases,Crop/cultivar combinations,"Higher component disease diversity had a lower estimate of effect size, indicating that the more variation of disease between mixture and pure stands, higher the effect of cultivar mixtures on plant disease control",Sowing density,"Cultivar mixtures performed better on control of wheat stripe rust when the planting density was appropriate (moderate sowing density, 200-400 seeds/m2) than either lower or higher planting density",Disease severity,Cultivar mixtures on disease reduction showed a better effect when disease occurred intensively,NA,NA,NA,NA,NA,NA,NA,NA,NA,NA
Landscape features,10.1016/j.earscirev.2012.08.003,Soil erosion,NA,NA,NA,NA,NA,NA,NA,NA,NA,NA,NA,NA,NA,NA,NA,NA
Landscape features,10.1016/j.earscirev.2016.06.010,Crop yield,NA,NA,NA,NA,NA,NA,NA,NA,NA,NA,NA,NA,NA,NA,NA,NA
Landscape features,10.1016/j.earscirev.2016.06.010,Soil erosion,NA,NA,NA,NA,NA,NA,NA,NA,NA,NA,NA,NA,NA,NA,NA,NA
Landscape features,10.1016/j.earscirev.2016.06.010,Soil nutrients,NA,NA,NA,NA,NA,NA,NA,NA,NA,NA,NA,NA,NA,NA,NA,NA
Landscape features,10.1016/j.earscirev.2016.06.010,Soil water retention,NA,NA,NA,NA,NA,NA,NA,NA,NA,NA,NA,NA,NA,NA,NA,NA
Landscape features,10.1016/j.earscirev.2017.08.007,Soil erosion,Land use,"Both runoff reduction and sediment control were greatest in terracing with tree crops, moderately effective in cropland and non-significant in grasslands.",Terrace type,"On bench terraces (including level terraces, zig terraces and slope terraces), tree crops consistently presented the greatest benefit with respect to runoff reduction. Tree crops presented the lowest benefit on half-moon terraces. For sediment reduction, cropland presented the greatest benefit on slope-separated terraces.",Geographical area,"In SE China, terracing of tree crops had the greatest efficiency with respect to runoff reduction, while terracing of croplands and tree crops were superior for sediment reduction. In SW China, the greatest efficiency of soil and water conservation was observed for terraced croplands, followed by tree crops and grasslands. Cropland and tree crops were highly effective in reducing runoff and sediment in NE China.",Slope,"The benefits pertaining to runoff and sediment reduction were approximately equivalent for cropland terraces on 6°–35° slopes, but the benefit was slightly lower for terraces on 3°–5° slopes. The control of water erosion by terracing areas with tree crops was the highest at the gradients of 26°–35°, followed by 16°–20°, 8°–10°, and 11°–15°. However, gradients of 3°–5° resulted in the lowest and non-significant effects, while insufficient data were obtained from land with gradients of 21°–25°.",NA,NA,NA,NA,NA,NA,NA,NA
No tillage and reduced tillage,10.1016/j.earscirev.2017.12.015,Carbon sequestration,Soil depth,"Generally, relative stock changes between IT and HT was highest in the 0-5 cm layer and varied between 0.02 and 0.07. The dataset available for the (NT - HT)/NT ratio allowed for inclusion of deeper depths and showed that the relative difference followed a steady decline from 0.40 to 0.04 over the 0-40 cm layer.  Thereafter, relative difference increased in 45 cm depth reaching 0.14, but was close to zero in 60 cm depth.",NA,NA,NA,NA,NA,NA,NA,NA,NA,NA,NA,NA,NA,NA
Grazing management,10.1016/j.ecolind.2021.107881,Carbon sequestration,Soil microbial biomass,Soil organic carbon showed positive correlations with soil microbial biomass.,NA,NA,NA,NA,NA,NA,NA,NA,NA,NA,NA,NA,NA,NA
Grazing management,10.1016/j.ecolind.2021.107881,Grassland production,Soil microbial biomass,Aboveground biomass showed positive correlations with soil microbial biomass.,NA,NA,NA,NA,NA,NA,NA,NA,NA,NA,NA,NA,NA,NA
Grazing management,10.1016/j.ecolind.2021.107881,Soil biological quality,Duration of treatment,"The biomass of soil microbes was 14.22% greater in the period between six to 10 years and 12.30% greater in the period over 10 years, with no grazing compared with that of the initial degraded grassland. Most microbes did not display any significant changes at the early stage (less than five years) of grazing exclusion, except for arbuscular mycorrhiza fungi, which significantly increased by 46.73%. However, at the 6–10 year stage, bacteria, fungi, actinomycetes, and gram-positive (G+) bacteria increased by 11.52%, 12.52%, 29.90%, and 9.67%, respectively. When the duration of natural restoration succession with grazing exclusion was over 10 years, fungi, G+, and arbuscular mycorrhiza fungi significantly decreased by 23.66%, 38.87%, and 26.87%, respectively, compared with those in the initial degraded grassland. Bacteria, actinomycetes and gram-negative (G-) bacteria also experienced some biomass declines when the duration was over 10 years compared to that of the 6–10 year stage.",Soil depht,"Microbial biomass decreased with grazing by 7.04% and 11.40% in the 0–10 cm and 10–20 cm soil layer, respectively, compared with that of ungrazed grassland. Microbial biomass did not significantly change with grazing exclusion at over 20 cm soil depth.",NA,NA,NA,NA,NA,NA,NA,NA,NA,NA,NA,NA
Grazing management,10.1016/j.ecolind.2021.107881,Soil nutrients,Soil microbial biomass,Soil total nitrogen showed positive correlations with soil microbial biomass.,NA,NA,NA,NA,NA,NA,NA,NA,NA,NA,NA,NA,NA,NA
Grazing management,10.1016/j.ecolind.2021.107881,Soil water retention,NA,NA,NA,NA,NA,NA,NA,NA,NA,NA,NA,NA,NA,NA,NA,NA
Agroforestry practices and systems,10.1016/j.ecoser.2023.101537,Carbon sequestration,pedo-climatic zone,NA,age of the system,"carbon sequestration potential increases with the age of the agroforestry (AF) system, peaking at 10-20 years, and decreases thereafter",precipitation,soil depth,Soil carbon stocks also increase significantly in the upper soil layer (up to 30 cm).,NA,NA,NA,NA,NA,NA,NA,NA,NA
Intercropping; Leguminous crops,10.1016/j.eja.2017.09.009,Crop yield,Crop spatial arrangement; Mean yield,Also intercropping in replacement design gave more stable yields than IC in an additive design.; Increasing grain yield increased yield stability.,Crop/cultivar combinations; Climatic zone,"Compared with the respective cereal and legume sole crops, intecropping in the cereal-grain legume systems gave higher yield stability than intecropping in the non-cereal-grain legume systems.; In a tropical climate, stability in intercropping was significantly higher (P < 0.05) than in cereals sole crops. In the subtropical zone, no significant difference was observed among the cropping systems. In the temperate climate, no significance difference was observed between intercrop and cereal sole crop. All cropping systems in the subtropical zone showed the lowest CV of all climatic zones, indicating that this zone is more favourable for achieving higher yield stability in crop production.",NA,NA,Intercrop design,"The replacement design showed a significantly higher positive effect on yield stability than the additive design. In the additive design, yield stability in intercropping was lower than in the cereal sole crop, but tended to be higher than in the grain legume sole crop. In contrast, intercropping in the replacement design gave significantly higher yield stability than both the cereal (P < 0.05) and grain legume sole crop (P < 0.001). In the replacement design, the average intercropping CV was 14% lower than the intercropping CV in the additive design",NA,NA,NA,NA,NA,NA,NA,NA
Mulching,10.1016/j.eja.2018.07.005,Crop yield,Mean annual precipitation,"The response ratios decreased with growing-season precipitation in the plastic-mulch treated plots PMF (P <  0.05), and PMR (P < 0.05), but not in the SMF and SMR treatments. The response ratios on average were 0.13 (13% higher than the check treatment) for SMF and 0.11 (11% higher than the check treatment) for SMR across the precipitation gradients.",Mean annual temperature,"The yield response ratio also decreased with mean growing-season temperature with plastic mulch, both in the flat (P <  0.05) and ridge-furrow plots (P < 0.0001), but not in the straw-mulched plots. The response ratios on average were 0.13 (13% higher than the check treatment) for SMF and 0.11 (11% higher than the check treatment) for SMR across the temperature gradients.",Soil type,"In the PMR treatment, the mean effect size was significantly higher for the clay loam (0.538, 95%: 0.524–0.553) than for the silt loam soil (0.482, 0.464–0.501).",NA,NA,NA,NA,NA,NA,NA,NA,NA,NA
Mulching,10.1016/j.eja.2018.07.005,Water use,NA,NA,NA,NA,NA,NA,NA,NA,NA,NA,NA,NA,NA,NA,NA,NA
Intercropping; Leguminous crops,10.1016/j.eja.2019.125987,Crop yield,Crop/cultivar combinations; Intercrop composition,"The yield gains due to intercropping  increased with the temporal niche differentiation of the intercrops (i.e. the proportion of the total growing period of the crop mixture during which species grow alone). The yield gain was substantially greater in intercrops with maize than in intercrops without maize, but there was no difference in yield gain between systems with and without legumes.",Fertiliser application,The yield gain increased with nitrogen (N) input in maize/C3-cereal intercrops but not in cereal/legume intercrops.,NA,NA,NA,NA,NA,NA,NA,NA,NA,NA,NA,NA
Leguminous crops; Intercropping,10.1016/j.eja.2020.126077,Plant nutrient uptake,Intercrop composition; Crop/cultivar combinations,Studies with less proportion of cereal plants in the intercrop showed a stronger effect.; The proportion of each species in the intercrops and the species of legume influenced N2 fixation andsoil-derived nitrogen acquisition.,Legume species; Fertiliser application,"Legume species in the intercrop acquires greater amount of soil-derived N when the cereal was intercropped with faba (+0.75, 95 % CI = [0.60, 0.94], p=0.006, post hoc test) and lupin (+0.76, 95 % CI = [0.60, 0.96], p=0.010, post hoc test) in comparison with the pea.; Intercropping had a more negative effect on Ndfa when N fertilizers were applied than under zero fertilization, but the difference was significant only between zero-N and the application of 1−50 kg N ha−1. The fertilization rate was affecting soil-derived nitrogen acquisition measured for intercrop legume compared to sole legume, with more negative effects of fertilized intercropping than unfertilized ones.",Method used to quantify Nitrogen fixation,"There was a significant difference between natural abundance and isotope dilution methods, with a negative effect of intercropping on Ndfa, when the isotope dilution method was used.",NA,NA,NA,NA,NA,NA,NA,NA,NA,NA
Intercropping; Leguminous crops,10.1016/j.eja.2020.126077,Soil nutrients,Crop/cultivar combinations; Intercrop composition,The proportion of each species in the intercrops and the species of legume influenced N2 fixation andsoil-derived nitrogen acquisition.; Studies with less proportion of cereal plants in the intercrop showed a stronger effect.,Fertiliser application; Legume species,"Intercropping had a more negative effect on Ndfa when N fertilizers were applied than under zero fertilization, but the difference was significant only between zero-N and the application of 1−50 kg N ha−1. The fertilization rate was affecting soil-derived nitrogen acquisition measured for intercrop legume compared to sole legume, with more negative effects of fertilized intercropping than unfertilized ones.; Legume species in the intercrop acquires greater amount of soil-derived N when the cereal was intercropped with faba (+0.75, 95 % CI = [0.60, 0.94], p=0.006, post hoc test) and lupin (+0.76, 95 % CI = [0.60, 0.96], p=0.010, post hoc test) in comparison with the pea.",Method used to quantify Nitrogen fixation,"There was a significant difference between natural abundance and isotope dilution methods, with a negative effect of intercropping on Ndfa, when the isotope dilution method was used.",NA,NA,NA,NA,NA,NA,NA,NA,NA,NA
Livestock feeding techniques; Manure land application techniques; Manure processing techniques; Manure storage techniques; Organic fertilisation; Livestock housing techniques; Low ammonia emission techniques for mineral fertilisation; Enhanced efficiency fertilisers,10.1016/j.envpol.2018.10.124,Air pollutants emissions,Livestock type; Crop type,"Among selected animals, greater reductions through abatement measures were achieved in cattle and poultry than in pig. The effect of land application strategies on reducing ammonia emission also varied significantly with animal type, with the highest for poultry (74.3%) and the lowest for cattle (58.9%).; Among selected animals, greater reductions through abatement measures were achieved in cattle and poultry than in pig. The effect of land application strategies on reducing NH3 emission also varied significantly with animal type, with the highest for poultry (74.3%) and the lowest for cattle (58.9%).; Stronger effect of UI for rice",Crop type,Stronger effect of CRF for rice and pasture,NA,NA,NA,NA,NA,NA,NA,NA,NA,NA,NA,NA
Leguminous crops; Crop residue management; Mulching,10.1016/j.envpol.2021.117844,Air pollutants emissions,Mineral N fertiliser application rate,Increase ammonia volatilisation,Cropping system type,Diversification of crop rotation reduces ammonia volatilisation.,NA,NA,NA,NA,NA,NA,NA,NA,NA,NA,NA,NA
Wetland management; Peatland management,10.1016/j.ese.2020.100063,GHG emissions,NA,NA,NA,NA,NA,NA,NA,NA,NA,NA,NA,NA,NA,NA,NA,NA
Peatland management; Wetland management,10.1016/j.ese.2020.100063,Soil biological quality,Fertiliser type,The effect of nitrogen deposition on soil microbial biomass was greater than that of fertilization.,Climate,"Compared to other climates, the alpine climate had the largest SMD of MBC (SMD = 2.10, Bootstrap CIs = 1.51 to 2.73) and MBN (SMD = 3.44, Bootstrap CIs = 2.80 to 4.14 in). It suggests that for the alpine climate, nitrogen input significantly multiplied the activity of soil microbes.",N application rate,"nitrogen input rates of 0–100 kg ha−1·yr−1 significantly added the MBC (means of SMD = 1.28, 2.86 in Bootstrap CIs) and MBN (means of SMD = 3.01, 4.79 in Bootstrap CIs). In contrast, nitrogen input rates of more than 100 kg ha−1·yr−1 dwindled the MBC and MBN, except for the case of nitrogen input rates of more than 300 kg ha−1·yr−1. This indicated that lower nitrogen input rates significantly increased the soil microbial biomass contents.",NA,NA,NA,NA,NA,NA,NA,NA,NA,NA
Wetland management,10.1016/j.ese.2020.100063,Water quality,NA,NA,NA,NA,NA,NA,NA,NA,NA,NA,NA,NA,NA,NA,NA,NA
Intercropping,10.1016/j.fcr.2009.09.006,Crop yield,Crop type,"Mixing effects differed significantly between crop types, being significant for winter wheat and spring barley and insignificant for spring wheat and winter barley.",Crop/cultivar combinations,"Mixing effect increased significantly with (1) diversity in reported grain yields in pure stands, (2) diversity in disease resistance, and (3) diversity in weed suppressiveness, calculated among the different component varieties. Mixing effect was also found to increase significantly with the effective number of component varieties. The effects of the latter two differed significantly between crop types.",Latitude,Mixing effect increased significantly with latitude for spring wheat and decreased with latitude for winter wheat,NA,NA,NA,NA,NA,NA,NA,NA,NA,NA
Green manure; Leguminous crops,10.1016/j.fcr.2009.11.014,Crop yield,Soil type,Organic inputs from the legumes may have large impact on more sensitive and less resilient soils.,NA,NA,NA,NA,NA,NA,NA,NA,NA,NA,NA,NA,NA,NA
Green manure; Enhanced efficiency fertilisers; Leguminous crops; Organic fertilisation,10.1016/j.fcr.2012.06.007,GHG emissions,No factor reported,NA,NA,NA,NA,NA,NA,NA,NA,NA,NA,NA,NA,NA,NA,NA
Leguminous crops; No tillage and reduced tillage,10.1016/j.fcr.2015.01.012,Crop yield,Mineral fertiliser addition,"Yield benefits of legumes to subsequent crops are highest under low nitrogen fertilisation to subsequent crops and fertilisation can be reduced by 60 kg N ha−1 on average under maintenance of acceptable yields. With the aim at maximising yield potential, nitrogen fertilisation following grain legumes can be reduced by 23–31 kg ha−1, and cereal yields are mostly 0.5–1.6 Mg ha−1 higher than after cereal pre-crops.",Tillage,Grain legume rotations were more competitive in terms of gross margins of full crop rotations under conservation tillage systems if gross margin calculations accounted for cost savings arising from adjusted machinery requirements,Climate,"Grain legumes were also shown to substantially and consis-tently benefit subsequent rapeseed in temperate sites, with mostly0.4–0.7 Mg ha−1extra yield (increase by 9–20%). In Mediterranean sites, cereals after grain legumes yielded mostly 0.2–1.5 Mg ha−1more when compared to the yieldsobtained after cereals or sunflower (increase by 9–79%), but effectswere not consistently positive.",NA,NA,NA,NA,NA,NA,NA,NA,NA,NA
No tillage and reduced tillage,10.1016/j.fcr.2015.07.020,Crop yield,Crop type,"Yields were not reduced for oilseeds and cotton or legume crop categories, but yields significantly declined by 20.4 and 21.4% for miscellaneous and root crop categories, respectively. Yields for cereals were moderately impacted by no-till practices (-5.0%). The negative impacts of no-till for cereals were smallest for wheat (-2.6%) and miscellaneous cereals (-3.0%) and largest for rice (-7.5%) and maize (-7.6%). When crop rotations were not implemented, residue removal led to significantly stronger yield reductions for maize but not wheat or miscellaneous cereals compared to when residues were retained. Non significant effect of no-till along with residue retention and crop rotation (conservation agriculture) in legumes, wheat, oilseeds and cotton.",Latitude,No-till reduced yields the most in tropical latitudes (-15.1%) and the least in temperate latitudes (-3.4%),Climate,"No-till performed best under rainfed conditions in dry climates, matching conventional tillage yields overall and matching or exceeding conventional tillage yields for each crop category. However, for the other three combinations of water management practices and climate (i.e. irrigated and dry, rainfed and humid, and irrigated and humid), consistent yield declines were observed for each crop category except for oilseeds and cotton, irrigated legumes in humid climates, irrigated miscellaneous cereals in dry climates, and rainfed miscellaneous cereals in humid climates. Regardless of crop category, positive responses to residue retention and crop rotation (i.e. a reduction in yield decline with no-till) were observed only in dry climates. In contrast, yield declines remained similar regardless of these practices in humid climates. As residue management and crop rotation were considered as factor, these results are reported as factor.",Time since treatment,"Yield responses in the first 1–2 years following no-till implementation were negative for all crop categories except oilseeds and cotton. In all cases except maize, the negative effects of no-till, where present, decreased with time. No-till yields started to match conventional tillage yields after 3–4 years for miscellaneous cereals and legumes and 5-10 years for other crops. Although there was a trend of increasing yield response over time for a number of crop categories, no-till yields did not exceed conventional tillage yields for any crop in any experiment duration category. Results for no-till duration depended on climate, with negative yield effects in early years generally being more consistent across crop categories in humid climates while only the maize crop category showed significant yield declines in early years in dry climates. In contrast, yield reductions for the wheat and legume crop categories were more pronounced in early years in humid climates and yields generally took longer to match conventional tillage yields. The overall crop category showed significant yield declines in early years, regardless of climate.",N fertilization,"Across all observations, yields under no-till were reduced by 12% without N fertilizer addition. Yields under no-till were reduced by 4% with inorganic N fertilizer addition. Although relatively few studies assessed organic N sources, the results suggest that large yields declines (-20%) are possible with large variability. Yield reductions under no-till were smallest (-4%) at inorganic N rates between 80 and 120 kg N ha-1. Moderate to high N inputs did not significantly reduce the negative effects of no-till compared to zero N inputs for any crop category, although this trend was present for maize and wheat. Yields for legumes under no-till were similar to conventional tillage without N addition or at low N rates, but decreased at N rates >15 kg N ha-1. In general, the response to N rate for each crop category differed depending on climate. In dry climates, yield declines without N addition or at low N rates were either not present or were much smaller compared to data pooled across climates. In humid climates, yield reductions were more severe with a 22% yield reduction occurring in the overall crop category without N addition.",NA,NA,NA,NA,NA,NA
No tillage and reduced tillage,10.1016/j.fcr.2015.07.023,Crop yield,Climate,Yield decline under NO compared to CT was higher in tropical/subtropical regions.,Climate x duration of treatment x N fertilization,NT yield declines were most consistently observed at low rates of N fertilization during the first 2 years of NT adoption in tropical/subtropical regions.,Climate x crop rotation x N fertilization,"When crop rotation was not practiced, NT yield declines were magnified by low rates of N fertilization in tropical/subtropical regions.",Climate x residues management x N fertilization,"When residues were removed from the field, NT yield declines were magnified by low rates of N fertilization in tropical/subtropical regions.",NA,NA,NA,NA,NA,NA,NA,NA
Intercropping,10.1016/j.fcr.2015.09.010,Cropping system productivity,Geographical area,"LER was significantly higher in Asia than in Europe, Africa or Latin America. No significant difference of LER between any two other continents was observed.",Crop/cultivar combinations,"LER of C3/C4 intercrops was significantly higher than of C3/C3intercrops. Temporal niche differentiation contributed substantially to high LER in systems combining a C3 and C4species, but not in systems based on C3 species mixtures.",Crop spatial arrangement,LER of mixed intercrops was lower than of row and strip intercrops while the difference was only significant between mixed and strip intercrops.,Crop density,LER increases if densities are increased beyond component replacement ().,Fertiliser application,"There was a significant positive interaction between temporal niche differentiation (TND) and the amount of N applied to the intercrop, indicating that niche complementarity between a short and a long season crop with relatively short period of overlap is more fully expressed when high levels of nutri-ents are provided.",NA,NA,NA,NA,NA,NA
Low ammonia emission techniques for mineral fertilisation; Enhanced efficiency fertilisers,10.1016/j.fcr.2016.04.023,Air pollutants emissions,NA,NA,NA,NA,NA,NA,NA,NA,NA,NA,NA,NA,NA,NA,NA,NA
Low ammonia emission techniques for mineral fertilisation; Enhanced efficiency fertilisers,10.1016/j.fcr.2016.04.023,Crop yield,NA,NA,NA,NA,NA,NA,NA,NA,NA,NA,NA,NA,NA,NA,NA,NA
Manure land application techniques; Low ammonia emission techniques for mineral fertilisation,10.1016/j.fcr.2016.07.018,Crop yield,Placement technique,NA,Fertlizer type,NA,Crop type,NA,NA,NA,NA,NA,NA,NA,NA,NA,NA,NA
Low ammonia emission techniques for mineral fertilisation,10.1016/j.fcr.2016.07.018,Plant nutrient uptake,Placement technique,NA,Phenological crop growth stage,NA,NA,NA,NA,NA,NA,NA,NA,NA,NA,NA,NA,NA
Intercropping; Leguminous crops,10.1016/j.fcr.2016.08.001,Cropping system productivity,Crop type,PLER of the cereals was greater than that of the legumes in ∼75%of the cases (409 out of 552 cases) indicating that the competitiveness of cereals is normally higher than that of legumes in a mixture.; A high PLER of the cereal corresponded with a low PLER of the legume and vice versa. One unit increase of PLER of the legume resulted in 0.605 unit decrease of PLER of the cereal.,Sowing time; Sowing date,"Sowing a species earlier than its companion increased its relative yield.; Sowing a species earlier than its companion increased its relative yield, and vice versa. Increase of one unit in relative sowing time resulted in a decrease of 0.7 unit of PLER (model 2, β1 = −0.7, SE = 0.15, P < 0.001) for both cereals and legumes.",Crop density; Plant density,"An increase in density of a species increased its relative yield and decreased the relative yield of the companion species; Increasing density of one species in a mixture increases its relative yield while decreasing the relative yield of the associated species. In the cash crop: a significant positive effect of relative density on PLER was observed for both cereals (model 3,  β1= 0.35, SE = 0.06, P < 0.001) and legumes (model 3, β1 + β5 = 0.22, SE = 0.06, P < 0.001). The effect of relative density on PLER was stronger in cereals than in legumes (model 3, β5 = −0.13, SE = 0.04, P = 0.002). In the companion crop: there was a negative relationship between PLER of a species and the relative density of the associated species in both cereals and legumes (model 3, β2 = −0.36, SE = 0.06, P < 0.001).",Fertiliser application; N fertilization,"The relative yield of cereals increased and that of legumes decreased with the amount of N fertilizer. The negative effect of N on the relative yield of legumes was mitigated if the legume was sown before the cereal.; The relative yield of cereals increased and that of legumes decreased with the amount of N fertilizer. There was a slight positive effect of N on PLER of the cereals for strategies 1 (equal rate of N in intercrop and sole crops) and 2 (N in intercrop intermediate between sole crops). However, for strategy 3 (N in intercrop equal to lowest level in sole crops), there was a strong positive effect of N fertilizer on PLER while there was a strong negative effect of N fertilizer on PLER with strategy 4 (N in intercrop equal to the highest level in sole crops). PLER of legumes decreased 0.13 unit when the rate of N fertilizer application was increased with 100 kg/ha.",N fertilization * sowing date,"For the cereals, there was a slight positive effect of N fertilizer on PLER when the two intercropped species were sown simultaneously. The negative interaction between RST and the rate of N fertilizer for the cereals indicates that sowing the legumes later than the cereals enhances the positive effect of N fertilizer on PLER of cereals. For legume species, there was a negative effect of N fertilizer on PLER when the legumes were sown simultaneously with the cereals. However, this negative effect was mitigated by sowing the cereals later than the legumes.",NA,NA,NA,NA,NA,NA
Water-saving irrigation practices in flooded lands,10.1016/j.fcr.2016.12.002,Crop yield,Soil pH,"When alternate wet and dry (AWD) was practiced in acidic soils (pH < 7), AWD relative yield was −5.3% (CI: −7.5% to −3.1%) compared to −18.7% (CI: −24.1% to −12.5%) when it was practiced on soils with pH ≥ 7. Also, AWD performed better on soils with high SOC (>1%) with relative yields being −4.3% (CI: −6.4% to −2.1%) compared to −11.6% (CI: −15.4% to −7.4%) on soils with lower SOC.",Timing of alternate wet and dry,"When AWD was conducted only during the vegetative or reproductive phase there was no yield reduction (AWD relative yield: −0.5%, CI: −4.3% to 3.5%), compared to an 8.1% yield reduction (CI: −9.9% to −6.2%) when it was practiced throughout the whole season",Degree of soil drying,"With respect to AWD threshold, there was no yield penalty with AWD when field water level (FWL) ≤ 15 cm (AWD relative yield: −1.9%, CI: −4.4% to 0.3%) or soil water potential (SWP) ≥ −20 kPa (AWD relative yield: −3.4%, CI: −7.2% to 0.5%) were used as the threshold. However, when the threshold was drier (SWP < −20 kPa) yield was reduced by 22.6% (CI: −27.9% to −16.5%).",Soil properties * field management,"Soil properties and management practices had no effect on yields under Mild AWD (FWL ≤ 15 cm and SWP ≥ –20 kPa). In contrast, under Severe AWD (SWP < −20 kPa) these factors were much more influential. Specifically, under Severe AWD, yields were lower in: 1) soils with high pH (≥7), with AWD relative yield = −46.5% (CI: −54.2% to −37.5%) compared to −17.1% (CI: −22.6% to −11.4% to) in soils with low pH; 2) soils with low SOC (≤1%), with AWD relative yield = −38.8% (CI: −46.1% to −30.4%) compared to −10.1% (CI: −14.9% to −5.0%) in soils with high SOC; and 3) when AWD was practiced throughout the entire season, with AWD relative yield = −27.1% (CI: −33.4% to −19.7%) compared to −3.0% (CI: −8.0% to 2.5%) when AWD was practiced only during the vegetative or reproductive stage.",NA,NA,NA,NA,NA,NA,NA,NA
Water-saving irrigation practices in flooded lands,10.1016/j.fcr.2016.12.002,Water use,Soil properties * field management,Under Mild AWD water use decreased by 23.4% (CI: −29.5% to −17.0%) compared to 33.4% (CI: −36.5% to −30.1%) under Severe AWD,NA,NA,NA,NA,NA,NA,NA,NA,NA,NA,NA,NA,NA,NA
Pesticides reduction strategies,10.1016/j.fcr.2017.01.010,Crop yield,NA,NA,NA,NA,NA,NA,NA,NA,NA,NA,NA,NA,NA,NA,NA,NA
Leguminous crops; Pesticides reduction strategies,10.1016/j.fcr.2017.01.010,Pests and diseases,Intercropping,Significant weed biomass reduction for one type of intercropping only (living mulch). Uncertain results.,NA,NA,NA,NA,NA,NA,NA,NA,NA,NA,NA,NA,NA,NA
Intercropping,10.1016/j.fcr.2017.09.006,Crop yield,Crop type,"Mixtures of winter wheat provided a global overyielding (4.3%) that was significantly higher (p-value < 0.05) than mixtures of spring wheat, for which global overyielding was not significant",Disease severity,"Overyielding from mixtures generally increased with disease pressure. Global overyielding was significant under high disease pressure only (6.2%), based mostly on studies where mixtures were inoculated (56% of the studies) rather than naturally infected by fungal spores. This was significantly higher (p-value < 0.05) than the global overyielding under low disease pressure (2.6%; p-value= 0.093) where mixtures were treated with fungicides.",Trait heterogeneity,"Mixtures without reported consideration of height, and certainly displaying homogeneity for this trait, had significantly lower overyielding when compared to mixtures diverse in height (3.8%; pvalue< 0.05). Mixtures composed of varieties with contrasting levels of resistance towards one or more fungal diseases tended to provide larger overyielding, but with a marginally significant test (+2.5%;p-value < 0.1), than mixtures composed of cultivars with similar disease resistance or without any reported consideration of resistance. This overyielding was enhanced when handled resistances were specific to a disease seriously affecting the plots (2.9%; p< 0.05).",NA,NA,NA,NA,NA,NA,NA,NA,NA,NA
Mulching,10.1016/j.fcr.2018.02.017,Crop yield,Region/geographic area,"For plastic mulching, the highest increase in potato yield was found in Northeast China (27.7%), followed by Northwest China (27.0%), South China (22.1%), The Middle and Lower reaches of Yangtze River (21.5%), Qinghai and Tibet (17.4%), North-central China (14.9%)and Southwest China (14.7%). However, the effects of straw mulching on potato yield in different regions were ranked in the order of Southwest China (20.6%), South China (17.4%), Northwest China (15.2%) and The Middle and Lower reaches of Yangtze River.",Mean annual temperature,"Plastic mulching increased the yield of potato crops grown at mean air temperatures of < 15 °C, 15–20 °C and > 20 °C during the growing season by 21.2%, 25.5% and 20.1%, respectively. Growth temperature had the similar influence on potato yield under straw mulching practices with the most significant increase at air temperatures ranging from 15 to 20 °C (18.9%), followed by < 15 °C (13.3%) and > 20 °C (11.5%), respectively.",Mineral fertiliser addition,Plastic mulching performed better at relatively low (< 100 kg ha−1) or moderate (100–200 kg ha−1) NPK rates.,Water consumption,"For plastic mulching, increases in potato yield were greater in areas with low water input (26.0%) than in areas with high water input (19.4%). Similarly, the mean effect of straw mulching on potato yield was 17.4% in areas with low water input and 12.3% in areas with high water input.",Mulching material,"The effects of plastic mulching were affected by the color of the plastic
film. In China, the overall increase in potato yield with black film
mulching was 25.8%, higher than that of transparent film mulching
(23.7%). The effects of black and transparent film on potato yield varied with regions. In Northeast China and Northwest China, enhancements in potato yields under transparent film were a little higher than those under black film. However, black film performed better than transparent film in The Middle and Lower reaches of Yangtze River, Southwest China and South China. In South China, increase in potato yield under black film was significantly higher than that under transparent film. The effects of black and transparent film on potato yield varied with the mean air temperature during the potato growing season. Both transparent film and black film had significantly positive effects on potato yield at mean air temperatures of < 15 °C and 15–20 °C. However, increase in potato yield under black film was significantly higher than that under transparent film when air temperature was above 20 °C.",NA,NA,NA,NA,NA,NA
Mulching,10.1016/j.fcr.2018.02.017,Water use,Region/geographic area,"Plastic mulching and straw mulching significantly increased potato WUE in North-central China by 30.2% and 6.4%, respectively. However, plastic mulching had no significant effect on potato WUE in North-central China and Southwest China.",Mean annual temperature,"For plastic mulching, enhancement in potato WUE was higher at air
temperatures ranging from 15 to 20 °C than that at air temperatures
of > 20 °C. Straw mulching significantly increased potato WUE
by 7.7% at air temperatures ranging from 15 to 20 °C, and no significant
effect when mean growth temperatures > 20 °C.",Water consumption,"Straw mulching significantly increased potato WUE by 8.3% in areas with low water input, but had no significant effect in areas with high water input.",NA,NA,NA,NA,NA,NA,NA,NA,NA,NA
Green manure; Crop residue management,10.1016/j.fcr.2018.08.001,Crop yield,NA,NA,NA,NA,NA,NA,NA,NA,NA,NA,NA,NA,NA,NA,NA,NA
Green manure; Crop residue management,10.1016/j.fcr.2018.08.001,Plant nutrient uptake,NA,NA,NA,NA,NA,NA,NA,NA,NA,NA,NA,NA,NA,NA,NA,NA
Water-saving irrigation practices in flooded lands,10.1016/j.fcr.2019.02.010,Crop yield,Water management,"Severe non-continuous flooding practices significantly reduced the rice yield, but mild non-continuous flooding did not.",NA,NA,NA,NA,NA,NA,NA,NA,NA,NA,NA,NA,NA,NA
Water-saving irrigation practices in flooded lands,10.1016/j.fcr.2019.02.010,GHG emissions,Water management,"The reduction in CH4 emissions caused by non-continuous flooding increased with the number of drying events, the number of unflooded days, and with soil drying severity. However, these factors did not affect treatment effects on N2O emissions.",Soil organic carbon,The increases in N2O emissions caused by non-continuous flooding increased with SOC content.,Organic fertiliser type,"The increases in N2O emissions caused by non-continuous flooding increased with manure application. Because the dataset contained only 7 observations from studies with manure application, authors also analyzed the subset of studies in which the effect of manure addition and water management were studied in a full factorial design. Within in this subset of studies, manure application increased treatment effects on N2O emissions as well.",NA,NA,NA,NA,NA,NA,NA,NA,NA,NA
Crop rotation; Leguminous crops,10.1016/j.fcr.2019.107659,Crop yield,Geographical area; Crop type,"Rotation significantly increased crop yields across all regions. The highest increase in yield was found in the Southwest (38.4 ± 6.7%), followed by the North (24.5 ± 9%), Northeast (19.5 ± 4.4%), Northwest (15.3 ± 6.3), and East (9.5 ± 4.6%) (P < 0.05).; Rotation with Triticeae pre-crops did not influence the yield of succeeding crops when compared with continuous monoculture, but the yield increased by 20.3 ± 5.6% when rotated with other cereals (P<0.05, Fig. 5a). Succeeding crop yields increased by 19.2 ± 10.2% and 15.3 ± 6.9% when rotated with root crops and oilseeds crops, respectively. Rotation effects were the greatest when legumes were the pre-crops. Specifically, succeeding crop yields increased by 27 ± 5.5% and 24.7 ± 16.7% when preceded by grains and forage legumes, respectively. Furthermore, crop rotation resulted in greater yields when pre-crops included legumes (26.5 ± 5.1%). Crop yield increased to a lesser extent following cultivation of non-legume crops (10.6 ± 6.3%) (P < 0.05). Under rotation management, the yield of Triticeae crops significantly increased by 25 ± 5.8%, but no significant benefit was found for other cereals. Similarly, rotation significantly increased the yield of succeeding legumes and the “cotton and tobacco” category, by 24.5 ± 4.9% and 23.4 ± 10.9%, respectively. The largest benefit of rotation on yield was found with root crops, with a significant increase of 34.4% and a wide 95% CI of 14.8%.",Climate,"Rotation effects on crop yields were much stronger in regions with mean annual precipitation (MAP) ≤400mm (24.2 ± 6.5%) or>550mm (25.2 ± 8.4%) than in regions with MAP 400–550mm (9.3 ± 9.2%) (P < 0.05). A significant increase in crop yields (26.2 ± 5.8%) was observed in cooler regions (mean annual temperature (MAT) ≤ 7℃). However, rotation had no significant effect on crop yields in regions where MAT values were higher than 7℃ (P < 0.05).",Soil characteristics,"Rotation increased crop yields by 23.1 ± 5.7%, 25.9 ± 7.2%, and 13.5 ± 5.4% in soils with coarse, medium, and fine soil textures (P < 0.05), respectively. Rotation increased crop yields by 13.0 ± 6.0%, 32.7 ± 5.4%, and 17.7 ± 7.0% when the initial SOC was in the range of ≤ 7, 7–10, and 10–20 g kg−1 (P<0.05), respectively.  There were clear positive benefits of crop rotation, with yield increases of 21.5 ± 13.5% and 32.4 ± 4.9% in soils where Total Nitrogen (TN) was ≤ 0.75 and between 0.75–1.2 g kg−1, respectively. Yield increase was smaller (12.2 ± 6.7%) in soils with TN > 1.5 g kg−1 (P < 0.05). No significant effect was found in soils with TN values 1.2–1.5 g kg−1.",Crop type,"Rotation with Triticeae pre-crops did not influence the yield of succeeding crops when compared with continuous monoculture, but the yield increased by 20.3 ± 5.6% when rotated with other cereals (P<0.05, Fig. 5a). Succeeding crop yields increased by 19.2 ± 10.2% and 15.3 ± 6.9% when rotated with root crops and oilseeds crops, respectively. Rotation effects were the greatest when legumes were the pre-crops. Specifically, succeeding crop yields increased by 27 ± 5.5% and 24.7 ± 16.7% when preceded by grains and forage legumes, respectively. Furthermore, crop rotation resulted in greater yields when pre-crops included legumes (26.5 ± 5.1%). Crop yield increased to a lesser extent following cultivation of non-legume crops (10.6 ± 6.3%) (P < 0.05). Under rotation management, the yield of Triticeae crops significantly increased by 25 ± 5.8%, but no significant benefit was found for other cereals. Similarly, rotation significantly increased the yield of succeeding legumes and the “cotton and tobacco” category, by 24.5 ± 4.9% and 23.4 ± 10.9%, respectively. The largest benefit of rotation on yield was found with root crops, with a significant increase of 34.4% and a wide 95% CI of 14.8%.",Rotation system,"Rotation effects on crop yield increased by 19.2 ± 3.9%, 31.4 ± 6.4, and 8.4 ± 8.3% for the first, second, and third following crops.",Tillage,Rotation significantly increased succeeding crop yields by 21.8 ± 6.2% under conventional tillage but did not have any impact under conservation tillage.,Mineral N fertiliser application rate,"Rotation increased crop yields by 28.9 ± 7.6% and 26.9 ± 6.2% with N fertilization levels of 0 and 20–120 kg N ha−1, respectively, but had no significant effect when the N fertilization rate was>120 kg N ha−1.",Number of rotation cycle,The rotation effect on yield over time was presented as a rotation cycle effect. The rotation effects for the second cycle were lower than those of the first cycle (23.1 ± 4.2%) and had a large 95% CI (20.3 ± 18.1%).
Leguminous crops; Intercropping,10.1016/j.fcr.2019.107661,Cropping system productivity,Temporal niche differentiation; Sowing time,"The significant positive slope of the relationship between LER and TND (0.214 ± 0.011 units of LER per unit of TND) indicates that relay intercropping has a substantially greater land equivalent ratio than simultaneous intercropping, with LER increasing as the period of cogrowth becomes shorter and the two crops species are growing alone for a greater proportion of their growing periods.; LER increased as the temporal niche differentiation between the two species was increased by sowing or harvesting one crop earlier than the other as in relay intercropping, i.e. with only partial overlap of the growing periods of the two species.",Soil organic matter,The LER increased by 0.00396 ± 0.0016 units per g/kg increase in soil organic matter.; LER increased with soil organic matter,Geographical area,"The LER was greatly different among continents: the average LER was 1.48 ± 0.087 in Europe, 1.41 ± 0.038 in Asia (except China), 1.38 ± 0.051 in Africa, 1.06 ± 0.066 in North America, 1.04 ± 0.17 in South America, and 0.95 ± 0.13 in Australia.",NA,NA,NA,NA,NA,NA,NA,NA,NA,NA
Leguminous crops; Intercropping,10.1016/j.fcr.2019.107661,Plant nutrient uptake,Temporal niche differentiation; Sowing time,FNER had a quadratic relationship to TND with a maximum at a TND of 0.49.; FNER had a quadratic relationship to the temporal niche differentiation (TND) between the two species. FNER reached a maximum at a TND of 0.49.,Geographical area,"The ranking of FNER from different continents was South America (average 1.65 ± 0.23), North America (average 1.56 ± 0.09), Africa (average 1.54 ± 0.08), Europe (average 1.47 ± 0.19), Asia except China (average 1.38 ± 0.06) and Australia (average 0.94 ± 0.17).",NA,NA,NA,NA,NA,NA,NA,NA,NA,NA,NA,NA
Soil amendment with biochar,10.1016/j.fcr.2020.107763,Water use,Soil pH,"There was a statistically significant difference in WUE responses between soils with pH < 7 and pH > 8. No significant increase in PWUE only occurred in soils with pH < 7, while except soils with pH > 8, the remaining groupings both showed a statistically significant positive effect on LWUE.",Biochar pH,"WUE responses were generally significant positive but overall small (not more than 20 %) when applying biochar with pH < 9 or between 9 and 10, and it made no statistically difference between the two groups. Much greater WUE increases were found in experiments with biochar pH > 10 (PWUE: 67.6 % on average; LWUE: 64.5 % on average), a significant increase compared to remaining groups.",Biochar K content,Application of biochar with a K content of 1–1.5 % led to highest positive effect on WUE.,Biochar C content,"All biochar C content categories showed a statistically significant increase in WUE with the exception of the category of biochar containing more than 80 % C. Biochar with a C content above 80 % even showed negative effects on PWUE although not significant. There was also a trend whereby WUE responses depressed with increasing C content of biochar. Compared to evident differences in PWUE between all biochar C content categories, there existed an insignificant difference in LWUE between two higher biochar C content categories.",Biomass precursor,"Applying biochar made from herbaceous material, the mean increase in PWUE was 17.7 %, an evident increase compared to that when wood biochar was applied.",Biochar application rate,"Changes in PWUE with biochar addition were not proportional, while there was a linear relationship between changes in LWUE and biochar application rate. At biochar application rate of less than or equal to 20 t ha−1, there was the highest positive effect on PWUE (32.4 % on average).",Experimental conditions,"A statistically significant positive effect on PWUE was seen in both field and pot experiments, while field experiments showed no significant positive LWUE responses.",NA,NA
Mulching,10.1016/j.fcr.2020.108026,Crop yield,Climate,"Compared with TFM, maize yield in BFM increased by 5%, 4%, and 13 % when the annual mean air temperature was ≤10 ◦C, 10−15 ◦C, and ≥15 ◦C, respectively, and increased by 6% and 5% when the annual mean pre- cipitation was ≤600 mm and >600 mm, respectively.",NA,NA,NA,NA,NA,NA,NA,NA,NA,NA,NA,NA,NA,NA
Mulching,10.1016/j.fcr.2020.108026,Water use,NA,NA,NA,NA,NA,NA,NA,NA,NA,NA,NA,NA,NA,NA,NA,NA
Soil amendment with biochar,10.1016/j.fcr.2020.108049,Crop yield,NA,NA,NA,NA,NA,NA,NA,NA,NA,NA,NA,NA,NA,NA,NA,NA
Leguminous crops,10.1016/j.fcr.2021.108146,Carbon sequestration,Soil depth,"Changes in soil organic matter manifested quite differently in the two soil layers, however. Soil organic matter increased by 7.3 % in the plough layer (0–20 cm) but by 13 % in the > 20 cm soil layer; thus the relative increase in the > 20 cm soil layer was almost twice that in the 0–20 cm layer",NA,NA,NA,NA,NA,NA,NA,NA,NA,NA,NA,NA,NA,NA
Leguminous crops,10.1016/j.fcr.2021.108146,Crop yield,NA,NA,NA,NA,NA,NA,NA,NA,NA,NA,NA,NA,NA,NA,NA,NA
Leguminous crops,10.1016/j.fcr.2021.108208,Cropping system productivity,Sowing timing,Sowing maize earlier than peanut increased the PLER for maize by 0.63 units as the RST decreased by one unit,N fertilisation rate,"Increased fertilizer-N rate increased the PLERm (P = 0.0213), decreased the PLERp (P = 0.0106) and had no effect on the total LER indicating an N rate benefit to intercropped maize but a negative effect on peanut",NA,NA,NA,NA,NA,NA,NA,NA,NA,NA,NA,NA
Mulching,10.1016/j.fcr.2021.108210,Crop yield,Climate,"Plastic film mulching significantly increased crop yields at different mean temperature magnitudes, and the effect was better at low temperature (<10℃: 16.9 %) than those at moderate and high temperatures under PM. Crop yields were also significantly increased under straw mulching compared to that of no-mulching at temperature <10℃, 10−20℃ and >20℃, and the improvements in yield under SM was higher at moderate temperature (10−20℃: 14.8 %) than those at low and high temperatures. The significant differences in yield of effect size at various seasonal air temperatures mainly occurred in the maize field under plastic film mulching. The promoting effects of PM on maize yields were obviously better at temperature of 10−20℃ (31.2 %) than that with >20℃ (11 %). Additionally, the effect of PM on maize yield was significantly better than that of SM at temperature of 10−20℃, but no significant difference was found between SM and PM at temperature >20℃.",Climate,"Both PM and SM significantly enhanced maize yield compared to no-mulching at different water input amounts, but the positive effect on crop yields were diminished with increasing water input amount under both straw and plastic film mulching.",N application rate,"The increase in maize yield was significantly higher under plastic film mulching (22.5 %) than that under straw mulching (4.3 %) at low N rate (<100 kg ha−1) in the maize yield, and was significantly higher under PM (18.0 %) than SM (-0.17 %) at high N input rates in the wheat field. Moreover, the promoting effects of SM on maize yields at N < 100 kg ha−1 and on wheat yields at N > 200 kg ha−1 were not significant.",NA,NA,NA,NA,NA,NA,NA,NA,NA,NA
Mulching,10.1016/j.fcr.2021.108210,GHG emissions,Climate,"CO2 emission was significantly inhibited and CH4 uptake was significantly promoted under SM at high temperature in the maize field. In the wheat field, significantly better promoting effect on wheat yield was found under PM than SM at low temperature, while the PM effect on N2O emission was significantly lower than SM. The PM effect on CO2 emission was not significantly different from the SM effect and PM did not significantly inhibit the CH4 uptake at low temperature in wheat field.",Climate,"In the maize field, no difference in N2O emission was found between PM and NM when water input was <350 mm, whereas N2O emission was significantly increased by 17.5 % when water input was >350 mm. Significant increase in CO2 emission and significant decrease in CH4 uptake was observed under PM compared to NM when water input was <350 mm and >350 mm. For SM in maize field, the effect in increasing N2O emission and decreasing CO2 emission was significant at water input <350 mm, whereas the SM effects on N2O and CO2 emissions were not significant when water input was >350 mm. In wheat field, the positive effect of PM in increasing wheat yields was significantly superior to SM at the water input >350 mm but not significant when water input was <350 mm. In terms of GHG emissions, SM did not significantly increase N2O and CO2 emissions but it significantly increased CH4 uptake in the wheat field when water input was <350 mm compared with NM, whereas the increases in N2O and CO2 emissions were significant under PM and the increase in CH4 uptake was not significant at water input <350 mm. When water input was >350 mm, SM significantly increased N2O emission by 30.3 % and CH4 uptake by 29.2 % compared with NM. The effect of PM on N2O emission was not significant but it significantly decreased the CH4 uptake at water input >350 mm.",N application rate,"Overall, the increase in N2O emission at N < 100 kg ha−1 (24.0 %, P < 0.05) and 100−200 kg ha−1 (22.9 %, P < 0.05) under plastic film mulching was higher than at high N rate (16.0 %, P > 0.05). Similarly, the increase in N2O emission under straw mulching decreased with the increase in N inputs, except for N2O emission at the rate of >200 kg ha-1. For maize and wheat fields, the trend of PM effect on N2O emissions under different N inputs was consistent. The SM effect on N2O emission in the wheat field showed different trends at high N rates. No consistent results were concluded from meta-analysis for CO2 emission and CH4 uptake under different N application rates in both maize and wheat fields.",NA,NA,NA,NA,NA,NA,NA,NA,NA,NA
Leguminous crops,10.1016/j.fcr.2022.108504,Crop yield,Fallow stage,"During the relay-intercropping stage prior to the fallow, only 33% of the cases showed higher rice yields than the monoculture (and 58% cases showed lower yields), but in the stage after the fallow 92% of the cases showed higher yields (and 8% similar yields) compared to the continuous monoculture.",Fertilization,"For pre-Rice green manuring practice, yield increase is smaller but less variable with fertiliser than without",NA,NA,NA,NA,NA,NA,NA,NA,NA,NA,NA,NA
Mulching,10.1016/j.fcr.2022.108566,Crop yield,Crop type,"Soil mulching had the largest positive impact on maize yield (24%), followed by wheat and rice (15% and 11%, respectively).",Planting method,The yield increase was greater in double-furrow planting (66%) compared to flat planting (29%) and ridge-furrow planting (24%).,Soil texture,"Soil mulching caused an increase in the crop yield to varying degrees in all soil textures collected, with the average effect size exceeding 15%. Further, the crop yield under soil mulching in clay increased most, at 30% (95%CI: 19 – 42%), followed by sandy clay loam (25%) and silty clay loam (21%).",Mulching material,"Mulching with plastic film and straw increased yield by 39% (95% CI: 26 – 52%), which was higher than for mulching with plastic film (28%) and mulching with straw (9%). Also, different mulching ratios significantly affected yield, full film (34%) resulted in a higher yield than for half film (21%).",NA,NA,NA,NA,NA,NA,NA,NA
Mulching,10.1016/j.fcr.2022.108566,GHG emissions,Mulching material,Mulching with straw has no effect on CH4 uptake in upland while plastic film reduced the methane uptake. Straw mulching increased CH4 emissions in paddy rice while plastic film decreased them.,Soil texture,Clay loam and clay reduced CH4 uptakes by approximately 25%. Sandy loam increased N2O emissions by 22% and sandy clay loam decreased by 26%.,Planting method,Flat planting significantly reduced CH4 uptakes compared to ridge-furrow planting. Ridge-furrow planting significantly increased N2O emissions by 11% (n = 4).,Film ratio,Full film was more effective than half film in reducing CH4 uptakes.,NA,NA,NA,NA,NA,NA,NA,NA
No irrigation,10.1016/j.fcr.2022.108787,Water use,Mean annual temperature,Water-saving irrigation practices had greater positive effects on the crop WUE at mean annual temperature (MAT) < 7 ◦C compared with other MAT values,Soil type,"Water-saving irrigation practices significantly improved the crop WUE under sandy and loam soil types, but not clay soil types",Irrigation method,"Water-saving irrigation methods comprising sprinkler irrigation, drip irrigation, and infiltration irrigation increased the crop WUE by 13.88%, 19.12%, and 8.11%, respectively",Irrigation frequency and duration,"Under water-saving irrigation practices, the crop WUE increased as the irrigation frequency increased but decreased as the duration of irrigation increased",NA,NA,NA,NA,NA,NA,NA,NA
Soil amendment with biochar,10.1016/j.geoderma.2016.03.029,Soil physico-chemical quality,Biochar application rate,"Total porosity increase was seen by 4%, 3.5%, 8.6% and 19% respectively for low, medium, high and very high application rates, being generally proportional to application rates. The increase in low and medium application rates was however not significant.",Biochar feedstock,Total porosity was increased very significantly (p < 0.01) increased (by 11.6%) with crop residue biochar despite of insignificant increase with other feedstock biochars.,Soil texture,There was a total porosity was very significantly (p < 0.01) increased (by 7.5%) in coarse textured soils and significantly (p < 0.05) increased (by 7.1%) in fine textured soils.,NA,NA,NA,NA,NA,NA,NA,NA,NA,NA
Soil amendment with biochar,10.1016/j.geoderma.2016.03.029,Soil water retention,Biochar application rates,"The magnitude of increase in AWC tended to increase with biochar application rates. Compared to an average increase by 10.6% at low application rates, very high biochar application rates increased AWC by 24.9%.",Soil texture,The increase in AWC was significant (by 24.3%) in coarse textured soil but not in fine and medium textured soils.,Experiment type,AWC was very significantly (p < 0.01) increased by 16.3% in lab incubation experiments and significantly (< 0.05) by 5.8% in field studies.,NA,NA,NA,NA,NA,NA,NA,NA,NA,NA
Wetland conservation and restoration; Peatland conservation and restoration,10.1016/j.geoderma.2019.03.036,Carbon sequestration,NA,NA,NA,NA,NA,NA,NA,NA,NA,NA,NA,NA,NA,NA,NA,NA
Peatland conservation and restoration,10.1016/j.geoderma.2019.06.027,Carbon sequestration,NA,NA,NA,NA,NA,NA,NA,NA,NA,NA,NA,NA,NA,NA,NA,NA
Soil amendment with biochar,10.1016/j.geoderma.2019.114055,Soil physico-chemical quality,NA,NA,NA,NA,NA,NA,NA,NA,NA,NA,NA,NA,NA,NA,NA,NA
Soil amendment with biochar,10.1016/j.geoderma.2019.114055,Soil water retention,Experiment type,"For the coarse-textured soils, FC increased by a higher percentage (by 71%) in the GH & pot studies compared to the field and lab-based studies (37% and 10%, respectively). For the coarse-textured soils, WP increased in the GH & pot and field studies by 85% and 16%, respectively, but slightly decreased in the lab-based studies (by ~2%).For the medium-textured soils, WP marginally increased in the GH & pot, and lab-based studies, but decreased in the field studies. For the fine-textured soil group, WP marginally decreased regardless of the experimental type. For coarse-textured soils, AW increased by a larger percentage (76%) in the GH & pot studies compared to the field- and the lab-based studies (27 and 21%, respectively). Medium-textured soils showed the opposite trend where increases for AW were larger for field-based studies (33%) compared to the GH & pot (8%) and lab studies (18%). For fine-textured soils, AW increased by 19% in the field and lab studies, and 13% in the GH & pot studies.",Biochar-Carbon application rate,"The percentage change in FC was strongly related to BCad (r = 0.64) for the coarse-textured soils, but the same strong relationship was not observed for the medium- and fine-textured soils. Unlike the coarse- and medium-textured soils, for the fine-textured soil, WP negatively correlated with BCad (Table 2). The correlation between percentage change in AW and BCad was moderately strong for the fine-textured soil (r = 0.52), followed by the medium-textured soils (r = 0.21) and weak for the coarse-textured soils (r = 0.18).",NA,NA,NA,NA,NA,NA,NA,NA,NA,NA,NA,NA
No tillage and reduced tillage,10.1016/j.geoderma.2019.114099,Soil physico-chemical quality,Time,Soil bulk density increased during the first 6 years of no tillage,NA,NA,NA,NA,NA,NA,NA,NA,NA,NA,NA,NA,NA,NA
No tillage and reduced tillage,10.1016/j.geoderma.2019.114099,Soil water retention,NA,NA,NA,NA,NA,NA,NA,NA,NA,NA,NA,NA,NA,NA,NA,NA
Grassland management,10.1016/j.geoderma.2020.114256,Soil biological quality,NA,NA,NA,NA,NA,NA,NA,NA,NA,NA,NA,NA,NA,NA,NA,NA
Cover and catch crops; Leguminous crops,10.1016/j.geoderma.2020.114696,Soil biological quality,Termination method,"Incorporation of cover crop residue into the soil increased PLFA compared to surface placement (P ≤ 0.05). Removal of cover crop residue reduced MBN compared to residue incorporation or surface placement. Incorporation of cover crop residue into the soil increased total bacteria compared to surface placement of the residue or removal from the soil (P ≤ 0.05), but residue management has no effect on RR of cover crop on total fungi, although all residue management practices showed positive effect. Residue incorporation enhanced the fungi/bacteria ratio compared to residue removal.",Soil texture,"The RR of PLFA was greater in clay loam than other soil textures, although only 10 observations were available (P ≤ 0.05). The RR of MBC was lower in clay and silty clay loam but greater in loam when compared with other soil textures. Similarly, the MBN with cover crops was lower in silt loam than other textures except of sandy soil. Cover crops enhanced soil bacteria growth compared to no cover crop in most textures, except for clay loam and silty clay loam, where the RR was not significant (P > 0.05). The RR of bacteria was greater in sandy clay loam than silt loam and sandy loam soils. Similarly, cover crop increased total fungi in most soil textures, except sandy loam and clay. Cover crop increased the fungi/bacteria ratio compared to no cover crop and the RR of the fungi/bacteria ratio was greater in silty clay loam than clay loam and silt loam (P ≤ 0.05). Cover crop reduced the fungi/bacteria ratio in sandy clay loam soils (P ≤ 0.05), and had a non-significant effect in sandy loam.",Soil pH,"the RRs of MBC and MBN related nonlinearly to soil pH. The RRs of MBC and MBN declined as soil pH increased to 6.5, after which they increased with further increase in pH. The RR of cover crop for total fungi and bacteria increased linearly with soil pH.",Annual precipitation,The RR of cover crop for total bacteria decreased linearly with increased annual precipitation,NA,NA,NA,NA,NA,NA,NA,NA
Organic fertilisation,10.1016/j.geoderma.2020.114784,Soil nutrients,NA,NA,NA,NA,NA,NA,NA,NA,NA,NA,NA,NA,NA,NA,NA,NA
Mulching,10.1016/j.geoderma.2022.115851,Carbon sequestration,NA,NA,NA,NA,NA,NA,NA,NA,NA,NA,NA,NA,NA,NA,NA,NA
Mulching,10.1016/j.geoderma.2022.115851,Crop yield,NA,NA,NA,NA,NA,NA,NA,NA,NA,NA,NA,NA,NA,NA,NA,NA
Mulching,10.1016/j.geoderma.2022.115851,Soil biological quality,Soil pH,"The initial soil pH had a significant (p < 0.05) effect on soil microbial richness, with stronger positive effects under neutral soil than from acidic and alkaline soils.",Fertliser type,"The changes in microbial abundance under FM depended significantly (p < 0.05) on the source of nitrogen fertilizer; the sole application of chemical nitrogen fertilizer consistently increased microbial abundance, and showed a relatively higher promotion effect than the sole application of organic nitrogen fertilizer.",Mulching material,"Differences in plastic film thickness had significant (p < 0.05) impacts on the microbial diversity, abundance, and specific functional traits. The promotion effect of thick (≥0.01 mm) plastic film on microbial Shannon index, abundance, N-acq activities, and OX activities were always higher than those of thin (≤0.008 mm) plastic film.",NA,NA,NA,NA,NA,NA,NA,NA,NA,NA
Mulching,10.1016/j.geoderma.2022.115851,Soil nutrients,NA,NA,NA,NA,NA,NA,NA,NA,NA,NA,NA,NA,NA,NA,NA,NA
Mulching,10.1016/j.geoderma.2022.115851,Soil water retention,NA,NA,NA,NA,NA,NA,NA,NA,NA,NA,NA,NA,NA,NA,NA,NA
Agroforestry practices and systems; Crop residue management,10.1016/j.iswcr.2021.08.001,Soil erosion,co-practice,Conservation management practices such as cover cropping (CC) significantly reduce soil erosion and surface runoff.,soil porosity,Key indicators show that reduced erosion correlates negatively with bulk density and positively with soil porosity and nutrient leaching.,soil infiltration rates,Key indicators show that reduced erosion correlates negatively with bulk density and positively with soil porosity and nutrient leaching.,NA,NA,NA,NA,NA,NA,NA,NA,NA,NA
Green manure; Landscape features; Leguminous crops,10.1016/j.jaridenv.2011.10.011,Crop yield,Rainfall,"Differences in mean yield varied signiﬁcantly with rainfall in parkland and coppicing legumes.; For coppicing trees, yield increases were generally more positive where annual average rainfall is >800mm or <600mm.",Site productivity,NA,Crop species,NA,Tree species,NA,NA,NA,NA,NA,NA,NA,NA,NA
Leguminous crops,10.1016/j.jaridenv.2016.03.002,Carbon sequestration,Soil nutrients content,The effect on SOC depends on soil nutrient content (larger increases in nutrient-poor sites),Distance from trees,The effect on SOC depends on distance from trunks (larger increases close to trunks).,NA,NA,NA,NA,NA,NA,NA,NA,NA,NA,NA,NA
Leguminous crops,10.1016/j.jaridenv.2016.03.002,Crop yield,Distance from trees,Faidherbia influences on soil properties and crops are greatest (R >> 1) near the tree trunk and gradually decrease towards patches outside the influence zone of the tree approaching RR = 1. The magnitude of tree influence on crop yields  followed a common pattern of distance–decay.,Conditions for crop productivity,Large increases in crop yields occurred in suboptimal conditions for crop productivity than in optimal conditions.,NA,NA,NA,NA,NA,NA,NA,NA,NA,NA,NA,NA
Leguminous crops,10.1016/j.jaridenv.2016.03.002,Soil nutrients,Soil nutrients content,Larger increases in nutrients occurred on inherently nutrient-poor sites than on nutrient-rich sites.,Distance from trees,"The magnitude of tree influence on  N, P, K followed a common pattern of distance–decay. Faidherbia influences on soil properties and crops are greatest (R >> 1) near the tree trunk and gradually decrease towards patches outside the influence zone of the tree.",NA,NA,NA,NA,NA,NA,NA,NA,NA,NA,NA,NA
Agroforestry practices and systems,10.1016/j.jaridenv.2017.11.017,Biodiversity,NA,NA,NA,NA,NA,NA,NA,NA,NA,NA,NA,NA,NA,NA,NA,NA
No irrigation; Water-saving irrigation practices in non-flooded lands,10.1016/j.jclepro.2017.06.085,Crop yield,Annual precipitation; Soil texture,"Under irrigation vs rainfed, yield increase grew with annual precipitation decrease; its average value was highest (35%) when annual precipitation was less than 450 mm and lowest (18%) when annual precipitation was more than 650 mm; The average yield increase was 32%, 20%, and 14% in the sand, loam, and clay.",Soil texture,"The average yield increase was 32%, 20%, and 14% in the sand, loam, and clay.",N application rate,"Average yield increase under irrigation vs rainfed was 18%, 20%, and 24% given low, medium, and high N fertilizer application rates, respectively .",NA,NA,NA,NA,NA,NA,NA,NA,NA,NA
Water-saving irrigation practices in non-flooded lands; No irrigation,10.1016/j.jclepro.2017.06.085,Global warming potential (LCA),Type of water used,"Compared to non-irrigated systems, using surface water for conventional or optimized irrigation resulted in the lowest yield-scaled GHG emissions. Yield-scaled GHG emissions were higher when deep aquifers were used for irrigation water.",NA,NA,NA,NA,NA,NA,NA,NA,NA,NA,NA,NA,NA,NA
Water-saving irrigation practices in non-flooded lands; No irrigation,10.1016/j.jclepro.2017.06.085,Soil water retention,NA,NA,NA,NA,NA,NA,NA,NA,NA,NA,NA,NA,NA,NA,NA,NA
No irrigation; Water-saving irrigation practices in non-flooded lands,10.1016/j.jclepro.2017.06.085,Water use,NA,NA,NA,NA,NA,NA,NA,NA,NA,NA,NA,NA,NA,NA,NA,NA
Mulching,10.1016/j.jclepro.2017.10.269,Carbon sequestration,NA,NA,NA,NA,NA,NA,NA,NA,NA,NA,NA,NA,NA,NA,NA,NA
Mulching,10.1016/j.jclepro.2017.10.269,Crop yield,NA,NA,NA,NA,NA,NA,NA,NA,NA,NA,NA,NA,NA,NA,NA,NA
Mulching,10.1016/j.jclepro.2017.10.269,Global warming potential (LCA),NA,NA,NA,NA,NA,NA,NA,NA,NA,NA,NA,NA,NA,NA,NA,NA
Mulching,10.1016/j.jclepro.2017.10.269,Plastic residues,NA,NA,NA,NA,NA,NA,NA,NA,NA,NA,NA,NA,NA,NA,NA,NA
Mulching,10.1016/j.jclepro.2017.10.269,Soil nutrients,NA,NA,NA,NA,NA,NA,NA,NA,NA,NA,NA,NA,NA,NA,NA,NA
Mulching,10.1016/j.jclepro.2017.10.269,Water use,NA,NA,NA,NA,NA,NA,NA,NA,NA,NA,NA,NA,NA,NA,NA,NA
Manure storage techniques,10.1016/j.jclepro.2019.06.288,Air pollutants emissions,Additive type,The present meta-analysis showed that the application of microbial additives were less effective than chemical or physical additives in reducing ammonia losses. The application of these microbial additives can even stimulate N mineralization and increase ammonia emission.,Application dosage,Higher impact of chemical and physical additive on ammonia emission for higher dosage;,Initial moisture content,Low moisture content increased effectiveness of chemical and physical additives,Initial pH,No effect of chemical and physical additives under acidic (pH ≤ 6.5) or neutral (pH > 6.5 to ≤ 7.5) conditions,Initial C/N ratio,Low C/N ratios stimulated the effectiveness of chemical additives to reduce TN loss; high C/N ratios stimulated the effectiveness of physical additives to reduce TN loss;,NA,NA,NA,NA,NA,NA
Manure storage techniques,10.1016/j.jclepro.2019.06.288,GHG emissions,Initial moisture content,High moisture content suppressed the effectiveness of physical additives in mitigating N2O emission,Additive type,Chemical additives had no effect on reducing N2O emission; physical additives resulted in greater mitigation of N2O and CH4 emissions;,Additive properties,"Gypsum even increased N2O emission, while biochar and zeolite reduced N2O emission; Biochar and zeolite gave significant reductions in the total GWP, no significant effect of phosphate and magnesium salt, superphosphate or gypsum.",NA,NA,NA,NA,NA,NA,NA,NA,NA,NA
Manure storage techniques,10.1016/j.jclepro.2019.06.288,Nutrients recovery,Additive type,The present meta-analysis showed that the application of microbial additives were less effective than chemical or physical additives in reducing TN loss.,Additive properties,"Among chemical additives, phosphate and magnesium salts had the greatest mitigation potential;",Application dosage,Higher impact of chemical and physical additive on TN lossesfor higher dosage;,Initial moisture content,Low moisture content increased effectiveness of chemical additives,Initial C/N ratio,Low C/N ratios stimulated the effectiveness of chemical additives to reduce TN loss; high C/N ratios stimulated the effectiveness of physical additives to reduce TN loss;,NA,NA,NA,NA,NA,NA
Water-saving irrigation practices in flooded lands,10.1016/j.jclepro.2019.118928,Crop yield,Water restriction amount,"Yield reduction mainly occurred under severe water restriction. Yield decreased by 12% and 7% under severe AWDp irrigation (soil water potential <-15 kPa) and AWDt irrigation (soil water table lower than 15 cm below the soil surface), respectively. In contrast, rice yield increased by 1-6% with mild AWDp irrigation.",Soil texture and soil type,Yield decline mainly occurred in loam soils.,Soil organic carbon,Yield decline mainly occurred in soils with a SOC of less than 30 g kg-1.,NA,NA,NA,NA,NA,NA,NA,NA,NA,NA
Water-saving irrigation practices in flooded lands,10.1016/j.jclepro.2019.118928,GHG emissions,NA,NA,NA,NA,NA,NA,NA,NA,NA,NA,NA,NA,NA,NA,NA,NA
Water-saving irrigation practices in flooded lands,10.1016/j.jclepro.2019.118928,Water use,NA,NA,NA,NA,NA,NA,NA,NA,NA,NA,NA,NA,NA,NA,NA,NA
Crop residue management; No irrigation,10.1016/j.jclepro.2019.119632,Plant nutrient uptake,Annual precipitation,"The change of NPFP when mean annual precipitation (MAP) > 625 mm was siginificantly (p = 0.001) lower than when MAP ≤ 625 mm. In addition, when irrigation was applied, annual precipitation (AP) significantly and positively affected NPFP by 42.7% when AP was <550 mm; the effect was greater than when AP was >550mm (P< 0.05). In addition, an increase in NPFP of 6.3% was observed when seasonal precipitation (SP) was <140 mm in comparison to SP ≤ 140 mm (P < 0.05).",Soil total N,The change of NPFP when initial soil nitrogen content (STN) ≤ 0.85 g/kg was siginificantly (p = 0.034) higher than when STN > 0.85 g/kg.,N application rate,The lnRs of NPFP showed an initially increasing trend followed by a decrease with the increase of nitrogen rate appliaction (NAR) (P < 0.05).,Irrigation amount,The NPFP was significantly improved with the application of irrigation by 29.8% with 80-160 mm of IA (P < 0.05). Increased irrigation may not improve further NPFP.,Irrigation times,"Compared to winter wheat that was only rainfed, when irrigation times (IT) was 1, 2, or >2, NPFP significantly increased by 15.7%, 30.2%, and 25.2%, respectively (P < 0.05).",NA,NA,NA,NA,NA,NA
Mulching,10.1016/j.jclepro.2020.121470,Carbon sequestration,Crop type,"In general, the categories of ‘Potato’ for crop type exhibited more obvious positive effects on SOC stocks than other levels. The total SOC stocks under plastic mulching were generally unaltered for wheat cropped soils but significantly increased in maize soils. The total SOC stocks under plastic mulching were generally unaltered for wheat cropped soils but significantly increased in maize soils. A larger mulching effect on root C inputs was detected in Maize (51%) than in Wheat (23%).",Plant density,"In general, the category ‘Medium’ for planting density exhibited more obvious positive effects on SOC stocks than other levels.",Mineral N fertiliser amount applied,Plastic mulching in fields with a comparatively lower N input (<100 kg ha−1) tended to show a greater increase in SOC stocks,Soil texture,Larger effect sizes were also detected in sandy loam soils than silt loam soils.,Climate,"The increasing magnitude of SOC stocks was significantly and negatively correlated with mean growing season precipitation (P = 0.015). In addition, root C input into the soil significantly decreased with mean growing precipitation but increased with mean growing temperature.",NA,NA,NA,NA,NA,NA
Mulching,10.1016/j.jclepro.2020.121470,Crop yield,Crop type,The largest positive effect sizes of plastic mulching on biomass harvest and economic yield were found to occur in maize.,Plant density,The largest positive effect sizes of plastic mulching on biomass harvest and economic yield were found to occur under low planting density.,Soil texture,"On average, mulching application significantly increased economic yield by 52% (95% CI: 46–58%) and 74% (95% CI: 54–96%) in silt loam and sandy clay loam soils, respectively, but the effects were not statistically significant in the other soil types.",Climate,The magnitude of effect sizes significantly decreased with mean growing season precipitation and temperature for both biomass and grain yield,Type of country,The magnitude of effect sizes significantly increased with elevation.,NA,NA,NA,NA,NA,NA
Mulching,10.1016/j.jclepro.2020.121470,GHG emissions,NA,NA,NA,NA,NA,NA,NA,NA,NA,NA,NA,NA,NA,NA,NA,NA
Mulching,10.1016/j.jclepro.2020.121470,Soil biological quality,Crop type,Wheat farming tended to result in larger effect sizes for MBC than maize farming. Larger effect sizes for EEA were detected in Potato.,Plant density,High planting densities tended to result in larger effect sizes for MBC than medium/low planting density. Medium densities tended to result in larger effect sizes for EEA.,Mineral N fertiliser amount applied,"A 100–200 kg ha−1 N application level displayed greater potential for stimulating microbial biomass carbon, compared with other levels. Effects sizes for EEA were higher under the <100 kg N ha-1 category.",Soil texture,Higher effects sizes on EEA in the ‘Sandy loam’ soil texture compared to others.,Climate,"Mean growing temperature was the most influential environmental factor determining mulching effect sizes on both MBC (effect size: ‒2.1%, P = 0.073) and EEA (effect size: 2.1%, P < 0.001).",NA,NA,NA,NA,NA,NA
Water-saving irrigation practices in non-flooded lands,10.1016/j.jclepro.2020.122307,Water footprint (LCA),NA,NA,NA,NA,NA,NA,NA,NA,NA,NA,NA,NA,NA,NA,NA,NA
Enhanced efficiency fertilisers; Mulching,10.1016/j.jclepro.2020.123835,Air pollutants emissions,Mineral N fertiliser amount applied,"The efficiency of mulch on reducing ammonia volatilisation increases by 81.0, for wheat when increasing the urea application rate from class 2 to 4.",NA,NA,NA,NA,NA,NA,NA,NA,NA,NA,NA,NA,NA,NA
Organic fertilisation,10.1016/j.jclepro.2020.124019,GHG emissions,Organic fertiliser type,"Stronger impact of manure on CH4 emissions for poultry, compared to pig and cattle manure;",Organic fertiliser application rate,Stronger effect in higher application rates.,NA,NA,NA,NA,NA,NA,NA,NA,NA,NA,NA,NA
Cover and catch crops; Crop residue management; Soil amendment with biochar; No tillage and reduced tillage,10.1016/j.jclepro.2020.125736,Carbon sequestration,NA,NA,NA,NA,NA,NA,NA,NA,NA,NA,NA,NA,NA,NA,NA,NA
Livestock feeding techniques,10.1016/j.jclepro.2021.128130,Animal production,Animal weight,"Moreover, increased pig body weight (BW) resulted in lower AID of GE but higher AHD of GE (p<0.05 for both).",NA,NA,NA,NA,NA,NA,NA,NA,NA,NA,NA,NA,NA,NA
Livestock feeding techniques,10.1016/j.jclepro.2021.128130,Nutrient excretion,Animal weight,"Moreover, increased pig body weight (BW) from 22.9 kg to 54.4 kg also resulted in increased fecal nitrogen output according to the results of backward elimination regression (P = 0.024). Similar observation for urine N output (p<0.001) and the ratio between both fecal and urine outpus (p=0.009).",Dose,Highest rate of dietary crude protein in the feed increased urine N output (P=0.036),NA,NA,NA,NA,NA,NA,NA,NA,NA,NA,NA,NA
Organic farming systems,10.1016/j.jenvman.2012.08.018,Acidification (LCA),NA,NA,NA,NA,NA,NA,NA,NA,NA,NA,NA,NA,NA,NA,NA,NA
Organic farming systems,10.1016/j.jenvman.2012.08.018,Air pollutants emissions,NA,NA,NA,NA,NA,NA,NA,NA,NA,NA,NA,NA,NA,NA,NA,NA
Organic farming systems,10.1016/j.jenvman.2012.08.018,Carbon sequestration,Input of organic matter,NA,Presence of leys in the rotation,"Organic farms in the data had on average 14% more leys in the rotation, although there was no correlation between ley area and soil organic matter content (Spearman's Rho = 0.08, N = 47, P = 0.58).",NA,NA,NA,NA,NA,NA,NA,NA,NA,NA,NA,NA
Organic farming systems,10.1016/j.jenvman.2012.08.018,Crop yield,NA,NA,NA,NA,NA,NA,NA,NA,NA,NA,NA,NA,NA,NA,NA,NA
Organic farming systems,10.1016/j.jenvman.2012.08.018,Energy use (LCA),Production of mineral fertilisers,"Higher energy inputs in conventional farming were mainly due to the high energy needed for production and transport of non-organic fertilisers, especially synthetic nitrogen fertilisers.",NA,NA,NA,NA,NA,NA,NA,NA,NA,NA,NA,NA,NA,NA
Organic farming systems,10.1016/j.jenvman.2012.08.018,Eutrophication (LCA),NA,NA,NA,NA,NA,NA,NA,NA,NA,NA,NA,NA,NA,NA,NA,NA
Organic farming systems,10.1016/j.jenvman.2012.08.018,GHG emissions,NA,NA,NA,NA,NA,NA,NA,NA,NA,NA,NA,NA,NA,NA,NA,NA
Organic farming systems,10.1016/j.jenvman.2012.08.018,Global warming potential (LCA),NA,NA,NA,NA,NA,NA,NA,NA,NA,NA,NA,NA,NA,NA,NA,NA
Organic farming systems,10.1016/j.jenvman.2012.08.018,Land use (LCA),NA,NA,NA,NA,NA,NA,NA,NA,NA,NA,NA,NA,NA,NA,NA,NA
Organic farming systems,10.1016/j.jenvman.2012.08.018,Nutrient leaching and run-off,Nitrogen input,Nitrogen input correlates positively (but effect not statistically significant) with nitrogen losses.,NA,NA,NA,NA,NA,NA,NA,NA,NA,NA,NA,NA,NA,NA
Organic farming systems,10.1016/j.jenvman.2015.07.021,Energy use (LCA),Type of product,NA,Cropping pattern,NA,Data sample size,Sample sizes of more than 100 were significantly associated with the EE superiority of organic farming (p = .006) compared to sample sizes of 1–20.,NA,NA,NA,NA,NA,NA,NA,NA,NA,NA
Organic farming systems,10.1016/j.jenvman.2015.07.021,Global warming potential (LCA),Product/area unit,The logistic regression results indicated that superior GHGE effects for organic farming were highly dependent on the measurement unit. Output-based (ratio/ton) outcome measures significantly reduced the superiority of GHGE effects for organic farming (p = .000) in comparison to area-based (ratio/ha) measures.,NA,NA,NA,NA,NA,NA,NA,NA,NA,NA,NA,NA,NA,NA
Soil amendment with biochar,10.1016/j.jenvman.2018.05.004,Heavy metals pollution,Experimental conditions,"Plant Cu concentrations were reduced only in pot experiments, without significant effects in field studies overall. The effects of biochar on plant Pb concentrations were greater in pot experiments than under field conditions.",Soil pH,"The effect of biochar on Pb uptake was highly dependent on soil pH, with an average decrease of 40, 44, and 20% in acid, neutral, and alkaline soils, respectively. In contrast, plant uptake of Cu in biochar amended soils was inversely related to pH, and was greatest in alkaline soil (39%) as compared to neutral (23%) and acid soils (20%). Plant Zn concentration showed the greatest decrease in response to biochar in neutral pH soils (34%), as compared to acid soils (8%), but was not decreased in alkaline soils.",Soil texture,There were greater reductions in plant Cd concentrations in medium textured soil than in fine textured soil. Plant Pb concentrations underwent greater reductions in coarse textured soil than in medium or fine textured soil amended with biochar.,Soil organic carbon content,"There were greater decreases of plant heavy metal concentrations in soils containing higher levels of SOC than in soils with low SOC. With respect to Cd, the effects of biochar on reduction in plant tissue Cd concentrations were greater in soils having medium SOC levels (15–30 g kg−1) than in soils with low SOC levels (<15 g kg−1). Plant Pb concentrations were reduced by 30 and 54%, respectively in soils with low SOC content and high SOC content (>30 g kg−1). Plant Zn concentrations were not affected by a biochar amendment in soils with low SOC content, but were reduced in soils with medium and high SOC levels.",Biochar feedstock,"The application of manure biochar resulted in the greatest reduction of plant Cd concentration (73%), which is superior to the other types of biochars evaluated. Agricultural residue biochar, wood biochar, and green waste biochar were also effective for decreasing plant Cd uptake (32–41%). In contrast, there was no significant change in plant Cd concentrations grown in sewage sludge biochar amended soils. Animal manure derived biochar reduced plant Pb concentration by 65%, wood biochar reduced Pb concentrations by 30%, whereas, the effects of other biochars were intermediate (39–41%). Cu concentrations in plants were reduced by the application of agricultural residue biochar (33%), wood biochar (19%), manure biochar (35%), green waste biochar (33%), and sewage sludge biochar (13%), respectively, as compared to un-amended soil. Plant Zn concentrations were only reduced by agricultural residue biochar (30%) and green waste biochar (33%).",Biochar pyrolysis temperature,"Biochars produced at 450–500°C are preferred for effectively reducing plant uptake of Cd, Pb, Cu, and Zn.",Biochar pH,"Higher pH biochars resulted in greater reductions in plant Cd concentrations. Plant tissue Cd reductions were 18, 35, and 49%, respectively, for biochars grouped as having pH of <8.5, 8.6–10, and >10. The pH of the biochars likewise affected Pb and Cu concentrations in plants, while there were and were no differences among the three biochar pH groups for Cu and Pb.",Biochar application rate,"Biochar application at high levels (>3%) resulted in the largest reductions in plant heavy metal concentrations. Plant Cd concentrations were reduced by 26, 38, and 51% at application rate of ≤1%, 1.1–3%, and >3%, respectively. Likewise, plant Pb concentrations were reduced by 28, 37, and 50%, respectively at low, moderate, and high biochar application rates."
Soil amendment with lime and gypsum,10.1016/j.jenvman.2018.06.013,Carbon sequestration,Climate,In the temperate zone: the negative effect of liming decreased with increasing Mean Annual Temperature and increased with increasing Mean Annual Precipitation.,Liming duration,"Generally, an increase in the duration of liming and fertilizer addition was associated with a greater decline in SOC stock.",NA,NA,NA,NA,NA,NA,NA,NA,NA,NA,NA,NA
Conservation agriculture systems,10.1016/j.jenvman.2020.110773,Carbon sequestration,crop type,legume-based cropping system was found to be higher than that of the rice-wheat system,soil type,"aerobic soil conditions encourage the carbon sequestration potential of rice crop whereas anaerobic soils deter them, thus the rice crop will always decrease the carbon sequestration potential of the system in flooded or submerged soil conditions. Compared to the sandy clay loam and silty clay loam, carbon sequestration potential in clay loam soil was found significantly higher.",Duration of treatment,"number of years of CA in a field, was found to be a favouring factor for carbon sequestration due to improvement in soil quality with the duration of the experiment.",irrigation,irrigation and residue retention were also the accelerating factors for higher carbon sequestration under CA practices over the conventional tillage.,residue retention,irrigation and residue retention were also the accelerating factors for higher carbon sequestration under CA practices over the conventional tillage.,NA,NA,NA,NA,NA,NA
Conservation agriculture systems,10.1016/j.jenvman.2020.110773,Water use,crop type,"the relative difference in consumption of water was significantly lesser in maize, wheat, legumes and other crops. The advantage of lesser water use was highest in rice crop as significant amount of water is saved for its cultivation under CA practices.",soil type,"in rice crop higher water saving was found in aerobic soil condition as compared to the anaerobic soils. The difference in water use was maximum in sandy loam, followed by sandy clay loam and silty clay loam and the least in clay loam.",NA,NA,NA,NA,NA,NA,NA,NA,NA,NA,NA,NA
Grazing management,10.1016/j.jnc.2018.08.008,Biodiversity,NA,NA,NA,NA,NA,NA,NA,NA,NA,NA,NA,NA,NA,NA,NA,NA
Grazing management,10.1016/j.jnc.2020.125863,Biodiversity,Altitude,"Overgrazing vs traditional systems: elevation has positive effects for arthropods richness of traditional in hills (-1.456 ± 0.323, k=11) and lowlands (−0.623 ± 0.188, k=13) and no consistent difference in mountains (0.092 ± 0.256, k=13). Traditional systems were also positive for arthropods density in hills (−1.155 ± 0.481, k=13), while a similar but non-significant pattern was evident in lowlands (−0.432 ± 0.407, k=10) and mountains (0.334 ± 0.494, k=28).",Artropod order,"1) In abandonment vs traditional systems: a greater number of species of Araneae, Coleoptera, and Lepidoptera was found in abandoned pastures. Conversely, Hymenoptera, Diptera, and Orthoptera had a range of values comprising zero, with the former taxon being statistically different from Araneae and the others marginally not significantly; 2) In abandonment vs overgrazing: in arthropods richness, Araneae and Orthoptera had positive mean values that were close to zero, while Coleoptera, Diptera, Lepidoptera and Hymenoptera had definitely higher values in abandonment (all p < 0.001 except Hymenoptera p < 0.05); 3) In abandonment vs overgrazing:  in arthropods richness, Araneae and Orthoptera had positive mean values that were close to zero, while Coleoptera, Diptera, Lepidoptera and Hymenoptera had definitely higher values in abandonment (all p < 0.001 except Hymenoptera p < 0.05). A similar pattern was evident in arthropods density; 5) Orders differed only in density values, with higher numbers of Collembola in overgrazing and higher numbers of Orthoptera in traditional systems; the other taxa had negative mean values, though close to zero.",Geographical area,"1) In abandonment and overgrazing: previously grazed pastures were found with a higher number of species in southern and western Europe, while grand mean intervals in northern areas contained zero (not significant); 2) In overgrazing vs traditional: differences in arthropods richness was affected by geographical areas: in Western Europe, traditional systems were definitely better (10 studies in hills, 6 in lowlands), almost better in Northern Europe (1 hills, 7 lowlands, 1 mountains), whilst the mean difference was close to zero in Southern Europe (12 mountains shrublands).",Time from abandonment,Relatively long term abandoned sites (20 years) showed larger differences in arthropods richness from overgrazed ones.,NA,NA,NA,NA,NA,NA,NA,NA
Green manure; Cover and catch crops,10.1016/j.landusepol.2019.104204,Carbon sequestration,No factor reported,NA,NA,NA,NA,NA,NA,NA,NA,NA,NA,NA,NA,NA,NA,NA
Green manure; Cover and catch crops; Leguminous crops,10.1016/j.landusepol.2019.104204,Crop yield,No factor reported,NA,NA,NA,NA,NA,NA,NA,NA,NA,NA,NA,NA,NA,NA,NA
Cover and catch crops; Leguminous crops,10.1016/j.landusepol.2019.104204,Nutrient leaching and run-off,NA,NA,NA,NA,NA,NA,NA,NA,NA,NA,NA,NA,NA,NA,NA,NA
Green manure; Cover and catch crops,10.1016/j.landusepol.2019.104204,Pests and diseases,No factor reported,NA,NA,NA,NA,NA,NA,NA,NA,NA,NA,NA,NA,NA,NA,NA
Green manure; Cover and catch crops,10.1016/j.landusepol.2019.104204,Soil biological quality,No factor reported,NA,NA,NA,NA,NA,NA,NA,NA,NA,NA,NA,NA,NA,NA,NA
Cover and catch crops; Green manure; Leguminous crops,10.1016/j.landusepol.2019.104204,Soil nutrients,NA,NA,NA,NA,NA,NA,NA,NA,NA,NA,NA,NA,NA,NA,NA,NA
Cover and catch crops,10.1016/j.landusepol.2019.104204,Soil water retention,NA,NA,NA,NA,NA,NA,NA,NA,NA,NA,NA,NA,NA,NA,NA,NA
Livestock housing techniques,10.1016/j.livsci.2018.03.012,Animal production,NA,NA,NA,NA,NA,NA,NA,NA,NA,NA,NA,NA,NA,NA,NA,NA
Livestock feeding techniques,10.1016/j.livsci.2021.104551,Animal production,Animal breed,"Holstein cows showed an increase in DMI (WMD= 1.66 kg/d; P = 0.003) when receiving molasses in the diets. However, the inclusion provided a reduction in the milk protein yield (WMD= −0.02 kg/d; P = 0.020) of the animals. As for the effect of including molasses in the diet for Jersey animals, only an increase in milk protein was observed (WMD=0.81 g/kg; P = 0.034).",Days in milk (dairy cows),"The inclusion of molasses in the diet for cows in the initial (≤100 days in milk) and middle stage of lactation (100 to 200 days in milk) increased DMI (WMD= 2.39 kg/d; P<0.0001 and WMD=0.41 kg/d; P = 0.021, respectively). Animals that received molasses during the initial lactation period showed an increase in the contents of SNF (WMD=0.54 g/kg; P<0.0001). However, when cows were fed with molasses in the diet during the middle lactation period, there was a reduction in the concentration of MUN (WMD= −0.53 mg/dL; P = 0.005).",Dose,"For the covariate level of concentrate in the diet, molasses inclusions in diets with up to 600 g/kg diet had no effect on DM digestibility (P> 0.05). However, the inclusion in diets with 400 - 600 g, and 600 - 800 g/kg concentrate reduced the body weight change of the animals (WMD= −0.004 kg; P = 0.057, and WMD= −0.01 kg; P = 0.022, respectively).",Form in the diet,"The type of molasses (Fig. 7) used in the studies also affected the response to the inclusion of molasses in the diet for dairy cows. Liquid molasses (sugarcane) increased the solid non-fat in milk (WMD= 0.72 g/kg; P = 0.001) of the animals. When evaluating the effect of the covariate “molasses in diet” (Fig. 8), inclusions ≤30, and between 60 and 90, and 90 to 120 g molasses/kg in the diet increased the animals’ DMI (WMD= 1.61 kg/d; P = 0.026, 2.03 kg/d; P = 0.013, and 0.01 kg/d; P = 0.011, respectively).",NA,NA,NA,NA,NA,NA,NA,NA
Livestock feeding techniques,10.1016/j.livsci.2021.104551,Nutrient excretion,Form in the diet,No effect of liquid molasses but positive effect of dried molasses on nitrogen urea urine excretion,Dose,"Positive effect of diets with 9-120 g/kg molasses, no effect below 90 g/kg.",NA,NA,NA,NA,NA,NA,NA,NA,NA,NA,NA,NA
Livestock feeding techniques,10.1016/j.livsci.2021.104707,Animal production,Feed's content in condensed tannins,"Low doses of condensed tannin (CT) (from 7 to 12 g/ kg DM) did not affect DMI; however, increasing the dose of CT (> 25 g/ kg DM) reduced DMI in small ruminants (quadratic effect R2 = 0.18; P < 0.01). Low doses of CT (from 7 to 12 g/ kg DM) did not affect BW gain, however increasing the dose of CT (> 18 g/ kg DM) reduced BW gain in small ruminants (quadratic effect R2 = 0.20; P < 0.01). Considering the CT concentration, results from this meta-analysis suggest that the inclusion level of SL in diet should not exceed 60% (from 19 to 25 g/ kg DM condensed tannins) to prevent negative effects in BW gain, ADG, and DMD.",Dose,"Similarly, increasing the inclusion level of SL in the diet linearly reduced DMD (R2= 0.27; P < 0.01).",NA,NA,NA,NA,NA,NA,NA,NA,NA,NA,NA,NA
Livestock feeding techniques,10.1016/j.livsci.2021.104707,GHG emissions,Feed's content in condensed tannins,Increasing the concentration of tannins in the diet decreased CH4 emissions (R2= 0.21). The dose-response analysis suggested that inclusion levels from 30 to 40% (from 7.5 to 12 g/ DM of CT) in the diet reduced CH4 emissions.,Dose,Increasing the inclusion level of SL in the diet linearly reduced CH4 emissions (R2 = 29.4).,NA,NA,NA,NA,NA,NA,NA,NA,NA,NA,NA,NA
Crop rotation; Leguminous crops,10.1016/j.pedobi.2016.04.001,Soil biological quality,Microbial analysis method,Pyrosequencing and biochemical fingerprinting studies reported significant increases in microbial richness whereas molecular fingerprinting studies reported significant increases in microbial diversity.,Duration of experiment,"Shorter study trials produced significant increases in microbial diversity, while longer studies resulted in increases in microbial richness.",NA,NA,NA,NA,NA,NA,NA,NA,NA,NA,NA,NA
Crop residue management; No irrigation,10.1016/j.resconrec.2021.105889,Plant nutrient uptake,NA,NA,NA,NA,NA,NA,NA,NA,NA,NA,NA,NA,NA,NA,NA,NA
Organic farming systems,10.1016/j.scitotenv.2013.08.098,GHG emissions,Per unit of field area: Positive; Per unit of product: Negative.,"Crop rotation, total N inputs (for emissions from conventionally managed soils), concentration of soil N and soil organic carbon, soil texture (clay contents)",NA,NA,NA,NA,NA,NA,NA,NA,NA,NA,NA,NA,NA,NA
Fallowing; Grassland conservation and restoration; No tillage and reduced tillage,10.1016/j.scitotenv.2016.05.067,Carbon sequestration,Abandonment time,"In the first 16 years, SOC in ex-arable land increased evenly but subsequently stagnated at high level.",Climate,"The proportional gain of carbon was positively correlated with the aridity index of the study site. It increased from 12.5% in humid to 31.7% in semi-arid climate. Absolute values, however, did not differ distinctively.",Initial SOC stock,"The effect of the initial SOC stock on SOC change was negative for both proportional change as well as absolute values. SOC stocks were significantly higher in ex-arable land compared to arable land with initial SOC stocks of 0–25 and 25–50 t ha−1. In contrast, land-use abandonment had no significant effect on SOC when the initial SOC stock was already N50 t ha−1.",NA,NA,NA,NA,NA,NA,NA,NA,NA,NA
Intercropping; Leguminous crops,10.1016/j.scitotenv.2017.10.024,Cropping system productivity,Crop/cultivar combinations; Species combination,"In the 23 most common combinations (reported for more than ten occasions in the dataset), 18 had an LER significantly greater than one, but one of them also had an LER significantly lower than one (sunflower/corn); Although certain crop combinations
seemed to offer greater advantages compared to others, when looking to the variability within the most abundant combinations, i.e.,
soybean/Maize, cowpea/sorghum, cowpea/Maize and common bean/Maize
intercropping systems, it is clear that experimental settings
also influence the outcomes of intercropping.",NA,NA,NA,NA,NA,NA,NA,NA,NA,NA,NA,NA,NA,NA
Soil amendment with biochar,10.1016/j.scitotenv.2017.10.222,Heavy metals pollution,Biochar feedstock,"The largest number of studies were completed using wood and herbaceous feedstocks for different TEs, and in both cases, the effects were significant for Cd, Ni, and Mn. In particular, the effect of biochar produced from herbaceous feedstocks was more pronounced on Mn (− 44.43%) than the other TEs and biochar produced from wood feedstocks produced the same results on Cr (− 49.43%). Biochar produced from biosolids and lignocellulosic waste produced more significant reductions in Co (− 67.52%) and Cd (− 43.09%) than the other elements. In addition, biochar produced from manures significantly increased the Zn concentration by 91.32%, whereas it decreased the Cd concentration (− 65.37%) in plants. biochar produced from manure significantly decreased the Pb concentrations in plants by − 85.32% [− 92.13% − 72.60%].",Biochar pyrolysis temperature,"Biochar produced at higher temperatures (> 600 °C) had more pronounced effects on Ni (− 83.42%) and Mn (− 81.23%) than biochar produced at different pyrolysis temperatures. The largest number of studies were performed using a temperature range (i.e., 400–500 °C), and the impacts were significant for Zn, Cd, and Ni.",Type of experiment,"The effects of biochar addition on all field studies were scarcely significant, whereas the opposite results were observed for the pot studies",Soil pH,The responses of Mn and Co to biochar were significantly affected by the soil pH (P < 0.01).,Time scale,Experimental duration affected the response of Zn to biochar.,NA,NA,NA,NA,NA,NA
Grassland management,10.1016/j.scitotenv.2017.10.229,GHG emissions,N fertiliser application rate,"The effect size of soil denitrification increased exponentially with increasing N application rates in grasslands (r2 =0.96, P = 0.013). However, at N application rates N 250 kg N ha−1, there was only a small effect on soil denitrification.",NA,NA,NA,NA,NA,NA,NA,NA,NA,NA,NA,NA,NA,NA
Agroforestry practices and systems,10.1016/j.scitotenv.2018.01.104,Carbon sequestration,Soil bulk density,Soil bulk density of cropland was significantly decreased when it converted to agroforestry. The decrease of soil bulk density content led to the increase of soil infiltration rates.,soil organic matter,Soil organic matter of cropland was significantly increased when it converted to agroforestry.The increase of organic matter content led to the increase of soil infiltration rates.,NA,NA,NA,NA,NA,NA,NA,NA,NA,NA,NA,NA
Agroforestry practices and systems,10.1016/j.scitotenv.2018.01.104,Soil physico-chemical quality,Soil bulk density,Soil bulk density of cropland was significantly decreased when it converted to agroforestry. The decrease of soil bulk density content led to the increase of soil infiltration rates.,soil organic matter,Soil organic matter of cropland was significantly increased when it converted to agroforestry.The increase of organic matter content led to the increase of soil infiltration rates.,NA,NA,NA,NA,NA,NA,NA,NA,NA,NA,NA,NA
No tillage and reduced tillage,10.1016/j.scitotenv.2018.02.238,Carbon sequestration,NA,NA,NA,NA,NA,NA,NA,NA,NA,NA,NA,NA,NA,NA,NA,NA
Enhanced efficiency fertilisers,10.1016/j.scitotenv.2018.05.356,GHG emissions,Soil pH,No effect of NBPT for ph < 7,NA,NA,NA,NA,NA,NA,NA,NA,NA,NA,NA,NA,NA,NA
Soil amendment with biochar,10.1016/j.scitotenv.2018.06.231,Soil biological quality,Soil type,The response ratios of soil F/B were negatively correlated with soil pH (P < 0.05). Nutrient supply (by biochars and soils) and soil pH interactively influenced the F/B ratios. The SOC was negatively correlated with the response ratios of activities of fungi (P < 0.05) and actinomycetes (P < 0.01).,Biochar application rate,"Response ratios of soil G+/G− were positively correlated with biochar load (P < 0.001). Biochar load were positively correlated with the response ratios of activities of bacteria (P < 0.01), the total soil microorganisms (total PLFA), fungi, and actinomycetes (P < 0.001).",Fertilisation,Biochar addition combined with fertilization greatly increased soil G+/G− by 17%,Biochar pyrolysis temperature,The response ratios of bacteria and fungi were negatively correlated with biochar pyrolysis temperature (P < 0.01),Biochar specific surface area,Biochar SSA were positively correlated with the response ratios of the total PLFA (P < 0.01).,Time scale,"The response ratios of activities of the total soil microorganisms (total PLFA), and actinomycetes were positively correlated with the study duration (P < 0.05)",NA,NA,NA,NA
Mulching; Intercropping; Agroforestry practices and systems; Landscape features; No tillage and reduced tillage,10.1016/j.scitotenv.2018.07.124,Soil erosion,NA,NA,NA,NA,NA,NA,NA,NA,NA,NA,NA,NA,NA,NA,NA,NA
Water-saving irrigation practices in flooded lands; Soil amendment with biochar,10.1016/j.scitotenv.2018.08.392,Crop yield,NA,NA,NA,NA,NA,NA,NA,NA,NA,NA,NA,NA,NA,NA,NA,NA
Water-saving irrigation practices in flooded lands; Soil amendment with biochar,10.1016/j.scitotenv.2018.08.392,GHG emissions,GHG emissions,That indicated the decreases in CH4 emission may be observed with increases in N2O emission at area- or yield-scaled.,NA,NA,NA,NA,NA,NA,NA,NA,NA,NA,NA,NA,NA,NA
Mulching,10.1016/j.scitotenv.2018.09.105,Crop yield,Crop type,"Among the four types of crop, the mean effect of plastic mulching on crop yield (30.62%) was highest for potato.",Plastic film residue,"The meta-analysis results showed that yield of different crops decreased to different degrees with increases in the amount of residual plastic film. When the residual amount of plastic film was 0–240 kg/ha, the effects on crop yield were not significant. However, when the residual amount of plastic film was over 240 kg/ha, the yield of three crops was significantly reduced.",NA,NA,NA,NA,NA,NA,NA,NA,NA,NA,NA,NA
Mulching,10.1016/j.scitotenv.2018.09.105,Water use,Crop type,"Among the four types of crop, the mean effect of plastic mulching on WUE (30.34%) was highest for potato.",Plastic film residue,NA,NA,NA,NA,NA,NA,NA,NA,NA,NA,NA,NA,NA
Soil amendment with biochar,10.1016/j.scitotenv.2018.10.060,GHG emissions,Soil organic matter content,"In soils with SOC concentrations >24 g kg−1 and total N concentrations >3 g kg−1, the N2O emission reduction was smallest and not significant.",Soil type,"Man-made soils (i.e. Anthrosols represented in this study exclusively by paddy soils), organic soils (i.e. Histosols), sandy soils (i.e. Arenosol), and soils typical for steppe and sub-humid temperate climate (i.e. Luvisol) showed reduced N2O emissions after biochar applications",Biochar application rate,Low biochar application rates of <10 Mg ha−1 did not affect N2O emissions.,Fertilisation management,"N2O emissions remained unaffected for soils managed by application of biochar in combination with organic fertilizers. Compared to unfertilized soils, the N2O emission mitigation potential of biochars was larger for fertilized soils (reduction of −46% for mineral fertilizer [e.g. NH4NO3, (NH4)2SO4, KNO], −34% for urea, −32% for mixtures of organic and mineral fertilizers, and −27% for unfertilized soils. For each N application rate, biochar induced a reduction of N2O emissions.",Crop type,"Except for perennial crops (e.g. fruit trees), N2O emissions at least tended to be reduced in all agronomic experiments (i.e. arable crops with −45% and horticultural cultures with −32%) that cultivated cereals (−31%, P < 0.05), maize (−31%, P = 0.17), rice (−40%, P < 0.05), vegetables (−30%, P = 0.07), and other crops (−35%, P = 0.18).  For biochar applications to grassland N2O emissions were not affected.",NA,NA,NA,NA,NA,NA
Soil amendment with biochar,10.1016/j.scitotenv.2018.10.060,Nutrient leaching and run-off,Soil texture,Only coarse textured soils (i.e. sand) showed a reduced leaching of NO3−.,Soil type,"Soil NO3− leaching was exclusively reduced in Cambisols (i.e. soils of limited age), and semi-arid soils (e.g. Calcisol, Solonetz)",Biochar application rate,"Low biochar application rates of <10 Mg ha−1 increased NO3− concentration in soils. Larger biochar application rates (e.g., >10–20 Mg ha−1) tended to reduce NO3− leaching.",Fertilisation management,"NO3- leaching remained unaffected for soils managed by application of biochar in combination with organic fertilizers. Leaching of NO3− was reduced by biochar in unfertilized soil and when the fertilizer application rate was below 150 kg N ha−1. Leaching of NO3− progressively increased in response to increased N application rates (i.e. -26% for <150 kg N ha−1, −7% for 150–300 kg N ha−1, 46% for >300 kg N ha−1). Hence, over all N fertilizer application rates, the NO3− leaching reduction was not significant (i.e. +3% with mineral fertilizer, −7% with organic fertilizer, and −35% with organo-mineral fertilizer).",Crop type,For biochar applications to grassland NO3− leaching were not affected.,NA,NA,NA,NA,NA,NA
Grazing management,10.1016/j.scitotenv.2018.11.082,Carbon sequestration,NA,NA,NA,NA,NA,NA,NA,NA,NA,NA,NA,NA,NA,NA,NA,NA
Grazing management,10.1016/j.scitotenv.2018.11.082,GHG emissions,Duration of treatment,"For the experiments <5 years, grazing did not affect three gas fluxes, but they were reduced above 5 years. Similarly, soil CH4 and N2O fluxes were more sensitive than CO2 flux to grazing duration.",Precipitation,"When precipitation was lower than 400 mm, soil GHG fluxes were decreased by grazing but not above 400 mm. Grazing-induced responses of soil N2O emission showed a greater sensitivity to less precipitation than CO2 emission and CH4 uptake.",NA,NA,NA,NA,NA,NA,NA,NA,NA,NA,NA,NA
Grazing management,10.1016/j.scitotenv.2018.11.082,Grassland production,NA,NA,NA,NA,NA,NA,NA,NA,NA,NA,NA,NA,NA,NA,NA,NA
Grazing management,10.1016/j.scitotenv.2018.11.082,Soil nutrients,NA,NA,NA,NA,NA,NA,NA,NA,NA,NA,NA,NA,NA,NA,NA,NA
Grazing management,10.1016/j.scitotenv.2018.11.082,Soil water retention,NA,NA,NA,NA,NA,NA,NA,NA,NA,NA,NA,NA,NA,NA,NA,NA
Soil amendment with biochar,10.1016/j.scitotenv.2018.11.316,Air pollutants emissions,Biochar pH,"The application of acidic biochar (pH ≤ 4) significantly decreased AV (RR = −42.2%, CI: −58.1 to −21.5%), while introducing high pH biochar (>9) increased AV by 30.8% (CI: 9.9–59.4%).",Biochar BET surface area,"Increasing biochar surface area initially reduced AV, but for biochar with surface area values >80 m2 g−1, application tended to increase AV",Biochar carbon content,"High biochar carbon content (>65%) reduced AV, while biochar of carbon content around 50 to 60% were associated with an increase in AV.",Soil pH,"Ammonia volatilization increased after biochar application to acidic soils (pH ≤ 6) (RR = 38.38%, CI: 11.9–75.1%).",Soil nitrogen,"Ammonia volatilisation from soil initially increased with increasing STN following biochar addition, but for STN values above 2 (g/kg) AV tended to remain steady.",Soil organic carbon,"Biochar applied to soils with high SOC (above 3%) significantly reduced AV (RR = −42.8%, CI: −56.1 to −23.3%) (Fig. 3B); on the contrary, AV was increased when biochar was added to soils with relatively low SOC (SOC < 1%: RR = 19.6%, CI: 0.2–48.2%; SOC around 1% to 2%: RR = 14.7%, CI: 3.7–26.1%).",Soil texture,"Biochar applied to coarse soils increased AV (RR = 25.9%, CI: 6.5–51.4%), but AV was decreased following biochar addition to fine soils (RR = −58.4%, CI: −67.5 to −45.1%).",Fertiliser-N application rate,"The AV was significantly reduced by adding biochar at relatively low fertilizer application rates (RR = −33.5%, CI: −52.5 to −11.8%); with increasing fertilizer application rate biochar addition tend to enhance AV but no significant difference was observed among the three sub-groups."
Soil amendment with biochar,10.1016/j.scitotenv.2018.11.396,GHG emissions,Cropping system,The reduction in dry lands (−41%) was significantly higher compared to that in paddy fields (−17%) .,N fertilisation,"When no N fertilizer was applied, biochar application had no effect on GHGI. In contrast, GHGI was significantly reduced by 23–54% as a result of biochar application when N fertilizer was applied, and the reductions decreased in the order: high application rate (>300 kg N ha−1) > low application rate (>0, ≤150 kg N ha−1) > moderate application rate (>150, ≤300 kg N ha−1). However, the differences in reductions in GHGI among the three application rates were not significant.",Biochar application rate,"Biochar significantly reduced GHGI by 21% when the application rate of biochar did not exceed 5 t ha−1. The reductions in GHGI varied in a range of 26–50% when the application rate of biochar was higher than 5 t ha−1, but the differences among different treatments were also not significant.",Soil pH,"Significant reductions (−31%) in yield-scaled GHGI were observed when incorporating biochar into acidic and alkaline soils. In contrast, applying biochar to neutral soils had no effect on GHGI. Although the reductions in GHGI in acidic and alkaline soils were 3.4 times greater than that in neutral soils after biochar application, the differences among them were not significant.",Soil texture,"The reduction in soils with fine texture was almost twice as large as those in soils with medium and coarse textures. Nevertheless, the differences did not differ significantly among the three soil textures.",NA,NA,NA,NA,NA,NA
Soil amendment with biochar,10.1016/j.scitotenv.2018.12.381,Plant nutrient uptake,NA,NA,NA,NA,NA,NA,NA,NA,NA,NA,NA,NA,NA,NA,NA,NA
Grazing management,10.1016/j.scitotenv.2019.134553,Soil biological quality,Precipitation,"When the results across global experiments were averaged, grazing significantly decreased AM fungal abundance by 17.43% in conditions of <400 mm precipitation (P < 0.01), however, the impact of grazing on AM fungal abundance was not significant in conditions of ＞400 mm precipitation.",Duration of treatment,"Grazing significantly decreased AM fungal abundance regardless of the duration of the experiment. However, the magnitude of the decrease in AM fungal abundance was less in experiments lasting ＜5 years (9.31%) than in experiments lasting > 5 years (22.91%; P < 0.05).",Plant type,"Light grazing had no effect on mycorrhizal colonisation of grass roots, forb roots and mixed roots. However, moderate grazing reduced mycorrhizal colonisation of mixed roots by 22.66% but had no effect on colonisation of grass and forb roots. Heavy grazing greatly reduced mycorrhizal colonisation of grass roots and mixed roots by 15.58% and 87.21%, respectively, but had no impact on colonisation of forb roots. Light, moderate and heavy grazing significantly decreased aboveground biomass by 23.18%, 40.72% and 95.52%, respectively (P < 0.05).",NA,NA,NA,NA,NA,NA,NA,NA,NA,NA
Landscape features,10.1016/j.scitotenv.2019.135345,Animal production,NA,NA,NA,NA,NA,NA,NA,NA,NA,NA,NA,NA,NA,NA,NA,NA
Landscape features,10.1016/j.scitotenv.2019.135345,Biodiversity,NA,NA,NA,NA,NA,NA,NA,NA,NA,NA,NA,NA,NA,NA,NA,NA
Landscape features,10.1016/j.scitotenv.2019.135345,Carbon sequestration,NA,NA,NA,NA,NA,NA,NA,NA,NA,NA,NA,NA,NA,NA,NA,NA
Landscape features,10.1016/j.scitotenv.2019.135345,Grassland production,NA,NA,NA,NA,NA,NA,NA,NA,NA,NA,NA,NA,NA,NA,NA,NA
Landscape features,10.1016/j.scitotenv.2019.135345,Soil erosion,NA,NA,NA,NA,NA,NA,NA,NA,NA,NA,NA,NA,NA,NA,NA,NA
Landscape features,10.1016/j.scitotenv.2019.135345,Water quality,NA,NA,NA,NA,NA,NA,NA,NA,NA,NA,NA,NA,NA,NA,NA,NA
Manure processing techniques; Manure storage techniques,10.1016/j.scitotenv.2019.135401,Air pollutants emissions,NA,NA,NA,NA,NA,NA,NA,NA,NA,NA,NA,NA,NA,NA,NA,NA
Manure processing techniques; Manure storage techniques,10.1016/j.scitotenv.2019.135401,GHG emissions,NA,NA,NA,NA,NA,NA,NA,NA,NA,NA,NA,NA,NA,NA,NA,NA
Manure processing techniques; Manure storage techniques,10.1016/j.scitotenv.2019.135401,Nutrients recovery,NA,NA,NA,NA,NA,NA,NA,NA,NA,NA,NA,NA,NA,NA,NA,NA
Landscape features,10.1016/j.scitotenv.2019.135839,Biodiversity,NA,NA,NA,NA,NA,NA,NA,NA,NA,NA,NA,NA,NA,NA,NA,NA
Soil amendment with biochar,10.1016/j.scitotenv.2020.136635,Crop yield,Biochar pH,"Only the BC-pH (<7) group showed a significant decrease in plant productivity (−12.3%). Notably, the total number of studies in the low BC-pH group (<7) was 53, only accounting for 4.74% of the total amount of tested biochars (1110), reflecting that most of the biochars used for improving plant productivity were alkaline. For the BC-pH groups, the highest increase in plant productivity was recorded in case of the BC-pH (7–8) group (29.4%), which was significantly higher than that for other groups.",Biochar ash content,PPR was positively correlated with biochar properties including ash.,Biochar Cation exchange capacity,PPR was positively correlated with biochar properties including CEC.,Biochar total carbon and total organic carbon,PPR was negatively correlated with biochar properties including TC and TOC,Soil pH,The plant growth would be improved much higher by the biochars applied in the soils with low pH compared to other soil groups.,Soil C/N ratio and Soil organic carbon,"The plant growth would be improved much higher by the biochars applied in the soils with low C/N ratio, compared to other soil groups. PPRs negatively correlated with soil C/N. PPRs positively correlated with SOC.",Soil total nitrogen,The plant growth would be improved much higher by the biochars applied in the soils with high TN compared to other soil groups. PPRs positively correlated with TN.,Soil texture,Addition of biochar to sand-texture soils can induce a significantly higher positive PPR than silt-texture soils.
Soil amendment with biochar,10.1016/j.scitotenv.2020.136857,Soil physico-chemical quality,Soil texture,"Biochar increased the TP for both fine and coarse-textured soil types, although the increment was greater in coarse-textured soils (7.9%)",NA,NA,NA,NA,NA,NA,NA,NA,NA,NA,NA,NA,NA,NA
Soil amendment with biochar,10.1016/j.scitotenv.2020.136857,Soil water retention,Experiment type,"When compared to field studies, AWC was on average 9.8% higher in lab studies. The same was true for FC where lab studies showed 3.4% increase in FC compared to field studies.",Soil texture,"Biochar addition had the greatest effect in coarse textured soils (sand) with AWC, FC and PWP increasing by 32.9%, 23.9% and 22.2% compared to the control, respectively. The effect of biochar on fine textured soils (clay) was lower, but still showed a significant increase of AWC and FC by 9.1% and 3.5%, and a decrease of PWP by 0.4% compared to the control, respectively.As the % sand in soil increased, the effect of biochar on the AWC, FC and PWP also increased, while the reverse was the case for % clay content. Biochar increased AWC by 37% in soils with >75% sand content. For >30% clay content, AWC was reduced by 31.2%.",Biochar particle size,"Smaller biochar particle size (<2 mm) increased AWC significantly by 38.2% when compared to >2 mm, most likely due to a 22.3% increase in field capacity.",Biochar specific surface area,"Biochar with >300 m2/g SSA increased available water capacity and FC by 70% and 52%, respectively, when compared to the control. The results also showed that as the SSA increased the effect of biochar on available water capacity also increased. Studies that used biochar with >300 m2/g observed an increase in available water capacity by 33.3% when compared to those that used biochar with SSA of <20 m2/g.",Biochar carbon content,"An increase in the carbon content of biochar caused an increase of its effect on AWC. Biochar with >70% carbon significantly increased AWC by 33.3% when compared to biochar with <50% carbon. A similar trend was seen in case of FC, where biochar with >70% carbon increased FC by 26%.",Biochar application rate,AWC in treatments with <30 t/ha increased by 16.4% while there was no difference for treatments with 71–200 t/ha when compared to the control. In coarse-textured soil biochar application rates of 30–70 t/ha increased AWC and FC by 23.5% and 36.78% compared to <30 t/ha application rate.,NA,NA,NA,NA
Crop residue management,10.1016/j.scitotenv.2020.137164,Soil biological quality,NA,NA,NA,NA,NA,NA,NA,NA,NA,NA,NA,NA,NA,NA,NA,NA
Organic fertilisation; Manure processing techniques,10.1016/j.scitotenv.2020.139390,GHG emissions,Climate,"Soils emitted more N2O in warm temperate (LnR = 1.29) with manure application, which is followed by cool temperate (LnR = 1.04). In contrast, soils in tropical areas were identified with lowest N2O emission (LnR = 0.74).",Crop type,"Soils with grass were identified with largest effect size for N2O emission with manure application (lnR = 1.60), which is followed by maize (lnR = 0.99) and wheat (lnR = 0.74). Soils in rice and bean cropping systems showed similar effect sizes of N2O emission with manure application (0.13 and 0.09, respectively), which is relatively lower when compared with other cropping systems.",Water filled pore space,"N2O emission increased most in soils with water-filled pore space (WFPS) of 50–90% (lnR = 1.44), which was higher than soils with WPFS <50% (lnR = 1.00, p > 0.05) and WPFS >90% (lnR = 0.62, p < 0.05).",Duration of treatment,Short-term application of manure (<3 months) produced higher N2O emission than long-term application (1–5 years).,Soil organic carbon,The effect size (lnR) of N2O emission in the soils with medium SOC content (10–30 g kg−1) (1.25) was greater than low (<10 g kg−1) (0.84) and high (>30 g kg−1) (0.93) SOC contents.,NA,NA,NA,NA,NA,NA
Cover and catch crops; Mulching,10.1016/j.scitotenv.2020.139517,Soil erosion,NA,NA,NA,NA,NA,NA,NA,NA,NA,NA,NA,NA,NA,NA,NA,NA
No tillage and reduced tillage,10.1016/j.scitotenv.2020.140147,Carbon sequestration,Soil depth,No positive effect deeper than 20cm,Residue retention,Stronger positive effect with residue retention,Duration,Stronger effect when <6 years without residue retention,NA,NA,NA,NA,NA,NA,NA,NA,NA,NA
Soil amendment with biochar; Water-saving irrigation practices in non-flooded lands,10.1016/j.scitotenv.2020.140696,Crop yield,NA,NA,NA,NA,NA,NA,NA,NA,NA,NA,NA,NA,NA,NA,NA,NA
Soil amendment with biochar; Water-saving irrigation practices in non-flooded lands,10.1016/j.scitotenv.2020.140696,GHG emissions,Proportion of water reduction,"Reducing irrigation water approximately 20% of the full irrigation decreased N2O emissions, emissions factors and yield-scaled emissions.",Crop type,"Reducing irrigation water decreased N2O emissions, emissions factors and yield-scaled emissions in fruit crops (tomato, cucumber, pepper and eggplant) and was not significant in stem crops (celery and broccoli).",Soil type,"Reducing irrigation water decreased N2O emissions, emissions factors and yield-scaled emissions in soils categorized as medium (loam, silty loam and silt), but effect was no signifficant in soils categorized as fine (clay loam, sandy clay loam, silty clay loam, sandy clay, silty clay and clay).",NA,NA,NA,NA,NA,NA,NA,NA,NA,NA
Soil amendment with biochar; Water-saving irrigation practices in non-flooded lands,10.1016/j.scitotenv.2020.140696,Plant nutrient uptake,NA,NA,NA,NA,NA,NA,NA,NA,NA,NA,NA,NA,NA,NA,NA,NA
Water-saving irrigation practices in non-flooded lands,10.1016/j.scitotenv.2020.140696,Water use,NA,NA,NA,NA,NA,NA,NA,NA,NA,NA,NA,NA,NA,NA,NA,NA
Organic fertilisation,10.1016/j.scitotenv.2020.141003,Carbon sequestration,Soil texture,Manure application to clay loam soil induced nominally larger effect sizes of SOC and TN.,NA,NA,NA,NA,NA,NA,NA,NA,NA,NA,NA,NA,NA,NA
Organic fertilisation,10.1016/j.scitotenv.2020.141003,Soil biological quality,Soil texture,Microbial C contents had larger effect sizes when manure was applied to sandy loam and sandy clay loam.,Climate,The largest effect sizes for almost all the enzyme activities were found within the medium ambient temperature and medium ambient precipitation ranges of 10–20 °C and 250–1000 mm compared with those of other ranges.,NA,NA,NA,NA,NA,NA,NA,NA,NA,NA,NA,NA
Organic fertilisation,10.1016/j.scitotenv.2020.141003,Soil nutrients,Soil type,"Among all soil types, manure application to Mollisols induces the largest responses of TN (77%).",NA,NA,NA,NA,NA,NA,NA,NA,NA,NA,NA,NA,NA,NA
Mulching,10.1016/j.scitotenv.2020.141479,Crop yield,Mean annual precipitation,Mulching increased wheat yield with annual precipitation lower than 900 while it has no effect when higher than 900 mm year-1.,NA,NA,NA,NA,NA,NA,NA,NA,NA,NA,NA,NA,NA,NA
Mulching,10.1016/j.scitotenv.2020.141479,Nitrogen footprint (LCA),Mean annual precipitation,"Mulching in potato has no effect on reactive nitrogen loss with precipitation lower than 600 while it reduces reactive nitrogen loss when higher than 600 mm year-1. 
Mulching in wheat reduces nitrogen footprint per unit of output energy with precipitation lower than 900 while it has no effect with precipitation higher than 900 mm year-1. 
Mulching in wheat has no effect on nitrogen footprint per unit of net economic return with precipitation lower than 300 or higher than 900,  while it reduces nitrogen footprint per unit of net economic return with precipitation from 300 to 900 mm year-1.",NA,NA,NA,NA,NA,NA,NA,NA,NA,NA,NA,NA,NA,NA
Soil amendment with biochar,10.1016/j.scitotenv.2020.141593,Soil biological quality,Soil pH,"The increase in fungal biomass was only significant in soils with pH ≤ 7.5, with the largest mean effect size in soils with pH ≤ 4.5",Soil organic carbon,"Total total microbial biomass, bacterial and fungal biomass were more affected in soils with 15–30 g kg−1 SOC.",Biochar particle size,The different particle sizes of biochar affected responses of microbial biomass to biochar application; the small size biochar (≤ 1 mm) significantly increased bacterial biomass. The small size biochar (≤ 1 mm) was more suitable for bacterial community growth while the large size biochar (> 2 mm) was more suitable for fungal community growth.,NA,NA,NA,NA,NA,NA,NA,NA,NA,NA
Organic fertilisation,10.1016/j.scitotenv.2020.141795,GHG emissions,NA,NA,NA,NA,NA,NA,NA,NA,NA,NA,NA,NA,NA,NA,NA,NA
No tillage and reduced tillage,10.1016/j.scitotenv.2020.142299,Crop yield,NA,NA,NA,NA,NA,NA,NA,NA,NA,NA,NA,NA,NA,NA,NA,NA
No tillage and reduced tillage,10.1016/j.scitotenv.2020.142299,GHG emissions,Applied N,Positive,NA,NA,NA,NA,NA,NA,NA,NA,NA,NA,NA,NA,NA,NA
Soil amendment with biochar,10.1016/j.scitotenv.2020.142582,Carbon sequestration,NA,NA,NA,NA,NA,NA,NA,NA,NA,NA,NA,NA,NA,NA,NA,NA
Soil amendment with biochar,10.1016/j.scitotenv.2020.142582,Heavy metals pollution,Crop type,"The reduction of Cd and Pb concentrations in shoot and root induced by biochar significantly (P < 0.01) varied with the plant type subgroups classified as vegetables, grass, legume, maize, wheat, rice, and bamboo.",Particle size,"The biochar with lower particle size (<2 mm) significantly (P < 0.01) reduced Cd concentration by 50.4% in shoot and 31.8% in root, which was higher than 41.0% in shoot and 25.6% in root recorded under biochar with large size (>2 mm). For Pb concentration, the reduction was significantly higher and was estimated at 41.5% in shoot and 47.4% in root when biochar size was <2 mm compared to 25.3% in shoot and 40.9% in root with biochar size > 2 mm.",Soil organic carbon,"A significant reduction in shoot and root Cd concentration was recorded with increasing SOC concentrations of ≤15, 15–30, and >30 SOC g kg−1. For shoot and root Pb concentration, it was observed that there was no significant difference among reductions in root and shoot metal concentration induced by ≤15, 15–30, and >30 g kg−1 of SOC concentrations.",Soil texture,"Sandy loam soil induced the highest reduction (33.8%) in root Cd concentration compared to sand, sandy clay, and clay soil",Soil pH,"The highest reduction in Cd concentration was recorded in neutral soil (54.9% in shoot, 42.7% in root) followed by that in acid soil (41.8% in shoot, 25.9% in root;  with a significant difference (P < 0.01) among reductions in shoot and root Cd concentration induced by soil pH subgroups (acid, neutral, and alkaline soils). For root Pb concentration, it was observed that the highest reduction in root Pb concentration (40.0%) was recorded in the acid soil followed by that recorded in neutral soil (29.2%) with a significant difference among the reduction induced by soil pH subgroups.",NA,NA,NA,NA,NA,NA
Soil amendment with biochar,10.1016/j.scitotenv.2020.142582,Soil physico-chemical quality,NA,NA,NA,NA,NA,NA,NA,NA,NA,NA,NA,NA,NA,NA,NA,NA
Soil amendment with biochar,10.1016/j.scitotenv.2020.143117,Heavy metals pollution,"Scale of experiment (Field, Pot, etc)","Biochar application significantly reduced the bioavailability of As and Cd in the field experiments, up to 23.28% [8.47%, 35.70%] and 47.40% [20.10%, 65.38%], respectively. In the non-field experiments, biochar application not only significantly increased the available As by 10.17% [1.08%, 20.08%], but also increased the concentration of As by 62.29% [−9.62%, 191.40%] in pore water. The efficiency of biochar on decreasing the accumulation of As in plants from the non-field experiments (27.33%) was higher than those from the field experiments (18.09%). On the contrary, the mean effect of biochar on inhibiting the accumulation of Cd in plants from the field experiments (52.98%) was much higher than those from the non-field experiments (34.37%). Besides, there were heterogeneities between non-field and field studies (e.g., available As (p = 0.003) in soils and accumulative Cd (p = 0.001) in plants).",Biochar application rate,"Biochar with various application rates exhibited a significant reduction in the bioavailability of Cd, while biochar with application rate at 2–5% and >5% enhanced the bioavailability of As by 14.56% and 89.46%, respectively. The application rate at 1–2% and >5% was excellent to weaken the accumulation of As (52.51%) and Cd (44.69%) in plants, respectively.",Post-modification of biochar,"Modified biochars had a higher capacity to decrease the bioavailability of As (8.35%) and Cd (56.82%) compared with the pristine biochars. Modified biochars hold a higher capacity to decrease the accumulation of As (36.5%) and Cd (46.16%) in plants, compared with the pristine biochars.",Soil texture,"The maximum inhibition effects on the bioavailability of As (15.48%) and Cd (73.30%) appeared in medium-grained soils. In acid and neutral soils, biochar application promoted the bioavailability of As.  The maximum of inhibition on the bioaccumulation of As and Cd in plants was observed in coarse-grained soils (34.92%) and medium-grained soils (41.94%), respectively.",Soil pH,"With the increasing soil pH, the effect of biochar on inhibiting the bioavailability of Cd became to be less.  Biochar was appropriate to adopt to decrease the bioaccumulation of Cd in acid soils and reduce the bioaccumulation of As in alkaline soil.",Soil organic carbon content,"Among the three subgroups of SOC, the lowest inhibition effect of biochar on the bioavailability of As and Cd was found in soils with SOC < 15 g/kg and SOC > 30 g/kg, respectively. The maximum inhibition effects of biochar on the accumulative As (35.64%) and Cd (43.25%) in plants were observed in soils with high SOC > 30 g/kg.",Soil redox conditions,"Compared with the flooded environment, the non-flooded environment was more conducive to inhibit the bioavailability of As (8.62%), while the flooded environment was beneficial to inhibit the bioavailability of Cd (51.45%). Biochar was beneficial to inhibit the plant uptake for As (28.22%) in the non-flooded environment and the plant uptake for Cd (40.20%) in the flooded environment.",NA,NA
Manure processing techniques,10.1016/j.scitotenv.2021.146396,Acidification (LCA),NA,NA,NA,NA,NA,NA,NA,NA,NA,NA,NA,NA,NA,NA,NA,NA
Manure processing techniques,10.1016/j.scitotenv.2021.146396,Ecotoxicity (LCA),NA,NA,NA,NA,NA,NA,NA,NA,NA,NA,NA,NA,NA,NA,NA,NA
Manure processing techniques,10.1016/j.scitotenv.2021.146396,Energy use (LCA),NA,NA,NA,NA,NA,NA,NA,NA,NA,NA,NA,NA,NA,NA,NA,NA
Manure processing techniques,10.1016/j.scitotenv.2021.146396,Eutrophication (LCA),NA,NA,NA,NA,NA,NA,NA,NA,NA,NA,NA,NA,NA,NA,NA,NA
Manure processing techniques,10.1016/j.scitotenv.2021.146396,Global warming potential (LCA),NA,NA,NA,NA,NA,NA,NA,NA,NA,NA,NA,NA,NA,NA,NA,NA
Manure processing techniques,10.1016/j.scitotenv.2021.146396,Resource depletion (LCA),NA,NA,NA,NA,NA,NA,NA,NA,NA,NA,NA,NA,NA,NA,NA,NA
Soil amendment with lime and gypsum,10.1016/j.scitotenv.2021.146477,Heavy metals pollution,Scale of experiment,"Liming in pot experiments resulted in a slightly better reduction than was achieved in the field experiments, but the difference was not significant. The reduction rates of soil available Cd between the pot and field experiments were significantly different (p < 0.01).",Liming rate,"The average grain Cd reduction rates under lime dosages of >4500 kg/ha, 1500 to 4500 kg/ha, and <1500 kg/ha were −63%, −40%, and −37%, respectively. This suggests that liming at levels >4500 kg/ha would significantly elevate the grain Cd reduction rate compared to smaller dosages. Lime dosages between 1500 and 4500 kg/ha and <1500 kg/ha had similar grain Cd reduction rates. However, differences in the soil available Cd content at lime dosages between 1500 and 4500 kg/ha and <1500 kg/ha were significant (p < 0.01), suggesting that lime application had a larger impact on the soil available Cd content than on the grain Cd content.",Type of lime,The application of CaCO3 had significantly better effects on rice grain Cd reduction than applications of CaO and Ca(OH)2.,Soil Cd concentration,"Applying lime to soils with total Cd contents >1 or <1 mg/kg decreased the average Cd content in rice grains by −40% and −46%, respectively. The average grain Cd reduction rates with liming were −55%, −45%, and −33% when the soil available Cd content was <0.2, 0.2 to 1, and >1 mg/kg, respectively. These results suggested that the higher the total or available Cd contents in the initial soils, the less effective liming was for reducing Cd uptake in rice.",Soil texture,"The average grain Cd reduction rates in clay, loam, and sandy soils were −48%, −59, and −35%, respectively.",Soil Zn concentration,"The average grain Cd reduction rates were −24% and −50% when the soil Zn contents were >200 or <200 mg/kg, respectively.",Rice cultivar,"The average grain Cd reduction rates were −33% when planting high-Cd rice cultivars and −41% when planting low-Cd rice. Lime application decreased the transfer factor (TF) (p = 0.032) of Cd in rice plants by −33% when planting low-Cd rice cultivars, with the reduction being only −13% when planting high-Cd rice cultivars.",NA,NA
Soil amendment with lime and gypsum,10.1016/j.scitotenv.2021.146477,Soil physico-chemical quality,Scale of experiment,The reduction rates of soil pH between the pot and field experiments were significantly different (p < 0.01).,Liming rate,The lime application with a dosage >4500 kg/ha increased considerably larger soil pH than the smaller dosages.,NA,NA,NA,NA,NA,NA,NA,NA,NA,NA,NA,NA
Manure processing techniques; Manure storage techniques,10.1016/j.scitotenv.2021.147103,Air pollutants emissions,Type of technology,"Turning and ventilation did not reduce total N loss, but all other technologies significantly reduced total N loss. With the exception of turning increasing NH3-N loss by 9.0%, all other technologies significantly reduced NH3-N loss, ranging from covering 14.6% to additives 35.8%. With the exception of covering, which had no effect on N2O-N loss, all other technologies significantly reduced N2O-N loss, ranging from adjusting the C/N ratio by 14.7% to ventilation by 50.6%.; Turning and ventilation did not reduce total N loss, but all other technologies significantly reduced total N loss. With the exception of turning increasing ammonia-N loss by 9.0%, all other technologies significantly reduced ammonia-N loss, ranging from covering 14.6% to additives 35.8%. With the exception of covering, which had no effect on N2O-N loss, all other technologies significantly reduced N2O-N loss, ranging from adjusting the C/N ratio by 14.7% to ventilation by 50.6%.",Type of additive,Variable effects depending on the type of additive and the measured outcome.,NA,NA,NA,NA,NA,NA,NA,NA,NA,NA,NA,NA
Manure processing techniques; Manure storage techniques,10.1016/j.scitotenv.2021.147103,GHG emissions,Type of technology,"Adjusting the C/N ratio and covering did not reduce total C or CH4-C losses and significantly increased CO2-C emission by 33.1% and 17.1%, respectively. Adjusting the moisture and optimizing ventilation did not affect TC or CO2-C losses, and significantly reduced CH4-C loss by 25.6% and 39.5%, respectively. Adjusting the turning frequency increased TC loss by 3.5%, and significantly reduced CH4-C loss by 41.5%. Additives significantly reduced TC, CH4-C and CO2-C by 19.7%, 29.9% and 14.7%, respectively. Others approaches (air dried or hy- perthermophilic pretreatment) significantly reduced total C by 18.1%.; Adjusting the C/N ratio and covering did not reduce total C or CH4-C losses. Adjusting the moisture and optimizing ventilation significantly reduced CH4-C loss by 25.6% and 39.5%, respectively. Adjusting the turning frequency significantly reduced CH4-C loss by 41.5%. Additives significantly reduced CH4-C  by 29.9%.",Type of additive,"Variable effects depending on the type of additive (no significant effect of microbial additives on CH4 emissions, but significant reduction of CH4 emissions with physical and chemical additives).",NA,NA,NA,NA,NA,NA,NA,NA,NA,NA,NA,NA
Grassland management,10.1016/j.scitotenv.2021.148863,GHG emissions,NA,NA,NA,NA,NA,NA,NA,NA,NA,NA,NA,NA,NA,NA,NA,NA
Grassland management,10.1016/j.scitotenv.2021.148863,Soil biological quality,NA,NA,NA,NA,NA,NA,NA,NA,NA,NA,NA,NA,NA,NA,NA,NA
Crop residue management,10.1016/j.scitotenv.2021.152532,GHG emissions,Straw N rate,"The amount of N returned (kg N ha−1 yr−1) with the crop residues affected the N2O emissions (AIC = 481.49, n = 298), and the overall effect ofthe amount of residue-Nwas not modified by the application of fertiliser N(p > 0.05). Nitrous oxide emissions from crop residues increasedwith the amount of residue-N returned, reaching a maximum at ~200–250 kg N ha−1 yr−1 applied.",Residue type,"Maturity class had a strong influence on the magnitude of N2O emissions (p < 0.001), with greater emissions from immature than frommature residues (Wald-type test, p < 0.001). The type of residue signifi- cantly affected crop residue derived N2O emissions (p < 0.001). Green plant biomass increased N2O emissions by 89%, and mature aboveground biomass by 40% (Supp. Fig. 3). Conversely, straw and senescent plant bio- mass did not increase N2O emissions",NA,NA,NA,NA,NA,NA,NA,NA,NA,NA,NA,NA
Crop residue management,10.1016/j.scitotenv.2022.154388,GHG emissions,Fertliser type,The authors found a greater increase in N2O emissions induced by crop residues when incorporated with organic fertilisers as compared to the joint application of residues and synthetic N fertilisers.,NA,NA,NA,NA,NA,NA,NA,NA,NA,NA,NA,NA,NA,NA
Crop residue management,10.1016/j.scitotenv.2022.154626,Carbon sequestration,NA,NA,NA,NA,NA,NA,NA,NA,NA,NA,NA,NA,NA,NA,NA,NA
Crop residue management,10.1016/j.scitotenv.2022.156822,Carbon sequestration,Tillage,Conventional tillage combined with residue retention caused a smaller increase in SOC compared to no till.,NA,NA,NA,NA,NA,NA,NA,NA,NA,NA,NA,NA,NA,NA
Crop residue management,10.1016/j.scitotenv.2022.156822,Soil nutrients,Tillage,Conventional tillage combined with residue retention caused a smaller increase in TN compared to no till.,NA,NA,NA,NA,NA,NA,NA,NA,NA,NA,NA,NA,NA,NA
Water-saving irrigation practices in non-flooded lands,10.1016/j.scitotenv.2022.160774,Crop yield,Reclaimed water quality,"In order to promote yield in different crop types using RW in irrigated agricultural systems compared to FW irrigation, the suitable pH value for RW is somewhere between 6.5 and 7.5. The response ratio of the yield for cereals and fruits was significantly positive (p < 0.05) when the concentration of Chemical oxygen demand (CODMn) in RW was <24.6mg L−1 and 113.38mg L−1, respectively. The response ratio of the yield for vegetables rapidly decreased when the content of CODMn in RW was >68.0mg L−1. In general, yield of three food crops all increased when the content of CODMn in RW below 24.6 mg L−1. Similarly, a higher response ratio of the food crop yield was commonly discovered when the concentration of Biological oxygen demand (BOD5), Suspended substance (SS), and Total phosphorus (TP) in RW was kept in relatively low ranges. For instance, a remarkably higher response ratio of the crop yield for cereals, vegetables, and fruits was observed in the range of BOD5 content below 12.68 mg L−1, 18.05 mg L−1, and 12.76 mg L−1 respectively. The response ratio of the cereal yield started to grow as the TN content in RW was higher than 27.1 mg L−1. The response ratio of the yield for cereals, vegetables, and fruits initially maintained positive values, and then sharply reduced to negative values with the increase in the concentration of Na+, Ca2+, and Mg2+ in RW, respectively. For EC,K+, and Cl− in RW, although the results in segmented regression among the response ratio of yield for cereals, vegetables, and fruitswere different, yield-increasing effects still could be discovered in the relatively low salinity levels. Trace elements and heavy metals inRWwith limited concentrations probably had positive effects on crop yield in irrigated agricultural systems compared to FW irrigation.",Irrigation volume,"The effect sizes of crop yield increased and then rapidly decreased as irrigation amount increased. The significantly positive effect size (p < 0.05) of food crop yield under RW irrigation relative to FW irrigation was observed when the irrigation amount was in the range of 1000–5000 m3 ha−1. Compared with FW irrigation, RW irrigation showed no significant effects on food crop yield when the irrigation amount was <1000 m3 ha−1 or >5000 m3 ha−1.",Cultivation years,"The effect size of food crop yield under RWirrigation decreased sharply with the increase in cultivation years. The effect size of food crop yield under RWirrigation decreased to a negative value of −0.118± 0.074 when the cultivation years were more than three years, indicating that long-term irrigation by using RW might have an adverse impact on crop production in agricultural systems.",Irrigation method,"Compared with FW irrigation, the positive effect size of crop yield under irrigation for Flood irrigation (FI) were 0.082 ± 0.020 and Drip irrigation (DI) of 0.039 ± 0.013, respectively. However, Sprinkler irrigation (SI) by using RW probably showed a negative impact (−0.020 ± 0.044) on crop yield. Thus, it was recommended that RW was suitable for FI and DI but may not for SI to improve food crop yield in agricultural systems.",Crop type,"Compared with FW irrigation, the effect size of cereals yield was 0.109±0.068 in irrigated agricultural systems under the utilization of RW. However, irrigation with RW showed insignificant effects on crop yield for vegetables (0.010 ± 0.054) and fruits (0.017 ± 0.112), respectively. Therefore, RW might be applicable to irrigated agricultural systems for and cereals production but may not for vegetables and fruit production.",NA,NA,NA,NA,NA,NA
Agroforestry practices and systems,10.1016/j.scitotenv.2023.164094,Global warming potential (LCA),NA,NA,NA,NA,NA,NA,NA,NA,NA,NA,NA,NA,NA,NA,NA,NA
Livestock feeding techniques,10.1016/j.smallrumres.2021.106585,Animal production,NA,NA,NA,NA,NA,NA,NA,NA,NA,NA,NA,NA,NA,NA,NA,NA
Livestock feeding techniques,10.1016/j.smallrumres.2021.106585,GHG emissions,Age of the animal,Tannins supplementation to animals from 4 to 6 months of age increased CH4 g/kg DMd (WMD = 3.70 g/kg DMd; P < .0001).,NA,NA,NA,NA,NA,NA,NA,NA,NA,NA,NA,NA,NA,NA
Livestock feeding techniques,10.1016/j.smallrumres.2021.106585,Nutrient excretion,NA,NA,NA,NA,NA,NA,NA,NA,NA,NA,NA,NA,NA,NA,NA,NA
Livestock feeding techniques,10.1016/j.smallrumres.2023.106919,Animal production,NA,NA,NA,NA,NA,NA,NA,NA,NA,NA,NA,NA,NA,NA,NA,NA
Livestock feeding techniques,10.1016/j.smallrumres.2023.106919,GHG emissions,NA,NA,NA,NA,NA,NA,NA,NA,NA,NA,NA,NA,NA,NA,NA,NA
Livestock feeding techniques,10.1016/j.smallrumres.2023.106919,Nutrient excretion,NA,NA,NA,NA,NA,NA,NA,NA,NA,NA,NA,NA,NA,NA,NA,NA
Organic farming systems,10.1016/j.soilbio.2009.08.020,Soil biological quality,NA,NA,NA,NA,NA,NA,NA,NA,NA,NA,NA,NA,NA,NA,NA,NA
Grassland management,10.1016/j.soilbio.2017.09.015,Soil biological quality,NA,NA,NA,NA,NA,NA,NA,NA,NA,NA,NA,NA,NA,NA,NA,NA
No tillage and reduced tillage,10.1016/j.soilbio.2018.02.024,Soil biological quality,Soil pH,The RT significantly increased Cmic as compared with CT when soils pH was lower or equal to 7. The RT treatment significantly increased qMIC as compared with CT when soils pH was lower or equal to 7. The NTR0 treatment significantly increased Cmic as compared with CT when the soil was acidic.,Soil texture,"The Nmic was significantly higher in NT than in CT, except changes of Nmic were insignificant in loamy soils. The qMIC was significantly higher in NT than in CT when soil texture was loamy or clay. The RT treatment significantly increased qMIC as compared with CT in clay soils. The NTR0 treatment significantly increased Cmic as compared with CT when soil texture was clay or loam, and the soil was acidic. The effect of NTR on Cmic as compared with CT was not significantly positive in loamy and sandy-loam soil textures. As compared with CT, the effect of NTR on qMIC was significantly positive in soils with a clay or loam texture.",Time since treatment,The qMIC was significantly higher in NT than in CT when experimental duration was less than 6 years or between 11 and 20 years. The RT significantly increased Cmic as compared with CT when experimental duration less than 6 years. The RT treatment significantly increased qMIC as compared with CT when experimental duration was less than 6 years or more than 20 years. The NTR0 treatment significantly increased Cmic as compared with CT when experimental duration was less than 6 years or more than 20 years. The effect of NTR on Cmic as compared with CT was not significantly positive when experimental duration was longer than 20 years. NTR as compared with CT significantly decreased qMIC when experimental duration was longer than 20 years.,Mean annual precipitation,"The qMIC was significantly higher in NT than in CT when MAP was less than 600 or more than 1000 mm. The RT significantly increased Cmic as compared with CT when MAP was between 600 and 1000 mm. The RT treatment significantly increased qMIC as compared with CT when MAP was between 600 and 1000 mm. The NTR0 treatment significantly increased Cmic as compared with CT when MAP was greater than 600 mm. The effect of NTR on Cmic as compared with CT was not significantly positive when MAP was between 600 and 1000 mm. As compared with CT, the effect of NTR on qMIC was significantly positive when MAP was less than 600 mm.",Mean annual temperature,"The Nmic was significantly higher in NT than in CT, except changes of Nmic were insignificant when MAT was less than 8 °C. The qMIC was significantly higher in NT than in CT when MAT was less than 15 °C. The RT significantly increased Cmic as compared with CT when MAT was more than 8 °C. The RT treatment significantly increased qMIC as compared with CT when MAT was greater than 8 °C. The NTR0 treatment significantly increased Cmic as compared with CT when MAT was greater than 8 °C. The effect of NTR on Cmic as compared with CT was not significantly positive when MAT less than 8 °C. The effect of NTR on Nmic as compared with CT was not significantly positive when MAT less than 8 °C. As compared with CT, the effect of NTR on qMIC was significantly positive when MAT was less than 15 °C.",NA,NA,NA,NA,NA,NA
Organic fertilisation,10.1016/j.soilbio.2019.107632,Soil biological quality,NA,NA,NA,NA,NA,NA,NA,NA,NA,NA,NA,NA,NA,NA,NA,NA
Green manure; Cover and catch crops,10.1016/j.soilbio.2019.107701,Soil biological quality,Climate,"For microbial biomass carbon, effect size means by climate varied significantly in the order of tropical (0.87), temperate (0.30), arid/semi-arid (0.19), and continental (0.08), from highest to lowest. Overall, the continental climate had lower effect size means than others.",Termination type,"Cover crop termination method had significant effects only on PLFA, where mechanical termination effect size mean (0.16) was significantly larger than that of chemical termination (0.09).",Fertilizer rate,NA,Soil type,"Less fertile soils like Oxisols, Ultisols, and Entisols had larger effect size means than those of more fertile soils.",NA,NA,NA,NA,NA,NA,NA,NA
Cover and catch crops; Leguminous crops,10.1016/j.soilbio.2020.107735,Carbon sequestration,Soil texture,"Soil carbon stocks were significantly greater in CC treatments versus NC controls for all soil texture groups, but fine-textured soils showed larger increases than medium- and coarse-textured soils.",Cash crop,"Corn, wheat, and vegetables all showed significant carbon increases while soybeans, corn-soybean rotations, and corn-wheat-soybean rotations did not. Other rotations of two or more crops (i.e., those that did not include corn and soybeans) also showed significant SOC increases when using CCs.; Maize, wheat, and vegetables all showed significant carbon increases while soybeans, Maize-soybean rotations, and Maize-wheat-soybean rotations did not. Other rotations of two or more crops (i.e., those that did not include Maize and soybeans) also showed significant SOC increases when using CCs.",Soil depth,"When separated into different soil sampling depths, surface soils showed significant carbon increases when CCs were used, whereas subsurface soils did not.",NA,NA,NA,NA,NA,NA,NA,NA,NA,NA
Intercropping; No tillage and reduced tillage; Organic fertilisation; Crop rotation; Organic farming systems; Cover and catch crops,10.1016/j.soilbio.2021.108383,Soil biological quality,Experiment duration; Organisms abundance; Soil texture and soil type; Fertilisation,"Conventional tillage effect on absolute abundance of omnivore-predators was more important when the initial nematode abundance was high.; the negative effect of rotation on the abundance of plantfeeding nematodes was more pronounced in soils with higher soil carbon content and affected by soil texture; The supply of mineral fertilizers did not significantly affect the absolute abundance of soil nematodes not the absolute abundance of the trophic groups but it marginally reduced taxonomic richness, diversity and food web stability (S: 7.2%, H’: 3.7% and MI: 7.7%, respectively. the application of organic fertilizers strongly enhanced the total abundance of nematodes (+69.8%), originating from the increase abundance of all trophic group, although not significant for plant-feeding nematodes. The amount of organic fertilizer significantly changed the effect of organic fertilization on nematode parameters, such as omnivore-predator abundance. Organic fertilization also promoted taxonomic diversity (+8.7%), but induced a significant decrease in the maturity index (−6.5%). Similar patterns were observed when inorganic and organic fertilizers were applied together.",Mean annual precipitation; Duration of experiment; Diversification strategies,"The positive effect of conservation agriculture on the abundance of omnivore-predators was more pronounced in regions with high mean annual precipitation.; This negative effect of rotation on the abundance of plant feeders increased with the duration of the experiment.; A key result from our statistical analysis was a significant reduction in the absolute abundance of plant feeders (PF, −47.2%) without impacting the total abundance or the abundance of other trophic groups, when a rotation of more than 2 years was applied. This negative effect of rotation on the abundance of plant feeders increased with the duration of the experiment. Rotation also promoted taxonomic richness (+19.3%), the maturity index (+20.3%), enrichment index (+47.0%) and abundance of omnivore-predators (+55.8%, although not significant), while slightly reducing the plant parasitic index (−5.2%). he negative effect of rotation on the abundance of plant-feeding nematodes was more pronounced in soils with higher soil carbon content. We also found positive effects of cover crop on the total nematode abundance (+45.3%), bacterial-feeders (BF, +101.0%) and PF (+79.6%) abundances. In contrast, no effect of plant association on nematode parameters was found, except a slight decrease in community maturity (−10.3%), but this effect appeared transitory and decreased with the experiment duration. Additionally, the introduction of legumes (Fabaceae) to the cropping system was not found to be a significant moderator.",Trophic level; Pesticides use,"Rotation of more than 2 years significantly reduced the absolute abundance of plant feeders (- 47.2%) without impacting the total abundance or the abundance of other trophic groups (no affect on the abundance of bacterial and fungal feeders and increased abundance of omnivore-predators, although not significantly); No significant global effects of herbicides on the different soil nematode community parameters (except a slight decreasing effect on EI -5%. In contrast, biocides or nematicides had similar deleterious effects on soil nematodes. Biocides significantly reduced the absolute abundance of nematodes, especially fungal feeders (−52.6%), as well as nematode richness and diversity (S: 7.5%, H’: 6.5%), but slightly increased the plant parasite index (+0.7%). The use of nematicides also affected nematodes at the community level by decreasing the total abundance of nematodes (−32.1%), plant feeders (−70.2%), taxonomic richness (−16.6%) and the food web structure (−22.6%, but Rosenberger's number = 14, indicating possible publication bias for these effect sizes).",Tillage,"Tillage affected soil nematodes to a lesser extent than 2 other type of practices: managing plant diversity and fertilization. Notably, the absolute abundance of omnivore-predators was significantly reduced by conventional tillage (−14.4%), especially when the initial nematode abundance was high. The maturity and structure of the nematode community were reduced by tillage (−15.1% and −26.2%, respectively) while BF and fungal-feeder nematodes (FF) were not significantly impacted by tillage. The effects of conventional and conservation tillage on soil nematode were similar except for the abundance of omnivore-predators and SI.",NA,NA,NA,NA,NA,NA,NA,NA
Wetland management,10.1016/j.soilbio.2021.108467,Carbon sequestration,NA,NA,NA,NA,NA,NA,NA,NA,NA,NA,NA,NA,NA,NA,NA,NA
Wetland management,10.1016/j.soilbio.2021.108467,GHG emissions,Wetland type,"The stimulatory effects of N addition on soil CH4 emission rate were more significant in natural wetlands (freshwater wetland, Hedges’ d = 0.43; coastal wetland, Hedges’ d = 0.58) than in the paddy ecosystems (Hedges’ d = 0.21).",Nitrogen form,"The effect of N addition on soil CH4 emission rate was also dependent on N forms, with nitrate addition (Hedges’ d = 0.85) generating a larger enhancing effect on CH4 emission rate, and urea addition (Hedges’ d = 0.24) causing a reduction in the stimulatory effect on CH4 emission rate.",Duration of treatment,"The response of soil CH4 emission rate to long-term N addition was more positive (QM = 6.57, p < 0.01) than that of short-term N addition.",Interaction between wetland type and N addition rate,In natural wetland and paddy ecosystems stimulatory effect of N addition on soil CH4 emission rate was not dependent on N addition rate.,Climate,"The climatic zone (QM = 17.26, p < 0.01) significantly affected the soil CH4 emission rate induced by N addition. N addition increased soil CH4 emission rate to a greater extent in tropical region compared to other climatic zones.",NA,NA,NA,NA,NA,NA
Wetland management,10.1016/j.soilbio.2021.108467,Soil nutrients,NA,NA,NA,NA,NA,NA,NA,NA,NA,NA,NA,NA,NA,NA,NA,NA
No tillage and reduced tillage,10.1016/j.still.2015.04.007,Soil erosion,Slope gradient,NT reduced runoff compared to MP for steep (>10%) slope gradients. The effect of NT on runoff was not significant for gentle (<5%) slope gradient.,Duration of treatment,"No-tillage significantly reduced runoff relative to MP at experimental duration <4 years, whereas a non-significant effect was observed at experimental duration of 4-10 years.",Soil texture,"NT significantly reduced runoff in soils with low clay content (<33% clay), whereas a non-significant effect on runoff was observed in soils with high clay content (>=33% clay).",NA,NA,NA,NA,NA,NA,NA,NA,NA,NA
Cover and catch crops,10.1016/j.still.2017.03.005,Carbon sequestration,NA,NA,NA,NA,NA,NA,NA,NA,NA,NA,NA,NA,NA,NA,NA,NA
Cover and catch crops; Leguminous crops,10.1016/j.still.2017.03.005,Crop yield,NA,NA,NA,NA,NA,NA,NA,NA,NA,NA,NA,NA,NA,NA,NA,NA
Cover and catch crops,10.1016/j.still.2017.03.005,Soil physico-chemical quality,Soil depth,The impact of cover crops on available water stored in the soils depended on the soil depth considered. In the upper soil layers changes produced by the introduction of cover crops in the rotations had both positive and negative effects but in deep soil layers this trend was clearly negative.,NA,NA,NA,NA,NA,NA,NA,NA,NA,NA,NA,NA,NA,NA
Cover and catch crops,10.1016/j.still.2017.03.005,Soil water retention,Soil depth,The impact of cover crops on available water stored in the soils depended on the soil depth considered. In the upper soil layers changes produced by the introduction of cover crops in the rotations had both positive and negative effects but in deep soil layers this trend was clearly negative.,NA,NA,NA,NA,NA,NA,NA,NA,NA,NA,NA,NA,NA,NA
No tillage and reduced tillage,10.1016/j.still.2018.05.006,GHG emissions,Climate,"Soil N2O emissions were significantly higher in the tropical climate (average: 74.1%, 95% CI: 34.8-119.9%) and warm temperate climate (average: 17.0%, 95% CI: 6.5-29.2%). In contrast, there was no significant difference for soil N2O emissions between conservation tillage and conventional tillage (average: -1.7%, 95% CI: -10.5to8.4%) in the cool temperate climate.",Time since treatment,"Compared to conventional tillage, the incremental increase in soil N2O emissions from application of conservation tillage generally decreased with increasing experimental duration. Notably, significantly elevated N2O emissions were indicated for studies with short (3 yrs and longer, average: 29.3%, 95% CI: 14.9-47.0%) and medium term duration (3-10 yrs: average: 17.3%, 95% CI: 4.6-31.1%). There was no significant difference in N2O emissions for long-term (>10 yrs) application of conservation tillage (average: 1.6%, 95% CI: -14.3 to 13.5%).",N application rate,"While no significant change in soil N2O emission was observed at application rates lower or equal to 150 kg/ha (average: 5.5%, 95% CI: -5.0-17.8%), significant increases were identified for N application rates of 150-250 (average: 23.5%, 95% CI: 11.0-37.9%) and higher than 250 kg/ha (average: 53.6%, 95% CI: 21.22-95.15%).",Soil pH,"Conservation tillage significantly increased soil N2O emissions by an average of 21.3% (95% CI: 7.3-39.9%) in acidic soils and 13.0% (95% CI: 0.9-26.4 %) in alkaline soils. However, there was no significant change in soil N2O emissions at neutral soil pH levels (average: -1.8%, 95% CI: -11.3-8.8%).",Soil clay content,"Clay content showed a significant effect on soil N2O emissions (p = 0.003) at clay contents <20% resulting in a 42.9% stimulation in soil N2O emissions (95% CI: 13.7-85.2%), while no effect was evident when clay content exceeded 20% (average: 2.7%, 95% CI: -7.0-13.5%).",Water management,Soil N2O emissions under rain-fed systems were enhanced by 3.6% (95% CI: -5.1-13.3%) by conservation tillage relative to conventional tillage and by 30.4% (95% CI: 16.3-46.3%) under irrigation water management.,Crop type,"Three of five investigated crop species were identified to promote soil N2O emissions in conservation versus conventional tillage systems. The highest stimulation of N2O emission was associated with maize (average: 52.3%, 95% CI: 22.3-91.1%), followed by wheat (average: 20.4%, 95% CI: 11.7-37.9%) and rice (average: 20.3%, 95% CI: 3.6-44.1%). In contrast, no significant differences were recorded for beans and other cropping system (e.g., vegetables).",NA,NA
Green manure; Cover and catch crops; Leguminous crops,10.1016/j.still.2019.04.020,Carbon sequestration,Cover crop type,The mixed cover crop resulted in a higher SOC than legume or nonlegume cover crop.,Cover crop management; Cover crop residue management,Incorporation of cover crop residue into the soil increased SOC compared to residue removal.,NA,NA,NA,NA,NA,NA,NA,NA,NA,NA,NA,NA
Green manure; Cover and catch crops; Leguminous crops,10.1016/j.still.2019.04.020,GHG emissions,Cover crop type,Higher N2O emissions for legume cover crop than for non-legume cover crops and no cover crops.,Cover crop management; Cover crop residue management,Higher emissions of both CO2 and N2O with cover crop biomass incorporation into the soil than with surface-placement.,NA,NA,NA,NA,NA,NA,NA,NA,NA,NA,NA,NA
Green manure; Cover and catch crops; Leguminous crops,10.1016/j.still.2019.04.020,Soil nutrients,Cover crop type,The soil total nitrogen was greater with legumes than with nonlegumes or mixed cover crops.,Cover crop management; Cover crop residue management,Incorporation of cover crop residue into the soil increased soil total nitrogen compared to residue removal.,NA,NA,NA,NA,NA,NA,NA,NA,NA,NA,NA,NA
Crop residue management; No tillage and reduced tillage,10.1016/j.still.2019.06.009,Soil physico-chemical quality,Time since treatment; Duration of treatment,"Residue retention heightened the decrease in bulk density as the study duration increased (p=0.001). The effect size of penetration resistance increased as the experimental duration increased (p=0.005). However, caution is needed in interpreting these results where CI were larger caused by small-size dataset (sample sizes <=5).; The effect size of MWD and WSA increased under NT with the increasing experimental duration. The effect size of Available water capacity increased under Reduced Tillage and No Tillage practices with the increasing experimental duration. The effect size of soil pH decreased under Reduced Tillage and No Tillage treatments with the increasing experiment duration. The effect size of bulk density significantly decreased with the increasing experimental duration under NT and NTS practices.",NA,NA,NA,NA,NA,NA,NA,NA,NA,NA,NA,NA,NA,NA
Crop residue management,10.1016/j.still.2019.06.009,Soil water retention,NA,NA,NA,NA,NA,NA,NA,NA,NA,NA,NA,NA,NA,NA,NA,NA
Cover and catch crops,10.1016/j.still.2020.104575,Crop yield,NA,NA,NA,NA,NA,NA,NA,NA,NA,NA,NA,NA,NA,NA,NA,NA
Cover and catch crops,10.1016/j.still.2020.104575,GHG emissions,NA,NA,NA,NA,NA,NA,NA,NA,NA,NA,NA,NA,NA,NA,NA,NA
Cover and catch crops,10.1016/j.still.2020.104575,Nutrient leaching and run-off,NA,NA,NA,NA,NA,NA,NA,NA,NA,NA,NA,NA,NA,NA,NA,NA
Cover and catch crops,10.1016/j.still.2020.104575,Pests and diseases,NA,NA,NA,NA,NA,NA,NA,NA,NA,NA,NA,NA,NA,NA,NA,NA
Cover and catch crops,10.1016/j.still.2020.104575,Soil biological quality,NA,NA,NA,NA,NA,NA,NA,NA,NA,NA,NA,NA,NA,NA,NA,NA
Cover and catch crops,10.1016/j.still.2020.104575,Soil erosion,NA,NA,NA,NA,NA,NA,NA,NA,NA,NA,NA,NA,NA,NA,NA,NA
Cover and catch crops,10.1016/j.still.2020.104575,Soil nutrients,NA,NA,NA,NA,NA,NA,NA,NA,NA,NA,NA,NA,NA,NA,NA,NA
Cover and catch crops,10.1016/j.still.2020.104575,Soil physico-chemical quality,NA,NA,NA,NA,NA,NA,NA,NA,NA,NA,NA,NA,NA,NA,NA,NA
Cover and catch crops,10.1016/j.still.2020.104575,Soil water retention,NA,NA,NA,NA,NA,NA,NA,NA,NA,NA,NA,NA,NA,NA,NA,NA
Mulching,10.1016/j.still.2020.104676,Crop yield,Crop type,"DF compared to PF mulching has a positive effect for potatos but a negative effect on wheat, maize, and cotton.",NA,NA,NA,NA,NA,NA,NA,NA,NA,NA,NA,NA,NA,NA
Mulching,10.1016/j.still.2020.104676,Water use,Crop type,"DF compared to PM has negative effect for maize, while it has no effect for wheat, potato, cotton.
DF compared to NM has no effect for potato, while it has positive effect for wheat, maize, cotton.",NA,NA,NA,NA,NA,NA,NA,NA,NA,NA,NA,NA,NA,NA
No tillage and reduced tillage,10.1016/j.still.2020.104721,Soil biological quality,Time,Increase,Nitrogen application,Medium level increases diversity,NA,NA,NA,NA,NA,NA,NA,NA,NA,NA,NA,NA
Soil amendment with biochar,10.1016/j.still.2020.104926,Soil physico-chemical quality,Biochar pH,"The highest increase was observed when the biochar pH did not exceed 8. However, the increase in soil aggregation did not vary significantly from higher biochar pH (8–10) and (> 10) by 18.4 % and 18.8 %.",Biochar application rate,Biochar application increased soil aggregation by an average of 9.54–23.4% when the rate of biochar used across studies ranged from < 20 t ha−1 group to > 40 t ha−1 group. The result of regression analysis also demonstrated that there was a linear increase in soil aggregation with an increase in the amount of biochar used (P < 0.0001).,Soil type,There was no significant difference in the increase in soil aggregation with biochar addition between paddy soil (14.8 %) and upland soil (15.2 %) .,Duration of treatment,"Soil aggregation was very significantly increased by 14.3 % and 20.3 % respectively in the medium (1−3 years) and long (> 3 years) duration of field experiments. The increase was, however, insignificant in the short-term experiments (less than one year). In addition, a significantly positive correlation between field duration and the response ratios (lnRs) of soil aggregation to biochar application also suggests that long-term biochar application can contribute to aggregate stability in a great effect.",Metric type,The increase in wet aggregate stability (18.2 %) with biochar addition was significantly different from that in dry aggregate stability (4.05 %),Soil pH,"Soil aggregation gradually increase with the increase of soil pH after biochar application up to neutral soil. The highest response was observed in neutral (pH: 6–8) soil with biochar amendment on soil aggregation by 26.1 %. While the higher soil pH, especially in calcareous soil (pH > 8), had less improvement on soil aggregation by 8.54 %.",Soil organic carbon,Higher amount of initial SOC (> 20 g kg−1) plays a decisive role in aggregation by 25.6 %,NA,NA
Mulching,10.1016/j.still.2020.104930,Crop yield,Soil texture,PM could promote root growth and increase yield in clay soil better than in other soil textures.,NA,NA,NA,NA,NA,NA,NA,NA,NA,NA,NA,NA,NA,NA
Mulching,10.1016/j.still.2020.104930,Water use,NA,NA,NA,NA,NA,NA,NA,NA,NA,NA,NA,NA,NA,NA,NA,NA
No tillage and reduced tillage,10.1016/j.still.2021.104939,Carbon sequestration,Time,Increase,NA,NA,NA,NA,NA,NA,NA,NA,NA,NA,NA,NA,NA,NA
No tillage and reduced tillage,10.1016/j.still.2021.105042,GHG emissions,NA,NA,NA,NA,NA,NA,NA,NA,NA,NA,NA,NA,NA,NA,NA,NA
Crop residue management; No tillage and reduced tillage,10.1016/j.still.2021.105142,Air pollutants emissions,NA,NA,NA,NA,NA,NA,NA,NA,NA,NA,NA,NA,NA,NA,NA,NA
Crop residue management; No tillage and reduced tillage,10.1016/j.still.2021.105142,GHG emissions,NA,NA,NA,NA,NA,NA,NA,NA,NA,NA,NA,NA,NA,NA,NA,NA
Mulching,10.1016/j.still.2022.105392,Crop yield,Geographical area,"Yield increased the most in Spain (49.1%; 95% CI: 39.3–60.6%), followed by Turkey (33.5%), China (16.6%), Ethiopia (14.4%), the United States (9.4%; not significant), and India (9.6%). FMDI played a significant positive role in increasing yield in Northeast (14.5%), Northwest (20.5%), and Central China (12.2%) relative to NMDI. In East China, FMDI did not significantly increase CY (0.2%; not significant).",Climate,"At rainfall ≤ 400 mm, FMDI significantly increased CY (16.2%) relative to NMDI. Areas with rainfall > 400 mm had smaller increases in CY (15.4%) than areas with RF ≤ 400 mm.",Soil type,Not signifcant in clay soils.,Water consumption,"The effect size for crop yield under FMDI ranged from 7.7% to 22.6%, generally decreasing with increasing water consumption.",Crop type,"Eggplant had the greatest increase in crop yield (37.6%), followed by chili (31.4%), seed corn (31.1%), cucumber (29.9%), potato (26.2%), corn (17.5%), cotton (17.3%), tomato (15.8%), soybean (13.3%), and cherry (1.7%). However, FMDI decreased CY (27.8%)",NA,NA,NA,NA,NA,NA
Mulching,10.1016/j.still.2022.105392,Water use,Geographical area,"FMDI played a significant positive role in increasing yield in Northeast (40.5%), Northwest (33.3%), and Central China (13.5%) relative to NMDI. In East China, FMDI did not significantlybdecreased WUE (0.2%; not significant).",Climate,"At annual rainfall ≤ 400 mm, FMDI significantly increased WUE (34.2%) relative to NMDI. Areas with rainfall> 400 mm had smaller increases in WUE (24.6%) than areas with rainfall≤ 400 mm.",Soil type,"FMDI decreased WUE by 17.8% relative to NMDI for clay-grown plants. FMDI increased WUE by 28.4%, 16.7%, and 27.7% in plants grown in silt-loam, loam, and sandy-loam soils, respectively.",Soil texture,"The coarser the soil texture, the greater the effect size of WUE with increasing bulk density. Especially for the clay, the increasing effect size of WUE was not apparent when the bulk density increased (–9.6% g–1·cm3).",Water consumption,"The effect size for WUE significantly differed among the water consumption treatments (P < 0.01). For example, at 0–100 mm consumption, FMDI produced 100.9% higher WUE than NMDI. At 200–400 mm consumption, FMDI decreased the effect size increase for WUE by 15.4–19.1%. At 400–500 mm consumption, not significant effect.",Crop type,"FDMI increased WUE in all crop types studied, excepted for wolfberry where the impact was negative.",NA,NA,NA,NA
Crop residue management,10.1016/j.still.2022.105527,Carbon sequestration,NA,NA,NA,NA,NA,NA,NA,NA,NA,NA,NA,NA,NA,NA,NA,NA
Crop residue management,10.1016/j.still.2022.105527,Soil nutrients,NA,NA,NA,NA,NA,NA,NA,NA,NA,NA,NA,NA,NA,NA,NA,NA
Livestock feeding techniques,10.1016/j.tvjl.2021.105659,Animal production,Dose,Inclusions of EO from 50100 and 400500 mg/kg of DM in diet increased the DMI of the animals (WMD = 0.42; P < 0.0001 and WMD = 0.70 kg/d; P < 0.0001).,NA,NA,NA,NA,NA,NA,NA,NA,NA,NA,NA,NA,NA,NA
Livestock feeding techniques,10.1016/j.tvjl.2021.105659,GHG emissions,NA,NA,NA,NA,NA,NA,NA,NA,NA,NA,NA,NA,NA,NA,NA,NA
Livestock feeding techniques,10.1016/j.vas.2021.100214,GHG emissions,Animal type,"The effect of tannins was most evident in heifers with an effect size of −1.3 compared to dairy cows (ES = −0.06), beef cattle (ES = 0.02) and sheep (ES = −0.32).",Source of additive,Leucaena leucocephala and the combination of Samanea saman + Pennisetum purpureum showed the greatest mitigation effects of CH4 according to the meta-regression analysis.,Dose,"Negative relationship was observed between the level of inclusion of tannins and CH4 emission (−0.09), by increasing the dose of tannins, the difference between control and treatment increases, although in a negative direction",Type of experiment,The effect size of in vitro studies was lower (−0.51; 95% CI −0.76 – −0.26) compared with in vivo studies (−0.86; 95% CI −1.35 – −0.38),Source of additive,"Highest mitigation response was observed in Flemingia macrophylla (−2.21; 95% CI −3.53 – −0.89) followed by Samanea saman (−2.02; 95% CI −3.17 – −0.86) and Leucaena leucocephala (−1.46; 95% CI −1.95 – −0.97). The studies that supplemented Schinopsis lorentzii showed a higher effect size (−3.31; 95% CI −6.88 – −0.26), however the confidence intervals were wide and included zero value.",NA,NA,NA,NA,NA,NA
Manure storage techniques,10.1016/j.wasman.2019.03.054,Air pollutants emissions,NA,NA,NA,NA,NA,NA,NA,NA,NA,NA,NA,NA,NA,NA,NA,NA
Manure storage techniques,10.1016/j.wasman.2019.03.054,GHG emissions,NA,NA,NA,NA,NA,NA,NA,NA,NA,NA,NA,NA,NA,NA,NA,NA
Livestock feeding techniques; Manure land application techniques; Manure processing techniques; Manure storage techniques; Livestock housing techniques,10.1016/j.wasman.2019.05.019,Air pollutants emissions,Manure characteristics,The higher TN content or lower C/N ratio of the initial manure both indicated higher ammonia mitigation efficiency (1% increase in initial chicken manure TN increased the ammonia mitigation efficiency by 7.07%; 1% decrease of C/N ratio of the initial chicken manure increased the ammonia mitigation efficiency by 4.37%); The higher TN content or lower C/N ratio of the initial manure both indicated higher NH3 mitigation efficiency (1% increase in initial chicken manure TN increased the NH3 mitigation efficiency by 7.07%; 1% decrease of C/N ratio of the initial chicken manure increased the NH3 mitigation efficiency by 4.37%),NA,NA,NA,NA,NA,NA,NA,NA,NA,NA,NA,NA,NA,NA
Livestock feeding techniques,10.1016/j.wasman.2019.05.019,Nutrient excretion,NA,NA,NA,NA,NA,NA,NA,NA,NA,NA,NA,NA,NA,NA,NA,NA
No tillage and reduced tillage,10.1017/S0021859614001002,Carbon sequestration,Soil depth,C sequestration under zero tillage increased with soil depth,Time since treatment,"The C sequestration capabilities increased considerably with an increase in duration of zero tillage, with the increment more evident under tropical conditions",NA,NA,NA,NA,NA,NA,NA,NA,NA,NA,NA,NA
No tillage and reduced tillage,10.1017/S0021859614001002,Crop yield,NA,NA,NA,NA,NA,NA,NA,NA,NA,NA,NA,NA,NA,NA,NA,NA
No tillage and reduced tillage,10.1017/S0021859614001002,GHG emissions,NA,NA,NA,NA,NA,NA,NA,NA,NA,NA,NA,NA,NA,NA,NA,NA
Pesticides reduction strategies,10.1017/wsc.2018.25,Crop yield,NA,NA,NA,NA,NA,NA,NA,NA,NA,NA,NA,NA,NA,NA,NA,NA
Pesticides reduction strategies,10.1017/wsc.2018.25,Pests and diseases,NA,NA,NA,NA,NA,NA,NA,NA,NA,NA,NA,NA,NA,NA,NA,NA
Pesticides reduction strategies,10.1017/wsc.2018.6,Crop yield,NA,NA,NA,NA,NA,NA,NA,NA,NA,NA,NA,NA,NA,NA,NA,NA
Pesticides reduction strategies,10.1017/wsc.2018.6,Pests and diseases,Time after plantation,"In perennials, herbicide integrated did not perform better than herbicide used alone in short term (< 1 year after application).",NA,NA,NA,NA,NA,NA,NA,NA,NA,NA,NA,NA,NA,NA
Grassland conservation and restoration,10.1021/acs.est.0c08514,Nutrient leaching and run-off,NA,NA,NA,NA,NA,NA,NA,NA,NA,NA,NA,NA,NA,NA,NA,NA
Manure processing techniques,10.1021/acs.est.5b00018,GHG emissions,NA,NA,NA,NA,NA,NA,NA,NA,NA,NA,NA,NA,NA,NA,NA,NA
Manure processing techniques,10.1021/acs.est.5b00018,Global warming potential (LCA),NA,NA,NA,NA,NA,NA,NA,NA,NA,NA,NA,NA,NA,NA,NA,NA
Manure land application techniques; Manure processing techniques; Manure storage techniques; Livestock housing techniques,10.1021/acs.est.6b06430,Air pollutants emissions,NA,NA,NA,NA,NA,NA,NA,NA,NA,NA,NA,NA,NA,NA,NA,NA
Manure land application techniques; Manure processing techniques; Manure storage techniques; Livestock housing techniques,10.1021/acs.est.6b06430,GHG emissions,NA,NA,NA,NA,NA,NA,NA,NA,NA,NA,NA,NA,NA,NA,NA,NA
Livestock feeding techniques; Manure land application techniques; Manure storage techniques; Livestock housing techniques,10.1021/acs.est.8b02475,Air pollutants emissions,NA,NA,NA,NA,NA,NA,NA,NA,NA,NA,NA,NA,NA,NA,NA,NA
Livestock feeding techniques; Manure land application techniques; Manure storage techniques,10.1021/acs.est.8b02475,GHG emissions,NA,NA,NA,NA,NA,NA,NA,NA,NA,NA,NA,NA,NA,NA,NA,NA
Crop rotation; Leguminous crops; Enhanced efficiency fertilisers,10.1021/es4055324,GHG emissions,N application rates,"For 4 out of 17 side-by-side comparisons included in this meta-analysis (two out of five studies), a N-credit from the soybean crop was taken into account, and N-rates were higher for the continuous corn systems compared to the corn years of the corn-soybean rotations. The N-rate was fixed for the other side-by-side comparisons.; For 4 out of 17 side-by-side comparisons included in this meta-analysis (two out of five studies), a N-credit from the soybean crop was taken into account, and N-rates were higher for the continuous Maize systems compared to the Maize years of the Maize-soybean rotations. The N-rate was fixed for the other side-by-side comparisons.",NA,NA,NA,NA,NA,NA,NA,NA,NA,NA,NA,NA,NA,NA
Organic farming systems,10.1038/nature11069,Crop yield,Nitrogen input,Amount of nitrogen input received,Water management,"Water relations also influence organic yield ratios—organic performance is 235% under irrigated conditions, but only 217% under rainfed conditions.",Type of crop,"Legumes and perennials (and fruits and oilseed crops) show statistically insignificant organic-to-conventional yield differences. However, this is owing to the large uncertainty range resulting from their relatively small sample size.",Soil pH,"Organic crops perform better on weak-acidic to weak-alkaline soils (that is, soils with a pH between 5.5. and 8.0,",Best practices,Studies that reported having applied best management practices in both systems show better organic performance.,NA,NA,NA,NA,NA,NA
No tillage and reduced tillage; Conservation agriculture systems,10.1038/nature13809,Crop yield,Climate,"The analysis shows a yield benefit with no-till in combination with the other two conservation agriculture principles in dry climates (no effect for no till applied with either residues retention or crop rotation). For other treatments or in humid conditions, no-till effect on yield was negative.",Time since treatment,"Short-term decreases in crop productivity, but the application of all three principles minizes it compared to the application of one principle.",NA,NA,NA,NA,NA,NA,NA,NA,NA,NA,NA,NA
Green manure; No tillage and reduced tillage; Organic farming systems,10.1038/s41467-018-05956-1,Crop yield,Cropping system; Fertilisation regime,"Crop rotation and residue management in no-tillage had, compared to conventional tillage, no effect on absolute and relative stability. However, without crop rotation and residue management,no-tillage had a 23%reduced relative stability compared to conventional tillage. This result has to be interpreted carefully, as the group where none of the principles of conservation agriculture was followed, was only based on 15 observations (11 studies).; Use of green manure and enhanced organic fertilisation reduce the stability gap between organic and conventional agriculture.",Crop residue management,"Crop rotation and residue management in no-tillage had, compared to conventional tillage, no effect on absolute and relative stability. However, without crop rotation and residue management,no-tillage had a 23%reduced relative stability compared to conventional tillage. This result has to be interpreted carefully, as the group where none of the principles of conservation agriculture was followed, was only based on 15 observations (11 studies).",Climate,"There was no difference in absolute stability between dry and humid climate and also no difference in relative stability in dry conditions. In contrast, no-tillage systems in humid climate had a reduced yield and yield stability compared to dry climate.",NA,NA,NA,NA,NA,NA,NA,NA,NA,NA
Grassland management,10.1038/s41467-019-09258-y,Soil biological quality,NA,NA,NA,NA,NA,NA,NA,NA,NA,NA,NA,NA,NA,NA,NA,NA
Leguminous crops,10.1038/s41467-022-32464-0,Crop yield,Fertilisation rate,"The legume pre-crop effect was negatively correlated with the N fertilizer rate of the main crop, as the yield advantage decreased by 7% for each 50 kg N ha–1 added",Crop diversity,"Increasing crop diversity by 1-unit led to a 3.5% decrease in yield advantages of legume pre-crops. This means, for example, that the addition of one species (or functional group) in the cropping sequence will reduce the main crop yield gain from a previous legume by 3.5% on average. This reduced yield advantage with increased initial crop diversity was significant for wheat, maize, rice, barley, and rapeseed after legume pre-crop, but not significant for sorghum, millet, cotton, and potato",Monocrop yield,"Greater legume pre-crop effects were observed at low yield levels and low N inputs. The legume pre-crop effect became negligible beyond the average yield, suggesting that legume inclusion has limited benefits for the high-yielding cropping system.",NA,NA,NA,NA,NA,NA,NA,NA,NA,NA
Intercropping,10.1038/s41477-020-0680-9,Crop yield,NA,NA,NA,NA,NA,NA,NA,NA,NA,NA,NA,NA,NA,NA,NA,NA
Intercropping,10.1038/s41477-020-0680-9,Cropping system productivity,Crop/cultivar combinations,"The  yield gains was 2.1 ± 0.1 Mg ha−1 in intercrops with maize, approximately four times as high as in intercrops without maize (0.5 ± 0.1 Mg ha−1). The yield gains due to intercropping  increased with the temporal niche differentiation of the intercrops (i.e. the proportion of the total growing period of the crop mixture during which species grow alone) both with and without maize. The average LER of intercrops with maize (1.29 ± 0.02) was significantly greater than the average LER of intercrops without maize (1.16 ± 0.02).",Fertiliser application,High nutrient inputs increased yield gain only in intercrops with maize,Crop spatial arrangement,"Yield gains were significantly greater in strip and alternate-row intercrops (1.5 ± 0.1 and 1.4 ± 0.1 Mg ha−1,respectively) than in fully mixed intercrops (1.0 ± 0.2 Mg ha−1).",NA,NA,NA,NA,NA,NA,NA,NA,NA,NA
Intercropping,10.1038/s41477-020-0680-9,Plant nutrient uptake,Crop/cultivar combinations,Intercrops with maize save more N and P fertilizer compared with sole crops than do intercrops without maize.,NA,NA,NA,NA,NA,NA,NA,NA,NA,NA,NA,NA,NA,NA
Peatland conservation and restoration,10.1038/s41558-021-01059-w,GHG emissions,NA,NA,NA,NA,NA,NA,NA,NA,NA,NA,NA,NA,NA,NA,NA,NA
Grassland management,10.1038/s41598-017-01728-x,Grassland production,N application rate,"The results showed that the response ratios of AGB exhibited a quadratic function that changed with N addition rate (p < 0.001). From low to high N addition, the four N gradients significantly increased the AGB by an average of 16%, 29%, 30%, and 44% (all p < 0.05)",Climate,"The response ratios of AGB had weak correlations with mean annual precipitation (MAP) or mean annual temperature (MAT) following N addition, but AGB changed significantly under their different groups. For example the increase was stronger when the MAP was 300–600 mm (36%) than when the MAP was ≥600 mm (24%) or ≤300 mm (14%) (p = 0.001) and decreased as the MAT increased (p = 0.001).",NA,NA,NA,NA,NA,NA,NA,NA,NA,NA,NA,NA
Grassland management,10.1038/s41598-017-01728-x,Soil nutrients,N application rate,"N addition increased the soil available N concentrations by an average of 115%. When the data were subdivided based on N addition rates, N addition increased the soil available N concentrations by 58%, 121%, 103%, and 180%, respectively, in the treatments with different N addition rates (in increasing order).",Climate,"When the data were subdivided by the mean annual precipitation (MAP) and mean annual temperature (MAT) gradients, all of the indexes had significant effects on the soil available N concentrations, but no significant differences were observed among their subgroups (all p > 0.05).",NA,NA,NA,NA,NA,NA,NA,NA,NA,NA,NA,NA
Grassland management,10.1038/s41598-017-01728-x,Soil water retention,Duration of treatment,The effect of N addition was significantly larger in studies with durations ≥3 years (−1%) than in studies with durations <3 years (−6%) (p = 0.03).,NA,NA,NA,NA,NA,NA,NA,NA,NA,NA,NA,NA,NA,NA
No tillage and reduced tillage,10.1038/s41598-017-09742-9,Crop yield,Aridity,"The yield of RT/ZT-DSR(dry) in the dry season was 5.3% higher compared with a decrease of 4.5% in the wet season. However, the yield of RT-UPTPR(wet), which had losses in both seasons, showed a contrasting trend, with higher (-19.1%) yield loss in the dry season than in the wet season (-9.7%)",Soil texture,"Overall, the global analysis suggested that yield loss in reduced or no tillage in DSR could be less in fine clayey and moderately fine to medium loamy groups of soils where either an increase in grain yield [in RT-DSR(dry) in fine clayey soil] was estimated or the yield remained similar. On the other hand, relatively coarser textured soils might not be favorable with reduced- or no-tilled DSR, in which significant yield losses could be expected.",NA,NA,NA,NA,NA,NA,NA,NA,NA,NA,NA,NA
No tillage and reduced tillage,10.1038/s41598-017-09742-9,GHG emissions,NA,NA,NA,NA,NA,NA,NA,NA,NA,NA,NA,NA,NA,NA,NA,NA
No tillage and reduced tillage,10.1038/s41598-017-09742-9,Water use,NA,NA,NA,NA,NA,NA,NA,NA,NA,NA,NA,NA,NA,NA,NA,NA
Water-saving irrigation practices in non-flooded lands,10.1038/s41598-018-32964-4,Crop yield,NA,NA,NA,NA,NA,NA,NA,NA,NA,NA,NA,NA,NA,NA,NA,NA
Water-saving irrigation practices in non-flooded lands,10.1038/s41598-018-32964-4,Water use,NA,NA,NA,NA,NA,NA,NA,NA,NA,NA,NA,NA,NA,NA,NA,NA
Leguminous crops; Grassland management,10.1038/s41598-020-74736-z,Grassland production,Crop type,"Systems that included legumes responded more strongly to P fertilisation than systems without legumes. On average, P fertiliser increased yield in grass/legume systems by 54%, but only by 25% in grassland systems without legumes.",P fertiliser application rate,"Yield responses to P additions increased with P application rates: rates below 25 kg P ha−1 increased yields by 40% on average, whereas applying over 100 kg P ha−1 increased grass yield by 65%. An exception to this pattern were grasslands fertilised with 25–50 kg P ha−1, which responded to a lesser extent than those in other categories.",Climate,P application increased grassland yields in tropical regions (i.e. latitudes ≤ 35°) significantly more strongly than in temperate grasslands.,Soil Olsen P levels,"Grasslands on soils with low soil P values (≤ 5 mg P kg−1) responded strongest to P fertilisation with a yield increase of 110% on average. Conversely, P additions to soils with soil P values > 5 mg P kg−1 increased yields by 7–25%. Although yield response decreased dramatically with increasing soil P values, the responses at relatively high soil P values (10–25 and > 25 mg P kg−1) were still statistically significant.",NA,NA,NA,NA,NA,NA,NA,NA
Water-saving irrigation practices in non-flooded lands,10.1038/s41598-021-01433-w,Crop yield,Soil texture,"Soil texture affected the yield significantly only under the least irrigation class (< 35%FI), wherein sandy clay and loam recorded the highest (82.1%) and the lowest (26.9%) yield decline, respectively.",Climate,Temperate climate was overall the most advantageous with the least yield penalty (21.9%) and the highest WP gain (21.78%) across various DI levels.,Irrigation volume,"Moving from the highest (> 80% Full Irrigation) to the lowest (< 35%FI) irrigation level, the overall yield decline was 6.9 to 51.1% compared to FI, respectively.",NA,NA,NA,NA,NA,NA,NA,NA,NA,NA
Water-saving irrigation practices in non-flooded lands,10.1038/s41598-021-01433-w,Water use,Climate,Temperate climate was overall the most advantageous with the least yield penalty (21.9%) and the highest WP gain (21.78%) across various DI levels.,Climate,Temperate climate was overall the most advantageous with the least yield penalty (21.9%) and the highest WP gain (21.78%) across various DI levels.,NA,NA,NA,NA,NA,NA,NA,NA,NA,NA,NA,NA
Crop residue management,10.1038/s41598-021-82739-7,Carbon sequestration,NA,NA,NA,NA,NA,NA,NA,NA,NA,NA,NA,NA,NA,NA,NA,NA
Water-saving irrigation practices in flooded lands,10.1038/s41598-022-24055-2,Crop yield,NA,NA,NA,NA,NA,NA,NA,NA,NA,NA,NA,NA,NA,NA,NA,NA
Water-saving irrigation practices in flooded lands,10.1038/s41598-022-24055-2,Water use,NA,NA,NA,NA,NA,NA,NA,NA,NA,NA,NA,NA,NA,NA,NA,NA
Organic farming systems,10.1038/s41893-018-0102-4,Pests and diseases,Study type,Studies conducted in experimental plots reveal higher level of pest infestation in organic farming more frequently than studies performed in real commercial farms.,Crop type,"Organic farming practices in perennial cropping systems lead to efficient control of overall pest infestations, which is obviously not necessarily the case in annual cropping systems.",NA,NA,NA,NA,NA,NA,NA,NA,NA,NA,NA,NA
Grassland management,10.1038/s41893-020-00641-y,Soil nutrients,NA,NA,NA,NA,NA,NA,NA,NA,NA,NA,NA,NA,NA,NA,NA,NA
Conservation agriculture systems,10.1038/s41893-020-0500-2,Crop yield,Experiment type,Segregating on-station and on-farm studies revealed higher CA responses in the former than in the latter.,Crop type,Analysis based on cropping system revealed that the maize–wheat system had the highest grain yield increase,NA,NA,NA,NA,NA,NA,NA,NA,NA,NA,NA,NA
Conservation agriculture systems,10.1038/s41893-020-0500-2,GHG emissions,NA,NA,NA,NA,NA,NA,NA,NA,NA,NA,NA,NA,NA,NA,NA,NA
Conservation agriculture systems,10.1038/s41893-020-0500-2,Global warming potential (LCA),NA,NA,NA,NA,NA,NA,NA,NA,NA,NA,NA,NA,NA,NA,NA,NA
Conservation agriculture systems,10.1038/s41893-020-0500-2,Water use,Experiment type,Segregating on-station and on-farm studies revealed higher CA responses in the former than in the latter.,Crop type,In maize–wheat system higher effect than in rice–wheat and  rice–maize.,NA,NA,NA,NA,NA,NA,NA,NA,NA,NA,NA,NA
Conservation agriculture systems,10.1038/s43016-020-0114-x,Crop yield,P fertiliser input,"CA outperformed CT at the lowest phosphorus fertilization rates of 0–20 kg P ha−1 (P < 0.0001) and 20–40 kg P ha−1 (P < 0.05); these effects were significantly (P < 0.05) higher than the effect at 40–60 kg P ha−1, which showed a negative mean CA-to-CT yield ratio.",herbicides application,"The use of herbicides in the CA treatments was a significant covariate (F = 6.22, P < 0.005) explaining the crop yield response to CA compared with CT. With the use of herbicides, CA yields were 4.7% (CI: [3.5, 5.6], P < 0.0001) higher than CT yields; without herbicides, no significant (P > 0.05) yield difference was found.",treatment duration,The results of our analysis support the claim that the crop yield performance of CA systems improves over time,average seasonal rainfall,"The authors found decreasing CA-to-CT yield ratios with increasing rainfall (Fig. 7). CA yields were 12.5% (CI: [4.2, 21.4], P < 0.005), 4.5% (CI: [2.9, 6.1], P < 0.0001) and 3.9% (CI: [2.3, 5.6], P < 0.0001) higher than CT yields at sites with respectively <400 mm, 400–800 mm and 800–1,200 mm of seasonal rainfall. In contrast, at sites with >1,200 mm of seasonal rainfall, yields were significantly lower under CA than CT (−4.3%, CI: [−7.6, −0.8], P < 0.05).",NA,NA,NA,NA,NA,NA,NA,NA
Mulching,10.1038/srep16210,Crop yield,Water consumption,"The mean effect of straw mulching on wheat yields was 20% at low water input level (<250 mm) and 15% at high water input (>250 mm). In contrast, the mean effect of plastic mulching on wheat yields was 15% at low water input and 35% at high water input. For maize the mean effect of straw mulching on maize yield was 20%, independent of water input level. The mean effect of plastic mulching on maize yield was 60% at low water input (<370 mm) and 40% at high water input. Interestingly, the confidence intervals (CI) of the mulching effects on maize yields also decreased with increased water input. For example, the CIs of straw mulching were ±18% at low water input and decreased to ±8% at high water input.",Mineral N fertiliser amount applied,"The mean effect of straw mulching on wheat yield was 25% at low N input (<120 kg N ha−1) and 15% at high N input level. For plastic mulching we observed opposite trends. For maize, the effects of mulching was larger at high input level (>200 kg N ha−1), but CIs were also larger at high N input. The mean effect of plastic mulching was 75% at high N input and 40% at low N input.",Mean annual temperature,"Interestingly, at low temperature (4.9–16.3 °C), the effects of plastic mulching in wheat yields were larger than that of straw mulching; whereas the opposite trend was found at high temperature (16.3–25.5 °C). In maize, the effect of straw mulching was 60% at low temperature (12.7–19.1 °C) and 18% at high temperature (19.1–30.4 °C). The mean effects of plastic mulching in maize yield were around 60% at both low and high temperature.",Soil organic matter,"The mean effect of both straw and plastic mulching in wheat yield was ~20%, irrespective of SOM content. For maize, the mean effect of straw and plastic mulching on yield was ~20 and 60%, respectively, again irrespective of SOM content. Soil organic matter content was mostly less than 2% in our dataset, indicating a relatively dry environment, where water availability and temperature may be dominant factors in determining crop yields. Furthermore, fertilization may also have ‘diluted’ the effects of SOM on mulching.",NA,NA,NA,NA,NA,NA,NA,NA
Mulching,10.1038/srep16210,Plant nutrient uptake,Water consumption,"The mean effects of straw mulching on NUE of wheat were slightly higher at low water input than at high water input. Mean effects of plastic mulching on NUE were lower at low water input than at high water input. For maize, the mean effect of straw mulching on NUE was around 20%, independent of water input level, whereas that of plastic mulching decreased from 60% at low water input level to 40% at high water input level.",Mineral N fertiliser amount applied,"For maize, the mean effect of plastic mulching on NUE was 78% at high N input level and 35% at low N input. The CIs of the mulching effects were larger at high N input level.",NA,NA,NA,NA,NA,NA,NA,NA,NA,NA,NA,NA
Mulching,10.1038/srep16210,Water use,Water consumption,"The mean effect (20%) of straw mulching on WUE of wheat was not affected by water input, but the mean effect of plastic mulching was 15% at low water input and 28% at high water input. For maize, the mean effect (20%) of straw mulching on WUE was also independent of water input level, the mean effect of plastic was 70% at low water input and 40% at high water input. The CIs of the mulching effects on WUE of maize also decreased with increased water input.",Mineral N fertiliser amount applied,"The mean effect of straw mulching on WUE of wheat was slightly larger at low N input (<120 kg N ha−1). In contrast, the mean effect of plastic mulching on WUE of wheat was slightly larger at the high N input level, but the differences between low and high N input were rather small. For maize, the mean effect of plastic mulching on WUE was 81% at high N input and 30% at low N input.",NA,NA,NA,NA,NA,NA,NA,NA,NA,NA,NA,NA
Enhanced efficiency fertilisers,10.1038/srep22075,Air pollutants emissions,NA,NA,NA,NA,NA,NA,NA,NA,NA,NA,NA,NA,NA,NA,NA,NA
Enhanced efficiency fertilisers,10.1038/srep22075,Crop yield,NA,NA,NA,NA,NA,NA,NA,NA,NA,NA,NA,NA,NA,NA,NA,NA
Enhanced efficiency fertilisers,10.1038/srep22075,GHG emissions,NA,NA,NA,NA,NA,NA,NA,NA,NA,NA,NA,NA,NA,NA,NA,NA
Enhanced efficiency fertilisers,10.1038/srep22075,Nutrient leaching and run-off,Fertiliser rate,DCD and DMPP impact on NH4+ leaching was higher when applied fertilizer N rate was high (300 kg/ha or more).,NI type,"DMPP significantly decreased soil DIN leaching under various conditions except when applied with ammonium sulphate nitrate.  DCD was significant under the condition of using organic fertilizers (else, DCD impact was not significant).",NA,NA,NA,NA,NA,NA,NA,NA,NA,NA,NA,NA
Enhanced efficiency fertilisers,10.1038/srep22075,Plant nutrient uptake,NA,NA,NA,NA,NA,NA,NA,NA,NA,NA,NA,NA,NA,NA,NA,NA
Organic fertilisation,10.1038/srep27199,Carbon sequestration,Climate,Stronger impact in warm temperate and in tropical regions; lower impact in cool temperate regions,Duration of treatment,Stronger impact in long duration experiments.,NA,NA,NA,NA,NA,NA,NA,NA,NA,NA,NA,NA
Leguminous crops,10.1038/srep28974,Carbon sequestration,Pedo-climatic zone,"The SOC changes differed with climate zone: it increased significantly in semi-arid and humid areas, with effect values of 0.25 and 0.74, respectively (p < 0.01), but did not change significantly in arid zones and dry sub-humid areas (p > 0.05).",Precipitation,"A significant positive relationship was found between the average percentage change in SOC content and the MAP (R2 = 0.36, p < 0.01) and MAT (R2 = 0.14, p < 0.01). Shrub encroachment increased the SOC content in areas with relatively more precipitation and higher temperatures. The SOC increment was enhanced with the increase in temperature and annual precipitation, and the greatest SOC increment reached nearly 300%.",Temperature,"A significant positive relationship was found between the average percentage change in SOC content and the MAP (R2 = 0.36, p < 0.01) and MAT (R2 = 0.14, p < 0.01). Shrub encroachment increased the SOC content in areas with relatively more precipitation and higher temperatures. The SOC increment was enhanced with the increase in temperature and annual precipitation, and the greatest SOC increment reached nearly 300%.",Soil type,"SOC content increased significantly with shrub encroachment in sandy clay loam, sand, and sandy loam, with effect sizes of 0.61, 0.37, and 0.20, respectively (Table 1). In contrast, SOC significantly decreased with shrub encroachment in silty clay soil, with an effect size of −0.46 (p < 0.05), whereas shrub encroachment SOC was not significantly affected in other soil types.",Soil nitrogen,"The average percentage change in SOC content significantly decreased (a negative power relationship) with increasing soil nitrogen (STN) content (R2 = 0.21, p < 0.01, Fig. 2) but significantly increased with increasing soil bulk density (SBD) (R2 = 0.42, p < 0.01",Soil bulk density,"The average percentage change in SOC content significantly decreased (a negative power relationship) with increasing soil nitrogen (STN) content (R2 = 0.21, p < 0.01, Fig. 2) but significantly increased with increasing soil bulk density (SBD) (R2 = 0.42, p < 0.01",Shrub species,"SOC content was significantly decreased with shrub encroachment induced by the genera Acacia and Chuquiraga, with effect values of −0.41 and −0.49, respectively (p < 0.01, Table 1). In contrast, the SOC content was significantly increased with encroachment induced by the genera Juniperus, Myrica, Prosopis and Quercus, with effect values of 0.34, 1.51, 0.61 and 0.19, respectively (p < 0.01, Table 1), and showed no significant change with the other encroaching shrub genera. Further analysis showed that encroachment by leguminous shrub species increased SOC more than did non-leguminous taxa, with an effect value of 0.32 vs. 0.15 (p < 0.01,",NA,NA
Soil amendment with biochar,10.1039/c8em00278a,GHG emissions,Soil floading,"There was a significant negative effect when taking into account interaction between upland on soil CH4 emission (or positive effect on CH4 uptake) after biochar amendment (dfixed effect estimate = −0.26, 95% credible interval, CI: −0.44 to −0.07",Soil organic carbon,"There was a significant negative effect when taking into account interaction between SOC concentration (10–20 g kg−1) on soil CH4 emission (or positive effect on CH4 uptake) after biochar amendment (dfixed effect estimate = −0.26, 95% credible interval, CI: −0.44 to −0.07",Soil texture,"There was a significant negative effect when taking into account interaction between coarse soil texture on soil CH4 emission (or positive effect on CH4 uptake) after biochar amendment (dfixed effect estimate = −0.26, 95% credible interval, CI: −0.44 to −0.07",NA,NA,NA,NA,NA,NA,NA,NA,NA,NA
Grassland conservation and restoration,10.1046/j.1354-1013.2002.00486.x,Carbon sequestration,Soil sampling depth,"Carbon sequestration after the conversion from crop to pasture varied with soil sampling depth. The deeper the depth, the less the carbon sequestration.",NA,NA,NA,NA,NA,NA,NA,NA,NA,NA,NA,NA,NA,NA
Leguminous crops,10.1071/CP14252,Crop yield,Number of break crops in the sequence,The yield of wheat after two successive break crops was 0.1–0.3 t ha–1 greater than after a single break crop.,NA,NA,NA,NA,NA,NA,NA,NA,NA,NA,NA,NA,NA,NA
Organic farming systems,10.1071/SR21098,Carbon sequestration,NA,NA,NA,NA,NA,NA,NA,NA,NA,NA,NA,NA,NA,NA,NA,NA
Grazing management,10.1073/pnas.1011013108,Biodiversity,NA,NA,NA,NA,NA,NA,NA,NA,NA,NA,NA,NA,NA,NA,NA,NA
Organic farming systems,10.1073/pnas.1209429109,Carbon sequestration,External C input,"Differences in external C inputs, clay concentrations, mean annual precipitation, and mean annual temperature did influence differences in SOC concentrations and stocks.",Clay concentrations in soils,"Differences in external C inputs, clay concentrations, mean annual precipitation, and mean annual temperature did influence differences in SOC concentrations and stocks.",Mean annual temperature,"Differences in external C inputs, clay concentrations, mean annual precipitation, and mean annual temperature did influence differences in SOC concentrations and stocks.",Mean annual precipitation,"Differences in external C inputs, clay concentrations, mean annual precipitation, and mean annual temperature did influence differences in SOC concentrations and stocks.",External C inputs,The sign of the influence of external C inputs is positive.,Crop rotation,"Presence of the same crop rotation in both systems, and land use may also be influential.",External N input,External N inputs and forage legumes in organic systems seem unimportant.,Legume forages,NA
Organic farming systems,10.1073/pnas.1906909117,Biodiversity,Crop field size,Biodiversity gains increased as average crop field size in the landscape increased.,NA,NA,NA,NA,NA,NA,NA,NA,NA,NA,NA,NA,NA,NA
Organic farming systems,10.1073/pnas.1906909117,Crop yield,Negative effect,"Crop field size increased, yield gaps between organic and conventional farms increased and profitability benefits of organic farming decreased.",NA,NA,NA,NA,NA,NA,NA,NA,NA,NA,NA,NA,NA,NA
Organic farming systems,10.1073/pnas.1906909117,Pests and diseases,Crop field size,Biodiversity gains increased as average crop field size in the landscape increased.,NA,NA,NA,NA,NA,NA,NA,NA,NA,NA,NA,NA,NA,NA
Organic farming systems,10.1073/pnas.1906909117,Pollination,Crop field size,Biodiversity gains increased as average crop field size in the landscape increased.,NA,NA,NA,NA,NA,NA,NA,NA,NA,NA,NA,NA,NA,NA
Grassland conservation and restoration,10.1073/pnas.1922266117,Biodiversity,Age of secondary grassland,"Secondary grassland age was weakly, but positively, related to the recovery of plant species richness (P = 0.0001, R2 = 0.041).",NA,NA,NA,NA,NA,NA,NA,NA,NA,NA,NA,NA,NA,NA
Livestock feeding techniques,10.1073/pnas.2111294119,Animal production,NA,NA,NA,NA,NA,NA,NA,NA,NA,NA,NA,NA,NA,NA,NA,NA
Livestock feeding techniques,10.1073/pnas.2111294119,GHG emissions,NA,NA,NA,NA,NA,NA,NA,NA,NA,NA,NA,NA,NA,NA,NA,NA
Livestock housing techniques,10.1080/00071668.2019.1639143,Animal production,Litter material,"Litter material does not affect feed intake, while it affects body weight and feed conversion.",NA,NA,NA,NA,NA,NA,NA,NA,NA,NA,NA,NA,NA,NA
Grassland management,10.1080/00380768.2017.1367627,GHG emissions,Excreta type,"DCD significantly reduced N2O emissions from urine patches by 51% (−55% to −46%), where there were significant decreases for dairy cattle urine (−52%, −56% to −47%) and artificial urine (−53%, −60% to −44%), but not for beef cattle urine (63%, −13% to 261%).",Deposition season,The effect of DCD on N2O emissions during the spring and autumn were significantly larger than those during the summer.,NA,NA,NA,NA,NA,NA,NA,NA,NA,NA,NA,NA
Grassland management; Soil amendment with biochar,10.1080/00380768.2017.1367627,Grassland production,Study type,"The application of DCD significantly increased plant yields in the ""in situ field"" and ""lysimeter field"" study types, whereas no significant effect was found in the greenhouse study type.",Study duration,"The responses of plant yield to DCD application varied with the study duration, where there was a significant increase of >180 days (8%, 5–11%) and a non- significant effect of ≤180 days (−0.3%, −6% to 5%).",Timing of application,Plant yield was significantly higher with immediately after (less than 1 day) application timing compared with together with excreta and after (more than 1 day) excreta application.,NA,NA,NA,NA,NA,NA,NA,NA,NA,NA
Grassland management,10.1080/00380768.2017.1367627,Nutrient leaching and run-off,Deposition season,"When urine was deposited during the autumn or winter, the effect on NO3− leaching was significantly larger compared with that during the spring.",Application rate,"NO3− leaching decreased as the DCD application rate increased, with significantly lower leaching at >30 kg ha−1 compared with those at 5−10 and 10−20 kg ha−1.",Timing of application,"In terms of the timing of DCD application, NO3− leaching was significantly lower when DCD was applied together with excreta application compared with those when DCD was applied immediately after (less than 1 day), after (more than 1 day), and before (less than 10 days) excreta application.",NA,NA,NA,NA,NA,NA,NA,NA,NA,NA
Water-saving irrigation practices in flooded lands,10.1080/00380768.2019.1683890,Crop yield,NA,NA,NA,NA,NA,NA,NA,NA,NA,NA,NA,NA,NA,NA,NA,NA
Water-saving irrigation practices in flooded lands,10.1080/00380768.2019.1683890,GHG emissions,Timing,"In the case that the data for different drainage modes were combined, the mean effects on CH4 emission for different seasons (shown as dry season, i.e. DS all and wet season, i.e. WS all) were calculated to be 0.57 (CIs: 0.49–0.66) and 0.74 (CIs: 0.67–0.82), respectively, which indicated a significant difference between the seasons. For N2O emission, in the case that the data for different drainage modes were combined, the mean effects for different seasons (DS all and WS all) were calculated to be 1.43 (CIs: 1.23–1.67) and 1.02 (CIs: 0.90–1.17), respectively, which indicated a significant difference between the seasons.",NA,NA,NA,NA,NA,NA,NA,NA,NA,NA,NA,NA,NA,NA
Enhanced efficiency fertilisers,10.1080/01904167.2018.1426018,Plant nutrient uptake,NA,NA,NA,NA,NA,NA,NA,NA,NA,NA,NA,NA,NA,NA,NA,NA
Cover and catch crops; Leguminous crops; Mulching,10.1080/03650340.2021.1937607,Carbon sequestration,NA,NA,NA,NA,NA,NA,NA,NA,NA,NA,NA,NA,NA,NA,NA,NA
Cover and catch crops; Leguminous crops; Mulching,10.1080/03650340.2021.1937607,Crop yield,Climate zone; Pedo-climatic zone,"Ground cover significantly increased fruit yield compared with clean tillage treatment when
the climate zone under subtropics (C%: 2.18%) or temperate (C%: 6.98%) and humid zone (C
%: 14.56%)",Fruit tree age,Ground cover significantly increased the fruit yield (C%: 7.71%–11.21%) only when fruit trees were older than 5 years.,NA,NA,NA,NA,NA,NA,NA,NA,NA,NA,NA,NA
Cover and catch crops; Mulching,10.1080/03650340.2021.1937607,Soil nutrients,NA,NA,NA,NA,NA,NA,NA,NA,NA,NA,NA,NA,NA,NA,NA,NA
Cover and catch crops; Leguminous crops,10.1080/03650340.2021.1937607,Soil water retention,NA,NA,NA,NA,NA,NA,NA,NA,NA,NA,NA,NA,NA,NA,NA,NA
Organic farming systems,10.1080/03650340.2021.1946040,Crop yield,Fertilisation,"The response ratio was lower when conventional systems received more nitrogen than organic ones. Conversely, the response ratio tended to increase as organic farming received more nitrogen than the conventional management. In the first case, the average response ratio was 0.65 increasing to 0.85 in the second.",NA,NA,NA,NA,NA,NA,NA,NA,NA,NA,NA,NA,NA,NA
Livestock feeding techniques,10.1080/14735903.2014.936189,Air pollutants emissions,NA,NA,NA,NA,NA,NA,NA,NA,NA,NA,NA,NA,NA,NA,NA,NA
Livestock feeding techniques,10.1080/14735903.2014.936189,GHG emissions,NA,NA,NA,NA,NA,NA,NA,NA,NA,NA,NA,NA,NA,NA,NA,NA
Livestock feeding techniques,10.1080/14735903.2014.936189,Nutrient excretion,NA,NA,NA,NA,NA,NA,NA,NA,NA,NA,NA,NA,NA,NA,NA,NA
Livestock feeding techniques,10.1080/14735903.2014.936189,Odour emissions,NA,NA,NA,NA,NA,NA,NA,NA,NA,NA,NA,NA,NA,NA,NA,NA
Pesticides reduction strategies,10.1080/14735903.2016.1242332,Crop yield,Intercropping,Lower crop yield in IPM with intercropping,NA,NA,NA,NA,NA,NA,NA,NA,NA,NA,NA,NA,NA,NA
Intercropping,10.1080/14735903.2016.1242332,Cropping system productivity,Fertiliser application,Fertilizer application decreased the positive effect of intercropping on gross income,Pesticide use,Pesticide application decreased the positive effect of intercropping on yield and gross income,Tillage,Adoption of minimum or reduced tillage decreased the positive effect of intercropping on yield and gross income,Crop/cultivar combinations,Intercropping plots that contained a leguminous intercrop had lower yield and gross income differences than those that did not.,Herbicide use,Herbicide application increased the positive effect of intercropping on yield and gross income,NA,NA,NA,NA,NA,NA
Pesticides reduction strategies,10.1080/14735903.2016.1242332,Pests and diseases,Type of pest and disease,Stronger positive effect of IPM on weeds compared to pathogens and macro-invertebrate.,NA,NA,NA,NA,NA,NA,NA,NA,NA,NA,NA,NA,NA,NA
No irrigation,10.1080/14735903.2018.1523828,Crop yield,Productivity,There is greater yield increase at low control yield sites than at sites with medium and high control yields.,NA,NA,NA,NA,NA,NA,NA,NA,NA,NA,NA,NA,NA,NA
No irrigation,10.1080/14735903.2018.1523828,Water use,NA,NA,NA,NA,NA,NA,NA,NA,NA,NA,NA,NA,NA,NA,NA,NA
Livestock feeding techniques,10.1080/1828051X.2017.1404945,Animal production,NA,NA,NA,NA,NA,NA,NA,NA,NA,NA,NA,NA,NA,NA,NA,NA
Livestock feeding techniques,10.1080/1828051X.2017.1404945,GHG emissions,NA,NA,NA,NA,NA,NA,NA,NA,NA,NA,NA,NA,NA,NA,NA,NA
Livestock housing techniques,10.1080/1828051X.2018.1532327,Animal production,NA,NA,NA,NA,NA,NA,NA,NA,NA,NA,NA,NA,NA,NA,NA,NA
Grassland management,10.1088/1748-9326/11/2/024012,Plant nutrient uptake,N fertiliser application rate,"With the increase of N addition rate, plant NRE decreased quickly. But, only when N inputs were greater than 6 g m−2 yr−1, the reduction in NRE was statistically significant.",NA,NA,NA,NA,NA,NA,NA,NA,NA,NA,NA,NA,NA,NA
Soil amendment with biochar,10.1088/1748-9326/aa67bd,Crop yield,Soil pH,"The yield stimulation was highest for soils with lower initial soil pH, prior to biochar application, and the effect systematically declined as initial soil pH increased. This pattern was observed for tropical data and not for temperate soils. This suggests that, to a large extent, the yield-stimulating property of biochar derives from an effect of soil liming. The pH of biochars applied in the studies we synthesized was high (median pH = 9.0), consistent with a larger liming effect on the acidic tropical soils (median pH = 5.7) compared to the more neutral temperate soils (median pH = 6.9).",Biochar nutrients content,"In the generally nutrient-poor tropical soils, addition of Nutrient-rich biochars produces more than three times the increase in crop yield than that by addition of nutrients-poor biochars, i.e. 70% vs. 19%. This contrasts with temperate soils where yields show no stimulation following application of either nutrients-poor (−3%) or of nutrients-rich biochars (−1%).",Pedo-climatic zone,"In the tropics, biochar increased yield through liming and fertilization, consistent with the low soil pH, low fertility, and low fertilizer inputs typical of arable tropical soils. We also found that, in tropical soils, high-nutrient biochar inputs stimulated yield substantially more than low-nutrient biochar, further supporting the role of nutrient fertilization in the observed yield stimulation. In contrast, arable soils in temperate regions are moderate in pH, higher in fertility, and generally receive higher fertilizer inputs, leaving little room for additional benefits from biochar",NA,NA,NA,NA,NA,NA,NA,NA,NA,NA
Organic farming systems,10.1088/1748-9326/aa6cd5,Acidification (LCA),NA,NA,NA,NA,NA,NA,NA,NA,NA,NA,NA,NA,NA,NA,NA,NA
Livestock feeding techniques; Organic farming systems,10.1088/1748-9326/aa6cd5,Energy use (LCA),NA,NA,NA,NA,NA,NA,NA,NA,NA,NA,NA,NA,NA,NA,NA,NA
Livestock feeding techniques; Organic farming systems,10.1088/1748-9326/aa6cd5,Eutrophication (LCA),NA,NA,NA,NA,NA,NA,NA,NA,NA,NA,NA,NA,NA,NA,NA,NA
Livestock feeding techniques; Organic farming systems,10.1088/1748-9326/aa6cd5,Global warming potential (LCA),NA,NA,NA,NA,NA,NA,NA,NA,NA,NA,NA,NA,NA,NA,NA,NA
Livestock feeding techniques; Organic farming systems,10.1088/1748-9326/aa6cd5,Land use (LCA),NA,NA,NA,NA,NA,NA,NA,NA,NA,NA,NA,NA,NA,NA,NA,NA
Agroforestry practices and systems,10.1088/1748-9326/aaeb5f,Carbon sequestration,pedo-climate,NA,tree density,NA,NA,NA,NA,NA,NA,NA,NA,NA,NA,NA,NA,NA
Water-saving irrigation practices in flooded lands,10.1088/1748-9326/ab2108,Carbon sequestration,Mean annual precipitation,"Mean annual precipitation was found to have a significant positive effect on SOC response ratios (p < 0.05), with R2 = 0.5.",NA,NA,NA,NA,NA,NA,NA,NA,NA,NA,NA,NA,NA,NA
Water-saving irrigation practices in flooded lands,10.1088/1748-9326/ab2108,GHG emissions,NA,NA,NA,NA,NA,NA,NA,NA,NA,NA,NA,NA,NA,NA,NA,NA
Water-saving irrigation practices in flooded lands,10.1088/1748-9326/ab2108,Soil nutrients,NA,NA,NA,NA,NA,NA,NA,NA,NA,NA,NA,NA,NA,NA,NA,NA
Grazing management,10.1088/1748-9326/ab4932,Biodiversity,NA,NA,NA,NA,NA,NA,NA,NA,NA,NA,NA,NA,NA,NA,NA,NA
Grazing management,10.1088/1748-9326/ab4932,Soil biological quality,NA,NA,NA,NA,NA,NA,NA,NA,NA,NA,NA,NA,NA,NA,NA,NA
Grassland management,10.1088/1748-9326/abaf88,Carbon sequestration,Grass plant species richness,"With increasing species richness in plant mixtures, the response ratio soil organic carbon significantly increased.",Duration of treatment,The response ratio of soil organic carbon increased linearly with experimental duration.,Interaction between grass plant species richness and experimental duration,The effects of plant mixtures on carbon attributes differed with varying experimental duration. The increase of soil organic carbon with species richness became more pronounced given longer experimental duration.,NA,NA,NA,NA,NA,NA,NA,NA,NA,NA
Grassland management,10.1088/1748-9326/abaf88,Grassland production,Grass plant species richness,"With increasing species richness in plant mixtures, the response ratio of aboveground, belowgouwnd and total biomass, significantly increased.",Duration of treatment,"The response ratio of aboveground biomass, belowground biomass, and total biomass, increased linearly with experimental duration.",Interaction between grass plant species richness and experimental duration,"The effects of plant mixtures on carbon attributes differed with varying experimental duration. The increase of aboveground biomass, belowground biomass and total biomass with species richness became more pronounced given longer experimental duration.",NA,NA,NA,NA,NA,NA,NA,NA,NA,NA
Livestock feeding techniques,10.1088/1755-1315/788/1/012028,Animal production,NA,NA,NA,NA,NA,NA,NA,NA,NA,NA,NA,NA,NA,NA,NA,NA
Livestock feeding techniques,10.1088/1755-1315/788/1/012028,GHG emissions,NA,NA,NA,NA,NA,NA,NA,NA,NA,NA,NA,NA,NA,NA,NA,NA
Livestock feeding techniques,10.1088/1755-1315/902/1/012023,GHG emissions,Dose,"The increase of the nitrate doses have decreased significantly the total gas production, methane production. As the nitrate doses increases, the total gas production decreases (PL<0.05).",Form in the diet,The lowest methane production was obtained as a result of adding the nitrate in a salt form compared to nitrate individually (NO-3).,NA,NA,NA,NA,NA,NA,NA,NA,NA,NA,NA,NA
Intercropping,10.1093/jxb/ert207,Cropping system productivity,NA,NA,NA,NA,NA,NA,NA,NA,NA,NA,NA,NA,NA,NA,NA,NA
Livestock feeding techniques,10.1093/tas/txac028,Animal production,NA,NA,NA,NA,NA,NA,NA,NA,NA,NA,NA,NA,NA,NA,NA,NA
Livestock feeding techniques,10.1093/tas/txac028,GHG emissions,Type of experiment,"More pronounced reduction in CH4 production  (i.e., –19%) in grazing (mean = 368 g/d) versus confinement (mean = 453 g/d; data not shown) when using data from selected studies (n = 4) whereby enteric CH4 production was directly measured.",NA,NA,NA,NA,NA,NA,NA,NA,NA,NA,NA,NA,NA,NA
Organic farming systems,10.1098/rspb.2014.1396,Crop yield,Crop diversification strategies,"Multicropping, crop rotations and the use of cover crops reduce the yield gaps of organic farming.",NA,NA,NA,NA,NA,NA,NA,NA,NA,NA,NA,NA,NA,NA
Grassland management,10.1098/rspb.2020.2063,Carbon sequestration,Grass plant species richness,"The response magnitude of microbial biomass C increased with species richness at low levels of plant diversity, but then decreased (R2 =0.23, p = 0.0004). The response magnitude soil C content (R2 = 0.23, p < 0.0001) increased linearly with the level of species richness.",Duration of treatment,"The response magnitudes of microbial biomass C (R2 = 0.20, p < 0.0001) and soil C content (R2 =0.08, p = 0.03) increased significantly with experimental duration.",NA,NA,NA,NA,NA,NA,NA,NA,NA,NA,NA,NA
Grassland management,10.1098/rspb.2020.2063,Grassland production,Grass plant species richness,"The response magnitude of aboveground biomass increased with species richness at low levels of plant diversity, but then decreased (R2 = 0.26, p < 0.0001). The response magnitude of belowground biomass (R2 =0.11, p = 0.0047) increased linearly with the level of species richness.",Aridity index,"The response magnitude of belowground biomass was affected by aridity index in grasslands (R2 = 0.08, p = 0.02).",Plot area,"The response magnitude of aboveground biomass in grassland decreased with plot area (R2 = 0.05, p = 0.02).",Duration of treatment,"The response magnitudes of aboveground biomass (R2 = 0.29, p < 0.0001) and belowground biomass (R2 = 0.14, p =0.0011) increased significantly with experimental duration.",NA,NA,NA,NA,NA,NA,NA,NA
Grassland management,10.1098/rspb.2020.2063,Soil biological quality,NA,NA,NA,NA,NA,NA,NA,NA,NA,NA,NA,NA,NA,NA,NA,NA
Grassland management,10.1098/rspb.2020.2063,Soil nutrients,NA,NA,NA,NA,NA,NA,NA,NA,NA,NA,NA,NA,NA,NA,NA,NA
Organic farming systems,10.1108/00070700910992925,Carbon sequestration,Plough depth,Increased plough depth drives to a decrease in organic matter content in conventional agriculture.,Organic input,Lower organic input drives to a decrease in organic matter content in conventional agriculture.,Crop residues incorporation,The lower input of stable organic matter by means of organic manure and soil improvers and the decrease of the practice incorporating crop residues during ploughing drive to a decrease in organic matter content in conventional agriculture.,Land use type,The increase of conversion of grassland into arable land drives to a decrease in organic matter content in conventional agriculture.,NA,NA,NA,NA,NA,NA,NA,NA
Organic farming systems,10.1108/00070700910992925,Global warming potential (LCA),NA,NA,NA,NA,NA,NA,NA,NA,NA,NA,NA,NA,NA,NA,NA,NA
Organic farming systems,10.1108/00070700910992925,Land use (LCA),NA,NA,NA,NA,NA,NA,NA,NA,NA,NA,NA,NA,NA,NA,NA,NA
Organic farming systems,10.1108/00070700910992925,Nutrient leaching and run-off,Fertilisation regime,Larger amounts of  fertilizer  application in conventional farming lead to higher nutrients loss.,Crop diversification strategies,Lower  use  of  green  cover  crops in conventional farming leads to higher nutrients loss.,C/N ratio of fertilisers,Lower  C  to  N  ratio in fertilisers of conventional farming leads to higher nitrate leaching.,Livestock density,Higher  stocking density per ha in conventional farming leads to higher nutrients leaching.,NA,NA,NA,NA,NA,NA,NA,NA
Leguminous crops,10.1111/1365-2435.12941,Carbon sequestration,Mean annual precipitation,NA,NA,NA,NA,NA,NA,NA,NA,NA,NA,NA,NA,NA,NA,NA
Leguminous crops,10.1111/1365-2435.12941,Soil nutrients,Mean annual precipitation,NA,NA,NA,NA,NA,NA,NA,NA,NA,NA,NA,NA,NA,NA,NA
Intercropping,10.1111/1365-2435.13062,Pests and diseases,Type of herbivore pest,Crop genetic mixtures reduced damage by generalist herbivores but not for specialits,NA,NA,NA,NA,NA,NA,NA,NA,NA,NA,NA,NA,NA,NA
Organic farming systems,10.1111/1365-2664.12219,Biodiversity,Organism group,"Plants benefited most from organic farming, probably because of restricted herbicide use. Arthropods, birds and microbes also benefited, with varying levels of estimated confidence. Accordingly, most functional groups – herbivores, pollinators, predators and producers – were more diverse in organic farming, with the exception of decomposers.",Proportion of arable land in the surrounding landscape,The proportion of arable fields in the landscape had any significant overall effect. The difference in diversity between organic and conventional farming generally increased with increasing proportion of arable fields.,Crop type,"In cereal fields, which comprised >50% of the studies, organic farming had large effects, significantly higher than in vegetable crops and orchards. The effect size in both vegetable crops and orchards, although positive, did not differ significantly from zero, but this could be due to small sample sizes.",NA,NA,NA,NA,NA,NA,NA,NA,NA,NA
Intercropping; Leguminous crops,10.1111/1365-2664.12334,Crop yield,Crop/cultivar combinations,"When additive studies were split into those with legumes vs. without legumes as secondary vegetation, polycultures with legumes did not show reduced yields, whereas polycultures with non-legumes as secondary crop still reported a significant decrease in yield. Moreover, the negative effect of intercropping was significant only for maize and not for legumes or other crops, even though the trend was still strongly negative for the latters.",NA,NA,NA,NA,NA,NA,NA,NA,NA,NA,NA,NA,NA,NA
Intercropping; Leguminous crops,10.1111/1365-2664.12334,Pests and diseases,Crop/cultivar combinations,"When effect sizes for biocontrol were separated by primary crop type, authors found that maize crops in additive studies and ‘other’ crops (non-maize/non-legume) in both additive and substitutive studies had the largest biocontrol benefit when in polyculture",NA,NA,NA,NA,NA,NA,NA,NA,NA,NA,NA,NA,NA,NA
Wetland conservation and restoration,10.1111/1365-2664.12518,Biodiversity,Climate,"In cold climates, the recovery completeness of the biotic assemblage structure of wetlands restored or created using surface modification and revegetation combined was significantly lower (n = 54; 63 +/- 13%) than in temperate climates (n = 102; 90 +/- 6%) and surprisingly lower, and almost significantly, (n = 26; 82 +/- 6%), than in wetlands restored or created in cold climates where surface modification was used alone.",NA,NA,NA,NA,NA,NA,NA,NA,NA,NA,NA,NA,NA,NA
Cover and catch crops; Leguminous crops; No tillage and reduced tillage,10.1111/1365-2664.12815,Soil biological quality,Crop type,"Maize and small grain cash crops had less of a change in root colonization than legumes or other cash crops (e.g. sorghum, flax or cotton).",Presence of cover crop prior alternative tillage,"The presence of a prior cover crop affected how AMF colonization responded to alternative tillage, increasing colonization by 41.5% (95% CI: 24.0 to 61.5) compared to 23.8% (95% CI: 11.7 to 37.2) when no cover crop was present.",NA,NA,NA,NA,NA,NA,NA,NA,NA,NA,NA,NA
Grazing management; Wetland management,10.1111/1365-2664.12892,Biodiversity,NA,NA,NA,NA,NA,NA,NA,NA,NA,NA,NA,NA,NA,NA,NA,NA
Grazing management; Wetland management,10.1111/1365-2664.12892,Carbon sequestration,NA,NA,NA,NA,NA,NA,NA,NA,NA,NA,NA,NA,NA,NA,NA,NA
Grazing management,10.1111/1365-2664.12892,Grassland production,NA,NA,NA,NA,NA,NA,NA,NA,NA,NA,NA,NA,NA,NA,NA,NA
Agroforestry practices and systems,10.1111/1365-2664.12943,Biodiversity,taxonomic group,NA,Landscape structure,"Scattered trees support higher biodiversity compared to open areas, while habitat patches are more similar to scattered trees than to open areas.",NA,NA,NA,NA,NA,NA,NA,NA,NA,NA,NA,NA
Organic farming systems,10.1111/1365-2664.13113,Carbon sequestration,Fertilisation intensity,"Fertilization intensity and climate were the main drivers of the organic farming effects on SOC stock and SOC sequestration, when evaluating studies in the global meta‐analysis using the same crop species in organic vs. Conventional farming.",Climate,"Fertilization intensity and climate were the main drivers of the organic farming effects on SOC stock and SOC sequestration, when evaluating studies in the global meta‐analysis using the same crop species in organic vs. Conventional farming.",NA,NA,NA,NA,NA,NA,NA,NA,NA,NA,NA,NA
Cover and catch crops,10.1111/1365-2664.13124,Biodiversity,NA,NA,NA,NA,NA,NA,NA,NA,NA,NA,NA,NA,NA,NA,NA,NA
Cover and catch crops,10.1111/1365-2664.13124,Carbon sequestration,NA,NA,NA,NA,NA,NA,NA,NA,NA,NA,NA,NA,NA,NA,NA,NA
Cover and catch crops,10.1111/1365-2664.13124,Crop yield,NA,NA,NA,NA,NA,NA,NA,NA,NA,NA,NA,NA,NA,NA,NA,NA
Cover and catch crops,10.1111/1365-2664.13124,Pests and diseases,NA,NA,NA,NA,NA,NA,NA,NA,NA,NA,NA,NA,NA,NA,NA,NA
Cover and catch crops,10.1111/1365-2664.13124,Pollination,NA,NA,NA,NA,NA,NA,NA,NA,NA,NA,NA,NA,NA,NA,NA,NA
Cover and catch crops,10.1111/1365-2664.13124,Soil biological quality,NA,NA,NA,NA,NA,NA,NA,NA,NA,NA,NA,NA,NA,NA,NA,NA
Cover and catch crops,10.1111/1365-2664.13124,Soil erosion,NA,NA,NA,NA,NA,NA,NA,NA,NA,NA,NA,NA,NA,NA,NA,NA
Cover and catch crops,10.1111/1365-2664.13124,Soil water retention,NA,NA,NA,NA,NA,NA,NA,NA,NA,NA,NA,NA,NA,NA,NA,NA
Grazing management,10.1111/1365-2664.13496,Animal production,Rest:graze ratio,"As the rest:graze ratio increased, there was greater weight gain and animal production per hectare under SRG compared to CG (weight gain: z = −8.51, p < 0.001; animal production per hectare: z = −18.77; p < 0.001). Significantly greater animal production per hectare under SRG was found at rest:graze ratios greater than 3:1, but at small rest:graze ratios (below 0.4:1) production per hectare was greater in CG systems.",NA,NA,NA,NA,NA,NA,NA,NA,NA,NA,NA,NA,NA,NA
Grazing management,10.1111/1365-2664.13496,Biodiversity,Rest:graze ratio,"Richness decreased under SRG compared to UG as rest:graze ratio in SRG systems increased (z = 2.41, p = 0.016). Species richness was always significantly greater for UG than SRG areas above rest:graze ratios of 44:1.",NA,NA,NA,NA,NA,NA,NA,NA,NA,NA,NA,NA,NA,NA
Grazing management,10.1111/1365-2664.13496,Grassland production,Grazing intensity,"Biomass was significantly greater under SRG when the stocking rate of SRG was lower than that of CG (z = −3.38, p ≤ 0.001), but there was no difference in biomass between SRG and CG when the stocking rate of SRG was equal to (z = −1.83, p = 0.067) or greater than CG (z = −0.71; p = 0.473).",Rest:graze ratio,"Biomass increased under SRG relative to CG as the rest:graze ratio increased (z = −16.31, p < 0.001). When the grazing intensity of SRG were equal to CG there was no difference in biomass between SRG and CG at low rest:graze ratios, but biomass was greater under SRG when rest:graze ratios were higher than 6:1. On the contrary, biomass decreased in SRG relative to UG systems as the rest:graze ratio increased (z = 7.46, p < 0.001), becoming greater under UG than SRG above a rest:graze ratio of 4:1. Ground cover under SRG relative to CG increased as the rest:graze ratio increased (z = −29.52, p < 0.001). When the SRG stocking rate was equal to CG, ground cover was always greater under SRG. Ground cover increased under SRG relative to UG as the rest:graze ratio increased but was always greater under UG than SRG (z = −4.92, p < 0.001).",NA,NA,NA,NA,NA,NA,NA,NA,NA,NA,NA,NA
Grazing management,10.1111/1365-2664.13808,Soil nutrients,Soil depht,"The RR++ of soil N and P stoichiometry was dependent on soil depth. Grazing disturbance had greater negative effects on soil total N and available N of deep soils compared to the top and sub-topsoil. In contrast, total soil P decreased in the topsoil. However, grazing had a positive effect on available soil N in topsoil and available soil P exhibited less negative effect in response to grazing in the topsoil.",Climate,Environmental factors exhibited a negative correlation with RR of available soil N. Mean annual temeprature was positively related to total soil N and available P.,Grazing intensity,"The RR++ of soil N and P decreased under all grazing intensities, except for total soil N, available soil N and P under light grazing. Total soil N and available soil P decreased with increasing grazing intensities. Overgrazing induced the greatest negative effects on soil total P compared with other grazing intensities.",Animal type,"Mixed livestock grazing had greater negative effect on soil nutrient concentration than cattle or sheep grazing alone and wildlife. Wildlife grazing increased total soil P, available N and P compared to livestock grazing.",Grazing type,"Compared to continuous grazing, rotational grazing has less negative effect for total soil N; positive effect on available soil N while continuous grazing has negative effect; greater negative effect compared to continuous grazing for total P.",Grassland type,"Grazing has a positive effect in savanna for all variables and for available N in meadow steppe, while it has a negative effect for all variables in temperate grassland, alpine grassland, desert steppe, typical steppe, meadow steppe (except available N).",NA,NA,NA,NA
Crop residue management,10.1111/1745-5871.12389,Carbon sequestration,NA,NA,NA,NA,NA,NA,NA,NA,NA,NA,NA,NA,NA,NA,NA,NA
Crop residue management,10.1111/1745-5871.12389,Soil erosion,NA,NA,NA,NA,NA,NA,NA,NA,NA,NA,NA,NA,NA,NA,NA,NA
Livestock feeding techniques,10.1111/asj.13765,Animal production,NA,NA,NA,NA,NA,NA,NA,NA,NA,NA,NA,NA,NA,NA,NA,NA
Livestock feeding techniques,10.1111/asj.13765,GHG emissions,Dose,The emission of CH4 per metabolic body weight tended to decrease with increasing tannin levels (p = 0.07).,NA,NA,NA,NA,NA,NA,NA,NA,NA,NA,NA,NA,NA,NA
Livestock feeding techniques,10.1111/asj.13765,Nutrient excretion,NA,NA,NA,NA,NA,NA,NA,NA,NA,NA,NA,NA,NA,NA,NA,NA
Grassland management,10.1111/avsc.12558,Biodiversity,Interaction between time since treatment and seeding prior to restoration,"When plots were seeded, the effect size increased with years since reclamation (LRR = 0.083 [0.036, 0.13], p = 0.0005, k = 64), while the effect size decreased with years since reclamation in plots that were not seeded (LRR = −0.039 [−0.066, −0.012], p = 0.004, k = 95).",Disturbance prior to restoration,"Plots that were disturbed showed significant positive response to biosolids (LRR = 0.62 [0.18, 1.06]) compared to undisturbed plots (LRR = −0.16 [−0.65, 0.33]).",NA,NA,NA,NA,NA,NA,NA,NA,NA,NA,NA,NA
Grassland management,10.1111/avsc.12558,Grassland production,Time since treatment,"The effect size for above-ground net primary production decreased as the time since restoration (years) increased (p = 0.0003, LRR = −0.06 [−0.09, −0.03].",Burned before treatment,"When a site experienced a fire before biosolids were applied, the effect size for productivity decreased earlier after the initial biosolids application (p = <0.0001, LRR = −0.22 [−0.30, −0.13], k = 25) compared to sites that did not experience a burn before biosolids were applied (p = 0.004, LRR = −0.05 [−0.08 −0.02], k = 244). While for vegetative cover, the effect size was lower after the initial biosolids application (p < 0.0001, LRR = 0.39 [0.17 0.60], k = 50) compared to sites that did not experience a fire before biosolids were applied (p < 0.0001, LRR = 1.35 [0.94, 1.77], k = 166).",Mean annual temperature,"The effect size for vegetative cover increased with mean annual temperature (p = 0.006, LRR = 0.09 [0.02, 0.16]), suggesting that the effect of biosolids application on cover decreased with lower temperatures.",Seeding prior to restoration,"Seeding prior to reclamation impacted the effect size of vegetative cover; sites that were seeded during the reclamation process had a higher effect size on cover (p < 0.0001, LRR = 1.52 [1.04, 2.00]) compared to sites that were not seeded (p = 0.0002, LRR = 0.89 [0.42, 1.37]).",NA,NA,NA,NA,NA,NA,NA,NA
Grassland management,10.1111/avsc.12558,Pests and diseases,NA,NA,NA,NA,NA,NA,NA,NA,NA,NA,NA,NA,NA,NA,NA,NA
Landscape features,10.1111/brv.12040,Pests and diseases,NA,NA,NA,NA,NA,NA,NA,NA,NA,NA,NA,NA,NA,NA,NA,NA
Landscape features,10.1111/brv.12040,Pollination,NA,NA,NA,NA,NA,NA,NA,NA,NA,NA,NA,NA,NA,NA,NA,NA
Grassland management,10.1111/brv.12554,Carbon sequestration,NA,NA,NA,NA,NA,NA,NA,NA,NA,NA,NA,NA,NA,NA,NA,NA
Grassland management,10.1111/brv.12554,Soil biological quality,NA,NA,NA,NA,NA,NA,NA,NA,NA,NA,NA,NA,NA,NA,NA,NA
Landscape features,10.1111/cobi.12536,Biodiversity,NA,NA,NA,NA,NA,NA,NA,NA,NA,NA,NA,NA,NA,NA,NA,NA
Fallowing,10.1111/cobi.13156,Biodiversity,NA,NA,NA,NA,NA,NA,NA,NA,NA,NA,NA,NA,NA,NA,NA,NA
Grazing management,10.1111/een.13065,Biodiversity,NA,NA,NA,NA,NA,NA,NA,NA,NA,NA,NA,NA,NA,NA,NA,NA
Landscape features; Grazing management,10.1111/ele.12128,Pollination,Number of flower species in strip,The effect of flower strips on pollinator abundance increases when the number of flowers species increases in flower strips.,NA,NA,NA,NA,NA,NA,NA,NA,NA,NA,NA,NA,NA,NA
Landscape features,10.1111/ele.13339,Pollination,Ecological contrast (difference in richness of plant communities between field margins and crop),Higher effect of AEM in large vs small landscape structures.,Landscape structure (proportion of semi-natural habitats),Higher effect of AEM in simple vs complex landscape structure.,NA,NA,NA,NA,NA,NA,NA,NA,NA,NA,NA,NA
Grassland management,10.1111/ele.13480,GHG emissions,NA,NA,NA,NA,NA,NA,NA,NA,NA,NA,NA,NA,NA,NA,NA,NA
Landscape features,10.1111/ele.13576,Crop yield,NA,NA,NA,NA,NA,NA,NA,NA,NA,NA,NA,NA,NA,NA,NA,NA
Agroforestry practices and systems; Landscape features,10.1111/ele.13576,Pests and diseases,Distance to field edge,"Pest control services declined exponentially with distance from the field edge, but the slopes of the distance functions between fields with and without adjacent floral plantings did not differ.",NA,NA,NA,NA,NA,NA,NA,NA,NA,NA,NA,NA,NA,NA
Agroforestry practices and systems; Landscape features,10.1111/ele.13576,Pollination,Distance to field edge,"Effects of distance to field edge differed for fields with floral plantings compared with control field. Pollination services were increased near floral plantings and decreased exponentially with increasing distance from plantings, while no such effect of distance to field edge was detected for control field.",Time since treatment,"Crop pollination services tended to increase with time since establishment of the adjacent flower strip, but showed a positive saturating relationship. Pollination services increased by 27% in 2 year old strips compared with the youngest plantings (roughly 3 months old), while the additional predicted increase from 2 to 4 years or older strips was approximately 5% on average.",Flowering plant species richness,Crop pollination services tended to increase with flowering plant species richness of the adjacent flower strip.,NA,NA,NA,NA,NA,NA,NA,NA,NA,NA
Grazing management,10.1111/gcb.12144,Carbon sequestration,NA,NA,NA,NA,NA,NA,NA,NA,NA,NA,NA,NA,NA,NA,NA,NA
Organic fertilisation,10.1111/gcb.12438,Carbon sequestration,Cumulative organic fertiliser C input,This meta‐analysis showed a significant linear relationship between the SOC stock difference (first index; Mg C ha−1) and cumulative manure‐C input (Mg C ha−1) for the REF‐zero (P < 0.0001; R2 = 0.53) and the REF‐min (P < 0.0001; R2 = 0.59) data sets. Cumulative manure‐C input explains at least 53% of the variability in SOC stock difference. A significant linear relationship was also observed between the cumulative manure‐C input (Mg C ha−1) and the relative SOC change (P = 0.026; R2 = 0.31).,Climate,"The SOC stock difference was lower in tropical climate than in warm temperate climate for the REF‐zero (P = 0.027) and REF‐min (P = 0.052) data sets. In addition, for the REF‐min data set, the SOC stock difference tended to be lower in tropical climate than in cool temperate climate.",Organic fertiliser type,"The effect of animal species on the SOC stock difference was not statistically significant. However, in both REF‐zero and REF‐min data sets, cattle manure showed a slight trend to higher values than the others, and confidence intervals suggested a significant positive SOC stock difference after cattle manure application but not after pig and poultry manure application.",NA,NA,NA,NA,NA,NA,NA,NA,NA,NA
Livestock feeding techniques; Manure land application techniques; Manure processing techniques; Manure storage techniques; Livestock housing techniques,10.1111/gcb.12767,Air pollutants emissions,Dose,The largest decrease was derived at a CP reduction of > 4%.,NA,NA,NA,NA,NA,NA,NA,NA,NA,NA,NA,NA,NA,NA
Manure land application techniques; Manure processing techniques; Manure storage techniques; Livestock housing techniques,10.1111/gcb.12767,GHG emissions,NA,NA,NA,NA,NA,NA,NA,NA,NA,NA,NA,NA,NA,NA,NA,NA
Enhanced efficiency fertilisers,10.1111/gcb.12802,Air pollutants emissions,NI type,DCD increased NH3 emission while DMPP had no effect on NH3 emission.,NA,NA,NA,NA,NA,NA,NA,NA,NA,NA,NA,NA,NA,NA
Enhanced efficiency fertilisers,10.1111/gcb.12802,Crop yield,Soil texture,"The effects of NI on crop production varied among different soil texture classes. NI's effect on grain yield was not significant in sand. In contrast, NI's effect on vegetable yield was only significant for loam (1%, CI: 0 to 2%).",Crop type,"Stronger effect on barley, no effect for vegetables.",NI type,"Among fertilisers amened with nitrification inhibitors types, DCD significantly increased grain and straw yields while DMPP significantly increased grain, straw and vegetable yields.",NA,NA,NA,NA,NA,NA,NA,NA,NA,NA
Enhanced efficiency fertilisers,10.1111/gcb.12802,GHG emissions,NI type,"Among fertilisers amened with nitrification inhibitors forms, DCD and DMPP both decreased N2O emission; DCD had no impact on CH4 emission.",NA,NA,NA,NA,NA,NA,NA,NA,NA,NA,NA,NA,NA,NA
Enhanced efficiency fertilisers,10.1111/gcb.12802,Grassland production,Soil texture,Effect on pasture hays yield was not signifcant for clay.,NA,NA,NA,NA,NA,NA,NA,NA,NA,NA,NA,NA,NA,NA
Enhanced efficiency fertilisers,10.1111/gcb.12802,Nutrient leaching and run-off,Fertiliser type,"NI use significantly reduced NO3- leaching when applied with manure (-49%, CI: -33 to 61%) but not with synthetic fertilizer. NI effect on DIN leaching was higher when applied with synthetic fertilizer (-38%, CI: -29 to -45%) than when applied with manure (-53%, CI: -42 to -63%).",Crop type,"NI use significantly reduced NO3- leaching in pasture ecosystems (-52%, CI: -37 to -63%) but not in agricultural ecosystems.",NI type,"DCD application reduced NH4+ leaching (-33%, CI: -53 to -5%), NO3- leaching (-45%, CI: -61 to -24%) and DIN leaching (-53%, CI: -63 to -41%). DMPP application increased NH4+ leaching (+25%, CI: +17 to +34%) but reduced NO3- leaching (-54%, CI: -59 to -48%) and DIN leaching (-48%, CI: -45 to -29%).",Soil texture,higher NI impact on DIN leaching for clay soils than for silt and sandy soils.,NA,NA,NA,NA,NA,NA,NA,NA
Enhanced efficiency fertilisers,10.1111/gcb.12802,Plant nutrient uptake,NI type,"Among different NI types, nitrapyrin showed no significant impact on N recovery. DCD application increased plant-N concentration, plant N uptake and fertilizer-N recovery. DMPP significantly increased fertilizer-N recovery but showed no significant effect on plant N concentration and plant N uptake.",Crop type,"When data were divided into different ecosystem types, NI did not affect plant N concentration in pastures.",NA,NA,NA,NA,NA,NA,NA,NA,NA,NA,NA,NA
Manure processing techniques; Manure storage techniques,10.1111/gcb.12806,Air pollutants emissions,Temperature in the heap,"Composting systems reached temperatures in the thermophilic range (>40 °C), where NH3-N emissions are likely to be above 10%. In contrast, conventional storage, covering, and compaction often led to temperatures within mesophilic range (20–40 °C), which tends to prevent NH3-N volatilization.; Composting systems reached temperatures in the thermophilic range (>40 °C), where ammonia-N emissions are likely to be above 10%. In contrast, conventional storage, covering, and compaction often led to temperatures within mesophilic range (20–40 °C), which tends to prevent ammonia-N volatilization.",Bulk density,"The authors examined the relationship between the bulk density of the pile vs. N2O and NH3 losses, finding a positive relationship with N2O emissions and negative with NH3 emissions, which stresses the risk of pollution swapping when trying to mitigate N2O emissions by manipulating solid waste density.; The authors examined the relationship between the bulk density of the pile vs. N2O and ammonia losses, finding a positive relationship with N2O emissions and negative with ammonia emissions, which stresses the risk of pollution swapping when trying to mitigate N2O emissions by manipulating solid waste density.",NA,NA,NA,NA,NA,NA,NA,NA,NA,NA,NA,NA
Manure processing techniques; Manure storage techniques,10.1111/gcb.12806,GHG emissions,Moisture content,"Raw materials with high initial moisture, close to 80%, tend to promote CH4 emissions.",Bulk density,"The authors examined the relationship between the bulk density of the pile vs. N2O and NH3 losses, finding a positive relationship with N2O emissions and negative with NH3 emissions, which stresses the risk of pollution swapping when trying to mitigate N2O emissions by manipulating solid waste density.",NA,NA,NA,NA,NA,NA,NA,NA,NA,NA,NA,NA
Manure processing techniques; Manure storage techniques,10.1111/gcb.12806,Nutrients recovery,NA,NA,NA,NA,NA,NA,NA,NA,NA,NA,NA,NA,NA,NA,NA,NA
Grassland management,10.1111/gcb.12986,Biodiversity,N fertiliser application rate,N dose has a significant negative effect on plant species richness effect size.,Duration of treatment,Study duration has a significant negative effect on plant species richness effect size.,Climate,The negative effect of N addition on species richness was more pronounced in warmer than in cooler regions.,Fertiliser type,"Species richness effect sizes were also moderated by fertilizer type (i.e. N, NP, NK or NPK): there was a stronger negative effect on species richness when NPK was applied compared to N alone.",NA,NA,NA,NA,NA,NA,NA,NA
Grassland management,10.1111/gcb.12986,Grassland production,NA,NA,NA,NA,NA,NA,NA,NA,NA,NA,NA,NA,NA,NA,NA,NA
Grassland management,10.1111/gcb.13011,Soil biological quality,Duration of treatment,"When time since establishment of plant communities was used as a covariate, it explained a significant fraction of the variance in effect size and was positively correlated with the effect size for high vs. low plant diversity comparisons (slope = 0.07, 2.5% CI = 0.06, 97.5% CI = 0.08). Similar results for the variations in effect sizes of inter vs. low plant diversity were found (slope = 0.04, 2.5% CI = 0.03, 97.5% CI = 0.05) and high vs. intermediate plant diversity (slope = 0.02, 2.5% CI = 0.01, 97.5% CI = 0.03).",NA,NA,NA,NA,NA,NA,NA,NA,NA,NA,NA,NA,NA,NA
Grassland management,10.1111/gcb.13125,Grassland production,NA,NA,NA,NA,NA,NA,NA,NA,NA,NA,NA,NA,NA,NA,NA,NA
Wetland management,10.1111/gcb.13125,Plant nutrient uptake,NA,NA,NA,NA,NA,NA,NA,NA,NA,NA,NA,NA,NA,NA,NA,NA
Grassland management,10.1111/gcb.13402,Soil biological quality,NA,NA,NA,NA,NA,NA,NA,NA,NA,NA,NA,NA,NA,NA,NA,NA
Grazing management,10.1111/gcb.13431,Carbon sequestration,Grazing intensity,"Heavy grazing decreased soil carbon pools more than those of light and moderate grazing. Specifically, light grazing increased SCP by  0.78% (P < 0.01).",Climate,Grazing disturbance decreased RCP greater in semihumid/humid regions than those in arid/ semiarid regions. LCP exhibited the larger negative effects in response to grazing under arid/semi-arid regions compared to those under semihumid/humid regions.,Animal type,The response of SCP and RCP under sheep grazing showed a greater decrease than those under cattle grazing.,NA,NA,NA,NA,NA,NA,NA,NA,NA,NA
Grazing management,10.1111/gcb.13431,Soil biological quality,Grazing intensity,The increasing magnitudes of the effect also occurred for responses of microbial biomass C (MBC) to grazing from light to heavy intensity.,Soil depht,"Response of MBC to grazing was positive at the depth of <15 cm, but negative at the depth of >15 cm.",NA,NA,NA,NA,NA,NA,NA,NA,NA,NA,NA,NA
Grazing management,10.1111/gcb.13431,Soil nutrients,Grazing intensity,"Heavy grazing decreased soil N pools more than those of light and moderate grazing. Specifically, light grazing increased SNP by 3.24% (P < 0.01).",Climate,Grazing disturbance decreased SNP and RNP greater in semihumid/humid regions than those in arid/ semiarid regions.,Animal type,The response of SNP and RNP under sheep grazing showed a greater decrease than those under cattle grazing.,NA,NA,NA,NA,NA,NA,NA,NA,NA,NA
Grazing management,10.1111/gcb.13431,Soil water retention,NA,NA,NA,NA,NA,NA,NA,NA,NA,NA,NA,NA,NA,NA,NA,NA
Low ammonia emission techniques for mineral fertilisation; Enhanced efficiency fertilisers,10.1111/gcb.13455,Air pollutants emissions,Crop type,Stronger effect of CRF in rice and corn than in wheat;,Soil total nitrogen content; SOC,Lower impact of CRF in soils with low SOC;,Soil pH; Soil TN,"Lower impact of CRF in soil with low TN. NI effect on NH3 emission was lower when TN was superior or equal to 2 g/kg (4.8%, 2.3 to 7.9%), compared when TN was comprised between 1 and 2 g/kg (31.6%, 6.6 to 76.1%) or when TN was inferior or equal to 1 g/kg ( 22.1%, 14.2 to 27.1%).",Soil pH,"Lower effect of CRF was detected in alkaline soils; No effect of UI in alkaline soils. NI effect on NH3 emission was higher in alkaline soils (22.1%, 14.2 to 27.1%) than in acidic soil (8.3%, 7.9 to 8.8%).",Fertiliser rate,CRF impact was also lower in case of intermediate N application rate. NI effect on NH3 emission was non significant when N application rate was higher than 300 kg/ha NI effect varied with NI type;,NI type,"Dicyandiamide (DCD) application did not significantly increase NH3 volatilization. The effect varied between 3,4-Dimethylpyrazole phosphate (DMPP) (4.8%, 2.3 to 7.9%) and nitrapyrin (CP) (43.0%, 25.9 to 62.5%).",NA,NA,NA,NA
Low ammonia emission techniques for mineral fertilisation; Enhanced efficiency fertilisers,10.1111/gcb.13455,Crop yield,SOC,CRF impact was not significant in soil with high SOC;,Soil TN,CRF impact was higher in low TN;,Fertiliser rate,"Higher impact of CRF, UI and NI on yield for high N application rates",EEF type,HQ impact is higher than NBPT impact,Crop type,The effect of NI was stronger in wheat than corn.,NA,NA,NA,NA,NA,NA
Low ammonia emission techniques for mineral fertilisation; Enhanced efficiency fertilisers,10.1111/gcb.13455,GHG emissions,Crop type,Stronger impact of CRF in rice than corn; Stronger impact of UI in corn than wheat. A higher reduction in N2O emission was observed in rice (51.0%) than wheat (31.8%) for NI application.,Soil pH,No effect of CRF in accidic soils;,NI type,"NI effect on N2O emission varied among NI types. Lower effect was estimated for nitrapyrin (CP) (32.9%, 26.9 to 39.7%) than for 3,4-Dimethylpyrazole phosphate (DMPP) (52.5%, 42.8 to 60.5%) or for dicyandiamide (DCD) (57.6, 44.0 to 69.7%).",NA,NA,NA,NA,NA,NA,NA,NA,NA,NA
Low ammonia emission techniques for mineral fertilisation; Enhanced efficiency fertilisers,10.1111/gcb.13455,Nutrient leaching and run-off,Crop type; SOC,"No effect in intermediate SOC for CRF. NI's effect on N leaching was higher for intermediate soil organic carbon (SOC) content (reduction: 49.4%, CI: 63.9 to 38.8%) than for low (i.e. <= 10) (reduction: 27.2%, CI: 20.8 to 31.5%) or for high (i.e. >= 20, reduction: 23.4%, CI: 7.7 to 36.4%) SOC content.",Soil TN,Lower effect in higher TN content soils;,Fertiliser rate,"NI effect on N leaching was higher for lower N application rates, i.e. lower than 200 kg/ha (reduction: 47.0%, CI: 37.6 to 59.9%), than for higher application rates, i.e. higher than 300 kg/ha (reduction: 23.4%, CI: 14.3 to 30.6%).",NA,NA,NA,NA,NA,NA,NA,NA,NA,NA
Low ammonia emission techniques for mineral fertilisation; Enhanced efficiency fertilisers,10.1111/gcb.13455,Plant nutrient uptake,SOC,Lower CRF impact in soils with organic carbon content (SOC) higher than 20 g/kg; no impact of UI in intermediate SOC. No impact on grain NUE of UI in SOC higher than 20 g/kg;,Soil pH,Higher impact of CRF was reported in acidic soils; No impact of UI in acidic soils. No impact on grain NUE of UI in acidic soils;,Fertiliser rate,Lower impact of CRF in case of intermediate N application rate. UI impact on grain NUE was significantly higher for intermediate N application rates.,NI type,"Among NI types, lower NI effect on aboveground N uptake was found for nitrapyrin (CP) (3.6%, CI: 1.0 to 6.3%) than for dicyandiamide (DCD) (11.6%, CI: 7.4 to 16.3%) or for (3,4-dimethylpyrazole phosphate) DMPP (13.6%, CI: 9.5 to 19.7%).",Soil N content,NI effect was not significant when soil total N (TN) content was higher than 2 g/kg.,NA,NA,NA,NA,NA,NA
Organic fertilisation; Enhanced efficiency fertilisers,10.1111/gcb.13485,Air pollutants emissions,Soil mineral N,The combined NO+N2O emissions were positively correlated with soil mineral N content.,N application rate,"NO emissions were strongly correlated with N applied rates and thus, high N input rate would incur substantial soil NO emissions in vegetable croplands.",Soil pH,Soil NO emissions were significantly greater in acid or neutral soils than in alkaline soils.,Soil texture,"Soil NO fluxes depended on soil textures, decreasing from the coarse and medium soils to fine soils.",Soil organic carbon,Soil NO fluxes were greater in carbon-enriched soils (SOC content >1.5%) relative to carbon-poor soils (SOC content <1.5%).,Soil C/N ratio,Soil NO fluxes were greater in soils with lower C/N ratios (≤10) relative to soils with higher C/N ratios (>10).,NA,NA,NA,NA
Organic farming systems; No tillage and reduced tillage,10.1111/gcb.13513,Carbon sequestration,NA,NA,NA,NA,NA,NA,NA,NA,NA,NA,NA,NA,NA,NA,NA,NA
Organic farming systems; No tillage and reduced tillage,10.1111/gcb.13513,Soil nutrients,NA,NA,NA,NA,NA,NA,NA,NA,NA,NA,NA,NA,NA,NA,NA,NA
Organic fertilisation,10.1111/gcb.13648,GHG emissions,Climate,Significant increase of N2O emission in warm temperate climate but not in tropical and cool temperate climate zones.,Soil texture,"Manure application significantly increased soil N2O emissions by 40.0% (95% CI: 3.4–50.4%) in sandy loam soils, 63.8% (95% CI: 41.7–134.8%) in loam soils, and 17.4% (95% CI: 10.2–61.5%) in clay loam soils. Manure application significantly decreased N2O emissions by 15.9% (95% CI: -54.0 to -4.3%) in silt clay soils. The manuring effects were not statistically significant in the other three soil types, that is, clay, silt loam, and sandy soils.",Soil pH,"Manure application, on average, significantly increased N2O emissions by 64.8% (95% CI: 14.0–70.8%) in acid soils. Significant effects were not observed in pH neutral soils or alkaline soils.",NA,NA,NA,NA,NA,NA,NA,NA,NA,NA
Organic farming systems,10.1111/gcb.13714,Biodiversity,NA,NA,NA,NA,NA,NA,NA,NA,NA,NA,NA,NA,NA,NA,NA,NA
No tillage and reduced tillage,10.1111/gcb.13744,Soil biological quality,Organic materials available,"Consequently, a greater positive effect of RT intensity on earthworm populations was observed when any of those supplementary food materials were provided in field studies compared to when they were removed, with the results being significant for the abundance data only (p = .020)",Time since treatment,"The effect of RT was significantly greater for studies with cultivation treatments in place for at least 10–20 years (126% and 137% change in abundance and biomass, respectively) compared to studies with cultivation duration of fewer than 10 years (64% and 73% positive effect for abundance and biomass, respectively). These results for duration of experimental treatments were borne out further by the outcome of the meta-regression analyses, indicating that the slope in both regression models (abundance and biomass) was probably not zero, which suggests that the longer the duration of reduced cultivation, the larger earthworm population will be.",Mean annual precipitation,"Meta-analyses results showed the contrasting result of having more positive responses of earthworms to RT either in rainy areas (>1,000 mm on average per year) or in regions with low annual precipitation values (<500 mm). The majority of results reported in the literature were based on total or adult individuals, in most cases because adults are easier to identify.",Soil clay content,"Highest clay content was associated with the largest effect on earthworm populations (on average, 167% and 209% change when soils contained >35% clay), with the differences to the soils with least clay content (<18%) being significant. According to the meta-regression analyses, significant increases in earthworm communities under less intensive cultivation occurred on soils with finer textures.",Soil pH,"There was a positive response for the three categories tested, a statistically significant increase in earthworm populations was observed in the acidic soils (pH < 5.5).",Earthworms species,"Significant increases in the abundances occurred for the majority of the species reported in the literature, with the largest effects being observed for L. terrestris and Lumbricus rubellus. Only three species (recorded in a small number of studies) showed no statistical significant response to changes in tillage, namely Aporrectodea icterica, A. trapezoides and A. turgida.",Age group,"Applying other forms of RT had a slightly stronger effect on adult worms than on the immature ones, but the difference between these two life cycle stages of earthworm was not significant",Ecological group,"The result of this meta-analysis highlighted the significantly stronger responses of the epigeic and anecic worms to reduced forms of tillage than those exhibited by the endogeics, although all three groups showed a significant positive response (p = .001)."
Enhanced efficiency fertilisers,10.1111/gcb.13918,Air pollutants emissions,Crop type,Stronger effect of PCF in paddy and in grasslands; stronger effect of DI in paddy,Soil texture and pH,"No effect of PCF in medium and fine soils; stronger effect of UI in coarser texture than other soils and stronger effect of UI effect increases with increasing pH. In alkaline soils (pH>8), NI did not further increase NH3 emission compared to the control, while NI increase NH3 emission by 21% (3 to 46%) in neutral and by 16% (9 to 23%) in acidic soils.",UI type,Stronger effect for limus,NH3 baseline emission,"The higher the baseline NH3 emission, the greater the reduction of NH3 volatilization by UI. Stronger UI and DI effect in dry areas.",Fertilizer type,Stronger effect of DI for synthetic fertilizers,NI type,"Among nitrification inhibitors forms, dicyandiamide (i.e. DCD) application significantly increased NH3 emission while 3,4-dimethylpyrazole phosphate (i.e. DMPP) application had not significant effect on NH3 emission.",NA,NA,NA,NA
Enhanced efficiency fertilisers,10.1111/gcb.13918,Crop yield,Crop type,"Stronger positive effect of PCF in paddy and in vegetable, negative effect of PCF in grassland, no significant effect of PCF on yield in maize and wheat in maize and wheat production systems; stronger effect of UI in paddy; stronger effect of DI in grasslands. NI have a positive effect in grassland, cereals and paddy but no effect on vegetables.",Temperature,No effect of PCF for low or high temperature; higher effect of UI for temperatures higher than 10°C; no effect of DI for temperature > 10°C.,Rainfall,No effect of PCF for low rainfall; no effect of UI for low or high rainfall; no effect of DI for low and high rainfall. NI have no effect under high rainfall conditions.,Soil texture,"Stronger effect of DI for coarse soils, no effect of DI in fine soils.",Soil pH,No effect of PCF and DI in alkaline or neutral soils.,SOC content,No effect of PCF in soils with low and high SOC content; no effect of UI in soils with high SOC content; no effect of DI in soils low SOC content.,EEF type,UI type: significant effect only for NBPT. DI type: lower effect for DCD+NBPT mixture. Fertilizer type: stronger effect of DI when applied with manure,NA,NA
Enhanced efficiency fertilisers,10.1111/gcb.13918,GHG emissions,Crop type,"Stronger effect of PCF in paddy. For NI, stronger effect in grassland, lower effect in paddy.",Temperature,Stronger effect of PCF when temperature increases,Soil pH,No effect of PCF in acidic and alkaline soils. Stronger effect in acidic soils for NI.,SOC content,No effect of PCF in soils with high SOC content. Stronger effect in soils with intermediate SOC for NI.,Soil texture,Stronger effect in fine-textured soils for NI.,NA,NA,NA,NA,NA,NA
Enhanced efficiency fertilisers,10.1111/gcb.13918,Nutrient leaching and run-off,Crop type,Stronger effect of PCF in paddy and in drylands,NA,NA,NA,NA,NA,NA,NA,NA,NA,NA,NA,NA,NA,NA
Enhanced efficiency fertilisers,10.1111/gcb.13918,Plant nutrient uptake,Crop type,No effect of PCF in grassland and drylands. NI have no effect on NUE for vegetables and wheat and maize.,Temperature,"No effect of PCF for low and high temperatures; no effect of UI when temperature < 20°C. Lower annual average temperature appeared to enhance the impact of NI on increasing NUE. 
",Rainfall,No effect of PCF and DI for low and high rainfall. NI effect was not significant when rainfall was high.,Soil characteristics,"Soil texture: no effect of DI in fine soils. 
Soil pH: no effect of PCF in acidic and alkaline soils; no effect of UI in neutral and alkaline soils; no effect of DI in neutral soils, NI effect was not significant in alkaline soils. 
SOC content: no effect of PCF in soils with low SOC content. 
N placement: no effect of PCF for subsurface N placement.",NI type,"DCD application significantly increased NUE, while the effect of DMPP was not significant.",Fertilizer type,Stronger DI effect when applied with manure,Water magement,NI was more effective in enhancing NUE in irrigated compared to rainfed systems.,NA,NA
Crop residue management,10.1111/gcb.14466,Air pollutants emissions,Straw addition rate,The increases in NH3 emissions were positively correlated with straw N input rate (both p < 0.001).,Straw C/N ratio,"The largest increase in NH3 emissions occurred when returning straw with a C/N ratio <30 (e.g., legume straws), whereas applying straw with a larger straw C/N ratio (>30; e.g., cereal straws) did not stimulate NH3 emissions.",Soil texture,"The largest increase in NH3 emissions occurred when returning straw to soils with a clay content <20%, whereas applying straw to soils with higher soil clay contents (>40%) did not stimulate NH3 emissions. In terms of soil texture, returning straw to sandy soils resulted in much higher increases in NH3 (60.9%, n = 11) compared to that for loamy (12.7% and n = 51) and clay soils (4.3% and n = 16).",Climate,"Straw return stimulated NH3 emissions more at the sites with a warmer climate (e.g., warm temperate and subtropical) than those located in a cool temperate zone.",NA,NA,NA,NA,NA,NA,NA,NA
Crop residue management,10.1111/gcb.14466,Carbon sequestration,Straw addition rate,"The SOC content increased significantly with an increasing straw addition rate, straw N and straw C input rate (p < 0.001).",Duration of treatment,"A long‐term (≥4 years) straw addition resulted in significantly higher C sequestration (27.7%, n = 28) than a short‐term addition (13.4%, n = 213).",NA,NA,NA,NA,NA,NA,NA,NA,NA,NA,NA,NA
Crop residue management,10.1111/gcb.14466,Crop yield,Duration of treatment,Long‐term practice of straw return (≥4 years) can also result in greater increases in yields.,Climate,"Effect of straw return was positive in warm temperate, subtropical and tropical climate, while it has no effect in cool temperate climate.",Soil texture,Significantly larger yield increases were observed at sites with a sandy rather than loamy and clay texture.,NA,NA,NA,NA,NA,NA,NA,NA,NA,NA
Crop residue management,10.1111/gcb.14466,GHG emissions,Crop type,"Crop type significantly regulated the effects of straw return on soil N2O emissions, which significantly decreased by 17.3% (n = 82) for rice paddies but significantly increased by 21.5% (n = 196) for upland crops.",Straw addition rate,The increases in N2O emissions were positively correlated with straw N input rate (both p < 0.001).,Straw C/N ratio,"The largest increase in NH3 emissions occurred when returning straw with a C/N ratio <30 (e.g., legume straws), whereas applying straw with a larger straw C/N ratio (>30; e.g., cereal straws) significantly decreased soil N2O emissions.",Soil texture,"The largest increase in N2O emissions occurred when returning straw to soils with a clay content <20%, whereas applying straw to soils with higher soil clay contents (>40%) significantly decreased soil N2O emissions.  In terms of soil texture, returning straw to sandy soils resulted in much higher increases in N2O emissions (119.3%, n = 4) compared to that for loamy (3.9% and n = 58) and clay soils (−10.4% and n = 34).",Climate,"Straw return stimulated N2O emissions more at the sites with a warmer climate (e.g., warm temperate and subtropical) than those located in a cool temperate zone.",NA,NA,NA,NA,NA,NA
Crop residue management,10.1111/gcb.14466,Nutrient leaching and run-off,Straw addition rate,"However, the decrease in N leaching was negatively correlated with straw addition rate and straw N input rate (both p < 0.05).",Type of application,"The negative effect of straw return on N leaching and runoff was significantly higher if straw was applied to the soil surface (N leaching: −26.2%, n = 5; N runoff: −33.5%, n = 28) and not incorporated into soils (N leaching: −6.8%, n = 55; N runoff: −15.1%, n = 24).",Soil organic carbon,"The decrease in the four Nr losses all showed a positive linear relationship with the increase in SOC content induced by straw return, that is, higher soil SOC contents were accompanied by a greater reduction in Nr losses. However, this linear relationship was only significant for N leaching (R2=0.37, p < 0.05, n = 14) and N runoff (R2=0.52, p < 0.05, n = 9) but not for NH3 (R2=0.15, p > 0.05, n =9) or N2O emissions (R2=0.09, p > 0.05, n = 29).",NA,NA,NA,NA,NA,NA,NA,NA,NA,NA
Crop residue management,10.1111/gcb.14466,Plant nutrient uptake,Straw addition rate,The increase in crop N uptake also significantly increased with straw N input rate (p < 0.001).,Straw C/N ratio,Effect of straw return on crop N uptake was higher when the C/N ratio was lower than 30 than when it was equal or higher than 30 (p < 0.001).,Climate,"Effect of straw return on crop N uptake was positive in warm temperate and subtropical climate, while it has no effect in cool temperate and tropical climate.
Effect of straw return on N use efficiency was higher in subtropical climate than in warm temperate climate.",Mean annual precipitation,The increases in crop N uptake and fertiliser NUE were significantly and positively correlated with mean annual precipitation (MAP; both p < 0.05).,Soil organic carbon,The increases in crop N uptake and fertiliser NUE were significantly and positively correlated with SOC content (p < 0.05 for N uptake and p < 0.001 for NUE).,NA,NA,NA,NA,NA,NA
Crop residue management,10.1111/gcb.14466,Soil biological quality,NA,NA,NA,NA,NA,NA,NA,NA,NA,NA,NA,NA,NA,NA,NA,NA
Crop residue management,10.1111/gcb.14466,Soil nutrients,Straw N rate,Positive correlation for soil total nitrogen and available nitrogen with straw N input rate.,NA,NA,NA,NA,NA,NA,NA,NA,NA,NA,NA,NA,NA,NA
Crop residue management,10.1111/gcb.14466,Soil physico-chemical quality,NA,NA,NA,NA,NA,NA,NA,NA,NA,NA,NA,NA,NA,NA,NA,NA
Crop residue management,10.1111/gcb.14466,Soil water retention,NA,NA,NA,NA,NA,NA,NA,NA,NA,NA,NA,NA,NA,NA,NA,NA
Crop residue management,10.1111/gcb.14466,Water use,NA,NA,NA,NA,NA,NA,NA,NA,NA,NA,NA,NA,NA,NA,NA,NA
Grassland management,10.1111/gcb.14535,Biodiversity,N content in amendment,Adding an amendment with higher N concentration had (assumed) harms for plant species diversity.,NA,NA,NA,NA,NA,NA,NA,NA,NA,NA,NA,NA,NA,NA
Grassland management,10.1111/gcb.14535,Carbon sequestration,Amendment rate,Adding more amendment had (assumed) benefits for SOC.,N content in amendment,Adding an amendment with higher N concentration had (assumed) harms for soil organic C.,Time between treatment and measurement,Soil organic carbon effect size decreased with time.,NA,NA,NA,NA,NA,NA,NA,NA,NA,NA
Grassland management,10.1111/gcb.14535,Grassland production,Amendment rate,Adding more amendment had (assumed) benefits for ANPP,Time between treatment and measurement,ANPP effect size increased with time,NA,NA,NA,NA,NA,NA,NA,NA,NA,NA,NA,NA
Grassland management,10.1111/gcb.14535,Heavy metals pollution,N content in amendment,Adding an amendment with higher N concentration had (assumed) benefits for soil Pb.,NA,NA,NA,NA,NA,NA,NA,NA,NA,NA,NA,NA,NA,NA
Grassland management,10.1111/gcb.14535,Nutrient leaching and run-off,N content in amendment,"Adding an amendment with higher N concentration had (assumed) harms for runoff nitrate, runoff P.",NA,NA,NA,NA,NA,NA,NA,NA,NA,NA,NA,NA,NA,NA
Grassland management,10.1111/gcb.14535,Soil erosion,Amendment rate,Adding more amendment had (assumed) benefits for runoff quantity.,N content in amendment,Adding an amendment with higher N concentration had (assumed) benefits for runoff quantity.,NA,NA,NA,NA,NA,NA,NA,NA,NA,NA,NA,NA
Grassland management,10.1111/gcb.14535,Soil water retention,NA,NA,NA,NA,NA,NA,NA,NA,NA,NA,NA,NA,NA,NA,NA,NA
Soil amendment with biochar; Cover and catch crops; No tillage and reduced tillage,10.1111/gcb.14658,Carbon sequestration,Pedo-climatic conditions; Climatic conditions; Soil texture,"Biochar increased 12% (38% vs. 26%) more SOC in arid areas, respectively, compared to humid areas. In warm areas, biochar applications only increased SOC by half of the enhancement observed in cool areas.; Cover crops increased SOC by 15% in warm areas, three times larger than that in cool areas; Effect stronger in silty-clay.",Soil type; Soil depth; Climate,"Biochar applications increased SOC by 63%, 62%, and 52% in silty clay and silty clay loam soils, loam soils, and loamy sand soils, respectively. While relatively lower soil carbon uptakes under biochar applications were found in clay loam and clay soils (32%), silt loam soils (35%), and sandy loam soils (34%).; Cover crops significantly increased SOC by 9%, 3%, and 9% in the 0–10 cm, 10–20 cm, and 20–50 cm depth ranges, respectively, but not in the 50-100 cm depth range. Further analysis showed that cover crops could increase SOC (5%) in the entire 0–70 cm soil profile.; Effect stronger under arid climate",Soil depth; Soil pH; Experiment duration,"Biochar significantly increased SOC by 41% and 14% in the 0–10 cm and 0–30 cm soil layers, respectively.; Cover crops increased SOC by 15% in neutral soils, followed by alkaline (9%) and acid soils (6%).; Effect stronger in long-term experiments",Soil pH; Time scale,"Biochar use increased SOC by 65%, 35%, and 28% in alkaline, neutral, and acid soils, respectively.; Cover crops significantly increased SOC by 5%, 11%, and 20% in the short‐term, medium‐term, and long‐term experiments, respectively",Time scale; Crop residue retention,"Biochar amendments significantly increased SOC by 45% and 36% in short‐term and medium‐term experiments, respectively.; When crop residues were returned, cover crops significantly increased SOC by 6%. However, if crop residues were removed, cover crops had no significant effect on SOC.",N-fertilisation rate,"Biochar boosted SOC the most among CSA management practices regardless of nitrogen fertilizer levels, with the strongest effects under the low‐level nitrogen inputs, followed by the high‐level (38%), medium‐level (29%), and no nitrogen fertilizer use (27%).",Water management,"Biochar markedly stimulated SOC increases in irrigated croplands (49%), three times higher than those under rainfed condition.",Crop rotation,"Biochar amendments enhanced SOC by 52% in rotational cropping systems, much higher than that in the continuous cropping system (31%)."
Grassland management,10.1111/gcb.14705,Soil nutrients,NA,NA,NA,NA,NA,NA,NA,NA,NA,NA,NA,NA,NA,NA,NA,NA
Wetland conservation and restoration; Peatland conservation and restoration,10.1111/gcb.14933,GHG emissions,NA,NA,NA,NA,NA,NA,NA,NA,NA,NA,NA,NA,NA,NA,NA,NA
No tillage and reduced tillage,10.1111/gcb.15001,Carbon sequestration,Climate,Positive effect when the ratio of Mean annual precipitation in mm to Mean annual temperature in dC <100). No effect otherwise.,NA,NA,NA,NA,NA,NA,NA,NA,NA,NA,NA,NA,NA,NA
Conservation agriculture systems; No tillage and reduced tillage,10.1111/gcb.15001,Crop yield,Climate,No tillage: Positive effect in arid region only (Mean annual precipitation in mm to Mean annual temperature in dC <40). Negative effect in more humid regions. Conservation agriculture: Positive effect in arid region only (Mean annual precipitation in mm to Mean annual temperature in dC <40).,NA,NA,NA,NA,NA,NA,NA,NA,NA,NA,NA,NA,NA,NA
Mulching,10.1111/gcb.15043,Crop yield,Plastic film residue,"Only cotton had a significant slope for the correlation between crop yield and plastic film residues. Cotton yield declined by up to 2.6% [2.0, 3.2] with every 100 kg/ha addition of film residue to a residue-free field; 81% of the variance between studies (R2) was explained by film residue loading. The response of potato yield and maize is highly variable with response gradients of −0.2% [−0.7, 0.3] and 0.4% [−0.1, 0.9], respectively, with every 100 kg/ha addition of film residue in the field; the proportion of variance between studies (R2) explained by residue film loading was very low at 4% and 12% for potato and maize, respectively.",NA,NA,NA,NA,NA,NA,NA,NA,NA,NA,NA,NA,NA,NA
Mulching,10.1111/gcb.15043,Soil water retention,Plastic film residue,"Soil water infiltration rate declined by up to 7.9% [4.1, 11.6] and soil water evaporation capacity declined by up to 2.4% [0.4, 4.3] with every 100 kg/ha addition of film residue to a residue-free field.",Film type,All film types have a positive effect on soil moisture with exception for liquid film that have no effect.,Mulching cycle,"Mulching has a positive effect on soil moisture in all crop phases with exception for ""half growing season"".",NA,NA,NA,NA,NA,NA,NA,NA,NA,NA
Grassland conservation and restoration,10.1111/gcb.15315,GHG emissions,NA,NA,NA,NA,NA,NA,NA,NA,NA,NA,NA,NA,NA,NA,NA,NA
Water-saving irrigation practices in non-flooded lands,10.1111/gcb.15636,GHG emissions,NA,NA,NA,NA,NA,NA,NA,NA,NA,NA,NA,NA,NA,NA,NA,NA
Wetland conservation and restoration,10.1111/gcb.15765,Biodiversity,Time since tretament,"For the majority of removal measures such as mowing, tilling/breaking roots and native plant replacement, restoration effects on the diversity, abundance and fitness of native fauna, respectively, triggered by removal time >1 year were greater compared with removal time <1 year. In addition, the measure of waterlogging and mowing decreased the abundance and fitness of native fauna, and these negative effects were significantly enhanced with increasing removal time.",NA,NA,NA,NA,NA,NA,NA,NA,NA,NA,NA,NA,NA,NA
No tillage and reduced tillage,10.1111/gcb.15796,Carbon sequestration,Temperature,Increase,N fertilization,Increase,NA,NA,NA,NA,NA,NA,NA,NA,NA,NA,NA,NA
Crop residue management; No tillage and reduced tillage; Water-saving irrigation practices in flooded lands,10.1111/gcb.15796,Crop yield,NA,NA,NA,NA,NA,NA,NA,NA,NA,NA,NA,NA,NA,NA,NA,NA
Crop residue management; No tillage and reduced tillage; Water-saving irrigation practices in flooded lands,10.1111/gcb.15796,GHG emissions,NA,NA,NA,NA,NA,NA,NA,NA,NA,NA,NA,NA,NA,NA,NA,NA
Leguminous crops,10.1111/gcb.16269,Nutrient leaching and run-off,Soil type,"Among six soil orders, cover cropping in Alfisols suggested a possible increase in nitrate leaching (p > .05) (Figure 3a). Compared with NCC, cover cropping in Ultisols, Mollisols, Histosols, Inceptisols, and Entisols resulted in 77%, 37%, 78%, 77%, and 42% reduction in nitrate leaching, respectively (p < .05). The greatest effect sizes were observed in Ultisols, Histosols, and Inceptisols, while the highest confidence was represented by narrower confidence intervals in Mollisols, Inceptisols, and Entisols. Among soil textural classes, cover cropping in clayey soils suggested a possible increase in nitrate leaching (p > .05) (Figure 3b). However, cover cropping reduced nitrate leaching significantly in all other textural classes. Among textural classes, cover cropping on sandy loam (75%) and sandy (61%) soils exhibited the greatest effect on the reduction of nitrate leaching compared with NCC. The soil textural classes included in the meta-analysis have been sorted by decreasing soil clay content in Figure 3. A general trend of increasing cover crop efficacy in reducing nitrate leaching with increasing soil sand content was evident across soil textural classes",Tillage management,"Cover cropping across tillage intensities significantly reduced nitrate leaching (Figure 4). Adoption of cover cropping in conventionally tilled systems resulted in a 63% decrease in nitrate leaching compared with 50% and 38% of reductions under NT and RT systems, respectively.",NA,NA,NA,NA,NA,NA,NA,NA,NA,NA,NA,NA
Leguminous crops,10.1111/gcb.16269,Soil physico-chemical quality,Soil type,"Among soil orders, cover cropping only on Inceptisols resulted in a significant (p = .047) decrease in water drainage, while no trend existed in water drainage from soils at climax evolution (Ultisols) to newly formed (Entisols) soils (Figure 6a). In contrast to other soil orders, cover cropping on Mollisols resulted in a significant increase in water drainage. Cover crops tended to reduce water drainage moving from sandy to clayey soils, although the effect size was significant only for clay loam (p = .027) and sandy loam (p = .000) soil textural classes. Among main crops, Maize cropping systems with 32% (p = .017) reduction in water drainage showed the greatest CC/NCC (cover crop/no cover crop) effect size (EF = .441).",NA,NA,NA,NA,NA,NA,NA,NA,NA,NA,NA,NA,NA,NA
Agroforestry practices and systems,10.1111/gcb.17036,Carbon sequestration,Climate zone,"Climate zone notably affected AFS impacts on BIAD, with tropical climates showing the highest enhancement (RR = 0.43, p < .015).",NA,NA,NA,NA,NA,NA,NA,NA,NA,NA,NA,NA,NA,NA
Agroforestry practices and systems,10.1111/gcb.17036,Crop yield,Climate zone,"Climate zone notably affected AFS impacts on BIAD, with tropical climates showing the highest enhancement (RR = 0.43, p < .015).",NA,NA,NA,NA,NA,NA,NA,NA,NA,NA,NA,NA,NA,NA
Agroforestry practices and systems,10.1111/gcb.17036,Grassland production,Climate zone,"Climate zone notably affected AFS impacts on BIAD, with tropical climates showing the highest enhancement (RR = 0.43, p < .015).",NA,NA,NA,NA,NA,NA,NA,NA,NA,NA,NA,NA,NA,NA
Agroforestry practices and systems,10.1111/gcb.17036,Soil biological quality,Climate zone,"Climate zone notably affected AFS impacts on BIAD, with tropical climates showing the highest enhancement (RR = 0.43, p < .015).",NA,NA,NA,NA,NA,NA,NA,NA,NA,NA,NA,NA,NA,NA
Agroforestry practices and systems,10.1111/gcb.17036,Soil erosion,Climate zone,"Climate zone notably affected AFS impacts on BIAD, with tropical climates showing the highest enhancement (RR = 0.43, p < .015).",NA,NA,NA,NA,NA,NA,NA,NA,NA,NA,NA,NA,NA,NA
Agroforestry practices and systems,10.1111/gcb.17036,Soil nutrients,Climate zone,"Climate zone notably affected AFS impacts on BIAD, with tropical climates showing the highest enhancement (RR = 0.43, p < .015).",NA,NA,NA,NA,NA,NA,NA,NA,NA,NA,NA,NA,NA,NA
Soil amendment with biochar,10.1111/gcbb.12194,Carbon sequestration,Biochar labile-C content,Low‐C content PyOM induce positive priming on the short term (Fig. S1). Several studies show that PyOM characterized by a low C content contains a larger labile fraction.,Time scale,"Most of the highest positive effect occurred within the first 20 days and with a low PyOM‐C content, while most of the negative priming occurred on a longer time scale",NA,NA,NA,NA,NA,NA,NA,NA,NA,NA,NA,NA
Soil amendment with biochar,10.1111/gcbb.12265,Carbon sequestration,Land use type,The largest increases in SOC content in biochar‐amended treatments were found in rice paddies (mean: 68%; CI: 75% to 128%).,Experimental conditions,"Among the laboratory incubation, greenhouse pot, and field studies, pot studies showed the greatest increases in SOC response to biochar amendment.",Soil pH,"The smallest and greatest effects of biochar on SOC were found in acid soils (mean: 25%; CI: 18% to 23%) and alkaline soils (mean: 53%; CI: 32% to 96%), respectively.",Biochar application rate,"The significant positive response of SOC increased with biochar application rate, ranging from 23% (CI: 17% to 30%) to 59% (CI: 37% to 80%).",Biochar feedstock,"Among all biochar feedstock sources, wood source had the largest enhancement of SOC content (mean: 48%; CI: 32% to 51%). MBC was significantly increased by biochar with a crop residue source (mean: 48%; CI: 32% to 51%).",NA,NA,NA,NA,NA,NA
Soil amendment with biochar,10.1111/gcbb.12265,Soil biological quality,Land use type,NA,Experimental conditions,"Field studies showed significant positive responses of MBC to biochar amendment, while soil MBC content was decreased by biochar amendment in incubation and pot studies",Soil texture,"Biochar amendment significantly increased MBC content in soils with coarse texture, while biochar effects on MBC were not significant in soils with medium and fine textures.",Soil pH,"Biochar amendment had no effect on MBC in neutral or alkaline soils, while it significantly increased soil MBC content by 49% in acid soils (CI: 42% to 85%).",Fertilisation practice,"The response of MBC to biochar amendment was not pronounced in N‐unfertilized soils, while biochar amendment significantly increased MBC by 42% (CI: 26% to 58%) when N fertilizer was applied. The greatest positive combined effects on MBC were found when biochar amendment was coupled with waste compost N fertilizer.",Vegetation presence,MBC response to biochar amendment differed from a 10% decrease (CI: −21% to −6%) in soils without vegetation to a 45% increase (CI: 24% to 76%) in soils with vegetation present.,Biochar application rate,"Soil MBC content was significantly increased by 50% (CI: 34% to 65%) when biochar was applied at lower rates (<20 t ha−1), while biochar amended at relatively higher rate (20−40 t ha−1) led to an 8% decrease in MBC content (CI: −16% to −1%).",Biochar feedstock,Biochar with a wood source led to a decrease in MBC content (mean: −8%; CI: −13% to −3%).
Soil amendment with biochar,10.1111/gcbb.12266,Carbon sequestration,Time scale,"Approximately half of the studies shorter than 0.5 year showed a significantly negative priming effect (−8.6%) following biochar addition, whereas no significant effect was found in studies longer than 0.5 year.",Bioachar feedstock,The crop‐derived biochar addition induced the highest negative priming (−20.3%) compared to other feedstocks.,Biochar pyrolysis temperature,Biochar produced either by fast pyrolysis or at the lowest pyrolysis temperature (200–375 °C) induced significant negative priming compared to other groups for each categorical variable.,Biochar application rate,Small application amount (0.1–1%) induced significant negative priming compared to other groups for each categorical variable.,NA,NA,NA,NA,NA,NA,NA,NA
Organic fertilisation,10.1111/gcbb.12507,Crop yield,Organic fertiliser type,"Wastewater irrigation produced a 61% increase in yield. While this was the greatest yield increase out of all sources, the top four categories had overlapping confidence intervals. Animal manures, however, had a yield response of only 22%, which was significantly lower than sludge or wastewater irrigation.",NA,NA,NA,NA,NA,NA,NA,NA,NA,NA,NA,NA,NA,NA
Crop residue management,10.1111/gcbb.12631,Carbon sequestration,Proportion of residues retained,"Holding other parameters constant, removing 50%–75% stover can further reduce SOC by about 3% when compared to moderate removal. This 3% reduction found by meta-regression was less than half the 7% difference identified in subgroup meta-analysis, due to normalization across site variables (i.e., variations caused by soil properties, tillage, and SOC stock calculation methods). These results indicated that limiting stover removal to a low level (e.g., 30%–40%) could minimize the adverse impacts of stover removal on SOC, as is currently the recommended practice.",Soil organic carbon,"Holding other parameters constant, a positive coefficient suggested a smaller difference in end SOC stock between removal and non-removal treatments. These results indicated that stover removal had a smaller impact on plots with higher SOC content, if other conditions were equivalent. Note that the SOC stock variable refers to the final SOC stock rather than the initial SOC stock, because approximately half of the studies did not report initial SOC values.",SOC reporting method,"In case of residues removal, the equivalent soil mass estimated SOC losses were about 7% less than the fixed-depth measurements.",Intercropping,"In case of residues removal, reductions in SOC stock were 7.5% smaller for plots with corn–soybean rotations than continuous corn.",Duration of treatment,"Negative coefficients for duration (years) suggested that differences in SOC stock between removal and non-removal sites increased with study duration. Differences in SOC stock tend to be larger for longer term studies than short-term studies because changes in SOC stock due to stover removal may accumulate over years. Overall, the magnitudes of differences in annualized SOC change rates were larger for short-term (<5 years) than longer term studies. On average, differences in annualized SOC change rates tended to be negative (mean = −0.63 Mg C ha−1 year−1, SD = 1.63) for short-term studies, but differences in annualized SOC change rates approached zero for longer term (>10 years) studies (mean = −0.08 Mg C ha−1 year−1, SD = 0.94). Even though annualized SOC change tended to decrease with time, accumulated differences in SOC stock were larger for longer term studies, as indicated by meta-regression analysis.",Sampling depth,"Negative coefficients for SOC sampling depth suggested that differences in SOC stock between removal and non-removal sites increased with  sampling depth. Compared to studies focusing on the 0–15 cm profile, reductions in final SOC stock were 4.2% or 9.7% larger on average, in the 0–30 and 0–150 cm profile, respectively. While subgroup analysis suggested that stover removal only affects SOC stock in the 0–30 cm profile, meta-regression results suggested that stover removal influenced SOC stock beyond the 0–30 cm profile.",NA,NA,NA,NA
Soil amendment with biochar,10.1111/gcbb.12720,Crop yield,Crop type,"Biochar amendment significantly increased TB, SB, RB, and CY by 39.2%, 36.4%, 48.1%, and 21%, respectively in the C3 plants, which were significantly higher than those of the C4 plants.",Soil texture,"Biochar amendment significantly increased plant biomass in soils with medium and fine texture, but no changes were observed in soils with coarse texture.",NA,NA,NA,NA,NA,NA,NA,NA,NA,NA,NA,NA
Soil amendment with biochar,10.1111/gcbb.12720,Water use,Crop type,"Biochar amendment led to increases of 30.6% in WUE for C3 plants, while no significant effects were found for C4 plants.",Biochar C/N,WUE significantly decreased with biochar C/N.,NA,NA,NA,NA,NA,NA,NA,NA,NA,NA,NA,NA
Soil amendment with biochar,10.1111/gcbb.12773,Soil biological quality,Biochar application rate,MBC increase by 0.04 (p = .03) with biochar load.,NA,NA,NA,NA,NA,NA,NA,NA,NA,NA,NA,NA,NA,NA
Grassland management,10.1111/geb.12856,Biodiversity,NA,NA,NA,NA,NA,NA,NA,NA,NA,NA,NA,NA,NA,NA,NA,NA
Grazing management,10.1111/geb.13028,Carbon sequestration,Mean annual temperature,"Grazing significantly increased soil C when MAT is < 0, while it significantly decreased soil C with MAT 0-5 °C and >5 °C.",Mean annual precipitation,"Grazing significantly increased soil C when MAP is 400-800 mm and >800 mm, while it significantly decreased soil C with MAP <400 mm.",Altitude,"Grazing significantly increased soil C when altitude is >1500 m , while it significantly decreased soil C with altitude 1500-3000 m and >3000 m.",NA,NA,NA,NA,NA,NA,NA,NA,NA,NA
Grazing management,10.1111/geb.13028,Soil biological quality,NA,NA,NA,NA,NA,NA,NA,NA,NA,NA,NA,NA,NA,NA,NA,NA
Grazing management,10.1111/geb.13028,Soil nutrients,Mean annual temperature,"Grazing increased soil P whith MAT <0 and 0-5 °C, while it has no effect with MAT > 5°C.",Mean annual precipitation,"Grazing significantly increased soil P when MAP is <400 mm and 400-800 mm, while it has no effect with MAP >800 mm.",NA,NA,NA,NA,NA,NA,NA,NA,NA,NA,NA,NA
Grazing management,10.1111/geb.13091,Biodiversity,NA,NA,NA,NA,NA,NA,NA,NA,NA,NA,NA,NA,NA,NA,NA,NA
Agroforestry practices and systems,10.1111/geb.13145,Carbon sequestration,tree age,NA,tree species richness,NA,tree density,NA,previous land-use type,NA,soil depth,NA,Climate zone,NA,NA,NA,NA,NA
Grassland management,10.1111/geb.13196,Biodiversity,NA,NA,NA,NA,NA,NA,NA,NA,NA,NA,NA,NA,NA,NA,NA,NA
Grassland management,10.1111/geb.13196,Grassland production,NA,NA,NA,NA,NA,NA,NA,NA,NA,NA,NA,NA,NA,NA,NA,NA
Landscape features,10.1111/icad.12454,Crop yield,NA,NA,NA,NA,NA,NA,NA,NA,NA,NA,NA,NA,NA,NA,NA,NA
Landscape features,10.1111/icad.12454,Pollination,Field edge management,Arboreal field margins had no effect on biodiversity at the edge of the crop.,Field edge vegetation type,Shrubs field margins had no effect on biodiversity at the edge of the crop.,Pollinator species,The impact of field margins was higher for hoverflies than for wildbees.,NA,NA,NA,NA,NA,NA,NA,NA,NA,NA
Enhanced efficiency fertilisers,10.1111/j.1365-2486.2009.02031.x,Air pollutants emissions,NI type,"Nitrapyrin being the most efficient. Among NI forms, both DCD and DMPP reduce NO emissions from agricultural soils.",Baseline emission,Stronger effect when relatively high mean N2O emissions of a land use.,NA,NA,NA,NA,NA,NA,NA,NA,NA,NA,NA,NA
Grassland management; Enhanced efficiency fertilisers,10.1111/j.1365-2486.2009.02031.x,GHG emissions,UI type,No effect for NBPT,Land use,No effect for upland fields,Soil type,No effect of Andosol upland fields,NA,NA,NA,NA,NA,NA,NA,NA,NA,NA
Grassland conservation and restoration,10.1111/j.1365-2486.2012.02653.x,Soil nutrients,NA,NA,NA,NA,NA,NA,NA,NA,NA,NA,NA,NA,NA,NA,NA,NA
No tillage and reduced tillage,10.1111/j.1365-2486.2012.02779.x,Crop yield,Climate,The yield decline with NT/RT was significantly greater in dry climates (11%) than that in humid climates (3%),Climate*experiment duration,"In humid climates, the decline in yield was only significant for long-term NT/RT implementation (6%), whereas in dry climates the decline was only significant for short-term implementation (12%)",N-fertilization placement,"For studies with deep fertilizer-N placement, NT/RT resulted in a yield decline of 10% compared to CT, while tillage had no significant effect on yield for studies with shallow N placement.",N-fertilization placement*climate,"In humid climates, the yield decline with NT/RT was limited to studies with deep N placement, whereas in dry climates, a significant yield decline with NT/RT was observed for both fertilizer placement categories.",NA,NA,NA,NA,NA,NA,NA,NA
Organic farming systems,10.1111/j.1365-2664.2005.01005.x,Biodiversity,Landscape structure and heterogeneity,NA,NA,NA,NA,NA,NA,NA,NA,NA,NA,NA,NA,NA,NA,NA
Grazing management,10.1111/j.1365-2745.2010.01658.x,Soil biological quality,Treatment type,"Real herbivory of shoots led to the greatest reduction in mycorrhizal colonization (13 percentage points). Real or simulated herbivory of leaves reduced colonization by about 5 percentage points, and simulated herbivory of shoots tended to enhance colonization.",Plant type,"Annual crops suffered the greatest inhibition of mycorrhizal colonization after herbivory (13 percentage points), followed by deciduous trees with a reduction of about 8 percentage points. Perennial grasses showed a reduction of colonization of almost 4 percentage points. Herbivory had no effect on colonization of evergreen trees and increased colonization in mixes of perennial grasses and forbs.",NA,NA,NA,NA,NA,NA,NA,NA,NA,NA,NA,NA
Wetland management,10.1111/j.1461-0248.2009.01351.x,GHG emissions,NA,NA,NA,NA,NA,NA,NA,NA,NA,NA,NA,NA,NA,NA,NA,NA
Landscape features; Agroforestry practices and systems,10.1111/j.1461-0248.2011.01642.x,Pests and diseases,NA,NA,NA,NA,NA,NA,NA,NA,NA,NA,NA,NA,NA,NA,NA,NA
Grassland conservation and restoration,10.1111/j.1466-8238.2008.00399.x,Biodiversity,NA,NA,NA,NA,NA,NA,NA,NA,NA,NA,NA,NA,NA,NA,NA,NA
Grassland management,10.1111/j.1466-8238.2011.00652.x,Biodiversity,N application rate,"The response ratio of species richness showed signiﬁcant negative correlation with cumulative N dose, reducing study-level residual variance by 81%.",NA,NA,NA,NA,NA,NA,NA,NA,NA,NA,NA,NA,NA,NA
Grassland management,10.1111/j.1466-8238.2011.00652.x,Grassland production,NA,NA,NA,NA,NA,NA,NA,NA,NA,NA,NA,NA,NA,NA,NA,NA
Crop rotation,10.1111/j.1469-8137.2005.01490.x,Soil biological quality,NA,NA,NA,NA,NA,NA,NA,NA,NA,NA,NA,NA,NA,NA,NA,NA
Fallowing,10.1111/j.1523-1739.2004.00359.x,Biodiversity,Fallow area,"Large parcels of land were especially beneficial for some indicators of biodiversity. Effect sizes for bird species richness increased significantly with the surface area of the set-aside land. As well, a 10-fold increase in area was associated with an increase of 0.4 SD units for bird density.",Fallow length,Effects on density of plants increased strongly with age.,NA,NA,NA,NA,NA,NA,NA,NA,NA,NA,NA,NA
Agroforestry practices and systems,10.1111/j.1523-1739.2009.01350.x,Biodiversity,bird species,Habitat heterogeneity,Habitat heterogeneity  could provide shelter and feeding resources for generalist species and increase species number.,NA,NA,NA,NA,NA,NA,NA,NA,NA,NA,NA,NA,NA
Landscape features,10.1111/j.1752-4598.2010.00098.x,Biodiversity,NA,NA,NA,NA,NA,NA,NA,NA,NA,NA,NA,NA,NA,NA,NA,NA
Livestock feeding techniques,10.1111/jpn.13341,Animal production,Source of additive,The source of tannin (naturally contained in feed or extracts added to diet) significantly affected milk yield (p < .01). Feed naturally containing tannins improved milk production compared with tannin extracts added to the diet (+4%).,NA,NA,NA,NA,NA,NA,NA,NA,NA,NA,NA,NA,NA,NA
Livestock feeding techniques,10.1111/jpn.13341,Nutrient excretion,Dose,Increasing tannin doses significantly increased Faecal N excretion (p < .001) in both absolute and relative values.,Form in the diet,Condensed tannins causing more faecal excretion than hydrolysable tannins (+15%).,NA,NA,NA,NA,NA,NA,NA,NA,NA,NA,NA,NA
Livestock feeding techniques,10.1111/jpn.13367,Animal production,Source of additive,"In the in vitro studies, coconut oil (CO), lauric acid (LA) and krabok oil (KO) decreased the degradability of DM (23%–33%), while CO, LA and palm kernel oil (PKO) decreased the degradability of NDF (29%–51%) compared with the control (p < .01). In the in vivo experiments, the addition of CO and LA decreased the daily DM intake of the animals by 14%–15% (p = .01), but there was no significant effect on apparent nutrient digestibility by MCFA treatments, except for a slight decrease in digested DM (4%).",NA,NA,NA,NA,NA,NA,NA,NA,NA,NA,NA,NA,NA,NA
Livestock feeding techniques,10.1111/jpn.13367,GHG emissions,Type of experiment,"Coconut oil and myristic acif effectively suppress CH4 production in in vivo experiments by as much as 21% and 38%, respectively, but that lauric acid diets were less effective in decreasing ruminal CH4 emission. However, in vitro CH4 emission was decreased by up to 42% by dietary lauric acid, and dietary mixed lauric and myristic acid, coconut oil and palm kernel oil were also effective in suppressing CH4.",Source of additive,"Among the sources of MCFA, suppression of CH4 production was noted in the following order: coconut oil > lauric acid > myristic acid > mixed lauric and myristic acids > palm kernel oil > canola oil enriched with lauric acids > krabok oil.",Dose,Greater concentrations of dietary MCFA resulted in the reduction of ruminal fer-mentation products and digestibility,NA,NA,NA,NA,NA,NA,NA,NA,NA,NA
Livestock feeding techniques,10.1111/jpn.13853,Animal production,NA,NA,NA,NA,NA,NA,NA,NA,NA,NA,NA,NA,NA,NA,NA,NA
Livestock feeding techniques,10.1111/jpn.13853,Nutrient excretion,NA,NA,NA,NA,NA,NA,NA,NA,NA,NA,NA,NA,NA,NA,NA,NA
Grazing management,10.1111/oik.01416,Pests and diseases,NA,NA,NA,NA,NA,NA,NA,NA,NA,NA,NA,NA,NA,NA,NA,NA
Grazing management,10.1111/oik.04893,Biodiversity,Climate,"There were more extreme negative eﬀects of high versus moderate stocking rate in drier, less productive ecosystems than in more humid and productive ones.",NA,NA,NA,NA,NA,NA,NA,NA,NA,NA,NA,NA,NA,NA
Wetland conservation and restoration,10.1111/rec.12435,Biodiversity,Taxonomic group,"The 95% confidence interval of the effect size values for fish biodiversity was (0.13, 0.47), and the effect size was there-fore significantly greater than zero (p< 0.05), which suggests that environmental flow releases could maintain or increase fish biodiversity, despite the potential ecological risk of invasion by alien species caused by the use of water resources obtained from outside the original ecosystem. In contrast, the 95% confidence interval of the effect size values for plankton was (−0.28, 0.94), and this ES did not differ significantly from 0 (p> 0.05). Thus, environmental flow releases may not clearly benefit plankton biodiversity.",Wetland type,"Biodiversity responses were positive only in river wetlands, and were negative in coastal, lake, and marsh wetlands.",Environmental flow regime,Seasonal minimum flow releases could maintain biodiversity.,Duration of treatment,Long-term environmental flow releases (years to decades) maintained biodiversity.,Change in water flow,Values of a change-in-flow parameter (D) ranging from 0 to 10% improved biodiversity.,NA,NA,NA,NA,NA,NA
Wetland conservation and restoration,10.1111/rec.12435,Soil erosion,NA,NA,NA,NA,NA,NA,NA,NA,NA,NA,NA,NA,NA,NA,NA,NA
Wetland conservation and restoration,10.1111/rec.12435,Water quality,NA,NA,NA,NA,NA,NA,NA,NA,NA,NA,NA,NA,NA,NA,NA,NA
Pesticides reduction strategies,10.1126/science.1139208,Biodiversity,NA,NA,NA,NA,NA,NA,NA,NA,NA,NA,NA,NA,NA,NA,NA,NA
Manure processing techniques; Manure storage techniques,10.1139/cjas-2015-0111,GHG emissions,NA,NA,NA,NA,NA,NA,NA,NA,NA,NA,NA,NA,NA,NA,NA,NA
Leguminous crops,10.1139/cjps-2021-0177,Crop yield,Type of cover and cash crop species,Impact of CCs depended on the type of cash crop and the type of cover crop species (see results),Management system of cover crops,"For Maize, LEG in successive CC system resulted in a 31% increase in Maize yield, which was nearly two times greater than the increase measured in the intercropping system. Similarly, MIX significantly increased Maize yield in successive systems (by 29%), but had no effect in the intercropping systems, although there were nearly six less observations available for intercropped than successive MIX. While GRASS decreased Maize yield by 13% in intercropping systems, this negative effect was only detected as a trend in successive systems (2% yield decrease; p = 0.0688), although eight times more observations were available for successive than intercropped GRASS. NLB did not influence Maize yield in either intercropping (n = 8) or successive systems (n = 97).",Timing of cover crop termination,"For Maize, the effect of CC type on Maize yield also differed depending on termination timing. While the positive effect of LEG and the negative to neutral effect of GRASS was consistent regardless of when the CCs were terminated (spring or fall), MIX and NLB were found to be more beneficial to Maize yield when terminated in spring (promoting a 21% and 17% yield increase, respectively). No significant yield response was indeed observed when MIX or NLB were terminated in the fall (although only four observations corresponded to spring fall terminated NLB given that NLB do generally not overwinter).",NA,NA,NA,NA,NA,NA,NA,NA,NA,NA
Grassland management,10.1186/2047-2382-1-9,Biodiversity,Date of the early cut,"A significant negative influence of the date of the early cut (control) was established (slope = −0.015 with 95% CI −0.025 – −0.005, z= −2.878, P= 0.004). This means that the earlier the cut in the year, the more pronounced the effect on biodiversity of delaying the first cut. On the other hand, when the early cut occurred late in the season (July to August), delaying it had no, or even a negative, effect on plant species richness. Plant species richness reacted differently according to the way mowing was postponed. Delaying mowing from spring to summer had a positive effect, while delaying either from spring to fall, or from early summer to late summer, or from summer to fall had a negative effect.",NA,NA,NA,NA,NA,NA,NA,NA,NA,NA,NA,NA,NA,NA
Grazing management,10.1186/2047-2382-2-6,Biodiversity,NA,NA,NA,NA,NA,NA,NA,NA,NA,NA,NA,NA,NA,NA,NA,NA
Grazing management,10.1186/2047-2382-2-6,Grassland production,NA,NA,NA,NA,NA,NA,NA,NA,NA,NA,NA,NA,NA,NA,NA,NA
Peatland conservation and restoration; Peatland management,10.1186/2047-2382-3-5,GHG emissions,NA,NA,NA,NA,NA,NA,NA,NA,NA,NA,NA,NA,NA,NA,NA,NA
Agroforestry practices and systems,10.1186/s12862-021-01911-9,Biodiversity,study design quality,NA,taxonomic group studied,NA,NA,NA,NA,NA,NA,NA,NA,NA,NA,NA,NA,NA
Landscape features; Wetland conservation and restoration,10.1186/s13750-016-0060-0,Water quality,Temperature,Higher removal efficiency of Tpand TN when temperature increases.,Hydraulic loading rate,Positive correlation between removal efficiency of TP in wetlands and hydraulic loading rate but lower removal efficiency of TN in wetlands when hydraulic loading rate increases.,Wetland area,The TP and removal rates were negatively correlated with wetland area.,Inflow concentration,"TP removal rate was positively correlated with phosphorus concentration at inlet; as well, TN removal rate was found to be positively correlated with the inflow nitrogen concentration.",Hydraulic loading,TN removal rate was positively correlated with hydraulic loading.,NA,NA,NA,NA,NA,NA
No tillage and reduced tillage,10.1186/s13750-017-0108-9,Carbon sequestration,Soil depth,Stronger positive effect at the top soil layer.,NA,NA,NA,NA,NA,NA,NA,NA,NA,NA,NA,NA,NA,NA
Manure processing techniques,10.1186/s13750-020-00211-x,Nutrients recovery,pH,"The response to pH was found to be non-linear, with a maximum average removal found to be around pH 9.5.",Mg:PO4 ratio,"The response in removal efficiency to Mg:PO4 ratio was found to be almost linear, with an average of around 85% removal at 1:1 ratio, increasing to approach almost complete removal at 4:1 ratio.",NA,NA,NA,NA,NA,NA,NA,NA,NA,NA,NA,NA
Manure processing techniques,10.1186/s13750-020-0187-x,Anti-microbial resistance,Temperature,"For composting and aerobic treatments, the maximum temperature ranged between 34 and 86 °C and its effect on the reduction of ARG/MGE relative abundance was not significant (p = 0.54).  For anaerobic digestion, the maximum temperature (mostly fixed during treatment) ranged between 10 and 63 °C and its effect was significant (p = 0.012).",Type of manure,The composting was significantly efficient for chicken and pig manure as well as for other manure mixtures. Variability observed for cow manure could be caused by the presence of co-substrates like wheat straw in variable proportions because a highest straw proportion may lead to manure dilution and so a lower initial ARG/MGE abundance level.,NA,NA,NA,NA,NA,NA,NA,NA,NA,NA,NA,NA
Livestock feeding techniques,10.1186/s40104-018-0305-6,GHG emissions,NA,NA,NA,NA,NA,NA,NA,NA,NA,NA,NA,NA,NA,NA,NA,NA
Organic fertilisation,10.13031/2013.41918,GHG emissions,Mean annual temperature,CH4 emissions showed an increasing trend with increasing annual average temperature.,Annual precipitation,CH4 emissions showed a deceasing trend with increasing annual precipitation.,NA,NA,NA,NA,NA,NA,NA,NA,NA,NA,NA,NA
Livestock feeding techniques,10.13031/aim.202001437,Air pollutants emissions,NA,NA,NA,NA,NA,NA,NA,NA,NA,NA,NA,NA,NA,NA,NA,NA
Livestock feeding techniques,10.13031/aim.202001437,Odour emissions,NA,NA,NA,NA,NA,NA,NA,NA,NA,NA,NA,NA,NA,NA,NA,NA
Wetland conservation and restoration,10.1371/journal.pone.0093507,Biodiversity,Taxonomic group,"Restoration significantly enhanced the diversity of vertebrates (+53%), vascular plants (+45%), and terrestrial (+17%) and aquatic (+15%) invertebrates, but it had no significant effect on macroinvertebrate diversity. Restored and natural wetlands showed similar diversity of vascular plants, aquatic invertebrates, macroinvertebrates and protists. In contrast, these two types of wetlands differed significantly in the diversity of non-native vascular plants, which was 44% lower in restored wetlands, and in vertebrate diversity, which was 37% higher in restored wetlands.",NA,NA,NA,NA,NA,NA,NA,NA,NA,NA,NA,NA,NA,NA
Wetland conservation and restoration,10.1371/journal.pone.0093507,Pests and diseases,NA,NA,NA,NA,NA,NA,NA,NA,NA,NA,NA,NA,NA,NA,NA,NA
Pesticides reduction strategies,10.1371/journal.pone.0111629,Crop yield,Type of country,Yield gains of GM crops are 14 percentage points higher in developing countries than in developed countries.,NA,NA,NA,NA,NA,NA,NA,NA,NA,NA,NA,NA,NA,NA
Pesticides reduction strategies,10.1371/journal.pone.0111629,Pesticide use,Crop type,"Only insect resistant crops cause a consistent reduction in pesticide quantity, not herbicide tolerant crops.",NA,NA,NA,NA,NA,NA,NA,NA,NA,NA,NA,NA,NA,NA
Crop rotation; Leguminous crops,10.1371/journal.pone.0148527,Global warming potential (LCA),Duration of experiment,"Changes in GWP and GHGI due to crop rotation vs. monocrop, corn-soybean vs. continuous corn, and perennial vs. annual crop decreased with increased duration of experiment.; Changes in GWP and GHGI due to crop rotation vs. monocrop, Maize-soybean vs. continuous Maize, and perennial vs. annual crop decreased with increased duration of experiment.",Soil texture,Coarse texture soil can reduce GWP when crop rotation instead of monocropping were used.,Climate,Mean air temperature can increase GWP difference between crop rotation and monocropping.,NA,NA,NA,NA,NA,NA,NA,NA,NA,NA
No tillage and reduced tillage,10.1371/journal.pone.0196703,GHG emissions,Percentage of basal N fertilizer,"High PBN (> 50%) with NT and low PBN (< 50%) with RT benefited the GHG mitigation in upland fields. In paddy fields, NT significantly mitigated the overall GWP by 22.4% when PBN < 50%; whereas increased the overall GWP by 14.9% when PBN = 50%.",NA,NA,NA,NA,NA,NA,NA,NA,NA,NA,NA,NA,NA,NA
Pesticides reduction strategies,10.1371/journal.pone.0200131,Crop yield,Variety,Bollgard II and TwinLink had a higher yield than WideStrike. WideStrike 3 had a higher yield than Bollgard II and than TwinLink.,Time after plantation,The effect decreased from 2010.,Region/geographic area,Yield increase of Bollgard was greater in the Southeast than in the Midsouth.,NA,NA,NA,NA,NA,NA,NA,NA,NA,NA
Pesticides reduction strategies,10.1371/journal.pone.0200131,Pesticide use,Variety,The impact of Bt crops on the number of insecticide intervention was higher when using Bollgard II compared to Bollgard or WideStrike cultivars.,NA,NA,NA,NA,NA,NA,NA,NA,NA,NA,NA,NA,NA,NA
Pesticides reduction strategies,10.1371/journal.pone.0200131,Pests and diseases,Interaction of time after plantation and region,The impact of Bt crops on pest abundance decreased as time progressed in Midsouth. It decreases but increased again after 2010 in the Southeast.,Cultivar,Bollgard II was more efficient than WideStrike and Twin-Link in reducing pest abundance.,NA,NA,NA,NA,NA,NA,NA,NA,NA,NA,NA,NA
Intercropping,10.1371/journal.pone.0200274,Cropping system productivity,Fertiliser application,"More diverse plant communities, when compared to their sole grass counterparts, yielded 66% more total biomass when receiving no N-fertilizer. However, symbiotic effects were less pronounced when sole grass received 8±100 kg N ha-1, resulting in a 32% increase. Effects from intercropping continued to decrease with increased sole grass fertilization comparisons (101±200 and 201±500 kg N ha-1), resulting in 14 and 8% NPP increases, respectively (not significant).",Crop type,"Grasses with C3 photosynthesis, when grown in polycultures with legumes, resulted in a 57% increase from grasslands with grasses alone, whereas C4 grasses resulted in only a 31% increase (LnR = 0.27). Effect of intercropping varied with grass genera: e.g. the summary effect was 2.9 and 2.3 x the magnitude of the control group for Bouteloua and Sorghastrum and only 0.98 for Schedonorus (192, 129, and -2% change,respectively). C4 grass polycultures had 48% greater CP when grown in mixtures compared to monocultures, whereas diverse C3 grass mixtures only increased CP by 21%.",Crop/cultivar combinations,"Warm-season legumes had reduced efficacy in mixtures (27% increase) compared to cool-season legume species. Polyculture yield response for perennial legumes was 50% greater than controls (all sole grass stands with and without fertilizer), followed by a 28% increase for biennial legumes, and a 0% increase for annual legumes. Including only one legume resulted in the highest (P<0.05) percent increase in NPP (52%), whereas two legumes in a mixture resulted in only 6% increases. Warm-season legume polycultures also had higher CP compared to their cool-season counterparts (52 vs. 23%). Annual legume intercrops only increased CP 10% compared to a 38 and 35% for biennial and perennial species, respectively.",Climate,"Effects were greatest (114% change) in Mediterranean climates followed by oceanic (84%), and tropical savanna (65%) environments; conversely, semiarid and subarctic systems had lowest changes (5 and 0% change, respectively)",Soil texture,"A 122% NPP increase was observed in silt clay soils compared to 14% for silt loam soils. Soils with higher cation exchange capacity (i.e., silty clay, clay loam), compared to more drought prone textural classes (i.e., loamy sand and sandy loam) resulted in higher CP.",Temporal treatment establishment,"NPP increase due to intercropping was greatest prior to 1971 (61% change), compared to recent studies (2011±2016; -7% change)",Row distance,Greater grass-legume row distances had improved facilitation (e.g. 31±45 cm resulted in 187% greater CP levels compared to 16±30 cm distances only having a 21% increase),NA,NA
Leguminous crops,10.1371/journal.pone.0200274,Grassland production,Fertilisation rate,Effects from legume intercropping continued to decrease with increased sole grass fertilization comparisons.,Photosynthetic pathway of grasses,"Grasses with C3 photosynthesis, when grown in polycultures with legumes, resulted in a 57% increase from grasslands with grasses alone, whereas C4 grasses resulted in only a 31% increase",Perennial/annual legumes,"Perennial legumes, with assumedly better established and larger root systems (i.e. greater surface area for nodule root infection and greater yield stability during stochastic weather events) had higher total NPP responses. Specifically, polyculture yield response for perennial legumes was 50% greater than controls (all sole grass stands with and without fertilizer), followed by a 28% increase for biennial legumes, and a 0% increase for annual legumes",Number of legumes in association,"Including only one legume resulted in the highest (P<0.05) percent increase in NPP (52%; n = 2,500), whereas two legumes in a mixture resulted in only 6% increases (Table 1). Such reductions could be due to inter and intra-specific competition due to dense grass plantings, thereby not allowing for niche differentiation or separation.",Irrigation,Non-irrigated agro-grassland systems resulted in greater RR (45% change) compared to irrigated studies (3.4%;,Seeding technique,"The highest percent change (i.e. 70%) was observed for legume-grass row spacing of 0–15 cm, thereafter, efficacy declines occurred until 90-cm spacing. This result suggests closer row spacing (i.e. 0-15-cm) is optimal for heightened BNF transfer and rhizodeposition. Also, drilling legumes compared to broadcast seeding and transplanting tended to favor greater facilitation relative to grass only controls",NA,NA,NA,NA
Agroforestry practices and systems; Cover and catch crops; No tillage and reduced tillage,10.1371/journal.pone.0215702,Soil physico-chemical quality,Timing of measurements; Years of treatment; Precipitation,"especially in no-till studies; There was a significant improvement in infiltration rates when cover crop experiments were in place for more than four years (30.0%, confidence interval 1.7–51.3%, representing 34 of the 71 comparisons); Effect of no-till stronger in humid climate",Experimental length; Soil texture,which did not significantly affect results; The effects of cover crops on infiltration rate improvements were greater in coarsely textured soils with higher sand contents and less clay,Soil texture; Associated practices,"There to be a significant increase in infiltration rates when experiments combined cover crops with no-till (compared to no cover crops with no-till; 44.6%, confidence interval 11.6–77.5%)",Combinations of practices,such as no-till with residue retention and cover crops,climate,NA,study location,NA,NA,NA,NA,NA
Crop rotation,10.1371/journal.pone.0219847,Pests and diseases,Weed measurement unit,"Suppression of weed density was greater (p = 0.001) in diverse rotations where individual weed species were measured (-70%) compared to those where multiple weed species
were measured together (-38%).",Temporal variance around crop planting dates,"The effect of crop diversification on weed density is likely linked to associated increases in heterogeneity in the timing of disturbance events, such as planting.",Tillage,The effect of crop diversification on weed density was stronger (p = 0.003) for zero-tillage systems (-65%) compared to tilled systems (-41%),NA,NA,NA,NA,NA,NA,NA,NA,NA,NA
Crop residue management,10.1371/journal.pone.0231740,Crop yield,Crop type,"The results for soybean, rape, and pea overlapped zero, suggesting no significant effect ofcrop residue return on their yields. Wheat crops had the smallest increase in yield associated with crop residue return (2.7%). The effects ofcrop residue return on the yields ofrice and corn crops were 5.3% and 8.0%, respectively.",Irrigation method,"The effect of crop residue return on crop yield was also impacted by the irrigation strategy. Without irrigation, crop residue return increased crop yield by 11.9% compared to no-straw. Crop residue return increased crop yields by 8.5% and 3.4% for paddy and irrigated crops, respectively. The type ofirrigation water used also significantly affected the effect ofcrop residue return on crop yield. Crop residue return increased the yields ofcrops irrigated with fresh water by 4.9%, whereas those ofcrops irrigated with brackish water were reduced by 9.5% compared to no-straw.",Tillage,"For the different tillage measures, the order ofyield increase associated with crop resi- due return was: harrow plowing tillage (14.7%) > chisel plow tillage (9.9%) > rotary tillage (6.0%) > mouldboard plowing tillage (5.5%). No difference in crop yield was recorded between crop residue return and no-straw treatments under no-tillage. Crop residue return increased yields by 6.5% for plow depths >= 20 cm but no difference was recorded for depths < 20 cm.",Fertliser type,"The type of fertiliser also significantly affected the impact ofcrop residue return on crop yield. Where no fertiliser was used, crop residue return had no effect on crop yield compared with no-straw, but increases in crop yield were observed when crop residue return was used in conjunction with fertilisation by NK (20.0%), NP (7.2%), NPK (4.3%), and NPK+ organic fertiliser (15.5%).",Mineral N fertiliser amount applied,"The amount ofN fertiliser also significantly affected the impact ofcrop residue return on yield. Without N fertiliser, crop residue return had no impact on yield compared with no-straw, but at low rates ofN application (0–100 kg N ha-1), crop residue return increased crop yield by 10.8%, which was the highest level of improvement with the various rates of N fertilisation. At medium (100–150 kg N ha-1) and high (>150 kg N ha-1) rates, crop residue return increased yields by 6.3% and 5.1%, respectively, compared to no-straw.",Duration of treatment,"The number ofyears over which crop residue return was practiced significantly affected the effect ofcrop residue return on crop yield. The greatest increases in crop yield were observed with experimental duration ofcrop residue return of 3–10 years (7.1%). No difference in crop yield was observed between treatments with experimental duration > 10 years. An increase in yield of 5.4%, compared to no-straw, was observed for experiments where crop residue return occurred for <= 2 years.",Cropping system type,The type ofcropping system also significantly affected the yield increase associated with crop residue return. The increase was 10.1% in cases with one crop per year and significantly higher for cases with two crops a year (3.5%).,Climate,"Crop residue return increased yields by 9.5% and 6.0% with annual rainfall of>= 800 mm and 400–800 mm, respectively, compared to no- straw. There was no difference when annual rainfall was < 400 mm."
Crop residue management,10.1371/journal.pone.0231740,Water use,Crop type,"Crop residue return significantly increased WUE for corn (13.7%), and wheat (13.2%) compared to no-straw (P < 0.05).",Mineral N fertiliser amount applied,"The greatest increase in WUE caused by crop residue return was recorded for crops with medium rates ofN fertiliser application (100–150 kg ha-1), with a mean increase of23.3%.",Soil organic carbon,"The greatest increase in WUE caused by crop residue return was recorded for crops with medium rates of N fertiliser application (100–150 kg ha-1), with a mean increase of 23.3%. Increases in WUE caused by crop residue return were 25.5% for >= 15 g kg-1, 19.2% for 10–15 g kg-1, and 7.5% for <=10 g kg-1 soil organic matter.",Mean annual temperature,The increase in WUE induced by crop residue return was greater at temperatures < 10 C (19.9%) than at 10–15 C (5.9%).,NA,NA,NA,NA,NA,NA,NA,NA
Livestock housing techniques,10.1371/journal.pone.0232853,Air pollutants emissions,Litter conditioner type,"There was a significant reduction of ammonia with gypsum utilization (SMD = -6.375, IC = -11.354 - -1.396, P = 0.012) and acidifying (SMD = -1.075, IC = -1.898 - -0.251, P = 0.011) as treatments. Alkalizing, adsorbents and superphosphate group did not differ statistically from the control group (P>0.05).",NA,NA,NA,NA,NA,NA,NA,NA,NA,NA,NA,NA,NA,NA
Livestock housing techniques,10.1371/journal.pone.0232853,Animal production,Litter conditioner type,"Favorable response to weight gain in broilers reared in litters treated with acidifiers (SMD = 0.570, IC = 0.095–1.044, P = 0.019); while adsorbents, alkalizers and gypsum did not differ statistically from the control group (P> 0.05). Feed conversion of birds raised in litter treated with gypsum (MD = -0.063; IC = -0.117 - -0.009, P = 0.023) was better than those in the control group, in contrast, alkalizers (MD = 0.034, IC = 0.015–0.053, P <0.001) had a worse feed conversion. Mortality in the treatment with acidifiers there was a significantly reduced when compared to control group (MD = -0.664, CI = -0.932 - -0.397, P<0.001); while in the treatment of alkalizing agents, there was a significant increase in the mortality of broilers (MD = 1,020, IC = 0.648–1,392, P<0.001) and no effect of the treatment of the litter with gypsum (P> 0.05).",NA,NA,NA,NA,NA,NA,NA,NA,NA,NA,NA,NA,NA,NA
Grazing management,10.1371/journal.pone.0236638,Carbon sequestration,NA,NA,NA,NA,NA,NA,NA,NA,NA,NA,NA,NA,NA,NA,NA,NA
Grazing management,10.1371/journal.pone.0236638,Soil biological quality,NA,NA,NA,NA,NA,NA,NA,NA,NA,NA,NA,NA,NA,NA,NA,NA
Grazing management,10.1371/journal.pone.0236638,Soil nutrients,NA,NA,NA,NA,NA,NA,NA,NA,NA,NA,NA,NA,NA,NA,NA,NA
Grazing management,10.1371/journal.pone.0236638,Soil physico-chemical quality,NA,NA,NA,NA,NA,NA,NA,NA,NA,NA,NA,NA,NA,NA,NA,NA
Grazing management,10.1371/journal.pone.0236638,Soil water retention,NA,NA,NA,NA,NA,NA,NA,NA,NA,NA,NA,NA,NA,NA,NA,NA
Livestock feeding techniques,10.1371/journal.pone.0246922,Animal production,NA,NA,NA,NA,NA,NA,NA,NA,NA,NA,NA,NA,NA,NA,NA,NA
Livestock feeding techniques,10.1371/journal.pone.0246922,Global warming potential (LCA),NA,NA,NA,NA,NA,NA,NA,NA,NA,NA,NA,NA,NA,NA,NA,NA
Livestock feeding techniques,10.1371/journal.pone.0246922,Nutrient excretion,NA,NA,NA,NA,NA,NA,NA,NA,NA,NA,NA,NA,NA,NA,NA,NA
Livestock feeding techniques,10.1371/journal.pone.0249053,Animal production,NA,NA,NA,NA,NA,NA,NA,NA,NA,NA,NA,NA,NA,NA,NA,NA
Livestock feeding techniques,10.1371/journal.pone.0249053,GHG emissions,NA,NA,NA,NA,NA,NA,NA,NA,NA,NA,NA,NA,NA,NA,NA,NA
Mulching,10.1371/journal.pone.0262120,Crop yield,Crop type,"The yield of maize and wheat under SM were remarkably increased by 18.61% and 36.36%, respectively, while the effect of SM on rice yield was insignificant.",Irrigation method,"Relative to NSM, drip irrigation, surface irrigation and rainfed under SM all greatly increased crop by 22.76%, 30.60% and 21.35%, respectively.",Mulching material,"Compared with NSM, gravel mulching remarkably increased crop yield by 39.18%, straw mulching only slightly increased crop yield by 10.93%, under plastic mulching, crop yield was increased by 24.23%.",NA,NA,NA,NA,NA,NA,NA,NA,NA,NA
Mulching,10.1371/journal.pone.0262120,GHG emissions,Crop type,"GWP was also increased by 24.68% and 22.54% due to an increase in CO2 emissions from maize and wheat fields by 26.07% and 25.95%, respectively. GWP was drastically reduced by 34.71%. In rice fields, N2O was increased by 50.39%, while CH4was decreased by 55.63%, resulting in the general reduction ofGWP.",Irrigation method,"Surface irrigation and rainfed increased GWP by 18.70% and 32.97%, respectively, as using the above two irrigation methods CO2 were increased by 16.51% and 19.66%, and the increase of N2O was 10.77% and 10.45%, respectively. Besides, drip irrigation slightly reduced GWP by 2.59% due to the decrease of N2O, although CO2 was increased by 26.38%.",Mulching material,"Compared with NSM, grave mulching decreased GWP by 10.86% due to the 12.83% reduction ofCO2. Straw mulching lead to a small increase of GWP (5.61%). Under plastic mulching, GWP was increased by 14.17% due to the increase of CO2.",Mulching patterns,Flat mulching has no effect on GWP while ridge mulching increased GWP. Flat mulching decreased CH4 emissions while ridge mulching has no effect.,Mulching area,Mulching on full area has no effect on GWP while mulching on partial area increased GWP. Mulching on full area decreased CH4 emissions while mulching on partial area has no effect. Mulching on full or partial area shows no difference for N2O emissions.,NA,NA,NA,NA,NA,NA
No irrigation,10.15666/aeer/1801_433446,Crop yield,NA,NA,NA,NA,NA,NA,NA,NA,NA,NA,NA,NA,NA,NA,NA,NA
Livestock housing techniques,10.1590/0103-8478cr20190830,Animal production,NA,NA,NA,NA,NA,NA,NA,NA,NA,NA,NA,NA,NA,NA,NA,NA
Soil amendment with lime and gypsum,10.1590/18069657rbcs20170025,Crop yield,NA,NA,NA,NA,NA,NA,NA,NA,NA,NA,NA,NA,NA,NA,NA,NA
Livestock feeding techniques,10.17221/124/2022-cjas,Animal production,NA,NA,NA,NA,NA,NA,NA,NA,NA,NA,NA,NA,NA,NA,NA,NA
Livestock feeding techniques,10.17221/124/2022-cjas,GHG emissions,NA,NA,NA,NA,NA,NA,NA,NA,NA,NA,NA,NA,NA,NA,NA,NA
Livestock feeding techniques,10.17221/124/2022-cjas,Nutrient excretion,NA,NA,NA,NA,NA,NA,NA,NA,NA,NA,NA,NA,NA,NA,NA,NA
Crop residue management,10.17221/155/2020-SWR,Carbon sequestration,fertilisation,Positive effect of straw decreases when mineral fertilisation is applied.,NA,NA,NA,NA,NA,NA,NA,NA,NA,NA,NA,NA,NA,NA
Grazing management,10.1890/08-1245.1,Pollination,NA,NA,NA,NA,NA,NA,NA,NA,NA,NA,NA,NA,NA,NA,NA,NA
Intercropping,10.1890/09-2026.1,Crop yield,NA,NA,NA,NA,NA,NA,NA,NA,NA,NA,NA,NA,NA,NA,NA,NA
Intercropping,10.1890/09-2026.1,Pests and diseases,NA,NA,NA,NA,NA,NA,NA,NA,NA,NA,NA,NA,NA,NA,NA,NA
Organic farming systems,10.1890/12-0110.1,Biodiversity,Taxon,Relatively uncommon taxa experienced disproportionate density gains when shifting from conventional to organic agriculture.,NA,NA,NA,NA,NA,NA,NA,NA,NA,NA,NA,NA,NA,NA
Leguminous crops; Crop rotation,10.1890/13-0616.1,Carbon sequestration,Cover crop in the rotation; Climate,Rotations without cover crops did not significantly influence TC.; Mean annual temperature and  precipitation correlated positively with rotation effects on TC.,Number of crops in the rotation,"The number of crops included in a rotation had a significant effect on TC. Increasing the number of crops in rotation from two to three increased TC from 1.9% to 7.5%, but adding more than three appeared to have diminishing returns on TC (3.7% for four crops, and 7.7% for five or more crops).",Crop type,"The monoculture crop under comparison to rotation also significantly influenced the rotation effect on TC. Soybeans showed the greatest response to rotation, with an 11% increase in TC, whereas introducing a rotation into corn monocultures did not increase TC.",Cover crop in the rotation,Rotations without cover crops did not significantly influence TC.,NA,NA,NA,NA,NA,NA,NA,NA
Crop rotation,10.1890/13-0616.1,Soil biological quality,Soil texture,Soil clay content was positively correlated with the rotation effect on MBN:TN,Climate,Mean annual temperature correlated positively with rotation effects on MBN and MBN:TN. Mean annual precipitation correlated positively with MBN.,NA,NA,NA,NA,NA,NA,NA,NA,NA,NA,NA,NA
Crop rotation; Leguminous crops,10.1890/13-0616.1,Soil nutrients,Cover crop in the rotation,"Rotations without cover crops did not significantly influence TN. However, three-crop rotations without cover crops increased TN by 7.8%.",Number of crops in the rotation,"The number of crops included in a rotation had a significant effect on TN. Adding one crop to a monoculture (i.e., two crops) increased TN by 2.9%, whereas adding an additional crop increased TN by 10.7%. TN had diminishing increases at three and four crops in rotation, at 6.6% and 11.1%, respectively.",NA,NA,NA,NA,NA,NA,NA,NA,NA,NA,NA,NA
Organic fertilisation,10.2134/ael2019.07.0024,Crop yield,NA,NA,NA,NA,NA,NA,NA,NA,NA,NA,NA,NA,NA,NA,NA,NA
Organic fertilisation,10.2134/ael2019.07.0024,GHG emissions,NA,NA,NA,NA,NA,NA,NA,NA,NA,NA,NA,NA,NA,NA,NA,NA
Leguminous crops; Intercropping,10.2134/agronj13.0590,Cropping system productivity,N fertilization; Crop/cultivar combinations,"Results showed that N fertilization had non-significant effects on average LER and average yield ratio but that the inter-study variability of these effects was large. Nitrogen fertilization was found to significantly decrease the grain proportion of the legume in the mixture and the partial LER of the legume in studies based on C3 cereal intercrops.; In intercrops including C3 species, the N rate seemed to have a negative effect on the LER of the legume. No clear effect was found for intercrops including C4 cereals.
",Crop species,"The meta-analysis showed that the effect of the land equivalent ratio of the cereal on the land equivalent ratio of the legume differed among studies, although it tended to be negative overall, considering all studies together, with a higher cereal land equivalent ratio being associated with a lower land equivalent ratio for the legume. The partial land equivalent ratio of cereals had a negative effect on partial land equivalent ratio of legumes in all studies in which wheat (Triticum aestivum L.) or barley (Hordeum vulgare L.) was intercropped with pea (Pisum sativum L.) or vetch (Vicia sativa L.). By contrast, the effect of partial land equivalent ratio of cereals on partial land equivalent ratio of legumes was highly variable (and mostly positive) in studies in which maize (Zea mays L.) was intercropped with bean (Phaseolus vulgaris L.), soybean [Glycine max (L.) Merr.], cowpea [Vigna unguiculata (L.) Walp. or groundnut (Arachis hypogaea L.) and in studies in which sorghum [Sorghum bicolor (L.) Moench.] or rice (Oryza sativa L.) was intercropped with pigeon pea [Cajanus cajan (L.) Huth], soybean, or cowpea.",NA,NA,NA,NA,NA,NA,NA,NA,NA,NA,NA,NA
Pesticides reduction strategies,10.2134/agronj2015.0512,Crop yield,NA,NA,NA,NA,NA,NA,NA,NA,NA,NA,NA,NA,NA,NA,NA,NA
Pesticides reduction strategies,10.2134/agronj2015.0512,Pesticide use,NA,NA,NA,NA,NA,NA,NA,NA,NA,NA,NA,NA,NA,NA,NA,NA
Enhanced efficiency fertilisers,10.2134/agronj2016.04.0200,Air pollutants emissions,Fertiliser rate,Lower effect when N fertilizer rates increased,NA,NA,NA,NA,NA,NA,NA,NA,NA,NA,NA,NA,NA,NA
Enhanced efficiency fertilisers,10.2134/agronj2016.04.0200,Crop yield,Soil texture,No effect for coarse-textured soils. NBPT rates: no effect for rates >1060 mg/ha.,NA,NA,NA,NA,NA,NA,NA,NA,NA,NA,NA,NA,NA,NA
Crop residue management,10.2134/agronj2016.09.0553,Soil biological quality,Geographical area,Application of NPKS and S had significantly positive effects on Cmic concentration in Northwest and Southeast China. The application of straw with NPK fertiliser resulted in greater MD in Cmic concentration in the Northwest compared with those in northeastern and southeastern China. NPKS had positive effects on Nmic concentration in the Southeast.,Time since treatment,"The mean difference decreased with the duration of the experiment under NPKS and S fertilisation. For Nmic, the mean difference decreased with the duration of the experiment under all fertilisation trials.",Climate,"Changes in Cmic and Nmic in response to NPKS fertilisation were significantly positive under all climatic conditions, with the exception of sites with a MAT < 8°C for Cmic.",NA,NA,NA,NA,NA,NA,NA,NA,NA,NA
Organic fertilisation,10.2134/agronj2016.10.0627,Crop yield,Crop type,"Leafy vegetable crops (e.g., Brassica oleracea L.) demonstrated the greatest yield benefit, whereas yield gains were more modest for root, tuber, and bulb crops (e.g., Manihot esculenta Crantz).",Organic fertiliser type,"Poultry manure and compost was the most commonly used amendment (16 of 53 studies) and provided a yield increase of 76±21%. In contrast, plant‐based amendments (e.g., municipal yard waste compost) increased yield by 27±9% relative to the non‐fertilized controls.",Soil organic matter,"The potential for yield benefits from soil amendment were greatest (56±13%) when soil organic matter was between 1 and 3%. However, in studies where soil organic matter was greater than 3%, the yield increase dropped to 27±10%.",Climate,"Organic amendment increased yield by 52±12% in humid climates, compared to 32±7% in arid climates.",Water management,"Yield gain in rainfed production systems was 49±11%, compared to 34±9% in irrigated systems, though this difference was not statistically different. The majority of rainfed studies, though not all, were located in humid climates (and the majority of irrigated studies were located in arid climates), which explains the observed relationship between climate and irrigation treatment groups.",NA,NA,NA,NA,NA,NA
Organic fertilisation; Manure land application techniques,10.2134/agronj2017.09.0513,Crop yield,Soil pH,"Yield responses increased with decreasing soil pH when PL was applied. Increases in crop yield occurred with PL additions to acidic soils, whereas no positive response was observed in neutral or slightly alkaline soil and a significant negative effect was observed when the pH was greater than 7.
",Tillage,"Poultry litter had a significant greater positive effect under conservation tillage (strip-till or no-till) than that of conventional tillage situations compared to IF. 
",Crop type,"Significantly higher crop yields were observed for corn, cotton, soybean, and peanut from addition of PL to soil when compared with IF, whereas lower yields were observed for bermudagrass hay production.",Organic fertiliser application rate,There was a positive trend for PL application rate on crop yield.,Time before sowing,There was a statistically significant effect for PL application on crop productivity between groups as categorized by PL application time.,Soil texture,"Poultry litter significantly increased yield in loam, sandy loam, and silty-clay loam soils, whereas yields were significantly greater with IF in sand and silty-clay soils; no differences were observed between PL and IF with clay loams or silt loams.

",Duration of treatment,"When continuous yearly PL applications to the same soil reached 3 yr, the long-term benefits of PL on crop productivity became apparent compared with continuous IF application.
",NA,NA
Leguminous crops; Intercropping,10.2134/agronj2017.09.0544,Cropping system productivity,Soil type; Soil texture,"The positive response of hairy vetch–cereal rye mixtures relative to cereal rye monocultures were only observed in coarse-textured soils (mean: 29%; CI: 4–61%) and following Maize harvest (mean: 36%; CI: 9–71%). Relative to hairy-vetch monocultures, the biomass of hairy vetch–cereal rye mixtures was 39% (CI: 16–65%) higher in coarse-textured soils and 96% (CI: 21–218%) higher in medium-textured soils; Compared with monocultures, a more consistent positive response of mixtures on biomass was found on coarse-textured soils",Previous crop,"Compared with monocultures, a more consistent positive response of mixtures on biomass was found following corn (Zea mays L.) rather than soybean [Glycine max (L.) Merr.] harvest.",Growing degree days,"With increasing growing degree days (GDD), the biomass aof mixtures decreased relative to hairy vetch monocultures but increased relative to cereal rye monocultures",NA,NA,NA,NA,NA,NA,NA,NA,NA,NA
Leguminous crops; Intercropping,10.2134/agronj2017.09.0544,Plant nutrient uptake,Time after plantation; Soil texture,"As the cumulative Growing degree days increased, the N content of hairy vetch-cereal rye mixtures increased linearly relative to the N content of cereal rye monocultures.; Compared with monocultures, a more consistent positive response of mixtures on N content was found on coarse-textured soils",Previous cash crop; Previous crop,"Following soybean harvest, the overlap of CI with zero indicates similar N content in the mixtures and cereal rye monocultures.; Compared with monocultures, a more consistent positive response of mixtures on N content was found following corn (Zea mays L.) rather than soybean [Glycine max (L.) Merr.] harvest.",Growing degree days (climate),"With increasing growing degree days (GDD), the N content of mixtures decreased relative to hairy vetch monocultures but increased relative to cereal rye monocultures",NA,NA,NA,NA,NA,NA,NA,NA,NA,NA
Cover and catch crops,10.2134/agronj2017.12.0752,Crop yield,NA,NA,NA,NA,NA,NA,NA,NA,NA,NA,NA,NA,NA,NA,NA,NA
Cover and catch crops,10.2134/agronj2017.12.0752,Pests and diseases,NA,NA,NA,NA,NA,NA,NA,NA,NA,NA,NA,NA,NA,NA,NA,NA
Landscape features; Agroforestry practices and systems,10.2134/jeq2006.0462,Water quality,Buffer width; buffer width,"Effectiveness was not related to buffer width when analyzing buffers within width categories (P . 0.5, Table 1), suggesting that any effect of buffer width on nitrogen removal occurs only after buffer size reaches a width threshold. Nitrogen removal effectiveness of buffers .50 m wide was greater than that of buffers 0 to 25 m, whereas effectiveness of buffers 26 to 50 m did not differ fromthe other categories.; Wider buffers generally remove more nitrogen, with specific width categories showing varying effectiveness.",Water flow path; flow path,Nitrogen removal effectiveness also differed by flow pattern. Subsurface removal of nitrogen was much more efficient than surface removal.; surface vs. subsurface,Buffer vegetation type,Overall nitrogen removal effectiveness did not vary by buffer vegetation type suggesting that all buffers were equally effective at removing nitrogen.,NA,NA,NA,NA,NA,NA,NA,NA,NA,NA
Landscape features,10.2134/jeq2007.0437,Soil erosion,Buffer width,With increasing buffer width sediment trapping efficacy is improved.,Buffer slope,"On buffers with steeper slopes runoff tends to flow through the buffer too fast, thus reducing sediment trapping efficacy to unacceptably low values.",NA,NA,NA,NA,NA,NA,NA,NA,NA,NA,NA,NA
Landscape features,10.2134/jeq2008.0496,Soil erosion,Buffer width,The removal efficacy increases quickly with increase in buffer width and the rate of increase becomes smaller as the buffer gets wider until the efficacy approaches a maximum value (the removal capacity).,Buffer slope,The break point where the relationship between buffer slope and sediment removal efficacy changes from positive to negative is estimated to be 10% with a 95% of confidence interval of 8.14 to 11.72%.,Buffer vegetation type,Buffers composed of only grasses or trees remove more sediment than that with mixed grasses and trees.,NA,NA,NA,NA,NA,NA,NA,NA,NA,NA
Landscape features,10.2134/jeq2008.0496,Water quality,Buffer width,The removal efficacy increases quickly with increase in buffer width and the rate of increase becomes smaller as the buffer gets wider until the efficacy approaches a maximum value (the removal capacity).,Buffer vegetation type,Buffers composed of trees had a higher removal efficacy than buffers composed of grasses or mixed grasses and trees.,NA,NA,NA,NA,NA,NA,NA,NA,NA,NA,NA,NA
Landscape features,10.2134/jeq2010.0510,Water quality,NA,NA,NA,NA,NA,NA,NA,NA,NA,NA,NA,NA,NA,NA,NA,NA
No tillage and reduced tillage,10.2134/jeq2017.03.0121,Nutrient leaching and run-off,Climate,NT was less effective in controlling P loss (dissolved and particulate) in dryland than in non-dryland regions.,Slope gradient,"NT farming was most effective at reducing particulate P loss when slope gradient was in the 0 to 3% range. On steeper slopes (4–9%), there was no significant difference between NT and CT with respect to particulate P load. On steeper slopes, we also found similar concentration of dissolved P between NT and CT, but a significantly larger dissolved P load with NT.",Crop type,"For fields planted with corn, in which dissolved P concentration and load with NT and CT were similar. NT failed to reduce the concentration of particulate and total P from fields planted with soybean.",Time since treatment,"Although a general reduction in the concentration and load of total P was achieved with NT adoption, these positive impacts seem to vanish with longer NT duration. No significant difference was found between CT and medium-term NT in terms of total P concentration and load, suggesting a possible effect of NT duration in determining the effectiveness of NT as a management strategy to control the diffuse loss of P in agricultural watersheds.",Aridity,NT was generally not effective in controlling dissolved P loss but was more so during dry years compared with wet or normal years,NA,NA,NA,NA,NA,NA
Manure land application techniques; Manure processing techniques; Manure storage techniques; Livestock feeding techniques; Livestock housing techniques,10.2134/jeq2017.05.0199,Air pollutants emissions,NA,NA,NA,NA,NA,NA,NA,NA,NA,NA,NA,NA,NA,NA,NA,NA
Manure land application techniques; Manure processing techniques; Manure storage techniques; Livestock feeding techniques; Livestock housing techniques,10.2134/jeq2017.05.0199,GHG emissions,NA,NA,NA,NA,NA,NA,NA,NA,NA,NA,NA,NA,NA,NA,NA,NA
Grazing management,10.2134/jeq2017.08.0313,Carbon sequestration,NA,NA,NA,NA,NA,NA,NA,NA,NA,NA,NA,NA,NA,NA,NA,NA
Grazing management,10.2134/jeq2017.08.0313,Soil nutrients,NA,NA,NA,NA,NA,NA,NA,NA,NA,NA,NA,NA,NA,NA,NA,NA
Crop residue management; Water-saving irrigation practices in flooded lands,10.2134/jeq2017.11.0445,GHG emissions,NA,NA,NA,NA,NA,NA,NA,NA,NA,NA,NA,NA,NA,NA,NA,NA
Cover and catch crops; Leguminous crops,10.2134/jeq2018.03.0107,Crop yield,NA,NA,NA,NA,NA,NA,NA,NA,NA,NA,NA,NA,NA,NA,NA,NA
Cover and catch crops; Leguminous crops,10.2134/jeq2018.03.0107,Nutrient leaching and run-off,Soil texture,"Although not significantly different, there was a trend toward greater effectiveness of nonleguminous cover crops in NO3− leaching reduction on coarse-textured soils (mean = −65%, 99% CI = −77 to −49%) than on fine-textured soils (mean = −43%, 99% CI = −59 to −20%).",Cover crop species,"Compared with no cover crop controls, grasses and broadleaf species reduced NO3− leaching by 50% (99% CI = −61 to −37%) and 67% (99% CI = −77 to −54%), respectively.",Planting dates,"Early-planted nonleguminous cover crops significantly reduced NO3− leaching compared with no cover crop controls (mean reduction of 64, 60, and 49% for August-, September-, and October-planted nonlegume cover crops, respectively). When planting nonleguminous cover crops after November, there was no advantage of having a cover crop on NO3− leaching (mean = −28%, 99% CI = −50 to 3%).",Cover crop biomass production,"Reduction in NO3− leaching with nonleguminous cover crops was significantly greater in the higher shoot biomass categories of 4 to 8 Mg ha−1 (mean = −74%, 99% CI = −83 to −59%) and >8 Mg ha−1 (mean = −71%, 99% CI = −80 to −58%) than in the lower biomass category of <1 Mg ha−1 (mean = −36%, 99% CI = −53 to −13%).",Mean annual precipitation,"The effectiveness of nonleguminous cover crops in reducing NO3− leaching decreased linearly with increase in precipitation relative to the long-term mean precipitation. In other words, nonleguminous cover crops were slightly better at reducing NO3− leaching in drier years (years with precipitation below the long-term average) than in wet years (years with precipitation above the long-term average).",NA,NA,NA,NA,NA,NA
Landscape features,10.2134/jeq2018.03.0120,Nutrient leaching and run-off,Duration of treatment,"According to a meta-regression, the buffer zone efficiency in reducing NO3–N and the total N in surface runoff decreased with increasing buffer zone age.",NA,NA,NA,NA,NA,NA,NA,NA,NA,NA,NA,NA,NA,NA
Green manure; Leguminous crops,10.2135/cropsci2005.0014,Crop yield,Cover crop type,"Legume cover crop enhance crop yield, especially at zero or low N rate.",NA,NA,NA,NA,NA,NA,NA,NA,NA,NA,NA,NA,NA,NA
Crop rotation,10.2135/cropsci2017.02.0079,Crop yield,NA,NA,NA,NA,NA,NA,NA,NA,NA,NA,NA,NA,NA,NA,NA,NA
Cover and catch crops,10.2135/cropsci2018.09.0589,Pests and diseases,Cover crop biomass production,Cover crop biomass was inversely related to the level of weed biomass (r2 = 0.67) and weed density (r2 = 0.64); increase in cover crop biomass provided greater weed suppression.,Sowing season,"Fall-sown cover crops provided greater weed suppression in the summer (R* = 0.19, 95% CI = 0.09–0.38) than spring-sown cover crops (R* = 0.48, 95% CI = 0.47–0.64).",Seeding rate,"Cover crop seeding rate affected (P < 0.01) weed suppression, such that weed biomass and density were reduced by increasing seeding rate of cover crops from the 1× seeding rate (R* = 0.50, 95% CI = 0.35–0.62) to 2× (R* = 0.27, 95% CI = 0.25–0.32) or 3× (R* = 0.10, 95% CI = 0.25–0.29).",Ternination period,"Weed suppression by cover crops terminated late was greater (R* = 0.29, 95% CI = 0.21–0.45) than for those terminated early (2-wk interval; R* = 0.74, 95% CI = 0.48–1.02) in spring.",Cash crop seeding time,"Delayed crop planting by 1 to 4 wk after termination of cover crop increased the response ratio (i.e., less weed suppression) from 0.13 (95% CI = 0.06–0.27) to 0.74 (95% CI = 0.62–0.88)",Tillage management,"Cover crops provided greater weed suppression with either conventional or reduced tillage (R* = 0.19, 95% CI = 0.06–0.21) than with no tillage (R* = 0.29, 95% CI = 0.22–0.39).",Herbicides use,Supplementing cover crops with residual or postemergence herbicides reduced weeds compared with only a single or mixed cover crop species.,NA,NA
Cover and catch crops; Leguminous crops,10.2135/cropsci2018.10.0603,Crop yield,Termination type; Termination method,"Tilling in (incorporation) a cover crop without initially killing it with herbicides resulted in increased seed cotton yield by 42%. Use of herbicides and not mechanically tilling in the cover crop had negligible effects on seed cotton yield. These findings were similar for lint yield, although the influence of tilling alone was considerably smaller (14%).",Soil type,"Seed cotton yield on sandy loam soils increased on average of 58% from cover cropping but not lint yield (−1%). There was essentially no effect of cover crops on silt loam or loamy sand. The cover-crop-induced increase of 14% in clay soils was not significant. The greatest and only significant influence of cover cropping on lint yield has been associated with loam soils (42% increase, Fig. 7). Loamy soils typically possess more nutrients and retain moisture well but also have better drainage than some other soil textures (USDA, 2016). These characteristics may explain why there was such a marked increase in lint yield in loam soils compared with other soil textures.",NA,NA,NA,NA,NA,NA,NA,NA,NA,NA,NA,NA
Cover and catch crops; Leguminous crops,10.2135/cropsci2018.10.0603,Pests and diseases,NA,NA,NA,NA,NA,NA,NA,NA,NA,NA,NA,NA,NA,NA,NA,NA
Crop rotation; Leguminous crops,10.2136/sssaj2002.1930,Carbon sequestration,Tillage,"Enhancing rotation complexity, while already using no-till, did not result in a significant increase in SOC, whikle it did under conventional tillage.",Number of crops in the rotation,Enhancing rotation complexity increased mean C sequestration rate a part from corn to corn–soybean rotations.,NA,NA,NA,NA,NA,NA,NA,NA,NA,NA,NA,NA
No tillage and reduced tillage,10.2136/sssaj2007.0342,Carbon sequestration,NA,NA,NA,NA,NA,NA,NA,NA,NA,NA,NA,NA,NA,NA,NA,NA
Enhanced efficiency fertilisers,10.2136/sssaj2016.06.0179,Crop yield,Crop type,"NI significantly increased rice and wheat yields by 5.5% (CI: 0.1–12%) and 7.2% (CI: 4.6–9.6%), respectively, but not corn yield compared with conventional N fertilizers.",NI type,"DCD and DMPP significantly increased crop yields compared with conventional N fertilizers, while nitrapyrin was not effective in increased yield crop.",NA,NA,NA,NA,NA,NA,NA,NA,NA,NA,NA,NA
Enhanced efficiency fertilisers,10.2136/sssaj2016.06.0179,GHG emissions,Soil pH,"No effect of DI in acidic soils. The effect of NI on N2O emission reduction was lower in alkaline soils (mean: −21%, CI: −27 to −16%) than in acidic (mean: −59%, CI: −77 to −40%) or neutral soils (quantitative effect not give, but CI overlaps with CI of NI effect in acidic soil).",Fertilizer placement,Stronger effect of DI when applied as banded,Water management,Stronger effect of DI in irrigated systems,NI type,"Among the most commonly used NI, dicyandiamide (DCD) and 3,4-dimethylpyrazol phosphate (DMPP) significantly reduced N2O emissions.",Crop type,"NI were more effective in reducing N2O emissions in corn (mean: −51%, CI: −61 to −42%) than wheat (mean: −30%, CI: −36% to −24%) or rice (mean: −27%, CI: −37 to −18%).",Fertiliser timing application,"The effect of NI on N2O emission depended on fertilizer timing application. When split applied, the addition of NI significantly reduced N2O emissions by 53% (CI: −62 to −46%) and when all N fertilizers were applied at or before planting as a single dose, the addition of NI significantly reduced N2O emissions by 26% (CI: −33 to −19%) compared with conventiol N fertilizers.",NA,NA,NA,NA
Enhanced efficiency fertilisers,10.2136/sssaj2016.09.0281,GHG emissions,NA,NA,NA,NA,NA,NA,NA,NA,NA,NA,NA,NA,NA,NA,NA,NA
Cover and catch crops,10.2136/sssaj2017.03.0077,Soil physico-chemical quality,NA,NA,NA,NA,NA,NA,NA,NA,NA,NA,NA,NA,NA,NA,NA,NA
Cover and catch crops,10.2136/sssaj2017.03.0077,Soil water retention,NA,NA,NA,NA,NA,NA,NA,NA,NA,NA,NA,NA,NA,NA,NA,NA
Crop rotation,10.2136/sssaj2017.07.0245,Crop yield,NA,NA,NA,NA,NA,NA,NA,NA,NA,NA,NA,NA,NA,NA,NA,NA
Cover and catch crops; Crop rotation; Leguminous crops,10.2136/sssaj2017.07.0245,Soil nutrients,Number of crops in the rotation,"An increase from a single crop system (i.e., continuous cropping system) to a two-crop rotation (corn–soybean systems included) did not affect PMN. The positive effect of crop rotation was limited to the comparisons of three different crops in rotation versus continuous crop systems. Potentially mineralizable nitrogen was 44% higher in the three-crop than in the single-crop systems.",NA,NA,NA,NA,NA,NA,NA,NA,NA,NA,NA,NA,NA,NA
Enhanced efficiency fertilisers,10.22069/IJPP.2014.1371,Crop yield,NA,NA,NA,NA,NA,NA,NA,NA,NA,NA,NA,NA,NA,NA,NA,NA
Crop rotation; Organic farming systems,10.2489/jswc.69.5.422,Carbon sequestration,Soil depth,"Use of ≥3-year rotations contributed to increases in SOC of 25%, 7%, 8%, and 14% in comparisons across the four sampling depths (0-10, 0-15, 0-20, 0-30).",NA,NA,NA,NA,NA,NA,NA,NA,NA,NA,NA,NA,NA,NA
Green manure; Cover and catch crops; Leguminous crops,10.2489/jswc.69.6.471,GHG emissions,N fertilisation rate,"Especially when no additional N is applied (zero N application rate), legumes exhibited negative effects, compared to the bare-soil control.   Fertilized plots had positive LRRs, and nonfertilized plots had negative LRRs.",Period of Nitrous Oxide Measurement,The highest LRRs were data points measuring during the cover crop decomposition period. Data points based on measurements made across an entire year had an average response ratio close to zero compared to the other periods of measurement.,NA,NA,NA,NA,NA,NA,NA,NA,NA,NA,NA,NA
Cover and catch crops,10.2489/jswc.69.6.471,Nutrient leaching and run-off,No factor reported,NA,NA,NA,NA,NA,NA,NA,NA,NA,NA,NA,NA,NA,NA,NA
Cover and catch crops; Leguminous crops,10.2489/jswc.72.3.226,Crop yield,Nitrogen fertilisation rates,"Within legume winter cover crops, the response ratio (yield difference) decreased with increasing exogenous) nitrogen fertilisation rates. For low N rates (0 to 99 kg ha–1 [0 to 88.3 lb ac–1]), corn yields were significantly higher following a legume winter cover crops than following no cover. As N rates increased from 100 to 199 kg ha–1 (89.2 to 177.5 lb ac–1), yield increases following a legume winter cover crops were only 9%. Yields for legume winter cover crops and NC were not significantly different when N fertilizer was 200 kg ha–1 (178.4 lb ac–1) or higher.; Within legume winter cover crops, the response ratio (yield difference) decreased with increasing exogenous) nitrogen fertilisation rates. For low N rates (0 to 99 kg ha–1 [0 to 88.3 lb ac–1]), Maize yields were significantly higher following a legume winter cover crops than following no cover. As N rates increased from 100 to 199 kg ha–1 (89.2 to 177.5 lb ac–1), yield increases following a legume winter cover crops were only 9%. Yields for legume winter cover crops and NC were not significantly different when N fertilizer was 200 kg ha–1 (178.4 lb ac–1) or higher.",Termination of cover crop before main crop,Mixture cover crops increased corn yields by 30% when the cover crop was late terminated (zero to six days before subsequent corn).; Mixture cover crops increased Maize yields by 30% when the cover crop was late terminated (zero to six days before subsequent Maize).,NA,NA,NA,NA,NA,NA,NA,NA,NA,NA,NA,NA
Livestock feeding techniques,10.2527/jas.2006-674,GHG emissions,NA,NA,NA,NA,NA,NA,NA,NA,NA,NA,NA,NA,NA,NA,NA,NA
Organic fertilisation,10.2760/373351,Air pollutants emissions,Organic fertiliser C/N ratio,Nitrogen utilisation efficiency increases with decreasing C/N content.,Organic fertiliser mineral N/total N ratio,Nitrogen utilisation efficiency increases with increasing relative mineral-N content (relative to Total-N content) in the organic fertiliser.,NA,NA,NA,NA,NA,NA,NA,NA,NA,NA,NA,NA
Organic fertilisation,10.2760/373351,Nutrient leaching and run-off,Organic fertiliser C/N ratio,Nitrogen utilisation efficiency increases with decreasing C/N content.,Organic fertiliser mineral N/total N ratio,Nitrogen utilisation efficiency increases with increasing relative mineral-N content (relative to Total-N content) in the organic fertiliser.,NA,NA,NA,NA,NA,NA,NA,NA,NA,NA,NA,NA
Organic fertilisation,10.2760/373351,Plant nutrient uptake,Organic fertiliser C/N ratio,Nitrogen utilisation efficiency increases with decreasing C/N content.,Organic fertiliser mineral N/total N ratio,Nitrogen utilisation efficiency increases with increasing relative mineral-N content (relative to Total-N content) in the organic fertiliser.,NA,NA,NA,NA,NA,NA,NA,NA,NA,NA,NA,NA
Livestock feeding techniques,10.3168/jds.2012-5923,Animal production,NA,NA,NA,NA,NA,NA,NA,NA,NA,NA,NA,NA,NA,NA,NA,NA
Livestock feeding techniques,10.3168/jds.2012-5923,GHG emissions,Dry matter intake,A unit (kg/d) increase in DMI from its mean reduced (P = 0.020) potential monensin-induced CH4 mitigation in dairy cows by 1.4 g/d. Also positively associated (P =0.017) with the monensin effect on dietary gross energy lost as CH4 in dairy cows.,Feed's content in ether extract,A unit (g/kg of DM) increase in dietary EE  from its mean increased the monensin effect in dairy cows by 4.3 g/d.,Dose,A unit increase in NDF content from its mean further increased monensin-induced CH4 mitigation in beef steers by 0.05 g/d (P = 0.095).,NA,NA,NA,NA,NA,NA,NA,NA,NA,NA
Livestock feeding techniques,10.3168/jds.2018-14456,GHG emissions,Dose,A 10 mg/kg of dry matter increase in NOP dose from its mean (123 mg/kg of DM) enhanced (P = 0.016) the NOP effect on CH4 production decline by 1.76 ± 0.441% and enhanced (P = 0.043) that on CH4 yield decline by 1.58 ± 0.544%.,Animal type,Higher NOP doses (mg/kg of dry matter) are required for beef cattle than for dairy cattle to achieve a similar reduction in CH4 emission.,NA,NA,NA,NA,NA,NA,NA,NA,NA,NA,NA,NA
Livestock feeding techniques,10.3168/jds.2018-15785,Animal production,NA,NA,NA,NA,NA,NA,NA,NA,NA,NA,NA,NA,NA,NA,NA,NA
Livestock feeding techniques,10.3168/jds.2018-15785,GHG emissions,NA,NA,NA,NA,NA,NA,NA,NA,NA,NA,NA,NA,NA,NA,NA,NA
Livestock feeding techniques,10.3168/jds.2020-18541,GHG emissions,Dose,The effectiveness of nitrate in reducing CH4 production was positively associated with nitrate dose (P < 0.001). A 1 g/kg of DM increase in nitrate dose from its mean (16.7 g/kg of DM) enhanced the nitrate antimethanogenic effect on CH4 production by  0.904  ±  0.1461%.,Animal type,"Nitrate has a stronger CH4 yield mitigating effect for dairy cattle than for beef cattle, and that a higher nitrate dose is required for beef cattle to obtain the same CH4 yield mitigation compared with dairy cattle. The efficacy of nitrate utilization appears to be greater and the potential of the nitrate inhibitory effect seems enhanced in dairy cattle, perhaps through a more complete nitrate reduction.",Form in the diet,"Nitrate provided in encapsulated form was given to only beef cattle in our database. Slow-release nitrate might have a lower capacity to decrease CH4 emissions because it may have been washed out of the rumen before the nitrate is released to be reduced to ammonia, contributing to differences in type of cattle.",NA,NA,NA,NA,NA,NA,NA,NA,NA,NA
Livestock feeding techniques,10.3168/jds.2022-22211,GHG emissions,Additive dose,"The effect of 3-NOP dose in all individual models was significant (results not presented) and showed that the larger the 3-NOP dose, the greater the relative reduction of each unit of expression of CH4.",Dose,"For CH4 production Dietary NDF content was a significant explanatory variable (P = 0.023), where both τ 2 and LOOCV RMSE reduced from 23% and 7.95%, respectively, when only 3-NOP dose was included to 21% and 7.34%, respectively, when both 3-NOP dose and NDF content were included in the model (I2 = 61%). For CH4 yield dietary NDF content was a significant explanatory variable (P = 0.003), where both τ 2 and LOOCV RMSE reduced from 22% and 8.32%, respectively, when only 3-NOP dose was included to 19% and 7.76%, respectively, when both 3-NOP dose and NDF content were included in the model (I2 = 60%). Also for CH4 intensity, dietary NDF content was significant (P< 0.001), where both τ 2 and LOOCV RMSE reduced from 8.2% and 6.69%, respectively, when only 3-NOP dose was included to 5.9% and 5.94%, respectively, when both 3-NOP dose and NDF content were included in the model (I2 = 20%). For all 3 units of CH4 emission (production, yield, and intensity), dietary NDF content contributed significantly in addition to 3-NOP dose.",Dry matter intake,"For CH4 intensity, an additional explanatory variable, DMI, had a significant effect (P = 0.037) when added individually with 3-NOP dose, suggesting that greater DMI leads to more reduction in CH4 intensity.",NA,NA,NA,NA,NA,NA,NA,NA,NA,NA
No tillage and reduced tillage,10.3220/LBF1512114926000,Soil biological quality,Time,Stronger effect on the long term,NA,NA,NA,NA,NA,NA,NA,NA,NA,NA,NA,NA,NA,NA
Livestock feeding techniques,10.3389/fanim.2023.1214076,Animal production,NA,NA,NA,NA,NA,NA,NA,NA,NA,NA,NA,NA,NA,NA,NA,NA
Livestock feeding techniques,10.3389/fanim.2023.1214076,Nutrient excretion,NA,NA,NA,NA,NA,NA,NA,NA,NA,NA,NA,NA,NA,NA,NA,NA
Agroforestry practices and systems,10.3389/fenvs.2022.949185,Grassland production,evapotranspiration,NA,major region (Tropical vs. Temperate),NA,C3/C4 species,NA,rainfall,NA,temperature,NA,irradiance,NA,NA,NA,NA,NA
Livestock feeding techniques,10.3389/fmicb.2019.02648,Animal production,NA,NA,NA,NA,NA,NA,NA,NA,NA,NA,NA,NA,NA,NA,NA,NA
Livestock feeding techniques,10.3389/fmicb.2019.02648,GHG emissions,NA,NA,NA,NA,NA,NA,NA,NA,NA,NA,NA,NA,NA,NA,NA,NA
Mulching,10.3389/fpls.2022.825309,Crop yield,Tillage intensity,Straw mulching significantly decreased winter wheat yield with conventional tillage but increased with no-tillage and subsoil tillage.,Soil texture,"Fallow mulching also decreased wheat yield in medium soil, but increased in fine and coarse soils",Climate,The RR of wheat yield to fallow mulching compared to no mulching was only positive when MAP was < 400 mm and MAT < 8°C but not significant for other climatic conditions.,NA,NA,NA,NA,NA,NA,NA,NA,NA,NA
Mulching,10.3389/fpls.2022.825309,Soil water retention,Tillage intensity,"Strong interactions with tillage were found for all fallow mulching practices except for film mulching. Cover cropping effect on PSE compared to no mulching was neutral with conventional tillage (CT) but positive with no-tillage (NT). Similarly, compared to no mulching, fallow stubble mulching had no effect on PSE with CT and reduced-tillage (RT), but increased PSE with NT and sub-soil tillage.",Soil texture,"Fallow mulching had no effect on PSE in medium soils, but increased PSE in fine and coarse soils with a greater RR value in coarse than fine soils",Mean annual temperature,The RR of PSE to fallow mulching compared to no mulching was greater when mean average temperature (MAT) was <8°C than 8–15°C. Positive effect of fallow mulching on SWSp was only observed when MAT was > 15°C.,Mean annual precipitation,Fallow mulching increased SWSp when mean annual precipitation was < 400 and > 600 mm but decreased when it was 400–600 mm.,NA,NA,NA,NA,NA,NA,NA,NA
Mulching,10.3389/fpls.2022.825309,Water use,Tillage intensity,"When combined with tillage methods, however, film mulching increased WUE with no-tillage, and stubble mulching decreased with reduced tillage.",Soil texture,Fallow mulching also decreased wheat WUE in fine and medium soils but had a neutral effect in coarse soil,Mean annual temperature,The RR of wheat WUE to fallow mulching compared to no mulching was negative when MAT was >8°C,NA,NA,NA,NA,NA,NA,NA,NA,NA,NA
Organic farming systems,10.3389/fsufs.2019.00082,Biodiversity,NA,NA,NA,NA,NA,NA,NA,NA,NA,NA,NA,NA,NA,NA,NA,NA
Organic farming systems,10.3389/fsufs.2019.00082,Carbon sequestration,Region (or certification guidelines),Stronger effect in the US than in Europe.,Crop type,Stronger effect on annuals than on perenials.,NA,NA,NA,NA,NA,NA,NA,NA,NA,NA,NA,NA
Organic farming systems,10.3389/fsufs.2019.00082,Crop yield,NA,NA,NA,NA,NA,NA,NA,NA,NA,NA,NA,NA,NA,NA,NA,NA
Agroforestry practices and systems,10.3389/fsufs.2021.606631,Crop yield,Tree Age,"As tree age increases, relative yield decreases for both cereals and fodder crops (RY = 96.54 - 2.63 * TreeAge, P < 0.0001).",Tree Density,"Higher tree density leads to a decrease in relative yield (RY = 116.44 - 0.2 * TreeDensity, P = 0.03).",NA,NA,NA,NA,NA,NA,NA,NA,NA,NA,NA,NA
Agroforestry practices and systems,10.3389/fsufs.2021.606631,Grassland production,Tree Age,"As tree age increases, relative yield decreases for both cereals and fodder crops (RY = 96.54 - 2.63 * TreeAge, P < 0.0001).",Tree Density,"Higher tree density leads to a decrease in relative yield (RY = 116.44 - 0.2 * TreeDensity, P = 0.03).",NA,NA,NA,NA,NA,NA,NA,NA,NA,NA,NA,NA
Agroforestry practices and systems,10.3389/fsufs.2023.1167686,Crop yield,soil cation exchange capacity,NA,soil organic carbon,NA,total nitrogen,NA,soil extractable phosphorus,NA,NA,NA,NA,NA,NA,NA,NA,NA
Crop residue management,10.3390/agriculture10110546,GHG emissions,Residue C/N ratio,"The effect size of the subgroup C/N ratio <25 was significantly higher than those in subgroups with higher C/N ratio. The removal of crop residues with a low C/N ratio (<25) led to 76% lower N2O emissions in comparison to the control (effect size: 0.24; CIs: 0.140–0.414). The relative N2O emissions of the remaining groups (all groups C/N-ratio >25) were distinctively less (between 6 and 9% lower than in the control treatment). For the groups with C/N ratios between 25 and 100, the effect sizes varied between 0.91 and 0.94. For the subgroup C/N ratio 25 - <50, 75 - <100 and >100, relative N2O emission of residue removal was not different from 1.",NA,NA,NA,NA,NA,NA,NA,NA,NA,NA,NA,NA,NA,NA
No irrigation,10.3390/agriculture7030027,Nutrient leaching and run-off,NA,NA,NA,NA,NA,NA,NA,NA,NA,NA,NA,NA,NA,NA,NA,NA
Pesticides reduction strategies,10.3390/agronomy10040560,Pests and diseases,NA,NA,NA,NA,NA,NA,NA,NA,NA,NA,NA,NA,NA,NA,NA,NA
Organic fertilisation,10.3390/agronomy10081149,Air pollutants emissions,Organic fertiliser application rate,The decrease in NH3 emissions tended to increase with increasing N fertilization rate. At the high fertilization rate NH3 loss was significantly decreased (by 71.7%).,Duration of treatment,NH3 emissions were promoted by long-term organic fertilizer substitution in comparison with short-term application.,NA,NA,NA,NA,NA,NA,NA,NA,NA,NA,NA,NA
Organic fertilisation,10.3390/agronomy10081149,Carbon sequestration,Organic fertiliser application rate,Soil organic carbon sequestration rate showed an increasing trend as the fertilization rate increased.,NA,NA,NA,NA,NA,NA,NA,NA,NA,NA,NA,NA,NA,NA
Organic fertilisation,10.3390/agronomy10081149,Crop yield,Organic fertiliser application rate,"Maize yield tended to increase with increasing N fertilization rate. While the low fertilization rate did not significantly enhance maize yield, the optimal fertilization rate significantly increased maize yield. The high fertilization rate significantly increased maize yield (4.83%).",Duration of treatment,"Long-term application (≥3 years) of organic fertilizer significantly increased maize yield (by 11.5%), whereas short-term application (<3 years) did not affect maize yield.",NA,NA,NA,NA,NA,NA,NA,NA,NA,NA,NA,NA
Organic fertilisation,10.3390/agronomy10081149,GHG emissions,Organic fertiliser application rate,"CH4 emissions were not significantly affected by organic fertilizer substitution at any of the three fertilization rates. Organic fertilizer substitution at the low rate significantly increased NO2 emissions (by 33.1%). The decrease in N2O emissions tended to increase with increasing N fertilization rate. At the high fertilization rate, N2O emissions were significantly decreased by 71.7%.",Duration of treatment,N2O emissions were promoted by long-term organic fertilizer substitution in comparison with short-term application.,NA,NA,NA,NA,NA,NA,NA,NA,NA,NA,NA,NA
Organic fertilisation,10.3390/agronomy10081149,Nutrient leaching and run-off,Organic fertiliser application rate,"Organic fertilizer substitution decreased N leaching and runoff at all fertilization rates. The maximum decrease in N runoff and leaching (by 45.5%) was achieved at the optimal fertilization rate. At the high fertilization rate, runoff and leaching was significantly decreased by 22.1%.",Duration of treatment,"Runoff and leaching were significantly decreased, by 47%, following long-term organic fertilizer substitution; this was significantly greater than the 11.2% reduction under short-term treatments.",NA,NA,NA,NA,NA,NA,NA,NA,NA,NA,NA,NA
Organic fertilisation,10.3390/agronomy10081149,Plant nutrient uptake,Organic fertiliser application rate,Nitrogen use efficiency tended to increase with increasing N fertilization rate. The low fertilization rate had a negative impact on nitrogen use efficiency (−17.3%). The optimal fertilization rate compromised nitrogen use efficiency to some extent. The high fertilization rate significantly increased nitrogen use efficiency (8.77%).,NA,NA,NA,NA,NA,NA,NA,NA,NA,NA,NA,NA,NA,NA
Mulching,10.3390/agronomy10101618,Crop yield,NA,NA,NA,NA,NA,NA,NA,NA,NA,NA,NA,NA,NA,NA,NA,NA
Mulching,10.3390/agronomy10101618,Pests and diseases,NA,NA,NA,NA,NA,NA,NA,NA,NA,NA,NA,NA,NA,NA,NA,NA
Manure land application techniques; Manure processing techniques; Manure storage techniques,10.3390/agronomy10111633,Air pollutants emissions,NA,NA,NA,NA,NA,NA,NA,NA,NA,NA,NA,NA,NA,NA,NA,NA
Manure land application techniques; Manure processing techniques; Manure storage techniques,10.3390/agronomy10111633,GHG emissions,NA,NA,NA,NA,NA,NA,NA,NA,NA,NA,NA,NA,NA,NA,NA,NA
No irrigation,10.3390/agronomy12030709,Crop yield,Irrigation amount,"Crop yield increased with increases in the amount of irrigation, reaching a peak, and then decreased. The optimal amount of irrigation for maize was between 180 and 240 mm, where yield increased by 37%. The optimal irrigation amount for wheat was 300–400 mm, with the potential of significantly increasing the yield by 84%.",Irrigation method,"Irrigation increased crop yield under furrow, drip and sprinkling irrigation methods for maize and wheat, and under CF and AWD irrigation methods for rice. The drip irrigation system was the most effective in increasing yield showing increases in maize by  13%, and by 14% in wheat. Alternate wetting and drying (AWD) decreased the rice yield by 5% compared to the continuously flooded (CF) condition.",Humidity,"Yields were at the minimum at lower HI (<10) and increased strongly with increases in humidity index (HI), more notably in wheat and rice, while the increases in maize yield remained relatively constant, between 25 and 30%. At a higher HI level, the yields of wheat and maize decreased and were comparable to the yields observed at a lower HI (<10).",NA,NA,NA,NA,NA,NA,NA,NA,NA,NA
No irrigation,10.3390/agronomy12030709,Water use,Irrigation amount,"Crop WUE increased with increases in the amount of irrigation, reaching a peak, and then decreased. The optimal amount of irrigation for maize was between 180 and 240 mm, where WUE increased by 13%. The optimal irrigation amount for wheat was 300–400 mm, with the potential of significantly enhancing WUE by 41%.",Irrigation method,"Irrigation increased crop WUE under furrow, drip and sprinkling irrigation methods for maize and wheat, and under CF and AWD irrigation methods for rice. The drip irrigation system was the most effective in increasing WUE, showing increases in maize by 13%, and by 14% in wheat. Alternate wetting and drying (AWD) increased WUE by 216% compared to  continuously flooded (CF).",Humidity,"Humidity index (HI)-derived increases in yield resulted in a higher WUE. Among crops, WUE was higher in wheat and maize, and comparatevely lower in rice. Thi HI levels of 10<=HI<30 were suitable for maize and wheat in terms of a better yield and higher WUE.",NA,NA,NA,NA,NA,NA,NA,NA,NA,NA
Crop residue management,10.3390/agronomy12040890,Soil nutrients,Climate,"SDMI had significant impacts on soil N, P, K in the subtropical monsoon climate (STM) and northern temperate monsoon climate (NTM). In the northern temperate continental climate (NTC), SDMI had non-significant effects on soil total N (95% CI, −0.669 to 2.246), total P (95% CI, −2.886 to 1.693) and total K (95% CI, −0.560 to 1.254).",Soil pH,"Except for total K, SDMI had significant effects on total nutrients in acid soils (pH ≤ 6.5) compared with the control (p < 0.05). In neutral soils (pH 6.5–7.5), the effects of SDMI on total nutrients were all significant (p < 0.05). In alkaline soils (pH > 7.5), only the changes in total P (95% CI, −1.198 to 1.046) and total K (95% CI, −0.356 to 1.159) were non-significant after SDMI application. The effect of SDMI on total N was significantly higher in alkaline soils (pH > 7.5) than in acid soils (pH ≤ 6.5) (p < 0.05). In addition, the effect size of SDMI on total K was larger in neutral soils (pH 6.5–7.5) than in acid soils (pH ≤ 6.5).",Soil organic carbon,"Notably, SDMI had non-significant impacts on soil total P at SOM ≤ 20. Furthermore, SOM values >30 g kg–1 had a significantly greater impact on SDMI functionality than those ≤30 g kg−1 for total P (p < 0.05).",Cropping system type,"SDMI significantly influenced soil N, P, K values compared with the control in paddy fields (p < 0.05). However, the effects of SDMI on soil total P (95% CI, −0.750 to 0.940) and total K (95% CI, −0.252 to 1.086) were non-significant in dry lands.",Crop type,"As for the different crop types, compared with the control, the effects of SDMI on the different forms of soil N, P, K were all significant for maize and rice crops (p < 0.05). However, SDMI had non-significant effects on soil total P (95% CI, −0.144 to 1.105) under rape cultivation and on soil total N, P, K (95% CI, −0.426 to 1.649; 95% CI, −2.650 to 0.048; 95% CI, −0.908 to 0.125) under wheat cultivation. It is worth mentioning that the response of soil total P to SDMI application was significantly greater under rice and maize cultivations than under wheat cultivation (p < 0.05). The effect of SDMI on soil total K under maize cultivation was significantly higher than the other three crops, whereas the highest increase in available K was seen for rice (p < 0.05).",Straw type,"As for the different straw types, compared with the control, SDMI had significant effects on different forms of soil N, P, K for rice straw (p < 0.05). SDMI had non-significant effects on soil total P and K for maize and wheat straws as well as on soil total K (95% CI, −0.120 to 0.776) for rape straw.",Straw C/N ratio,"In addition, SDMI had a significantly greater impact on soil total P at initial C/N ratios of 15–30 than ≤15 (p < 0.05). Similarly, initial C/N ratios of 15–30 and >30 caused significant increases in the concentration of soil available K compared to the initial C/N ratios ≤15 after SDMI application (p < 0.05).",NA,NA
Water-saving irrigation practices in non-flooded lands,10.3390/agronomy12102305,Crop yield,NA,NA,NA,NA,NA,NA,NA,NA,NA,NA,NA,NA,NA,NA,NA,NA
Water-saving irrigation practices in non-flooded lands,10.3390/agronomy12102305,GHG emissions,NA,NA,NA,NA,NA,NA,NA,NA,NA,NA,NA,NA,NA,NA,NA,NA
Mulching,10.3390/agronomy9060295,Crop yield,NA,NA,NA,NA,NA,NA,NA,NA,NA,NA,NA,NA,NA,NA,NA,NA
Mulching,10.3390/agronomy9060295,Soil physico-chemical quality,NA,NA,NA,NA,NA,NA,NA,NA,NA,NA,NA,NA,NA,NA,NA,NA
Mulching,10.3390/agronomy9120793,Crop yield,Tillage,"Ridge-furrow system was more advantageous with plastic film mulching rather than straw mulching. With plastic film mulching, ridge-furrow system significantly increased yield by 29%, whereas flat plots planting significantly increased yield by 20%. With straw mulching, ridge-furrow system significantly increased yield by 13%; however, flat plots planting significantly increased yield by 27%.",Mineral N fertiliser amount applied,"The effect of mulching on yield in potato varied with the rate of N, P, and K supplied. Without organic fertilization, mulching significantly increased potato yield by 26%, 21%, and 15% when synthetic N fertilizer was applied at 100−300, >300, and <100 kg N ha−1, respectively. With organic fertilizer supplied, mulching significantly increased both yield of potato by 34%, 24%, 20%, and 13% when synthetic N fertilizer was applied at <100, 100−200, 200−300, and >300 kg N ha−1, respectively",NA,NA,NA,NA,NA,NA,NA,NA,NA,NA,NA,NA
Mulching,10.3390/agronomy9120793,Plant nutrient uptake,Tillage,"Ridge-furrow system was more advantageous with plastic film mulching rather than straw mulching. With plastic film mulching, ridge-furrow system significantly increased NUE by 29%, whereas flat plots planting significantly increased NUE by 20%. With straw mulching, ridge-furrow system significantly increased NUE by 13%; however, flat plots planting significantly increased NUE by 29%.",Mineral N fertiliser amount applied,"The effect of mulching on NUE in potato varied with the rate of N, P, and K supplied. Similarly, the increase in NUE with mulching was 26%, 20%, and 15%, when synthetic N fertilizer was applied at 100−300, >300, and <100 kg N ha−1, respectively. With organic fertilizer supplied, mulching significantly increased NUE of potato by 34%, 24%, 20%, and 13% when synthetic N fertilizer was applied at <100, 100−200, 200−300, and >300 kg N ha−1, respectively",NA,NA,NA,NA,NA,NA,NA,NA,NA,NA,NA,NA
Livestock housing techniques,10.3390/ani10040565,Animal production,NA,NA,NA,NA,NA,NA,NA,NA,NA,NA,NA,NA,NA,NA,NA,NA
Livestock feeding techniques,10.3390/ani10040620,Animal production,Duration of treatment,"Short-term Agolin addition slightly increased milk yield (R = 1.026) but with an extremely high degree of heterogeneity across studies (I2 > 69, Q < 0.001) while long-term addition positivelly affected milk yield (R = 1.036) and feed conversion efficiency (R = 1.044) but with a high level of inconsistency across studies (I2 > 73, Q < 0.001).",NA,NA,NA,NA,NA,NA,NA,NA,NA,NA,NA,NA,NA,NA
Livestock feeding techniques,10.3390/ani10040620,GHG emissions,Duration of treatment,"The short-term treatment with Agolin slightly decreased CH4 production (R = 0.978) and intensity (R = 0.974) but not CH4 yield. Long-term treatment with Agolin decreased CH4 production (R = 0.912), yield (R = 0.871) and intensity (R = 0.901) with a high consistency across treatments (I2 < 5, Q > 0.39).",NA,NA,NA,NA,NA,NA,NA,NA,NA,NA,NA,NA,NA,NA
Livestock feeding techniques,10.3390/ani11113317,Animal production,NA,NA,NA,NA,NA,NA,NA,NA,NA,NA,NA,NA,NA,NA,NA,NA
Livestock feeding techniques,10.3390/ani11113317,GHG emissions,Form in the diet,"Significant responses were also shown on the methane production expressed as CH4/BW0.75 (L/kg; p = 0.046), as well as tended to different for CH4/DMI (L/kg; p = 0.051) in the case of tannin type (hydrolysable or condensed tannins).",NA,NA,NA,NA,NA,NA,NA,NA,NA,NA,NA,NA,NA,NA
Livestock feeding techniques,10.3390/ani11113317,Nutrient excretion,NA,NA,NA,NA,NA,NA,NA,NA,NA,NA,NA,NA,NA,NA,NA,NA
Livestock feeding techniques,10.3390/ani12151981,Nutrient excretion,NA,NA,NA,NA,NA,NA,NA,NA,NA,NA,NA,NA,NA,NA,NA,NA
Livestock feeding techniques,10.3390/fermentation8060254,Animal production,Dose,Essential oil dose is affecting dry matter intake.,Duration of treatment,Supplementation period is significantly affecting dry matter intake. Supplementation period is significantly affecting final body weight.,Dose,Concentrate level is significantly affecting dry matter intake. Concentrate level is significantly affecting final body weight.,NA,NA,NA,NA,NA,NA,NA,NA,NA,NA
Livestock feeding techniques,10.3390/fermentation8060254,GHG emissions,NA,NA,NA,NA,NA,NA,NA,NA,NA,NA,NA,NA,NA,NA,NA,NA
Livestock feeding techniques,10.3390/fermentation8060254,Nutrient excretion,NA,NA,NA,NA,NA,NA,NA,NA,NA,NA,NA,NA,NA,NA,NA,NA
No irrigation; Water-saving irrigation practices in flooded lands; Crop residue management,10.3390/ijerph19127324,Crop yield,NA,NA,NA,NA,NA,NA,NA,NA,NA,NA,NA,NA,NA,NA,NA,NA
No irrigation; Water-saving irrigation practices in flooded lands; Crop residue management,10.3390/ijerph19127324,GHG emissions,NA,NA,NA,NA,NA,NA,NA,NA,NA,NA,NA,NA,NA,NA,NA,NA
Crop residue management,10.3390/land11050645,Crop yield,NA,NA,NA,NA,NA,NA,NA,NA,NA,NA,NA,NA,NA,NA,NA,NA
Crop residue management,10.3390/land11050645,Soil physico-chemical quality,NA,NA,NA,NA,NA,NA,NA,NA,NA,NA,NA,NA,NA,NA,NA,NA
Water-saving irrigation practices in flooded lands,10.3390/plants11131690,Air pollutants emissions,N fertilisation,"Different levels of nitrogen application all caused increased nitrogen loss. W1N4 (alternate wet and dry irrigation and 150~200 kg/ha) had the lowest ammonia volatilization with an average effect value of 2.14 times compare to W0N0 (Flood irrigation, no N).",NA,NA,NA,NA,NA,NA,NA,NA,NA,NA,NA,NA,NA,NA
Water-saving irrigation practices in flooded lands,10.3390/plants11131690,Crop yield,N fertilisation,"Water–nitrogen coupling increases yield, and the results showed that the greatest effect of yield increase was observed for W1N5 (alternate wet and dry irrigation and 200~250 kg/ha), with an effect value of 54.81%.",NA,NA,NA,NA,NA,NA,NA,NA,NA,NA,NA,NA,NA,NA
Water-saving irrigation practices in flooded lands,10.3390/plants11131690,GHG emissions,N fertilisation,"Different levels of nitrogen application all caused increased nitrogen loss. W2N2 (Controlled irrigation,  50~100 kg/ha) had the lowest N2O emissions with an average effect value of 76.03%.",NA,NA,NA,NA,NA,NA,NA,NA,NA,NA,NA,NA,NA,NA
Water-saving irrigation practices in flooded lands,10.3390/plants11131690,Nutrient leaching and run-off,N fertilisation,"Different levels of nitrogen application all caused increased nitrogen loss. W1N5 (alternate wet and dry irrigation and 200~250 kg/ha) had the lowest nitrogen runoff losses with an average effect value of 2.82 times higher than W0N0 (Flood irrigation, no N), W1N3 (alternate wet and dry irrigation and 100~150 kg/ha) had the lowest nitrogen leaching losses with an average effect value of 6.91%.",NA,NA,NA,NA,NA,NA,NA,NA,NA,NA,NA,NA,NA,NA
Water-saving irrigation practices in flooded lands,10.3390/plants11131690,Plant nutrient uptake,N fertilisation,"The highest water–nitrogen combination for improving nitrogen use efficiency was W1N5 (alternate wet and dry irrigation and 200~250 kg/ha), with an effect value of 16.26%.",NA,NA,NA,NA,NA,NA,NA,NA,NA,NA,NA,NA,NA,NA
Crop residue management; Mulching,10.3390/su11030748,GHG emissions,Straw C/N ratio,"The effect size of residue returning on soil N2O emission was strongly dependent on the residue C/N ratio, and the effect size generally decreased following residue C/N ratio increase. Significantly elevated N2O emission were noted at residue C/N ratios at <45 (mean: 50%) and 45–100 (mean: 21%), whereas, no significant effect was observed when the residue C/N ratio exceeded 100 (mean: −31%).",Climate,"Regarding climate zone, residue returning significantly increased soil N2O emissions relative to no-residue returning in both warm temperate (mean: 31%) and tropical (mean: 54%) climate zones. In contrast, the observed inhibitory effect was not significant in the subtropical (mean: −3%) climate zone.",Crop type,"The effect size of residue returning on N2O emission varied with land use types. Soil N2O release increased significantly in upland fields (mean: 24%), decreased significantly on paddy fields (mean: −19%), and no effect was observed on upland-paddy fields (mean: −2%). Meanwhile, there was a significant difference of N2O release between upland and paddy fields.",Duration of treatment,"The effect of residue returning on N2O release relied on the residue returning duration. Mean effect size from short studies (2 year) was significantly enhanced by 15% relative to no-residue returning. However, there were no significant effects on N2O emissions for medium term (2–5 year) and long term (>5 year) duration studies following residue application. In addition, a negative correlation was found between N2O emission and residue returning duration.",Soil organic carbon,"On average, different values of soil organic C resulted in varying effects of residue returning, where N2O emission were significantly enhanced by 21% at a 10–18 g kg−1 range, significantly reduced by 11% at values exceeding 18 g kg−1 , and no significant effect was observed below 10 g kg−1.",Soil texture,"The effects of residue returning on soil N2O release were discrepant depending on soil types. In the soils of clay loam and sandy clay loam, residue returning significantly stimulated soil N2O emissions. While in other soils types—except silt loam soils—residue returning significantly suppressed N2O release. A significant negative effect on soil N2O emissions was shown at clay content <15% (mean: −27%), whereas, N2O emission was significantly stimulated by 22% at 15–25% clay content. No significant effect was observed when clay content was over 25%.",Mineral N fertiliser amount applied,"N fertiliser application significantly increased soil N2O emissions following residue returning. First, soil N2O emission decreased significantly, and then increased significantly with an increasing N input following residue returning. Significant stimulatory effects were observed at N input rates of <100 (mean: 36%), 150–250 (mean: 14%), and >250 kg N ha−1 (mean: 22%), whereas an N fertiliser application rate of 100–150 kg N ha−1 (mean: −12%) resulted in a significant decrease following residue returning.; N fertilizer application significantly increased soil N2O emissions following residue returning. First, soil N2O emission decreased significantly, and then increased significantly with an increasing N input following residue returning. Significant stimulatory effects were observed at N input rates of <100 (mean: 36%), 150–250 (mean: 14%), and >250 kg N ha−1 (mean: 22%), whereas an N fertilizer application rate of 100–150 kg N ha−1 (mean: −12%) resulted in a significant decrease following residue returning.",NA,NA
Soil amendment with biochar,10.3390/su12083436,Crop yield,NA,NA,NA,NA,NA,NA,NA,NA,NA,NA,NA,NA,NA,NA,NA,NA
Soil amendment with biochar,10.3390/su12083436,GHG emissions,Biochar application rate,"The results of boosted regression trees showed that the biochar application rate was an influential variable on soil GHG emissions (>15%). With the increase in biochar application rates, the effect sizes for soil CH4 and CO2 emissions significantly decreased (Figure 2; p < 0.05). Biochar application significantly increased soil CH4 and CO2 emissions by 20% and 15% with an application rate of <10 t ha−1. Soil CO2 emission shifted from positive to negative (−36%) when the application rate exceeded 80 t ha−1. Biochar application appeared to significantly inhibit soil CH4 emission in the first month (−33%). Soil N2O emission was significantly reduced with increasing rate of biochar application (15% to 65%; p < 0.05).",Biochar incubation time in soil,"With the increase in experimental time, soil CO2 emission with biochar application decreased from 26% (the first month) to 1% (the second year). Soil N2O emission was significantly reduced with increasing time of biochar application (15% to 65%; p < 0.05).",Soil texture,"The increase ratios of soil CH4 emission in loamy soil (10%) and clayey soil (12%) were higher compared with that in sandy soil (5%). In contrast, soil CO2 emission significantly increased in sandy soil by 25%. Soil N2O emission in sandy soil (44%) was higher compared with that in loamy soil (30%) and clayey soil (25%).",Soil pH,"Soil pH had a greater influence on soil CH4 and N2O emissions (>25%) and less of an effect on soil CO2 emission (<5%). The response ratio of soil CH4 emission to biochar input in soil with pH < 5.5 was negative (25%). Biochar application increased soil CH4 emission by 11%, 30%, and 11% in weak acidic soil (5.5 < pH < 6.5), neutral soil (6.5 < pH < 7.5), and alkaline soil (pH > 7.5). Moreover, biochar application significantly increased soil CO2 emission in neutral soil (24%) and alkaline soil (17%).",NA,NA,NA,NA,NA,NA,NA,NA
Livestock feeding techniques,10.3390/su13137410,Animal production,Dose,"Regarding the level of TANs’ supplementation, animals in studies using doses greater than 12 g/kg DM showed lower DMD (SMD = −0.917; p < 0.001), while no differences were observed in DMD in animals in studies using doses lower than 12 g/kg DM (p > 0.05). OMD was lower in animals supplemented with doses of TANs higher than 12 g/kg DM (SMD = −0.976; p < 0.001), but doses lower than 12 g did not change OMD (p > 0.05). Studies using TANs’ doses higher than 12 g/kg DM had lower NDFD (SMD = −0.775; p < 0.001); however, NDFD was not affected when TANs’ doses lower than 12 g/kg DM were used (p > 0.05).",Form in the diet,"1) Supplementation with HTs and mixture of CTs with HTs decreased CPD (p < 0.001), while there was no change in CPD in animals supplemented with CTs (p > 0.05; Figure 1). NDFD decreased (SMD = −0.633; p < 0.001) in beef cattle supplemented with CTs, but there was no change in NDFD with supplementation of HTs and mixture of CTs with HTs (p > 0.05). 2) CPD decreased when TANs were added to the diets in the form of extracts (SMD = −1.199; p <0.001). However, when TANs were contained in the ingredients of the diets, CPD was not affected (p = 0.179).",Source of additive,"Except for plant mixtures, all TANs’ sources modified CPD. NDFD decreased (p < 0.05) only when TANs came from Acacia mearnsii and quebracho. Ruminal NH3-N concentration was not affected by TANs when they came from a mixture of plants (p > 0.05). However, it increased when the TANs came from Leucaena leucocephala (SMD = 76.47; p < 0.001) and decreased in studies using Acacia mearnsii, quebracho, chestnut, pistachio, and tannic acid as a source of TANs.",Duration of treatment,"Regardless of TANs’ supplementation, animals from studies that used rotational experimental designs (i.e., Latin squares and crossover designs) had lower DMD (SMD = −0.765; p < 0.001), while no differences were observed regarding DMD in animals from studies that used continuous experimental designs (i.e., completely randomized and randomized blocks designs; p > 0.05). OMD decreased in animals from studies that used rotating experimental designs (SMD = −0.856; p < 0.001), while no difference was observed in DMD in animals from studies that used continuous experimental designs (p > 0.05). Studies that used rotating experimental designs had lower NDFD (SMD = −0.704; p <0.001); however, NDFD was not affected in animals from studies that used continuous experimental designs (p > 0.05).",Animal age,"Animals younger than 12 months old showed lower DMI (SMD = −1.249; p < 0.05), while no differences were observed in DMI for animals older than 12 months (SMD = 0.104; p > 0.05). CPD was lower in animals younger than 12 months old (SMD = −1.090; p < 0.001), but animals older than 12 months old did not change (SMD = 0.201; p > 0.05).",NA,NA,NA,NA,NA,NA
Livestock feeding techniques,10.3390/su13137410,GHG emissions,Dose,"Regarding the level of TANs’ supplementation, animals in studies using doses greater than 12 g/kg DM showed lower DMD (SMD = −0.917; p < 0.001), while no differences were observed in DMD in animals in studies using doses lower than 12 g/kg DM (p > 0.05). OMD was lower in animals supplemented with doses of TANs higher than 12 g/kg DM (SMD = −0.976; p < 0.001), but doses lower than 12 g did not change OMD (p > 0.05). Studies using TANs’ doses higher than 12 g/kg DM had lower NDFD (SMD = −0.775; p < 0.001); however, NDFD was not affected when TANs’ doses lower than 12 g/kg DM were used (p > 0.05).",Form in the diet,"MEDMI decreased significantly when TANs were supplied as part of the diet ingredients (SMD = −0.982; p < 0.001); however, when TANs were added to the diets in the form of extracts, MEDMI was not affected (p > 0.05).",Source of additive,Dietary supplementation with TANs significantly reduced MEDMI only in animals from studies using tannic acid and Leucaena leucocephala as a source of TANs (p < 0.001).,Type of experiment,"MEDMI decreased in animals from studies that used rotating experimental designs (SMD = −0.836; p < 0.001), while no differences were observed with respect to MEDMI in animals from studies that used continuous experimental designs (p > 0.05).",Duration of treatment,"MEDMI decreased in the animals of studies that used experimental periods ranging from 90 to 180 days (SMD = −0.793; p = 0.002). However, when the supplementation period was shorter (less than 90 days), MEDMI was not affected (p > 0.05).",NA,NA,NA,NA,NA,NA
Livestock feeding techniques,10.3390/su13137410,Nutrient excretion,Dose,"FNE increased significantly regardless of the dose of TANs used; however, the effect was greater (SMD = 1.119; p < 0.001) when doses greater than 12 g/kg DM were used compared to doses of less than 12 g/kg DM (SMD = 0.482; p < 0.01).",Form in the diet,"1) UNE decreased with supplementation of HTs and mixture of CTs (SMD = −0.445; p = 0.03 with HTs (SMD = −0.900; p < 0.001). However, UNE was not affected in animals supplemented with CTs (SMD = −0.338; p > 0.05). 2) UNE decreased when TANs were added to the diets in the form of extracts (SMD = −0.558; p < 0.001). However, UNE increased when TANs were contained in the ingredients of the diets (SMD = 2.078; p < 0.001). On the other hand, UFE increased significantly when TANs were added to the diets in the form of extracts (SMD = p < 0.001); however, when TANs were supplied as a part of the diet ingredients, FNE was not affected (SMD = −0.368; p > 0.05).",Source of additive,"Supplementation with TANs decreased the concentration of total VFA in ruminal liquid when tannic acid was the source of chemical origin of the TANs (SMD = −0886; p = 0.004). On the other hand, the ruminal concentration of total VFA increased (SMD = 0.431; p = 0.018) when quebracho was used as the source of TANs. Dietary supplementation with TANs increased ruminal propionate concentration only when TANs were obtained from quebracho tree and pistachio (p < 0.001), while ruminal propionate concentration was reduced (SMD = −1.104; p = 0.046) when TANs were from plant mixtures. UNE decreased (p < 0.05) only when TANs came from chestnut, Acacia mearnsii, quebracho, and Leucaena leucocephala (p < 0.05). However, when TANs were supplied as a part of the diet ingredients, FNE was not affected (SMD = −0.368; p > 0.05). However, UNE was not affected by TANs when they came from a mixture of plants (p > 0.05). On the other hand, FNE was not affected by TANs when they came from a mixture of plants and Leucaena leucocephala (p > 0.05). However, it increased (p < 0.001) when the TANs came from Acacia mearnsii and quebracho.",NA,NA,NA,NA,NA,NA,NA,NA,NA,NA
Agroforestry practices and systems,10.3390/su14031296,Carbon sequestration,Climate Zone,"Significant effect on relative soil organic carbon (RSOC), with tropical zones showing higher values than temperate zones (p < 0.037).",Tree Age,Weak positive effect; older trees tend to have higher RSOC (p < 0.056).,Tree Family,No significant effect on RSOC was found.,NA,NA,NA,NA,NA,NA,NA,NA,NA,NA
Enhanced efficiency fertilisers,10.3390/su9071201,Crop yield,Aridity/soil moisture,"Though CRF significantly enhanced the crop yield in humid regions, its effects on area- and yield-scaled N2O emissions were not significant.",NA,NA,NA,NA,NA,NA,NA,NA,NA,NA,NA,NA,NA,NA
Enhanced efficiency fertilisers,10.3390/su9071201,GHG emissions,Aridity/soil moisture,"CRF performed better in arid than humid regions.  The CRF in selected studies was polymer-coated urea; this coating can slow down the release of N and subsequently reduce the loss of N2O emission. High soil moisture in humid regions may weaken the effect of CRF on controlling N release, and increase the N release from CRF, which may raise the N2O production",NA,NA,NA,NA,NA,NA,NA,NA,NA,NA,NA,NA,NA,NA
Livestock feeding techniques,10.3390/vetsci9090475,Animal production,NA,NA,NA,NA,NA,NA,NA,NA,NA,NA,NA,NA,NA,NA,NA,NA
Livestock feeding techniques,10.3390/vetsci9090475,GHG emissions,NA,NA,NA,NA,NA,NA,NA,NA,NA,NA,NA,NA,NA,NA,NA,NA
Agroforestry practices and systems,10.3733/ca.2020a0015,Carbon sequestration,soil C:N ratio,NA,soil compaction,NA,soil pH,NA,soil texture,NA,NA,NA,NA,NA,NA,NA,NA,NA
Agroforestry practices and systems,10.3733/ca.2020a0015,Soil biological quality,soil C:N ratio,NA,soil compaction,NA,soil pH,NA,soil texture,NA,NA,NA,NA,NA,NA,NA,NA,NA
Agroforestry practices and systems,10.3733/ca.2020a0015,Soil nutrients,soil C:N ratio,NA,soil compaction,NA,soil pH,NA,soil texture,NA,NA,NA,NA,NA,NA,NA,NA,NA
Agroforestry practices and systems,10.3733/ca.2020a0015,Soil physico-chemical quality,soil C:N ratio,NA,soil compaction,NA,soil pH,NA,soil texture,NA,NA,NA,NA,NA,NA,NA,NA,NA
Agroforestry practices and systems,10.3733/ca.2020a0015,Soil water retention,soil C:N ratio,NA,soil compaction,NA,soil pH,NA,soil texture,NA,NA,NA,NA,NA,NA,NA,NA,NA
Livestock feeding techniques,10.4141/CJAS07112,Animal production,NA,NA,NA,NA,NA,NA,NA,NA,NA,NA,NA,NA,NA,NA,NA,NA
Livestock feeding techniques,10.4141/CJAS07112,GHG emissions,NA,NA,NA,NA,NA,NA,NA,NA,NA,NA,NA,NA,NA,NA,NA,NA
Crop rotation,10.4141/CJSS2013-094,Carbon sequestration,NA,NA,NA,NA,NA,NA,NA,NA,NA,NA,NA,NA,NA,NA,NA,NA
Livestock feeding techniques,10.5187/jast.2020.62.1.31,Animal production,NA,NA,NA,NA,NA,NA,NA,NA,NA,NA,NA,NA,NA,NA,NA,NA
Livestock feeding techniques,10.5187/jast.2020.62.1.31,GHG emissions,NA,NA,NA,NA,NA,NA,NA,NA,NA,NA,NA,NA,NA,NA,NA,NA
No tillage and reduced tillage,10.5194/bg-13-3619-2016,Carbon sequestration,Soil texture,Stronger effect of no-till in sandy soil,NA,NA,Soil organic carbon content,Stronger effect of no-till in soil with low soil organic content,NA,NA,NA,NA,NA,NA,NA,NA,NA,NA
Landscape features,10.5194/se-8-217-2017,Crop yield,Slope,Highest value fro crop yields found in 2-4% slope.,NA,NA,NA,NA,NA,NA,NA,NA,NA,NA,NA,NA,NA,NA
Landscape features,10.5194/se-8-217-2017,Soil erosion,Field edge vegetation type,Some grass species are more effective than others in reducing runoff and soil loss.,Slope,"Loss of water was significantly lower in contour grass barrier-treated sites with < 2 % slopes. However, this trend was not observed in the 2–4 % slope range.  The soil loss was significantly lower in contour grass barrier-treated sites in higher slopes (2–4 and > 4 % slopes).
",NA,NA,NA,NA,NA,NA,NA,NA,NA,NA,NA,NA
Organic farming systems,10.5344/ajev.2019.18047,Biodiversity,Pest management strategies,NA,Herbicide application,NA,Addition of compost,NA,Diversity of cover crops,NA,NA,NA,NA,NA,NA,NA,NA,NA
Organic farming systems,10.5344/ajev.2019.18047,Carbon sequestration,NA,NA,NA,NA,NA,NA,NA,NA,NA,NA,NA,NA,NA,NA,NA,NA
Organic farming systems,10.5344/ajev.2019.18047,Crop yield,NA,NA,NA,NA,NA,NA,NA,NA,NA,NA,NA,NA,NA,NA,NA,NA
Livestock feeding techniques,10.5398/tasj.2020.43.3.233,Air pollutants emissions,NA,NA,NA,NA,NA,NA,NA,NA,NA,NA,NA,NA,NA,NA,NA,NA
Livestock feeding techniques,10.5398/tasj.2020.43.3.233,GHG emissions,NA,NA,NA,NA,NA,NA,NA,NA,NA,NA,NA,NA,NA,NA,NA,NA
Livestock feeding techniques,10.5398/tasj.2023.46.1.74,Animal production,Form in the diet,"In terms of the nitrate forms, the different nitrate forms significantly influenced (p<0.05) animal performance, methane emission, nutrient utilization, and nitrate toxicity in different ways. As it is demonstrated in Table 3, the higher amount of the daily fat milk content, dry matter intake/BW, and molar proportion of the acetic acid in the rumen, the ratio of acetic to propionic acid, and the higher rumen hydrogen concen- tration were due to the inclusion of nitrate group treat- ment (NO3). In contrast, the higher molar proportion of the propionic acid in the rumen, the higher microbial protein synthesis, the higher daily methane production, and the higher nitrite blood concentration were caused by the addition of the nitrate salts group (NO3-salt) (p<0.05).",NA,NA,NA,NA,NA,NA,NA,NA,NA,NA,NA,NA,NA,NA
Livestock feeding techniques,10.5398/tasj.2023.46.1.74,GHG emissions,Form in the diet,"In terms of the nitrate forms, the different nitrate forms significantly influenced (p<0.05) animal performance, methane emission, nutrient utilization, and nitrate toxicity in different ways. As it is demonstrated in Table 3, the higher amount of the daily fat milk content, dry matter intake/BW, and molar proportion of the acetic acid in the rumen, the ratio of acetic to propionic acid, and the higher rumen hydrogen concen- tration were due to the inclusion of nitrate group treat- ment (NO3). In contrast, the higher molar proportion of the propionic acid in the rumen, the higher microbial protein synthesis, the higher daily methane production, and the higher nitrite blood concentration were caused by the addition of the nitrate salts group (NO3-salt) (p<0.05).",NA,NA,NA,NA,NA,NA,NA,NA,NA,NA,NA,NA,NA,NA
Cover and catch crops; Organic fertilisation,10.5586/aa.1662,Soil nutrients,Duration; Climate,"The effect of catch and cover crops was significantly affected by the duration of practice. The longer time of the practice significantly increased total nitrogen stock, comparing short time.; The increase of soil total nitrogen was greater in western climatic zones (compared to northern and eastern).",Soil type,The increase of soil total nitrogen was greater on loamy (compared to clay) soils.,Duration of treatment,Soil total nitrogen increase was larger in three cases of short duration (<20 years) than in cases of >20 years duration.,NA,NA,NA,NA,NA,NA,NA,NA,NA,NA
Livestock feeding techniques,10.5713/ab.22.0258,Animal production,NA,NA,NA,NA,NA,NA,NA,NA,NA,NA,NA,NA,NA,NA,NA,NA
Livestock feeding techniques,10.5713/ab.22.0258,GHG emissions,NA,NA,NA,NA,NA,NA,NA,NA,NA,NA,NA,NA,NA,NA,NA,NA
Crop rotation; Leguminous crops,ISBN: 978-1-63484-496-3,Crop yield,N application rate,"With increasing N rates, the difference in maize yields between continous maize cropping and maize-grain legume (including soybean) rotation (MGLR) becomes smaller.",NA,NA,NA,NA,NA,NA,NA,NA,NA,NA,NA,NA,NA,NA
Livestock feeding techniques,not available,GHG emissions,NA,NA,NA,NA,NA,NA,NA,NA,NA,NA,NA,NA,NA,NA,NA,NA
Organic farming systems,www.scielo.org.co/scielo.php?pid=S0120-04882014000200001&script=sci_abstract,Biodiversity,Experiment scale,"There was a larger effect size at the plot level, followed by the farm scale, and last the landscape matrix. This could be caused by the fact that in small plots, the positive effects are more conspicuous due to the individual behavior of insects such as preferences for some host plants or food resources.",NA,NA,NA,NA,NA,NA,NA,NA,NA,NA,NA,NA,NA,NA
