"sustainability_outcome","impact_matrix","impact_positive_effect","metric_std2","metric","metric_positive_effect","metric_unit","doi","fpid"
"Carbon sequestration","Carbon sequestration","Increase","Organic carbon stock (soil)","Top soil organic carbon stock","increase","kg /ha","10.1111/1365-2664.13113","Organic farming systems"
"Carbon sequestration","Carbon sequestration","Increase","Organic carbon stock (soil)","Top soil organic carbon stocks","increase","kg /ha","10.1111/1365-2664.13113","Organic farming systems"
"Carbon sequestration","Carbon sequestration","Increase","Organic carbon sequestration rate (soil)","Top soil organic carbon sequestration rates","increase","C kg /ha /year","10.1111/1365-2664.13113","Organic farming systems"
"Biodiversity","Biodiversity","Increase","Taxonomic parameters (arthropod)","Arthropod abundance","increase",NA,"10.1111/geb.13196","Grassland management"
"Agricultural production","Grassland production","Increase","Net primary productivity","Plant biomass","increase",NA,"10.1111/geb.13196","Grassland management"
"Biodiversity","Pests and diseases","Decrease","weed","Density of Spartina species","decrease",NA,"10.1002/aqc.889","Wetland conservation and restoration"
"Agricultural production","Grassland production","Increase","Net primary productivity","Grassland yield","increase",NA,"10.1038/s41598-020-74736-z","Leguminous crops"
"Carbon sequestration","Carbon sequestration","Increase","Organic carbon sequestration rate (soil)","Annual rate of increase of soil organic carbon","increase",NA,"10.1016/j.agee.2016.01.005","Leguminous crops"
"Agricultural production","Crop yield","Increase","Crop yield stability","Yield stability (Coefficient of variation - %CV)","increase",NA,"10.1016/j.eja.2017.09.009","Intercropping"
"Agricultural production","Crop yield","Increase","Crop yield (grain)","Maize grain yield","increase",NA,"10.1007/s11104-008-9547-y","Green manure"
"Soil health","Soil nutrients","Increase","Soil nutrients","Stock of Nitrogen, Phosphorous and Sulfur in soil","increase","kg /m2","10.1111/gcb.13513","Organic farming systems"
"Carbon sequestration","Carbon sequestration","Increase","Organic carbon stock (soil)","Stock of organic carbon in soil","increase","kg /ha","10.1111/gcb.13513","Organic farming systems"
"Carbon sequestration","Carbon sequestration","Increase","Organic carbon sequestration rate (aboveground biomass)","Aboveground biomass carbon sequestration rate","increase","C t /ha /year","10.1016/j.agee.2016.04.011","Agroforestry practices and systems"
"Carbon sequestration","Carbon sequestration","Increase","Organic carbon sequestration rate (aboveground + belowground biomass)","belowground + aboveground biomass carbon sequestration rate","increase","C t /ha /year","10.1016/j.agee.2016.04.011","Agroforestry practices and systems"
"Carbon sequestration","Carbon sequestration","Increase","Organic carbon sequestration rate (belowground biomass)","Belowground biomass carbon sequestration rate","increase","C t /ha /year","10.1016/j.agee.2016.04.011","Agroforestry practices and systems"
"Carbon sequestration","Carbon sequestration","Increase","Organic carbon sequestration rate (soil)","SOC sequestration rate","increase","C t /ha /year","10.1016/j.agee.2016.04.011","Agroforestry practices and systems"
"Carbon sequestration","Carbon sequestration","Increase","Organic carbon sequestration rate (soil + aboveground + belowground biomass)","soil + belowground + aboveground biomass carbon sequestration rate","increase","C t /ha /year","10.1016/j.agee.2016.04.011","Agroforestry practices and systems"
"Carbon sequestration","Carbon sequestration","Increase","Organic carbon sequestration rate (soil)","Soil carbon sequestration rate","increase","C t /ha /year","10.1016/j.agee.2016.04.011","Agroforestry practices and systems"
"GHG emissions","GHG emissions","Decrease","Methane emission (soil)","CH4 emission","decrease","CH4 kg /ha /year","10.1016/j.agee.2016.04.011","Agroforestry practices and systems"
"GHG emissions","GHG emissions","Decrease","Aggregated GHGs emission (soil)","CH4+N2O emissions (CO2 eq,kg ha-1 y-1)","decrease","CO2-eq kg /ha /year","10.1016/j.agee.2016.04.011","Agroforestry practices and systems"
"GHG emissions","GHG emissions","Decrease","Nitrous oxide emission (soil)","N2O emissions","decrease","CO2-eq kg /ha /year","10.1016/j.agee.2016.04.011","Agroforestry practices and systems"
"GHG emissions","GHG emissions","Decrease","Net carbon-GHG balance","Net carbon-GHG balance (MgCO2eq /ha /year)","decrease","CO2-eq kg /ha /year","10.1016/j.agee.2016.04.011","Agroforestry practices and systems"
"Carbon sequestration","Carbon sequestration","Increase","Organic carbon sequestration rate (soil + aboveground + belowground biomass)","Total carbon sequestration rate in biomass and soil (MgCO2eq /ha /year)","Increase","CO2-eq t /ha /year","10.1016/j.agee.2016.04.011","Agroforestry practices and systems"
"Agricultural production","Crop yield","Increase","Yield gaps","Probability distribution of yield gaps (or yield risk)","decrease",NA,"10.1016/j.fcr.2009.11.014","Green manure"
"Agricultural production","Crop yield","Increase","Crop yield","Overall yield gain (NE, difference between the observed yield and the expected yield)","increase",NA,"10.1016/j.eja.2019.125987","Intercropping"
"Agricultural production","Crop yield","Increase","Crop yield (grain)","Maize grain and straw dry matter yields","increase",NA,"10.1016/j.jaridenv.2011.10.011","Green manure"
"Agricultural production","Crop yield","Increase","Crop yield","Millet grain and straw dry matter yields","increase",NA,"10.1016/j.jaridenv.2011.10.011","Green manure"
"Agricultural production","Crop yield","Increase","Crop yield","Sorghum grain and straw dry matter yields","increase",NA,"10.1016/j.jaridenv.2011.10.011","Green manure"
"Carbon sequestration","Carbon sequestration","Increase","Organic carbon stock (soil)","Soil organic carbon stock","increase",NA,"10.1111/gcb.12438","Organic fertilisation"
"GHG emissions","Global warming potential (LCA)","Decrease","Global warming potential","Carbon footprint","decrease","CO2-eq g /kg milk","10.1371/journal.pone.0246922","Livestock feeding techniques"
"Agricultural production","Crop yield","Increase","Crop yield","Wheat-canola yield","increase",NA,"10.2135/cropsci2017.02.0079","Crop rotation"
"Agricultural production","Crop yield","Increase","Crop yield","Crop yield (all crops)","increase",NA,"10.1016/j.jaridenv.2011.10.011","Landscape features"
"Agricultural production","Crop yield","Increase","Crop yield","Crop yield (millet and maize)","increase",NA,"10.1016/j.jaridenv.2011.10.011","Landscape features"
"Agricultural production","Crop yield","Increase","Crop yield","Crop yield (sorghum)","increase",NA,"10.1016/j.jaridenv.2011.10.011","Landscape features"
"Agricultural production","Crop yield","Increase","Crop yield","Arable crop yield","Increase",NA,"10.1016/j.jaridenv.2011.10.011","Leguminous crops"
"GHG emissions","GHG emissions","Decrease","Nitrous oxide emission (organic fertilisers)","N2O EF","decrease",NA,"10.1016/j.agee.2016.11.021","Organic fertilisation"
"Carbon sequestration","Carbon sequestration","Increase","Organic carbon sequestration rate (soil)","Soil organic C rate","increase","C g /m2 /year","10.4141/CJSS2013-094","Crop rotation"
"Carbon sequestration","Carbon sequestration","Increase","Organic carbon stock (soil)","Net soil organic change (Mg C ha-1)","increase","C t /ha","10.4141/CJSS2013-094","Crop rotation"
"Carbon sequestration","Carbon sequestration","Increase","Organic carbon stock (soil)","Relative soil organic C change (%)","increase","C t /ha","10.4141/CJSS2013-094","Crop rotation"
"Carbon sequestration","Carbon sequestration","Increase","Organic carbon stock (soil)","SOC stock","increase",NA,"10.1007/s13593-016-0354-1","No tillage and reduced tillage"
"Pollution","Pesticide use","Decrease","Number of herbicide applications","Number of herbicide applications","decrease",NA,"10.1371/journal.pone.0200131","Pesticides reduction strategies"
"Sustainable use of resources","Water use","Decrease","Water use efficiency","Water use efficiency","increase",NA,"10.1016/j.jclepro.2017.10.269","Mulching"
"Agricultural production","Crop yield","Increase","Crop yield","Harvest index","increase",NA,"10.1016/j.jclepro.2017.10.269","Mulching"
"Pollution","Plastic residues","Decrease","Plastic film residues","Plastic film residues","decrease",NA,"10.1016/j.jclepro.2017.10.269","Mulching"
"Carbon sequestration","Carbon sequestration","Increase","Organic carbon content (soil)","Soil organic carbon","increase",NA,"10.1016/j.jclepro.2017.10.269","Mulching"
"Soil health","Soil nutrients","Increase","Soil nitrogen","Soil total nitrogen","increase",NA,"10.1016/j.jclepro.2017.10.269","Mulching"
"GHG emissions","Global warming potential (LCA)","Decrease","Global warming potential","Yield-scaled GHG emissions","decrease",NA,"10.1016/j.jclepro.2017.10.269","Mulching"
"Pollution","Pesticide use","Decrease","Number of pesticide applications","Number of pesticide applications","decrease",NA,"10.1016/j.biocon.2018.11.020","Pesticides reduction strategies"
"Soil health","Soil nutrients","Increase","Soil nitrogen","N stock","increase",NA,"10.1111/gcb.13513","No tillage and reduced tillage"
"Sustainable use of resources","Energy use (LCA)","Decrease","Energy use","Energy use efficiency","increase",NA,"10.1016/j.jenvman.2015.07.021","Organic farming systems"
"GHG emissions","Global warming potential (LCA)","Decrease","Global warming potential","Greenhouse gas emissions (overall) per unit of product (large majority) and per unit of area (few)","decrease",NA,"10.1016/j.jenvman.2015.07.021","Organic farming systems"
"Soil health","Soil biological quality","Increase","Functional parameters (mychorrhizal fungi)","Arbuscular mycorrhizal colonization","increase",NA,"10.1111/j.1469-8137.2005.01490.x","Crop rotation"
"Agricultural production","Animal production","Increase","Weight gain","Average daily gain","increase","Avg. daily gain g /day","10.1016/j.livsci.2021.104707","Livestock feeding techniques"
"Agricultural production","Animal production","Increase","Feed digestibility","Acid detergent fiber digestibility","increase","ACDF Acid detergent fiber digestibility g /kg ADFI","10.1088/1755-1315/788/1/012028","Livestock feeding techniques"
"Sustainable use of resources","Nutrient excretion","Decrease","Nitrogen excretion","Manure N excretion","decrease","N excretion g /day / cow","10.1371/journal.pone.0246922","Livestock feeding techniques"
"Sustainable use of resources","Nutrient excretion","Decrease","Nitrogen excretion","Manure N excretion intensity","decrease","N excretion g /kg milk","10.1371/journal.pone.0246922","Livestock feeding techniques"
"Agricultural production","Animal production","Increase","Feed digestibility","Organic matter digestibility","increase","Organic matter digestibility (g/kg)","10.1088/1755-1315/788/1/012028","Livestock feeding techniques"
"Agricultural production","Animal production","Increase","Feed digestibility","Neutral detergent fiber digestibility","increase","NDFD g /kg NDFI","10.1088/1755-1315/788/1/012028","Livestock feeding techniques"
"Agricultural production","Animal production","Increase","Feed efficiency","Feed efficiency","increase","FCM (kg / day) / DMI (kg/day) (FCM=Fat-corrected milk; DMI=Dry matter intake)","10.1371/journal.pone.0246922","Livestock feeding techniques"
"Agricultural production","Animal production","Increase","Feed digestibility","Dry matter digestibility","increase","DMD g /kg DMI","10.1088/1755-1315/788/1/012028","Livestock feeding techniques"
"GHG emissions","GHG emissions","Decrease","Methane emission (enteric fermentation)","CH4 production","decrease","CH4 L /day","10.1016/j.smallrumres.2023.106919","Livestock feeding techniques"
"GHG emissions","GHG emissions","Decrease","Methane emission (enteric fermentation)","Methane emissions/unit of dry matter intake","decrease","CH4 L /kg DMI","10.1088/1755-1315/788/1/012028","Livestock feeding techniques"
"Agricultural production","Animal production","Increase","Feed digestibility","N digestibility (%)","increase","%","10.1016/j.livsci.2021.104707","Livestock feeding techniques"
"Sustainable use of resources","Nutrient excretion","Decrease","Nitrogen excretion","Urinary N excretion","decrease","N urinary g /kg DMI","10.3390/fermentation8060254","Livestock feeding techniques"
"GHG emissions","GHG emissions","Decrease","Methane emission (enteric fermentation)","CH4 yield","decrease","CH4 g /kg DMI","10.1016/j.smallrumres.2023.106919","Livestock feeding techniques"
"GHG emissions","GHG emissions","Decrease","Methane emission (enteric fermentation)","Total CH4 emission","decrease","CH4 g /day","10.1016/j.livsci.2021.104707","Livestock feeding techniques"
"Agricultural production","Animal production","Increase","Milk yield","Fat-corrected milk","increase","Fat-corrected milk (FCM) kg /day","10.1371/journal.pone.0246922","Livestock feeding techniques"
"Agricultural production","Animal production","Increase","Feed digestibility","Crude protein digestibility","increase","CPD g /kg CPI","10.1088/1755-1315/788/1/012028","Livestock feeding techniques"
"Agricultural production","Animal production","Increase","Milk yield","Milk yield","increase","Milk kg /day","10.1371/journal.pone.0246922","Livestock feeding techniques"
"Agricultural production","Animal production","Increase","Feed intake","Dry matter intake","increase","DMI kg /day","10.4141/CJAS07112","Livestock feeding techniques"
"Agricultural production","Animal production","Increase","Weight gain","Body weight gain","increase","Body weight kg","10.1016/j.livsci.2021.104707","Livestock feeding techniques"
"Agricultural production","Animal production","Increase","Feed efficiency","Nitrogen use efficiency","increase","NUE (%) (g N in milk /g N in DMI)","10.1371/journal.pone.0246922","Livestock feeding techniques"
"Agricultural production","Animal production","Increase","Milk yield","Milk production","increase","Milk kg /day","10.4141/CJAS07112","Livestock feeding techniques"
"Sustainable use of resources","Nutrient excretion","Decrease","Nitrogen excretion","Fecal N excretion","decrease","N Fecal g /day","10.1016/j.smallrumres.2023.106919","Livestock feeding techniques"
"GHG emissions","GHG emissions","Decrease","Methane emission (enteric fermentation)","CH4 emission g/kg DM","decrease","CH4 g /kg DMI","10.3390/fermentation8060254","Livestock feeding techniques"
"Soil health","Soil nutrients","Increase","Soil nitrogen","Mineralisation of native soil N","decrease",NA,"10.1016/j.apsoil.2017.03.011","Organic fertilisation"
"Agricultural production","Crop yield","Increase","Crop yield","Crop yield","increase",NA,"10.1016/j.agwat.2019.06.008","Water-saving irrigation practices in non-flooded lands"
"Carbon sequestration","Carbon sequestration","Increase","Organic carbon content (soil)","SOC (depth: 0-10 cm)","increase",NA,"10.1016/j.agee.2010.08.006","No tillage and reduced tillage"
"Carbon sequestration","Carbon sequestration","Increase","Organic carbon content (soil)","SOC (depth: 11-40 cm)","increase",NA,"10.1016/j.agee.2010.08.006","No tillage and reduced tillage"
"Carbon sequestration","Carbon sequestration","Increase","Organic carbon content (soil)","SOC (depth: below 40 cm)","increase",NA,"10.1016/j.agee.2010.08.006","No tillage and reduced tillage"
"Agricultural production","Crop yield","Increase","Crop yield","Cereal/oilseed rape yield","increase",NA,"10.1016/j.agsy.2018.07.016","Leguminous crops"
"GHG emissions","Global warming potential (LCA)","Decrease","Global warming potential","GHG emissions","decrease",NA,"10.1016/j.agsy.2018.07.016","Leguminous crops"
"Carbon sequestration","Carbon sequestration","Increase","Organic carbon stock (soil)","Priming effect: the increase in CO2 efflux derived from non‐biochar C pool compared to CO2 efflux in the control treatment (without PyOM amendment).","decrease",NA,"10.1111/gcbb.12194","Soil amendment with biochar"
"Soil health","Soil erosion","Decrease","Soil erosion parameters","Soil loss","decrease","kg-sediments /km2 OR kg-sediment /area /time","10.1016/j.earscirev.2012.08.003","Landscape features"
"Soil health","Soil erosion","Decrease","Soil erosion parameters","Runoff","decrease","m3 or mm on a given area","10.1016/j.earscirev.2012.08.003","Landscape features"
"Carbon sequestration","Carbon sequestration","Increase","Organic carbon content (soil)","SOC content (equivalent soil mass method)","increase","equivalent soil mass method","10.1016/j.earscirev.2017.12.015","No tillage and reduced tillage"
"Carbon sequestration","Carbon sequestration","Increase","Organic carbon sequestration rate (soil)","Changes in C sequestration rates","increase",NA,"10.1016/j.jclepro.2020.121470","Mulching"
"Carbon sequestration","Carbon sequestration","Increase","Organic carbon sequestration rate (soil)","Changes in SOC stocks","increase",NA,"10.1016/j.jclepro.2020.121470","Mulching"
"Agricultural production","Crop yield","Increase","Net primary productivity","Changes in the aboveground net primary productivity","increase",NA,"10.1016/j.jclepro.2020.121470","Mulching"
"Carbon sequestration","Carbon sequestration","Increase","Organic carbon content (soil)","SOC","increase",NA,"10.1007/s10533-004-0360-2","No tillage and reduced tillage"
"Agricultural production","Crop yield","Increase","Crop yield","Cash crop yield","Increase",NA,"10.2134/agronj2017.12.0752","Cover and catch crops"
"Biodiversity","Pests and diseases","Decrease","weed","Weed biomass","Decrease",NA,"10.2134/agronj2017.12.0752","Cover and catch crops"
"Biodiversity","Pests and diseases","Decrease","weed","Weed density","Decrease",NA,"10.2134/agronj2017.12.0752","Cover and catch crops"
"GHG emissions","GHG emissions","Decrease","Net carbon-GHG balance","GHG emissions per yield unit","decrease",NA,"10.1016/j.agsy.2021.103095","Soil amendment with lime and gypsum"
"Agricultural production","Crop yield","Increase","Crop yield","Cash crop yield (rice)","increase",NA,"10.1016/j.fcr.2022.108504","Leguminous crops"
"GHG emissions","GHG emissions","Decrease","Nitrous oxide emission (soil)","N2O emission","decrease",NA,"10.1111/gcb.15796","Crop residue management"
"Soil health","Soil nutrients","Increase","Soil nitrogen","Soil nitrogen","Increase",NA,"10.1007/978-3-319-58789-9_4","Leguminous crops"
"GHG emissions","GHG emissions","Decrease","Aggregated GHGs emission (soil)","N2O and CH4 emissions","decrease",NA,"10.1111/gcb.15796","No tillage and reduced tillage"
"GHG emissions","GHG emissions","Decrease","Aggregated GHGs emission (soil)","Net greenhouse gas budget","decrease",NA,"10.1111/gcb.15796","No tillage and reduced tillage"
"Carbon sequestration","Carbon sequestration","Increase","Organic carbon sequestration rate (soil)","Soil organic carbon sequestration rate","increase","C t /ha /year","10.1111/gcb.15796","No tillage and reduced tillage"
"GHG emissions","GHG emissions","Decrease","Net soil GHG budget (soil carbon, nitrous oxide, methane)","Net greenhouse gas budget (i.e., sum of carbon dioxide-equivalents CO2eq) from soil organic carbon sequestration rate, methane and nitrous oxide emissions in croplands)","decrease",NA,"10.1111/gcb.15796","Water-saving irrigation practices in flooded lands"
"Agricultural production","Animal production","Increase","Milk yield","Milk solids yield (kg/d)","increase","Milk solids kg /day","10.3168/jds.2012-5923","Livestock feeding techniques"
"GHG emissions","GHG emissions","Decrease","Methane emission (soil)","CH4 emission per unit of area","decrease",NA,"10.1016/j.scitotenv.2013.08.098","Organic farming systems"
"GHG emissions","GHG emissions","Decrease","Methane emission (soil)","CH4 emission per unit of product","decrease",NA,"10.1016/j.scitotenv.2013.08.098","Organic farming systems"
"GHG emissions","GHG emissions","Decrease","Nitrous oxide emission (organic fertilisers)","N2O emission per unit of product","decrease",NA,"10.1016/j.scitotenv.2013.08.098","Organic farming systems"
"GHG emissions","GHG emissions","Decrease","Nitrous oxide emission (organic fertilisers)","N2O emission per unit of area","decrease","non-LCA impact per unit of land","10.1016/j.scitotenv.2013.08.098","Organic farming systems"
"Pollution","Water quality","Increase","Water quality parameters (aggregated)","Reduction of acute ecotoxicity","increase",NA,"10.2134/jeq2010.0510","Landscape features"
"Carbon sequestration","Carbon sequestration","Increase","Organic carbon content (soil)","SOC storage","increase",NA,"10.1007/s10533-011-9600-4","No tillage and reduced tillage"
"Carbon sequestration","Carbon sequestration","Increase","Organic carbon sequestration rate (soil)","Carbon sequestration rate","increase",NA,"10.2136/sssaj2002.1930","Crop rotation"
"Agricultural production","Animal production","Increase","Feed efficiency","Feed conversion","Increase",NA,"10.1371/journal.pone.0232853","Livestock housing techniques"
"Agricultural production","Animal production","Increase","Weight gain","Carcass weight","Increase",NA,"10.1016/j.livsci.2018.03.012","Livestock housing techniques"
"Agricultural production","Animal production","Increase","Feed efficiency","Feed conversion ratio","Increase",NA,"10.1016/j.livsci.2018.03.012","Livestock housing techniques"
"Agricultural production","Animal production","Increase","Egg production","Duration of egg production","Increase",NA,"10.1016/j.anireprosci.2020.106278","Livestock housing techniques"
"Agricultural production","Animal production","Increase","Egg production","Egg production","Increase",NA,"10.1016/j.anireprosci.2020.106278","Livestock housing techniques"
"Soil health","Soil biological quality","Increase","Taxonomic parameters (microbes)","Microbial carbon concentration","increase",NA,"10.2134/agronj2016.09.0553","Crop residue management"
"Soil health","Soil biological quality","Increase","Taxonomic parameters (microbes)","Microbial nitrogen concentration","increase",NA,"10.2134/agronj2016.09.0553","Crop residue management"
"Agricultural production","Animal production","Increase","Animal production parameters","Fertility","Increase",NA,"10.1016/j.anireprosci.2020.106278","Livestock housing techniques"
"Agricultural production","Animal production","Increase","Milk yield","Milk protein yield","increase","Milk protein g /day","10.1371/journal.pone.0246922","Livestock feeding techniques"
"GHG emissions","Global warming potential (LCA)","Decrease","Global warming potential","Carbon footprint of feed for milk production","decrease","CO2-eq g /kg milk","10.1371/journal.pone.0246922","Livestock feeding techniques"
"GHG emissions","Global warming potential (LCA)","Decrease","Global warming potential","Carbon footprint of feed","decrease","CO2-eq g /kg diet","10.1371/journal.pone.0246922","Livestock feeding techniques"
"Agricultural production","Animal production","Increase","Feed intake","Dry matter forage intake","increase","DMI forage kg /day","10.1016/j.tvjl.2021.105659","Livestock feeding techniques"
"Agricultural production","Animal production","Increase","Feed intake","NDF intake","increase","Neutral detergent fiber intake kg /day","10.1016/j.tvjl.2021.105659","Livestock feeding techniques"
"GHG emissions","GHG emissions","Decrease","Net carbon-GHG balance","Net change in C","decrease","t /m2 /hour","10.1186/2047-2382-3-5","Peatland conservation and restoration"
"GHG emissions","GHG emissions","Decrease","Net carbon-GHG balance","Reco (Ecosystem respiration)","decrease","t /m2 /hour","10.1186/2047-2382-3-5","Peatland conservation and restoration"
"Carbon sequestration","Carbon sequestration","Increase","Organic carbon content (soil)","SOC concentration (>30cm)","increase","C g /kg soil","10.1186/s13750-017-0108-9","No tillage and reduced tillage"
"Carbon sequestration","Carbon sequestration","Increase","Organic carbon content (soil)","SOC concentration (0-15cm)","increase","C g /kg soil","10.1186/s13750-017-0108-9","No tillage and reduced tillage"
"Carbon sequestration","Carbon sequestration","Increase","Organic carbon content (soil)","SOC concentration (15-30cm)","increase","C g /kg soil","10.1186/s13750-017-0108-9","No tillage and reduced tillage"
"Carbon sequestration","Carbon sequestration","Increase","Organic carbon stock (soil)","SOC stock (0-150cm)","increase","C g /kg soil","10.1186/s13750-017-0108-9","No tillage and reduced tillage"
"Carbon sequestration","Carbon sequestration","Increase","Organic carbon stock (soil)","SOC stock (0-30cm)","increase","C g /kg soil","10.1186/s13750-017-0108-9","No tillage and reduced tillage"
"GHG emissions","GHG emissions","Decrease","Methane emission (enteric fermentation)","Methane production per dry matter","decrease","CH4 g /kg DMI","10.1016/j.tvjl.2021.105659","Livestock feeding techniques"
"GHG emissions","GHG emissions","Decrease","Net ecosystem CO2 exchange","CO2 emission","decrease","t /m2 /hour","10.1038/s41558-021-01059-w","Peatland conservation and restoration"
"Soil health","Soil physico-chemical quality","Increase","Water drainage","Water drainage","increase","mm of precipitation","10.1007/s13593-018-0546-y","Cover and catch crops"
"Carbon sequestration","Carbon sequestration","Increase","Organic carbon sequestration rate (soil)","SOC sequestration rates","Increase","C t /ha /year","10.1016/j.agsy.2019.102736","Cover and catch crops"
"Agricultural production","Animal production","Increase","Weight gain","Final body weight","increase","Body weight kg","10.3390/fermentation8060254","Livestock feeding techniques"
"Carbon sequestration","Carbon sequestration","Increase","Organic carbon sequestration rate (soil)","Soil organic carbon stock. sampled depth was between 0.15 and 0.3 m and in a few cases 0.4 m. Converted to an annual rate of increase expressed as Mg C ha−1 yr−1 .","increase","C t /ha /year","10.1016/j.agee.2016.01.005","Conservation agriculture systems"
"GHG emissions","GHG emissions","Decrease","Methane emission (enteric fermentation)","Enteric methane production","decrease","CH4 kg /kg DMI","10.1016/j.algal.2023.103359","Livestock feeding techniques"
"GHG emissions","GHG emissions","Decrease","Methane emission (enteric fermentation)","CH4 yield  - Individual model","decrease","CH4 g /kg DMI","10.3168/jds.2022-22211","Livestock feeding techniques"
"GHG emissions","GHG emissions","Decrease","Methane emission (enteric fermentation)","CH4 intensity (g/kg ECM)  - Individual model","decrease","CH4 g /kg energy corrected milk (ECM)","10.3168/jds.2022-22211","Livestock feeding techniques"
"GHG emissions","GHG emissions","Decrease","Methane emission (enteric fermentation)","CH4 production (g/d) - Individual model","decrease","CH4 g /day","10.3168/jds.2022-22211","Livestock feeding techniques"
"Soil health","Soil biological quality","Increase","Taxonomic parameters (microbes)","Microbial species  richness (number of unique taxonomic sub-units)","increase","number of unique taxonomic sub-units","10.1016/j.pedobi.2016.04.001","Crop rotation"
"Soil health","Soil biological quality","Increase","Taxonomic parameters (microbes)","Microbial diversity (Shannon’s diversity index)","increase","Shannon's diversity index","10.1016/j.pedobi.2016.04.001","Leguminous crops"
"Soil health","Soil biological quality","Increase","Taxonomic parameters (microbes)","Microbial diversity (richness and relative abundance of unique taxonomic sub-units as calculated with the Shannon’s diversity index)","increase","Shannon’s diversity index or richness scores","10.1016/j.pedobi.2016.04.001","Crop rotation"
"Soil health","Soil biological quality","Increase","Taxonomic parameters (microbes)","Microbial diversity (Shannon’s diversity index or richness scores)","increase","Shannon’s diversity index or richness scores","10.1016/j.pedobi.2016.04.001","Crop rotation"
"Soil health","Soil biological quality","Increase","Taxonomic parameters (microbes)","Microbial richness","increase",NA,"10.1016/j.pedobi.2016.04.001","Leguminous crops"
"GHG emissions","GHG emissions","Decrease","Nitrous oxide emission (mineral fertilisers)","Percent change in yield-scaled N2O emissions","decrease",NA,"10.2136/sssaj2016.09.0281","Enhanced efficiency fertilisers"
"GHG emissions","Global warming potential (LCA)","Decrease","Global warming potential","Global warming potential (GWP)","decrease","CO2-eq kg /ha /year","10.1371/journal.pone.0148527","Crop rotation"
"Agricultural production","Cropping system productivity","Increase","Net primary productivity","Net effect for aboveground biomass (NEB)","increase",NA,"10.1007/s11104-020-04768-x","Intercropping"
"Agricultural production","Cropping system productivity","Increase","Crop yield","Net effect for yield (NEY)","increase",NA,"10.1007/s11104-020-04768-x","Intercropping"
"Agricultural production","Cropping system productivity","Increase","Net primary productivity","Net effect for biomass","increase",NA,"10.1007/s11104-020-04768-x","Leguminous crops"
"Agricultural production","Cropping system productivity","Increase","Crop yield","Net effect for crop yield","increase",NA,"10.1007/s11104-020-04768-x","Leguminous crops"
"Sustainable use of resources","Plant nutrient uptake","Increase","Land equivalent ratio for phosphorous uptake","Net effect on P uptake (NEP)","increase",NA,"10.1007/s11104-020-04768-x","Leguminous crops"
"Sustainable use of resources","Nutrients recovery","Increase","manure-phosphorous recovery","Phosphorous recovery","increase",NA,"10.1186/s13750-020-00211-x","Manure processing techniques"
"Biodiversity","Pollination","Increase","Functional parameters (pollinator)","Crop pollination service","increase",NA,"10.1111/ele.13576","Agroforestry practices and systems"
"Biodiversity","Pests and diseases","Decrease","Functional parameters (natural enemies)","Natural pest control service","increase",NA,"10.1111/ele.13576","Agroforestry practices and systems"
"Biodiversity","Pests and diseases","Decrease","Functional parameters (natural enemies)","Natural pest control service: abundance and richness","increase",NA,"10.1111/ele.13576","Landscape features"
"Biodiversity","Pests and diseases","Decrease","Functional parameters (natural enemies)","Natural enemies (abundance, diversity, predation/parasitism)","increase",NA,"10.1111/j.1461-0248.2011.01642.x","Landscape features"
"Biodiversity","Pests and diseases","Decrease","pest","Pests (abundance, diversity, population growth, plant damage)","decrease",NA,"10.1111/j.1461-0248.2011.01642.x","Landscape features"
"Biodiversity","Pollination","Increase","Functional parameters (pollinator)","Abundance of above-ground nesting bees","increase",NA,"10.1016/j.agee.2017.12.025","Landscape features"
"Biodiversity","Pollination","Increase","Functional parameters (pollinator)","Abundance of below-ground nesting bees","increase",NA,"10.1016/j.agee.2017.12.025","Landscape features"
"Biodiversity","Pollination","Increase","Functional parameters (pollinator)","Abundance of large bees","increase",NA,"10.1016/j.agee.2017.12.025","Landscape features"
"Biodiversity","Pollination","Increase","Functional parameters (pollinator)","Abundance of small bees","increase",NA,"10.1016/j.agee.2017.12.025","Landscape features"
"Biodiversity","Pollination","Increase","Functional parameters (pollinator)","Abundance of solitary bees","increase",NA,"10.1016/j.agee.2017.12.025","Landscape features"
"Biodiversity","Pollination","Increase","Functional parameters (pollinator)","Richness of above-ground nesting bees","increase",NA,"10.1016/j.agee.2017.12.025","Landscape features"
"Biodiversity","Pollination","Increase","Functional parameters (pollinator)","Richness of small bees","increase",NA,"10.1016/j.agee.2017.12.025","Landscape features"
"Biodiversity","Pollination","Increase","Functional parameters (pollinator)","Richness of solitary bees","increase",NA,"10.1016/j.agee.2017.12.025","Landscape features"
"Biodiversity","Pests and diseases","Decrease","crop damage or disease","Disease control","increase",NA,"10.1007/s10980-018-0673-5","Landscape features"
"Biodiversity","Pests and diseases","Decrease","pest","Pests response (abundance, diversity, population growth, plant damage)","decrease",NA,"10.1007/s10980-018-0673-5","Landscape features"
"Biodiversity","Pollination","Increase","Functional parameters (pollinator)","Pollination","increase",NA,"10.1007/s10980-018-0673-5","Landscape features"
"Pollution","Water quality","Increase","Water quality parameters (aggregated)","Water quality","increase",NA,"10.1007/s10980-018-0673-5","Landscape features"
"Biodiversity","Pests and diseases","Decrease","Functional parameters (natural enemies)","Natural enemies (abundance, diversity)","increase",NA,"10.1111/j.1461-0248.2011.01642.x","Landscape features"
"Biodiversity","Pests and diseases","Decrease","Functional parameters (natural enemies)","Natural enemies abundance/density","increase",NA,"10.1111/j.1461-0248.2011.01642.x","Landscape features"
"Biodiversity","Pests and diseases","Decrease","Functional parameters (natural enemies)","Natural enemies diversity","increase",NA,"10.1111/j.1461-0248.2011.01642.x","Landscape features"
"Biodiversity","Pests and diseases","Decrease","Functional parameters (natural enemies)","Natural enemies predation/parasitism","increase",NA,"10.1111/j.1461-0248.2011.01642.x","Landscape features"
"Biodiversity","Pests and diseases","Decrease","pest","Pests (abundance, diversity, population growth)","decrease",NA,"10.1111/j.1461-0248.2011.01642.x","Landscape features"
"Biodiversity","Pests and diseases","Decrease","pest","Pests abundance","decrease",NA,"10.1111/j.1461-0248.2011.01642.x","Landscape features"
"Biodiversity","Pests and diseases","Decrease","pest","Pests diversity","decrease",NA,"10.1111/j.1461-0248.2011.01642.x","Landscape features"
"Biodiversity","Pests and diseases","Decrease","pest","Pests population growth","decrease",NA,"10.1111/j.1461-0248.2011.01642.x","Landscape features"
"Biodiversity","Pests and diseases","Decrease","crop damage or disease","Plant/crop damage","decrease",NA,"10.1111/j.1461-0248.2011.01642.x","Landscape features"
"Biodiversity","Pests and diseases","Decrease","Functional parameters (natural enemies)","Abundance and richness of crop pest natural enemies","increase",NA,"10.1111/brv.12040","Landscape features"
"Biodiversity","Pollination","Increase","Functional parameters (pollinator)","Abundance and richness of pollinators","increase",NA,"10.1111/brv.12040","Landscape features"
"Biodiversity","Pollination","Increase","Functional parameters (pollinator)","Bees abundance OR richness","increase",NA,"10.1111/brv.12040","Landscape features"
"Biodiversity","Pollination","Increase","Functional parameters (pollinator)","Beetles abundance OR richness","increase",NA,"10.1111/brv.12040","Landscape features"
"Agricultural production","Grassland production","Increase","Net primary productivity","Above- and belowground biomass","increase","%","10.1002/ecy.2905","Grassland management"
"Biodiversity","Biodiversity","Increase","Taxonomic parameters (mammal)","Mammal abundance","increase",NA,"10.1016/j.jnc.2018.08.008","Grazing management"
"Biodiversity","Biodiversity","Increase","Biodiversity parameters (aggregated)","Seven taxonomic groups (plants, birds, invertebrates, reptiles, fungi, mammals, and amphibians) species richness","increase",NA,"10.1016/j.jaridenv.2017.11.017","Agroforestry practices and systems"
"Soil health","Soil nutrients","Increase","Soil potassium","Soil total K","increase",NA,"10.3390/agronomy12040890","Crop residue management"
"Soil health","Soil nutrients","Increase","Soil phosphorous","Soil total P","increase",NA,"10.3390/agronomy12040890","Crop residue management"
"Biodiversity","Pests and diseases","Decrease","Functional parameters (herbivore)","Herbivore abundance","decrease",NA,"10.1111/1365-2435.13062","Intercropping"
"Biodiversity","Pests and diseases","Decrease","crop damage or disease","Herbivore damage","decrease",NA,"10.1111/1365-2435.13062","Intercropping"
"Biodiversity","Pests and diseases","Decrease","pest","Predator abundance","decrease",NA,"10.1111/1365-2435.13062","Intercropping"
"Biodiversity","Pests and diseases","Decrease","crop damage or disease","Crop damage","decrease",NA,"10.1890/09-2026.1","Intercropping"
"Agricultural production","Crop yield","Increase","Crop yield","Crop yield from only the main crop","increase",NA,"10.1890/09-2026.1","Intercropping"
"Biodiversity","Pests and diseases","Decrease","Functional parameters (natural enemies)","Natural enemy abundance","increase",NA,"10.1890/09-2026.1","Intercropping"
"Biodiversity","Pests and diseases","Decrease","Functional parameters (herbivore)","Pest Arthropod herbivore abundance","decrease",NA,"10.1890/09-2026.1","Intercropping"
"Soil health","Soil nutrients","Increase","Soil nitrogen","Soil N stock","increase",NA,"10.1002/saj2.20260","No tillage and reduced tillage"
"Pollution","Water quality","Increase","Water carbon","Dissolved organic carbon in wetland","increase",NA,"10.1016/j.ese.2020.100063","Wetland management"
"Pollution","Water quality","Increase","Water nitrogen","Ammonium cation - nitrogen concentration","decrease",NA,"10.1016/j.ese.2020.100063","Wetland management"
"Soil health","Soil biological quality","Increase","Taxonomic parameters (microbes)","Microbial biomass carbon","increase",NA,"10.1016/j.ese.2020.100063","Peatland management"
"Soil health","Soil biological quality","Increase","Taxonomic parameters (microbes)","Microbial biomass nitrogen","increase",NA,"10.1016/j.ese.2020.100063","Peatland management"
"Pollution","Water quality","Increase","Water nitrogen","Nitrates - Nitrogen","decrease",NA,"10.1016/j.ese.2020.100063","Wetland management"
"Biodiversity","Pests and diseases","Decrease","Functional parameters (natural enemies)","Biological control potential (predation rate, parasitism rate and soil-suppressiveness, that is, soil ability to suppress pathogens following their inoculation)","increase",NA,"10.1038/s41893-018-0102-4","Organic farming systems"
"Biodiversity","Pests and diseases","Decrease","pest","Pest infestation (disease severity or incidence, pest abundance or pest density, weed soil cover, weed biomass or weed density)","decrease",NA,"10.1038/s41893-018-0102-4","Organic farming systems"
"Sustainable use of resources","Plant nutrient uptake","Increase","Nitrogen use efficiency","Nutrient use efficiency","increase",NA,"10.3390/plants11131690","Water-saving irrigation practices in flooded lands"
"Agricultural production","Grassland production","Increase","Net primary productivity (grass)","Pasture yield","increase",NA,"10.1016/j.agee.2012.12.010","Agroforestry practices and systems"
"Biodiversity","Biodiversity","Increase","Biodiversity parameters (aggregated)","Species richness","increase",NA,"10.1111/cobi.12536","Landscape features"
"Biodiversity","Biodiversity","Increase","Taxonomic-functional parameters (arthropod)","Arthropod decomposer abundance","increase",NA,"10.1111/j.1466-8238.2008.00399.x","Grassland conservation and restoration"
"Biodiversity","Biodiversity","Increase","Taxonomic-functional parameters (arthropod)","Arthropod decomposer species richness","increase",NA,"10.1111/j.1466-8238.2008.00399.x","Grassland conservation and restoration"
"Biodiversity","Biodiversity","Increase","Taxonomic-functional parameters (arthropod)","Arthropod predator abundance","increase",NA,"10.1111/j.1466-8238.2008.00399.x","Grassland conservation and restoration"
"Biodiversity","Biodiversity","Increase","Taxonomic-functional parameters (arthropod)","Arthropod predator species richness","increase",NA,"10.1111/j.1466-8238.2008.00399.x","Grassland conservation and restoration"
"Biodiversity","Biodiversity","Increase","Taxonomic parameters (bird)","Bird abundance","increase",NA,"10.1016/j.baae.2021.08.007","Grazing management"
"Biodiversity","Biodiversity","Increase","Taxonomic parameters (bird)","Bird species richness","increase",NA,"10.1016/j.baae.2021.08.007","Grazing management"
"Biodiversity","Biodiversity","Increase","Biodiversity parameters (aggregated)","Species abundance","increase",NA,"10.1111/j.1365-2664.2005.01005.x","Organic farming systems"
"Biodiversity","Biodiversity","Increase","Taxonomic parameters (plant)","All non-vascular plants richness","increase",NA,"10.1186/2047-2382-2-6","Grazing management"
"Agricultural production","Grassland production","Increase","Net primary productivity","Bare ground area","decrease",NA,"10.1186/2047-2382-2-6","Grazing management"
"Agricultural production","Grassland production","Increase","Net primary productivity","Bryophytes cover/abundance, biomass or productivity","increase",NA,"10.1186/2047-2382-2-6","Grazing management"
"Biodiversity","Biodiversity","Increase","Taxonomic parameters (plant)","Bryophytess richness","increase",NA,"10.1186/2047-2382-2-6","Grazing management"
"Agricultural production","Grassland production","Increase","Net primary productivity","Graminoids cover/abundance, biomass or productivity","increase",NA,"10.1186/2047-2382-2-6","Grazing management"
"Agricultural production","Grassland production","Increase","Net primary productivity","Herbs/forbs cover/abundance, biomass or productivity","increase",NA,"10.1186/2047-2382-2-6","Grazing management"
"Agricultural production","Grassland production","Increase","Net primary productivity","Lichens cover/abundance, biomass or productivity","increase",NA,"10.1186/2047-2382-2-6","Grazing management"
"Biodiversity","Biodiversity","Increase","Taxonomic parameters (plant)","Lichens richness","increase",NA,"10.1186/2047-2382-2-6","Grazing management"
"Biodiversity","Biodiversity","Increase","Taxonomic parameters (plant)","Non-vascular cryptogams richness","increase",NA,"10.1186/2047-2382-2-6","Grazing management"
"Biodiversity","Biodiversity","Increase","Taxonomic parameters (plant)","Vascular plants richness","increase",NA,"10.1186/2047-2382-2-6","Grazing management"
"Agricultural production","Grassland production","Increase","Net primary productivity","Woody plants cover/abundance, biomass or productivity","increase",NA,"10.1186/2047-2382-2-6","Grazing management"
"Soil health","Soil erosion","Decrease","Soil erosion parameters","Sediments","decrease","kg-sediments /km2 OR kg-sediment /area /time","10.1016/j.earscirev.2017.08.007","Landscape features"
"Biodiversity","Biodiversity","Increase","Taxonomic parameters (bird)","Grouse adult counts (abundance)","increase",NA,"10.1002/ece3.3287","Grazing management"
"Biodiversity","Biodiversity","Increase","Taxonomic parameters (bird)","Grouse chick production","increase",NA,"10.1002/ece3.3287","Grazing management"
"Biodiversity","Biodiversity","Increase","Taxonomic parameters (reptile-anphibian)","Squamate species abundance","increase",NA,"10.1111/geb.13091","Grazing management"
"Biodiversity","Biodiversity","Increase","Taxonomic parameters (invertebrate)","Invertebrate abundance","increase",NA,"10.1016/j.biocon.2009.11.030","Grassland conservation and restoration"
"Biodiversity","Biodiversity","Increase","Taxonomic parameters (invertebrate)","Invertebrate species richness","increase",NA,"10.1016/j.biocon.2009.11.030","Grassland conservation and restoration"
"Biodiversity","Biodiversity","Increase","Taxonomic parameters (mammal)","Mammal species richness","increase",NA,"10.1016/j.biocon.2009.11.030","Grassland conservation and restoration"
"Biodiversity","Biodiversity","Increase","Taxonomic parameters (plant)","Plant abundance","increase",NA,"10.1016/j.biocon.2009.11.030","Grassland conservation and restoration"
"Biodiversity","Biodiversity","Increase","Taxonomic parameters (plant)","Plant species richness","increase",NA,"10.1016/j.biocon.2009.11.030","Grassland conservation and restoration"
"Biodiversity","Biodiversity","Increase","Taxonomic parameters (reptile-anphibian)","Reptile/amphibian abundance","increase",NA,"10.1016/j.biocon.2009.11.030","Grassland conservation and restoration"
"Biodiversity","Biodiversity","Increase","Taxonomic parameters (reptile-anphibian)","Reptile/amphibian species richness","increase",NA,"10.1016/j.biocon.2009.11.030","Grassland conservation and restoration"
"Biodiversity","Pests and diseases","Decrease","Functional parameters (natural enemies)","Natural enemies of pests: Abundance, fecundity, development rate, size and damage.","increase",NA,"10.1016/j.agee.2011.03.014","Organic farming systems"
"Biodiversity","Pests and diseases","Decrease","pest","Pests: Abundance, fecundity, development rate, size and damage.","decrease",NA,"10.1016/j.agee.2011.03.014","Organic farming systems"
"Biodiversity","Biodiversity","Increase","Ecological parameters (plant)","Aboveground biomass","increase",NA,"10.1002/ecm.1221","Wetland management"
"Biodiversity","Biodiversity","Increase","Taxonomic parameters (plant)","Plant cover","increase",NA,"10.1002/ecm.1221","Wetland management"
"Biodiversity","Biodiversity","Increase","Taxonomic parameters (plant)","Plant density","increase",NA,"10.1002/ecm.1221","Wetland management"
"Biodiversity","Biodiversity","Increase","Taxonomic parameters (plant)","Plant height","increase",NA,"10.1002/ecm.1221","Wetland management"
"Biodiversity","Biodiversity","Increase","Taxonomic parameters (plant)","Plant reproduction","increase",NA,"10.1002/ecm.1221","Wetland management"
"Soil health","Soil biological quality","Increase","Taxonomic parameters (microbes)","Soil total microbial biomass and microbial diversity","increase","Bacterial and fungal total phospholipid fatty acids, PLFAs","10.1016/j.scitotenv.2020.141593","Soil amendment with biochar"
"Biodiversity","Pollination","Increase","Functional parameters (pollinator)","Pollinator richness","increase",NA,"10.1111/ele.13339","Landscape features"
"Biodiversity","Biodiversity","Increase","Biodiversity parameters (aggregated)","Abundance of insects","increase",NA,"www.scielo.org.co/scielo.php?pid=S0120-04882014000200001&script=sci_abstract","Organic farming systems"
"Biodiversity","Biodiversity","Increase","Biodiversity parameters (aggregated)","Species richness of insects","increase",NA,"www.scielo.org.co/scielo.php?pid=S0120-04882014000200001&script=sci_abstract","Organic farming systems"
"Biodiversity","Biodiversity","Increase","Taxonomic parameters (arthropod)","Spider abundnace","increase",NA,"10.1016/j.biocon.2010.11.024","Grazing management"
"Biodiversity","Biodiversity","Increase","Taxonomic parameters (arthropod)","Spider species richness","increase",NA,"10.1016/j.biocon.2010.11.024","Grazing management"
"Agricultural production","Grassland production","Increase","Net primary productivity","Herbaceous aboveground biomass yields","Increase",NA,"10.1016/j.agee.2012.12.010","Leguminous crops"
"Biodiversity","Pests and diseases","Decrease","pest","Foliar pest abundance","decrease",NA,"10.1016/j.agee.2020.106849","No tillage and reduced tillage"
"Biodiversity","Pests and diseases","Decrease","pest","Foliar predator abudance","decrease",NA,"10.1016/j.agee.2020.106849","No tillage and reduced tillage"
"Biodiversity","Pests and diseases","Decrease","pest","Soil predator abundance","decrease",NA,"10.1016/j.agee.2020.106849","No tillage and reduced tillage"
"Biodiversity","Pests and diseases","Decrease","pest","Soil-associated pest abundance","decrease",NA,"10.1016/j.agee.2020.106849","No tillage and reduced tillage"
"Biodiversity","Pests and diseases","Decrease","pest","Total pest abundance","decrease",NA,"10.1016/j.agee.2020.106849","No tillage and reduced tillage"
"Biodiversity","Pests and diseases","Decrease","pest","Total predator abudance","decrease",NA,"10.1016/j.agee.2020.106849","No tillage and reduced tillage"
"Biodiversity","Biodiversity","Increase","Taxonomic parameters (bird)","Birds population density","increase",NA,"10.1111/j.1523-1739.2004.00359.x","Fallowing"
"Biodiversity","Biodiversity","Increase","Taxonomic parameters (plant)","Plants population density","increase",NA,"10.1111/j.1523-1739.2004.00359.x","Fallowing"
"Biodiversity","Biodiversity","Increase","Taxonomic parameters (arthropod)","Spiders population density","increase",NA,"10.1111/j.1523-1739.2004.00359.x","Fallowing"
"Biodiversity","Pollination","Increase","Functional parameters (pollinator)","Abundance of pollinators at the edge","increase",NA,"10.1111/icad.12454","Landscape features"
"Biodiversity","Pollination","Increase","Functional parameters (pollinator)","Abundance of pollinators within the crop","increase",NA,"10.1111/icad.12454","Landscape features"
"Biodiversity","Pollination","Increase","Functional parameters (pollinator)","Pollinator visit rate","increase",NA,"10.1111/icad.12454","Landscape features"
"Biodiversity","Pollination","Increase","Functional parameters (pollinator)","Richness of pollinators at the edge","increase",NA,"10.1111/icad.12454","Landscape features"
"Biodiversity","Pollination","Increase","Functional parameters (pollinator)","Richness of pollinators within the crop","increase",NA,"10.1111/icad.12454","Landscape features"
"Biodiversity","Pollination","Increase","Functional parameters (pollinator)","Pollinator abundance in crop fields","increase",NA,"10.1016/j.agee.2020.107290","Landscape features"
"Biodiversity","Pollination","Increase","Functional parameters (pollinator)","Pollinator abundance in field edges adjacent to crops","increase",NA,"10.1016/j.agee.2020.107290","Landscape features"
"Biodiversity","Pollination","Increase","Functional parameters (pollinator)","Pollinator richness in crop fields","increase",NA,"10.1016/j.agee.2020.107290","Landscape features"
"Biodiversity","Pollination","Increase","Functional parameters (pollinator)","Pollinator richness in field edges adjacent to crops","increase",NA,"10.1016/j.agee.2020.107290","Landscape features"
"Biodiversity","Pollination","Increase","Functional parameters (pollinator)","Pollinator abundance","increase",NA,"10.1007/s10841-020-00247-x","Grassland conservation and restoration"
"GHG emissions","GHG emissions","Decrease","Net carbon-GHG balance","Abiotic carbon flux","decrease",NA,"10.1007/s10530-021-02540-5","Wetland conservation and restoration"
"Soil health","Soil nutrients","Increase","Soil nutrients","Abiotic nutrients (Al, B, Cr, Fe, Mg, P, Pb, S, Se, Zn)","increase",NA,"10.1007/s10530-021-02540-5","Wetland conservation and restoration"
"Soil health","Soil physico-chemical quality","Increase","Soil salinity","Soil conductivity","decrease",NA,"10.1007/s10530-021-02540-5","Wetland conservation and restoration"
"Soil health","Soil water retention","Increase","Soil water","Soil moisture","increase",NA,"10.1007/s10530-021-02540-5","Wetland conservation and restoration"
"Soil health","Soil physico-chemical quality","Increase","Soil salinity","Soil salinity","decrease",NA,"10.1007/s10530-021-02540-5","Wetland conservation and restoration"
"GHG emissions","GHG emissions","Decrease","Methane emission (soil)","Soil CH4 uptake","increase",NA,"10.1111/gcb.15315","Grassland conservation and restoration"
"GHG emissions","GHG emissions","Decrease","Methane emission (soil)","Soil CH4 emission rate","decrease",NA,"10.1016/j.soilbio.2021.108467","Wetland management"
"Soil health","Soil nutrients","Increase","Soil nitrogen","Total nitrogen in soil","increase","N g /kg soil","10.1016/j.soilbio.2021.108467","Wetland management"
"Agricultural production","Grassland production","Increase","Net primary productivity","Aboveground biomass for forbs","increase",NA,"10.1038/s41598-017-01728-x","Grassland management"
"Agricultural production","Grassland production","Increase","Net primary productivity","Aboveground biomass for grass","increase",NA,"10.1038/s41598-017-01728-x","Grassland management"
"Soil health","Soil nutrients","Increase","Soil nitrogen","Soil N","increase",NA,"10.1038/s41598-017-01728-x","Grassland management"
"Soil health","Soil nutrients","Increase","Soil phosphorous","Soil P","increase",NA,"10.1038/s41598-017-01728-x","Grassland management"
"Soil health","Soil water retention","Increase","Soil water","Soil water content","increase",NA,"10.1038/s41598-017-01728-x","Grassland management"
"GHG emissions","GHG emissions","Decrease","Methane emission (enteric fermentation)","CH4 production (g/d)","decrease","CH4 g /day","not available","Livestock feeding techniques"
"Agricultural production","Animal production","Increase","Feed digestibility","Apparent total tract digestibility (ATTD) of gross energy (GE)","increase","GE ATTD %","10.1016/j.jclepro.2021.128130","Livestock feeding techniques"
"Biodiversity","Pests and diseases","Decrease","weed","Abundance of non-native plant species","decrease",NA,"10.1111/oik.01416","Grazing management"
"Agricultural production","Animal production","Increase","Feed digestibility","Standardized total tract digestibility of phosphorous","increase","P STTD %","10.1016/j.jclepro.2021.128130","Livestock feeding techniques"
"Agricultural production","Animal production","Increase","Feed digestibility","Apparent total tract digestibility (ATTD) of phosphorous","increase","P ATTD %","10.1016/j.jclepro.2021.128130","Livestock feeding techniques"
"Biodiversity","Pollination","Increase","Functional parameters (pollinator)","Unmanaged bee abundance","increase",NA,"10.1890/08-1245.1","Grazing management"
"Biodiversity","Pollination","Increase","Functional parameters (pollinator)","Unmanaged bee richness","increase",NA,"10.1890/08-1245.1","Grazing management"
"Soil health","Soil erosion","Decrease","Soil erosion parameters","Soil erosion control and soil conservation","increase",NA,"10.1016/j.earscirev.2016.06.010","Landscape features"
"Soil health","Soil erosion","Decrease","Soil erosion parameters","Runoff reduction","increase","m3 or mm on a given area","10.1016/j.earscirev.2016.06.010","Landscape features"
"GHG emissions","GHG emissions","Decrease","Aggregated GHGs emission (soil)","GHG emissions (CH4 and N2O emissions)","decrease",NA,"10.1016/j.fcr.2012.06.007","Green manure"
"Soil health","Soil water retention","Increase","Soil water","soil available water (100-250 cm depth)","Increase",NA,"10.1016/j.still.2017.03.005","Cover and catch crops"
"Soil health","Soil water retention","Increase","Soil water","soil available water (30 - 90 cm depth)","Increase",NA,"10.1016/j.still.2017.03.005","Cover and catch crops"
"Soil health","Soil physico-chemical quality","Increase","Soil structure","Soil penetration resistance","decrease",NA,"10.1016/j.still.2017.03.005","Cover and catch crops"
"Soil health","Soil physico-chemical quality","Increase","Soil structure","Soil structural stability","increase",NA,"10.1016/j.still.2017.03.005","Cover and catch crops"
"Soil health","Soil physico-chemical quality","Increase","Soil water infiltration","Soil water infiltration","Increase",NA,"10.1016/j.still.2017.03.005","Cover and catch crops"
"Pollution","Nutrient leaching and run-off","Decrease","Nitrogen leaching","Soil N status","Decrease",NA,"10.1016/j.agee.2005.07.003","Green manure"
"Pollution","Nutrient leaching and run-off","Decrease","Nitrogen leaching","N leaching","Decrease",NA,"10.1016/j.agee.2005.07.003","Leguminous crops"
"Sustainable use of resources","Plant nutrient uptake","Increase","Nitrogen use efficiency","Partial factor productivity of nitrogen (PFPN)","increase",NA,"10.1016/j.fcr.2018.08.001","Green manure"
"Soil health","Soil biological quality","Increase","Taxonomic parameters (microbes)","Soil microbial abundance (PLFA)","increase","total phospholipid-derived fatty acid (PLFA)","10.1016/j.soilbio.2019.107701","Green manure"
"Soil health","Soil biological quality","Increase","Taxonomic parameters (microbes)","Soil microbial activity","increase",NA,"10.1016/j.soilbio.2019.107701","Green manure"
"Soil health","Soil nutrients","Increase","Soil nitrogen","Soil inorganic nitrogen content","Increase",NA,"10.1016/j.landusepol.2019.104204","Cover and catch crops"
"Biodiversity","Pests and diseases","Decrease","crop damage or disease","Food crop damage","decrease",NA,"10.1016/j.landusepol.2019.104204","Green manure"
"Agricultural production","Crop yield","Increase","Crop yield","Food crop yield","increase",NA,"10.1016/j.landusepol.2019.104204","Green manure"
"Carbon sequestration","Carbon sequestration","Increase","Organic carbon content (soil)","Soil organic matter","increase",NA,"10.1016/j.landusepol.2019.104204","Green manure"
"Biodiversity","Pests and diseases","Decrease","weed","Weed abundance","decrease",NA,"10.1016/j.landusepol.2019.104204","Green manure"
"Biodiversity","Pests and diseases","Decrease","weed","Weed diversity","increase",NA,"10.1016/j.landusepol.2019.104204","Green manure"
"Soil health","Soil biological quality","Increase","Taxonomic parameters (microbes)","Soil microbial biomass","increase",NA,"10.1016/j.landusepol.2019.104204","Green manure"
"Carbon sequestration","Carbon sequestration","Increase","Organic carbon stock (soil)","Soil carbon organic","increase","C t /ha","10.1016/j.still.2019.04.020","Green manure"
"Pollution","Air pollutants emissions","Decrease","Ammonia emission (livestock)","NH3 emissions","decrease","NH3 g N /day /head","10.1111/gcb.12767","Livestock feeding techniques"
"Agricultural production","Crop yield","Increase","Crop yield stability","Absolute stability","increase",NA,"10.1038/s41467-018-05956-1","Green manure"
"Agricultural production","Crop yield","Increase","Crop yield","Mean yield","increase",NA,"10.1038/s41467-018-05956-1","Green manure"
"Agricultural production","Crop yield","Increase","Crop yield stability","Relative stability","increase",NA,"10.1038/s41467-018-05956-1","Green manure"
"Agricultural production","Crop yield","Increase","Crop yield (grain)","Grain yield","increase",NA,"10.1016/j.fcr.2018.08.001","Green manure"
"Agricultural production","Crop yield","Increase","Crop yield","Yield","increase",NA,"10.1007/s11104-008-9547-y","Leguminous crops"
"Sustainable use of resources","Plant nutrient uptake","Increase","Crop nitrogen uptake","N content","increase",NA,"10.2134/agronj2017.09.0544","Leguminous crops"
"Biodiversity","Pests and diseases","Decrease","weed","Weed abundance (biomass)","decrease",NA,"10.1016/j.fcr.2017.01.010","Leguminous crops"
"Sustainable use of resources","Plant nutrient uptake","Increase","Crop nitrogen uptake","Soil-derived N acquisition in aboveground plant parts (kg ha-1)","increase","kg /ha","10.1016/j.eja.2020.126077","Leguminous crops"
"Biodiversity","Pests and diseases","Decrease","crop damage or disease","Disease incidence","decrease",NA,"10.1007/s10658-019-01711-4","Leguminous crops"
"Sustainable use of resources","Nutrient excretion","Decrease","Nitrogen excretion","Ratio of total N excretion to average daily gain","decrease","N excretion g / 100 g average daily gain","10.1016/j.agee.2019.106748","Livestock feeding techniques"
"Agricultural production","Crop yield","Increase","Crop yield","Crop yield after fallow","increase","%","10.3389/fpls.2022.825309","Mulching"
"Soil health","Soil water retention","Increase","Soil water","Precipitation storage efficiency (PSE)","increase",NA,"10.3389/fpls.2022.825309","Mulching"
"Soil health","Soil water retention","Increase","Soil water","Soil water storage at wheat planting","increase",NA,"10.3389/fpls.2022.825309","Mulching"
"Carbon sequestration","Carbon sequestration","Increase","Organic carbon content (soil)","Soil organic carbon content","increase",NA,"10.1016/j.scitotenv.2020.142582","Soil amendment with biochar"
"GHG emissions","GHG emissions","Decrease","Methane emission (enteric fermentation)","Daily CH4 emission","decrease","CH4 g /day /head","10.1073/pnas.2111294119","Livestock feeding techniques"
"GHG emissions","GHG emissions","Decrease","Methane emission (enteric fermentation)","CH4 conversion rate - Ym","decrease","CH4 % of gross energy intake (GEI)","10.1073/pnas.2111294119","Livestock feeding techniques"
"Sustainable use of resources","Nutrient excretion","Decrease","Phosphorous excretion","Ratio of total P excretion to average daily gain","decrease","P excretion g / g average daily gain","10.1016/j.agee.2019.106748","Livestock feeding techniques"
"GHG emissions","GHG emissions","Decrease","Methane emission (enteric fermentation)","CH4 emissions intensity for milk production","decrease","CH4 g /kg milk produced","10.1073/pnas.2111294119","Livestock feeding techniques"
"Pollution","Air pollutants emissions","Decrease","Ammonia emission (livestock)","NH3 - Ratio of ammonia emissions to average daily gain","decrease","NH3 g /100 g ADG","10.1016/j.agee.2019.106748","Livestock feeding techniques"
"Sustainable use of resources","Nutrient excretion","Decrease","Phosphorous excretion","Total P excretion","decrease","P excretion g /day","10.1016/j.agee.2019.106748","Livestock feeding techniques"
"GHG emissions","GHG emissions","Decrease","Methane emission (enteric fermentation)","CH4 emission intensity for weight gain","decrease","CH4 g /kg of weight gain for growing animals","10.1073/pnas.2111294119","Livestock feeding techniques"
"Sustainable use of resources","Nutrient excretion","Decrease","Nitrogen excretion","Total N excretion","decrease","N excretion g /day / cow","10.1016/j.agee.2019.106748","Livestock feeding techniques"
"Agricultural production","Animal production","Increase","Weight gain","Weight gain","increase","Avg. daily gain kg /day","10.1073/pnas.2111294119","Livestock feeding techniques"
"Pollution","Air pollutants emissions","Decrease","Hydrogen sulfide emission (livestock)","Hydrogen sulfide (H2S) emissions","decrease","H2S ppm","10.1016/j.agee.2019.106748","Livestock feeding techniques"
"Agricultural production","Animal production","Increase","Feed digestibility","Fiber digestibility","increase","apparent digestibility of neutral detergent fiber  (%)","10.1073/pnas.2111294119","Livestock feeding techniques"
"Agricultural production","Animal production","Increase","Feed efficiency","Ratio of gain to feed intake","increase","Avg. daily gain kg /kg avg. daily feed intake (ADFI)","10.1016/j.agee.2019.106748","Livestock feeding techniques"
"Agricultural production","Animal production","Increase","Feed intake","Feed intake","increase","DMI kg /day","10.1073/pnas.2111294119","Livestock feeding techniques"
"Agricultural production","Animal production","Increase","Feed digestibility","NDF digestibility","increase","NDFD g / 100 g NDFI","10.1016/j.aninu.2021.09.005","Livestock feeding techniques"
"Carbon sequestration","Carbon sequestration","Increase","Organic carbon content (soil)","Soil organic carbon stock (10-30 cm)","increase","C g /kg soil","10.1111/gcb.14658","Soil amendment with biochar"
"Soil health","Soil physico-chemical quality","increase","Soil water infiltration","Initial infiltration rate","increase",NA,"10.1371/journal.pone.0215702","Agroforestry practices and systems"
"Soil health","Soil biological quality","Increase","Functional parameters (mychorrhizal fungi)","AMF colonization rate of subsequent cash crop roots","Increase","% root length colonized","10.1111/1365-2664.12815","Cover and catch crops"
"Soil health","Soil biological quality","Increase","Functional parameters (mychorrhizal fungi)","AMF Shannon diversity index","increase","Shannon index","10.1111/1365-2664.12815","No tillage and reduced tillage"
"Soil health","Soil biological quality","Increase","Functional parameters (mychorrhizal fungi)","AMF abundance","increase",NA,"10.1111/1365-2664.12815","No tillage and reduced tillage"
"Soil health","Soil biological quality","Increase","Functional parameters (mychorrhizal fungi)","AMF species richness","increase",NA,"10.1111/1365-2664.12815","No tillage and reduced tillage"
"Carbon sequestration","Carbon sequestration","Increase","Organic carbon content (soil)","Soil organic carbon (SOC)","increase","1) C g /kg soil; 2) C t /ha","10.2134/jeq2017.08.0313","Grazing management"
"Pollution","Nutrient leaching and run-off","Decrease","Nitrogen leaching","NO3 leaching","decrease",NA,"10.1080/00380768.2017.1367627","Grassland management"
"Soil health","Soil physico-chemical quality","increase","Soil cations","Base saturation","increase",NA,"10.3733/ca.2020a0015","Agroforestry practices and systems"
"Soil health","Soil physico-chemical quality","increase","Soil cations","Cations","increase",NA,"10.3733/ca.2020a0015","Agroforestry practices and systems"
"Soil health","Soil nutrients","Increase","Soil nutrients (aggregated)","N cycling potential","increase",NA,"10.3733/ca.2020a0015","Agroforestry practices and systems"
"Soil health","Soil nutrients","Increase","Soil calcium","Soil Ca2+","increase",NA,"10.3733/ca.2020a0015","Agroforestry practices and systems"
"Soil health","Soil physico-chemical quality","increase","Soil cation exchange capacity","Soil cation exchange capacity (CEC)","increase",NA,"10.3733/ca.2020a0015","Agroforestry practices and systems"
"Soil health","Soil physico-chemical quality","increase","Soil bulk density","Soil compaction","decrease",NA,"10.3733/ca.2020a0015","Agroforestry practices and systems"
"Soil health","Soil nutrients","Increase","Soil potassium","Soil K+ ion","increase",NA,"10.3733/ca.2020a0015","Agroforestry practices and systems"
"Soil health","Soil nutrients","Increase","Soil magnesium","Soil Mg2+ ion","increase",NA,"10.3733/ca.2020a0015","Agroforestry practices and systems"
"Soil health","Soil nutrients","Increase","Soil nitrogen (mineral fractions)","Soil Mineral N","increase",NA,"10.3733/ca.2020a0015","Agroforestry practices and systems"
"Soil health","Soil physico-chemical quality","Increase","Soil salinity","Soil Na+ ion","decrease",NA,"10.3733/ca.2020a0015","Agroforestry practices and systems"
"Soil health","Soil nutrients","Increase","Soil nitrogen","Soil Nitrogen","increase",NA,"10.3733/ca.2020a0015","Agroforestry practices and systems"
"Soil health","Soil nutrients","Increase","Soil phosphorus","Soil phosphorus","increase",NA,"10.3733/ca.2020a0015","Agroforestry practices and systems"
"Soil health","Soil biological quality","Increase","Soil biological quality parameters (aggregated)","Soil biota","increase",NA,"10.3733/ca.2020a0015","Agroforestry practices and systems"
"GHG emissions","GHG emissions","Decrease","Methane emission (soil)","CH4 uptake by soil","increase",NA,"10.1016/j.scitotenv.2021.148863","Grassland management"
"Soil health","Soil nutrients","Increase","Soil nitrogen","Soil total N content","increase",NA,"10.1038/s41893-020-00641-y","Grassland management"
"Sustainable use of resources","Water use","Decrease","Water use efficiency","Irrigated water productivity","increase",NA,"10.1016/j.agwat.2021.107105","Water-saving irrigation practices in non-flooded lands"
"Sustainable use of resources","Water use","Decrease","Water use efficiency","Water productivity","increase",NA,"10.1016/j.agwat.2021.107105","Water-saving irrigation practices in non-flooded lands"
"Agricultural production","Crop yield","Increase","Crop yield (grain)","crop grain yield","increase",NA,"10.1038/s43016-020-0114-x","Conservation agriculture systems"
"Sustainable use of resources","Energy use (LCA)","Decrease","Energy use","Energy use","decrease","Kilojoules","10.1088/1748-9326/aa6cd5","Livestock feeding techniques"
"GHG emissions","GHG emissions","Decrease","Methane emission (enteric fermentation)","CH4 intensity","decrease","CH4 g /kg of milk or weight gain","10.1016/j.aninu.2021.09.005","Livestock feeding techniques"
"Carbon sequestration","Carbon sequestration","Increase","Organic carbon content (soil)","Soil organic content","increase","equivalent soil mass method","10.5194/bg-13-3619-2016","No tillage and reduced tillage"
"Carbon sequestration","Carbon sequestration","Increase","Organic carbon content (soil)","Soil carbon","increase","C g /kg soil","10.1111/1365-2664.12892","Grazing management"
"Carbon sequestration","Carbon sequestration","Increase","Organic carbon content (soil)","Change in SOC content (%)","increase","%","10.1016/j.agee.2013.02.003","Organic fertilisation"
"Carbon sequestration","Carbon sequestration","Increase","Organic carbon content (soil)","SOC content","increase","equivalent soil mass method","10.1016/j.agee.2013.02.003","No tillage and reduced tillage"
"Carbon sequestration","Carbon sequestration","Increase","Organic carbon sequestration rate (soil)","C sequestration rate","increase","C t /ha /year","10.1016/j.agee.2013.02.003","No tillage and reduced tillage"
"GHG emissions","GHG emissions","Decrease","Nitrous oxide emission (organic fertilisers)","N2O EF av.","decrease",NA,"10.1016/j.agee.2012.09.006","Organic fertilisation"
"GHG emissions","GHG emissions","Decrease","Nitrous oxide emission (organic fertilisers)","N2O EF tot","decrease",NA,"10.1016/j.agee.2012.09.006","Organic fertilisation"
"GHG emissions","GHG emissions","Decrease","Methane emission (enteric fermentation)","CH4 intensity (g/kg FPCM)","decrease","CH4 g /kg of fat and protein corrected milk yield (FPCM)","10.3390/ani10040620","Livestock feeding techniques"
"Pollution","Heavy metals pollution","Decrease","Soil heavy metal bioavailability","Extractable soil Cd","decrease",NA,"10.1016/j.scitotenv.2020.142582","Soil amendment with biochar"
"Pollution","Heavy metals pollution","Decrease","Soil heavy metal bioavailability","Extractable soil Pb","decrease",NA,"10.1016/j.scitotenv.2020.142582","Soil amendment with biochar"
"Pollution","Heavy metals pollution","Decrease","Plant heavy metal uptake","Shoot and root Cd and Pb concentration","decrease",NA,"10.1016/j.scitotenv.2020.142582","Soil amendment with biochar"
"Agricultural production","Crop yield","Increase","Crop yield","Farm productivity (cash crops only, without counting pastures and/or forages production in the rotation system)","increase","t /ha","10.1080/03650340.2021.1946040","Organic farming systems"
"Agricultural production","Cropping system productivity","Increase","Net primary productivity","Total aboveground production (net primary productivity)","increase",NA,"10.1371/journal.pone.0200274","Intercropping"
"Agricultural production","Grassland production","Increase","Net primary productivity","Net primary productivity","increase",NA,"10.1371/journal.pone.0200274","Leguminous crops"
"GHG emissions","GHG emissions","Decrease","Nitrous oxide emission (soil)","N2O emission from soil","decrease","% of total N","10.1016/bs.agron.2017.11.005","Soil amendment with biochar"
"Pollution","Heavy metals pollution","Decrease","Soil heavy metal bioavailability","Bioavailable Cd concentration in soil","decrease",NA,"10.1016/bs.agron.2017.11.005","Soil amendment with biochar"
"Pollution","Heavy metals pollution","Decrease","Soil heavy metal bioavailability","Bioavailable Pb concentration in soil","decrease",NA,"10.1016/bs.agron.2017.11.005","Soil amendment with biochar"
"Pollution","Heavy metals pollution","Decrease","Plant heavy metal uptake","Cd concentration in grains","decrease",NA,"10.1016/bs.agron.2017.11.005","Soil amendment with biochar"
"Pollution","Heavy metals pollution","Decrease","Plant heavy metal uptake","Pb concentration in grains","decrease",NA,"10.1016/bs.agron.2017.11.005","Soil amendment with biochar"
"Agricultural production","Crop yield","Increase","Crop yield (grain)","Rice yield","increase",NA,"10.1016/bs.agron.2017.11.005","Soil amendment with biochar"
"GHG emissions","GHG emissions","Decrease","Methane emission (soil)","CH4 emission from soil","decrease","C kg /ha /day","10.1016/bs.agron.2017.11.005","Soil amendment with biochar"
"Pollution","Nutrient leaching and run-off","Decrease","Nitrogen leaching","Total nitrate leaching","decrease",NA,"10.1007/s11356-020-08322-1","Cover and catch crops"
"Pollution","Nutrient leaching and run-off","Decrease","Nitrogen leaching","Nitrate leaching","decrease",NA,"10.1007/s11356-020-08322-1","Water-saving irrigation practices in non-flooded lands"
"Soil health","Soil physico-chemical quality","Increase","Soil porosity","Soil porosity","increase",NA,"10.2136/sssaj2017.03.0077","Cover and catch crops"
"Soil health","Soil physico-chemical quality","Increase","Soil water infiltration","Soil water infiltration rate","increase",NA,"10.1371/journal.pone.0215702","Cover and catch crops"
"Soil health","Soil water retention","Increase","Soil water","Water retained at field capacity","increase",NA,"10.2136/sssaj2017.03.0077","Cover and catch crops"
"Soil health","Soil physico-chemical quality","Increase","Soil water infiltration","Infiltration rate in soils","increase",NA,"10.1371/journal.pone.0215702","No tillage and reduced tillage"
"Soil health","Soil erosion","Decrease","Soil erosion parameters","Soil erosion control","increase",NA,"10.1016/j.iswcr.2021.08.001","Agroforestry practices and systems"
"Soil health","Soil erosion","Decrease","Soil erosion parameters","Soil runoff control","increase",NA,"10.1016/j.iswcr.2021.08.001","Agroforestry practices and systems"
"Agricultural production","Crop yield","Increase","Crop yield","Commercial yield","increase",NA,"10.1007/s13593-019-0579-x","Organic fertilisation"
"Carbon sequestration","Carbon sequestration","Increase","Organic carbon stock (soil)","Soil organic carbon stock 0-15 cm","increase",NA,"10.1016/j.scitotenv.2022.156822","Crop residue management"
"Carbon sequestration","Carbon sequestration","Increase","Organic carbon stock (soil)","Soil organic carbon stock 0-30 cm","increase",NA,"10.1016/j.scitotenv.2022.156822","Crop residue management"
"Carbon sequestration","Carbon sequestration","Increase","Organic carbon stock (soil)","Soil organic carbon stock 0-60 cm","increase",NA,"10.1016/j.scitotenv.2022.156822","Crop residue management"
"Soil health","Soil nutrients","Increase","Soil nitrogen","Soil total nitrogen 0-15 cm","increase",NA,"10.1016/j.scitotenv.2022.156822","Crop residue management"
"Soil health","Soil nutrients","Increase","Soil nitrogen","Soil total nitrogen 0-30 cm","increase",NA,"10.1016/j.scitotenv.2022.156822","Crop residue management"
"Soil health","Soil nutrients","Increase","Soil nitrogen","Soil total nitrogen 0-60","increase",NA,"10.1016/j.scitotenv.2022.156822","Crop residue management"
"Agricultural production","Crop yield","Increase","Crop yield","Overyielding (the difference in productivity of a variety mixture compared with the weighted mean of its component varieties in pure stand)","increase",NA,"10.1016/j.fcr.2017.09.006","Intercropping"
"Soil health","Soil biological quality","Increase","Taxonomic parameters (nematode)","Total earthworms abundance","increase",NA,"10.1111/gcb.13744","No tillage and reduced tillage"
"Soil health","Soil biological quality","Increase","Taxonomic parameters (nematode)","Total earthworms biomass","increase",NA,"10.1111/gcb.13744","No tillage and reduced tillage"
"Agricultural production","Grassland production","Increase","Net primary productivity","Plant yield","increase","%","10.1080/00380768.2017.1367627","Grassland management"
"GHG emissions","GHG emissions","Decrease","Methane emission (soil)","CH4 emission in terms of cumulative CH4–C emission as a proportion of the total carbon (TC) of the initial composting material","decrease",NA,"10.1016/j.jclepro.2019.06.288","Manure storage techniques"
"GHG emissions","GHG emissions","Decrease","Nitrous oxide emission (manure)","N2O emission in terms of cumulative N2O-N losses as a proportion of the TN of the initial composting material","decrease",NA,"10.1016/j.jclepro.2019.06.288","Manure storage techniques"
"Sustainable use of resources","Nutrients recovery","Increase","manure-nitrogen loss","TN losses, in terms of cumulative TN losses as a proportion of the TN of the initial composting material","decrease",NA,"10.1016/j.jclepro.2019.06.288","Manure storage techniques"
"GHG emissions","GHG emissions","Decrease","Aggregated GHGs emission (manure)","Total CO2-eq emission","decrease",NA,"10.1016/j.jclepro.2019.06.288","Manure storage techniques"
"Soil health","Soil nutrients","Increase","Soil nitrogen","Microbial N immobilization","increase",NA,"10.1016/j.geoderma.2020.114784","Organic fertilisation"
"Sustainable use of resources","Water use","Decrease","Water consumption","Water use","decrease",NA,"10.1016/j.fcr.2016.12.002","Water-saving irrigation practices in flooded lands"
"Agricultural production","Animal production","Increase","Milk yield","Fat and protein corrected milk yield","increase","FPC milk kg /day","10.1111/jpn.13341","Livestock feeding techniques"
"Agricultural production","Animal production","Increase","Feed efficiency","Feed conversion efficiency","increase","FPCM (kg/d) / kg DMI (FPCM=Fat and protein corrected milk yield calculated for 4.0% fat and 3.3% protein content; DMI=Dry Matter Intake)","10.3390/ani10040620","Livestock feeding techniques"
"Agricultural production","Crop yield","Increase","Crop yield","Cereal yield","increase",NA,"10.1007/s10311-017-0698-z","Leguminous crops"
"Agricultural production","Crop yield","Increase","Crop yield","Fruit yield","Increase",NA,"10.1080/03650340.2021.1937607","Cover and catch crops"
"Soil health","Soil water retention","Increase","Soil water","Soil moisture content","Increase",NA,"10.1080/03650340.2021.1937607","Cover and catch crops"
"Soil health","Soil nutrients","Increase","Soil phosphorous","Soil total phosphorous","Increase",NA,"10.1080/03650340.2021.1937607","Cover and catch crops"
"Soil health","Soil nutrients","Increase","Soil potassium","Soil total potassium","Increase",NA,"10.1080/03650340.2021.1937607","Cover and catch crops"
"Agricultural production","Crop yield","Increase","Crop yield (grain)","Rice grain yield","increase",NA,"10.1038/s41598-017-09742-9","No tillage and reduced tillage"
"Sustainable use of resources","Water use","Decrease","Water input","Water inputs","decrease",NA,"10.1038/s41598-017-09742-9","No tillage and reduced tillage"
"Soil health","Soil biological quality","Increase","Taxonomic parameters (bacteria)","Soil bacterial biomass","increase",NA,"10.1038/s41467-019-09258-y","Grassland management"
"Soil health","Soil biological quality","Increase","Taxonomic parameters (fungi)","Soil fungal biomass","increase",NA,"10.1038/s41467-019-09258-y","Grassland management"
"Pollution","Heavy metals pollution","Decrease","Soil heavy metal bioavailability","Cd bioavailability in soil","decrease",NA,"10.1016/j.jenvman.2018.05.004","Soil amendment with biochar"
"Pollution","Heavy metals pollution","Decrease","Plant heavy metal uptake","Cd plant uptake","decrease",NA,"10.1016/j.jenvman.2018.05.004","Soil amendment with biochar"
"Pollution","Heavy metals pollution","Decrease","Soil heavy metal bioavailability","Cu bioavailability in soil","decrease",NA,"10.1016/j.jenvman.2018.05.004","Soil amendment with biochar"
"Pollution","Heavy metals pollution","Decrease","Plant heavy metal uptake","Cu plant uptake","decrease",NA,"10.1016/j.jenvman.2018.05.004","Soil amendment with biochar"
"Pollution","Heavy metals pollution","Decrease","Soil heavy metal bioavailability","Pb bioavailability in soil","decrease",NA,"10.1016/j.jenvman.2018.05.004","Soil amendment with biochar"
"Pollution","Heavy metals pollution","Decrease","Plant heavy metal uptake","Pb plant uptake","decrease",NA,"10.1016/j.jenvman.2018.05.004","Soil amendment with biochar"
"Pollution","Heavy metals pollution","Decrease","Soil heavy metal bioavailability","Zn bioavailability in soil","decrease",NA,"10.1016/j.jenvman.2018.05.004","Soil amendment with biochar"
"Pollution","Heavy metals pollution","Decrease","Plant heavy metal uptake","Zn plant uptake","decrease",NA,"10.1016/j.jenvman.2018.05.004","Soil amendment with biochar"
"Soil health","Soil biological quality","Increase","Functional parameters (enzymatic activity)","Soil glycosidase activity","increase",NA,"10.1111/gcb.13402","Grassland management"
"Sustainable use of resources","Land use (LCA)","Decrease","Land use (product based)","Land use","decrease",NA,"10.1088/1748-9326/aa6cd5","Livestock feeding techniques"
"Soil health","Soil biological quality","Increase","Taxonomic parameters (microbes)","Soil microbial biomass carbon","increase",NA,"10.1111/brv.12554","Grassland management"
"Carbon sequestration","Carbon sequestration","Increase","Organic carbon content (soil)","SOC concentrations","increase","C kg /kg dry soil","10.1016/j.agee.2021.107356","Cover and catch crops"
"Agricultural production","Crop yield","Increase","Crop yield","Crop yield metrics: Total biomass, grain yield, aboveground biomass (shoot biomass) and/or underground biomass (root biomass)","increase","t /ha","10.1016/j.scitotenv.2020.136635","Soil amendment with biochar"
"Soil health","Soil biological quality","Increase","Taxonomic parameters (bacteria)","Soil bacteria Chaol index","increase",NA,"10.1016/j.agee.2021.107795","Crop residue management"
"Soil health","Soil biological quality","Increase","Taxonomic parameters (bacteria)","Soil bacteria Shannon index","increase",NA,"10.1016/j.agee.2021.107795","Crop residue management"
"Soil health","Soil water retention","Increase","Soil water","Soil available water (deep soil layer)","increase",NA,"10.1016/j.agsy.2019.102761","Intercropping"
"Biodiversity","Pests and diseases","Decrease","pest","Borer larvae abundance","decrease",NA,"10.1016/j.agsy.2019.102761","Intercropping"
"Soil health","Soil erosion","Decrease","Soil erosion parameters","Sediment generation","decrease",NA,"10.1016/j.agsy.2019.102761","Intercropping"
"Soil health","Soil water retention","Increase","Soil water","Soil available water (top 30 cm soil depth)","increase",NA,"10.1016/j.agsy.2019.102761","Intercropping"
"Biodiversity","Pests and diseases","Decrease","weed","Striga hermonthica emergence","decrease",NA,"10.1016/j.agsy.2019.102761","Intercropping"
"Soil health","Soil nutrients","Increase","Soil nitrogen","Total nitrogen","increase",NA,"10.1016/j.agsy.2019.102761","Intercropping"
"Soil health","Soil physico-chemical quality","Increase","Soil water infiltration","Water infiltration","increase",NA,"10.1016/j.agsy.2019.102761","Intercropping"
"Soil health","Soil erosion","Decrease","Water run-off","Water runoff","decrease",NA,"10.1016/j.agsy.2019.102761","Intercropping"
"Pollution","Nutrient leaching and run-off","Decrease","Phosphorous loss or run-off","Concentration of dissolved P in agricultural runoff and leaching","decrease",NA,"10.2134/jeq2017.03.0121","No tillage and reduced tillage"
"Pollution","Nutrient leaching and run-off","Decrease","Phosphorous loss or run-off","Concentration of particulate P in agricultural runoff and leaching","decrease",NA,"10.2134/jeq2017.03.0121","No tillage and reduced tillage"
"Pollution","Nutrient leaching and run-off","Decrease","Nitrogen run-off","Runoff nitrate","decrease",NA,"10.1111/gcb.14535","Grassland management"
"Pollution","Nutrient leaching and run-off","Decrease","Phosphorous loss or run-off","Runoff phosphorus","decrease",NA,"10.1111/gcb.14535","Grassland management"
"Soil health","Soil erosion","Decrease","Soil erosion parameters","Runoff quantity","decrease",NA,"10.1111/gcb.14535","Grassland management"
"Pollution","Nutrient leaching and run-off","Decrease","Phosphorous loss or run-off","Concentration of total P in agricultural runoff and leaching","decrease",NA,"10.2134/jeq2017.03.0121","No tillage and reduced tillage"
"Pollution","Nutrient leaching and run-off","Decrease","Phosphorous loss or run-off","Load of dissolved P in agricultural runoff and leaching","decrease",NA,"10.2134/jeq2017.03.0121","No tillage and reduced tillage"
"Pollution","Nutrient leaching and run-off","Decrease","Phosphorous loss or run-off","Load of particulate P in agricultural runoff and leaching","decrease",NA,"10.2134/jeq2017.03.0121","No tillage and reduced tillage"
"Pollution","Nutrient leaching and run-off","Decrease","Phosphorous loss or run-off","Load of total P in agricultural runoff and leaching","decrease",NA,"10.2134/jeq2017.03.0121","No tillage and reduced tillage"
"Biodiversity","Biodiversity","Increase","Ecological parameters (benthos)","Benthos abundance","increase",NA,"10.1111/1365-2664.12892","Grazing management"
"Agricultural production","Grassland production","Increase","Net primary productivity","Canopy height","increase",NA,"10.1111/1365-2664.12892","Grazing management"
"Biodiversity","Biodiversity","Increase","Functional parameters (detritivore)","Detritivore abundance","increase",NA,"10.1111/1365-2664.12892","Grazing management"
"Biodiversity","Biodiversity","Increase","Taxonomic parameters (vertebrate)","Vertebrate abundance","increase",NA,"10.1111/1365-2664.12892","Grazing management"
"GHG emissions","GHG emissions","Decrease","methane emission (total)","Methane emission","decrease",NA,"10.3390/ijerph19127324","No irrigation"
"Agricultural production","Grassland production","Increase","forage yield","Biomass","increase",NA,"10.1111/j.1466-8238.2011.00652.x","Grassland management"
"GHG emissions","GHG emissions","Decrease","Nitrous oxide emission (soil)","Nitrogen-induced GHG emissions (N2O)","decrease",NA,"10.1021/es4055324","Crop rotation"
"Sustainable use of resources","Plant nutrient uptake","Increase","Nitrogen use efficiency","Agronomic efficiency of nitrogen (AEN)","increase",NA,"10.1016/j.fcr.2018.08.001","Crop residue management"
"Carbon sequestration","Carbon sequestration","Increase","Organic carbon stock (soil)","Soil carbon stock (>100cm)","increase",NA,"10.1046/j.1354-1013.2002.00486.x","Grassland conservation and restoration"
"Carbon sequestration","Carbon sequestration","Increase","Organic carbon stock (soil)","Soil carbon stock (>20 cm)","increase",NA,"10.1046/j.1354-1013.2002.00486.x","Grassland conservation and restoration"
"Carbon sequestration","Carbon sequestration","Increase","Organic carbon stock (soil)","Soil carbon stock (20-60cm)","increase",NA,"10.1046/j.1354-1013.2002.00486.x","Grassland conservation and restoration"
"Carbon sequestration","Carbon sequestration","Increase","Organic carbon stock (soil)","Soil carbon stock (60-100 cm)","increase",NA,"10.1046/j.1354-1013.2002.00486.x","Grassland conservation and restoration"
"Carbon sequestration","Carbon sequestration","Increase","Organic carbon stock (soil)","Soil carbon stock","increase","C t /ha","10.1046/j.1354-1013.2002.00486.x","Grassland conservation and restoration"
"Sustainable use of resources","Plant nutrient uptake","Increase","Nitrogen use efficiency","Recovery efficiency of nitrogen (REN)","increase",NA,"10.1016/j.fcr.2018.08.001","Crop residue management"
"Soil health","Soil erosion","Decrease","Soil erosion parameters","Soil erosion","decrease",NA,"10.1016/j.iswcr.2021.08.001","Crop residue management"
"Soil health","Soil erosion","Decrease","Soil erosion parameters","Surface run-off","decrease",NA,"10.1016/j.iswcr.2021.08.001","Crop residue management"
"Biodiversity","Biodiversity","Increase","Ecological parameters (plant)","Vegetation cover","increase",NA,"10.1007/s12237-019-00536-y","Wetland conservation and restoration"
"Soil health","Soil water retention","Increase","Soil water","Available water content (AWC)","increase",NA,"10.1016/j.scitotenv.2020.136857","Soil amendment with biochar"
"Soil health","Soil water retention","Increase","Soil water","Field capacity water content","increase",NA,"10.1016/j.scitotenv.2020.136857","Soil amendment with biochar"
"Soil health","Soil water retention","Increase","Soil water","Permanent wilting point (PWP)","increase",NA,"10.1016/j.scitotenv.2020.136857","Soil amendment with biochar"
"Soil health","Soil physico-chemical quality","Increase","Soil porosity","Soil total porosity","increase",NA,"10.1016/j.scitotenv.2020.136857","Soil amendment with biochar"
"GHG emissions","GHG emissions","Decrease","Nitrous oxide emission (soil)","N2O emissions along the whole year","decrease",NA,"10.1007/s10705-017-9836-z","Cover and catch crops"
"GHG emissions","GHG emissions","Decrease","Nitrous oxide emission (soil)","N2O emissions during cash crop season","decrease",NA,"10.1007/s10705-017-9836-z","Cover and catch crops"
"GHG emissions","GHG emissions","Decrease","Nitrous oxide emission (soil)","N2O emissions during cash crop season and whole year","decrease",NA,"10.1007/s10705-017-9836-z","Cover and catch crops"
"GHG emissions","GHG emissions","Decrease","Nitrous oxide emission (soil)","N2O emissions during cover crop season","decrease",NA,"10.1007/s10705-017-9836-z","Cover and catch crops"
"GHG emissions","GHG emissions","Decrease","Aggregated GHGs emission (soil)","Area-scaled GWP","decrease","CO2-eq","10.1016/j.agee.2012.10.009","Water-saving irrigation practices in flooded lands"
"GHG emissions","GHG emissions","Decrease","Aggregated GHGs emission (soil) (product based)","Yield-scaled global warming potential","decrease",NA,"10.1016/j.agee.2012.10.009","Water-saving irrigation practices in flooded lands"
"GHG emissions","GHG emissions","Decrease","Nitrous oxide emission (soil)","Area-scaled N2O emissions","decrease",NA,"10.1007/s10705-017-9836-z","Crop rotation"
"Pollution","Eutrophication (LCA)","Decrease","Eutrophication potential","Eutrophication potential","decrease","PO4 equivalents","10.1088/1748-9326/aa6cd5","Livestock feeding techniques"
"Agricultural production","Crop yield","Increase","Crop yield","Crop yield (%)","increase","%","10.1016/j.scitotenv.2018.09.105","Mulching"
"Agricultural production","Crop yield","Increase","Crop yield","Residual plastic effect on yield","increase","%","10.1016/j.scitotenv.2018.09.105","Mulching"
"Sustainable use of resources","Water use","Decrease","Water use efficiency","Leaf water use efficiency","increase",NA,"10.1016/j.fcr.2020.107763","Soil amendment with biochar"
"Sustainable use of resources","Water use","Decrease","Water use efficiency","Plant water use efficiency","increase",NA,"10.1016/j.fcr.2020.107763","Soil amendment with biochar"
"Soil health","Soil nutrients","Increase","Soil calcium","Soil Ca ion","increase",NA,"10.1016/j.agwat.2021.106986","Water-saving irrigation practices in non-flooded lands"
"Agricultural production","Crop yield","Increase","Crop yield (grain)","Grain number","increase",NA,"10.1016/j.jclepro.2017.06.085","No irrigation"
"Soil health","Soil physico-chemical quality","Increase","Soil salinity","Soil Na ion","decrease",NA,"10.1016/j.agwat.2021.106986","Water-saving irrigation practices in non-flooded lands"
"Agricultural production","Crop yield","Increase","Crop yield (grain)","Grain weight","increase",NA,"10.1016/j.jclepro.2017.06.085","No irrigation"
"Pollution","Anti-microbial resistance ","Decrease","Anti-microbial resistance ","Ratio between: Antibiotic resistance genes (ARG) and mobile genetic elements (MGE). (ARG/MGE)","decrease",NA,"10.1186/s13750-020-0187-x","Manure processing techniques"
"Agricultural production","Grassland production","Increase","Net primary productivity","Aboveground net primary production","increase",NA,"10.1111/gcb.14535","Grassland management"
"Biodiversity","Biodiversity","Increase","Taxonomic parameters (plant)","Plant biodiversity (species richness, evenness or combined index)","increase",NA,"10.1111/gcb.14535","Grassland management"
"Pollution","Heavy metals pollution","Decrease","Soil heavy metal content","Soil lead (Pb)","decrease",NA,"10.1111/gcb.14535","Grassland management"
"Agricultural production","Crop yield","Increase","Crop yield (grain)","Spike number","increase",NA,"10.1016/j.jclepro.2017.06.085","No irrigation"
"Soil health","Soil water retention","Increase","Soil water","Soil water holding capacity","increase",NA,"10.1111/gcb.14535","Grassland management"
"GHG emissions","GHG emissions","Decrease","Nitrous oxide emission (soil)","Area-scaled N2O emission (kgN /ha)","decrease","% of total N","10.1016/j.scitotenv.2020.140696","Soil amendment with biochar"
"GHG emissions","GHG emissions","Decrease","Nitrous oxide emission (soil)","N2O emission factor","decrease","% of total N","10.1016/j.scitotenv.2020.140696","Soil amendment with biochar"
"GHG emissions","GHG emissions","Decrease","Nitrous oxide emission (soil)","N2O emission factors","decrease",NA,"10.1016/j.scitotenv.2020.140696","Water-saving irrigation practices in non-flooded lands"
"Sustainable use of resources","Water use","Decrease","Water use efficiency","Crop water productivity","increase",NA,"10.1016/j.scitotenv.2020.140696","Water-saving irrigation practices in non-flooded lands"
"GHG emissions","GHG emissions","Decrease","Nitrous oxide emission (soil)","Yield-scaled N2O emissions","decrease",NA,"10.1016/j.scitotenv.2020.140696","Water-saving irrigation practices in non-flooded lands"
"GHG emissions","GHG emissions","Decrease","Nitrous oxide emission (soil)","Yield-scaled N2O emission (kgN /ton crop harvested)","decrease","N kg /ton crop harvested","10.1016/j.scitotenv.2020.140696","Soil amendment with biochar"
"GHG emissions","GHG emissions","Decrease","Aggregated GHGs emission (soil)","CO2eq emission","decrease",NA,"10.1371/journal.pone.0262120","Mulching"
"Sustainable use of resources","Water use","Decrease","Water consumption","Water consumption","decrease",NA,"10.1016/j.agwat.2021.107422","Mulching"
"Agricultural production","Crop yield","Increase","Crop yield stability","Yield gap change rate (%)","increase","%","10.1016/j.agwat.2021.107422","Mulching"
"Sustainable use of resources","Water use","Decrease","Water input","Irrigation water amount","decrease",NA,"10.1016/j.jclepro.2019.118928","Water-saving irrigation practices in flooded lands"
"Sustainable use of resources","Water use","Decrease","Water use efficiency","Irrigation water productivity","increase",NA,"10.1016/j.jclepro.2019.118928","Water-saving irrigation practices in flooded lands"
"Soil health","Soil biological quality","Increase","Taxonomic parameters (microbes)","Microbial biomass phosphorus","increase",NA,"10.1111/geb.13028","Grazing management"
"GHG emissions","GHG emissions","Decrease","Nitrous oxide emission (organic fertilisers)","N2O emissions (Area-scaled )","decrease",NA,"10.1007/s10705-017-9836-z","Organic fertilisation"
"GHG emissions","GHG emissions","Decrease","Nitrous oxide emission (organic fertilisers)","N2O emissions (Yield-scaled)","decrease",NA,"10.1007/s10705-017-9836-z","Organic fertilisation"
"Agricultural production","Crop yield","Increase","Crop yield","Marketable tuber rate","increase","%","10.1016/j.fcr.2020.108026","Mulching"
"Agricultural production","Grassland production","Increase","Net primary productivity (grass)","Grass biomass","increase","DM kg /ha /day","10.3389/fenvs.2022.949185","Agroforestry practices and systems"
"Sustainable use of resources","Water use","Decrease","Water input","Water supply","decrease",NA,"10.1016/j.jclepro.2017.06.085","Water-saving irrigation practices in non-flooded lands"
"Agricultural production","Crop yield","Increase","Crop yield","Crop yield (CY)","increase","t /ha","10.1111/gcbb.12720","Soil amendment with biochar"
"Agricultural production","Crop yield","Increase","Plant productivity parameters","Leaf area (LA)","increase",NA,"10.1111/gcbb.12720","Soil amendment with biochar"
"Agricultural production","Crop yield","Increase","Net primary productivity","shoot biomass (SB)","increase",NA,"10.1111/gcbb.12720","Soil amendment with biochar"
"Agricultural production","Crop yield","Increase","Net primary productivity","Total biomass","increase",NA,"10.1111/gcbb.12720","Soil amendment with biochar"
"Biodiversity","Biodiversity","Increase","Taxonomic parameters (plant)","Plant richness","increase",NA,"10.1111/oik.04893","Grazing management"
"Biodiversity","Biodiversity","Increase","Taxonomic parameters (invertebrate)","Crustacean density","increase",NA,"10.1007/s12237-019-00630-1","Wetland conservation and restoration"
"Biodiversity","Biodiversity","Increase","Taxonomic parameters (fish)","Fish density","increase",NA,"10.1007/s12237-019-00630-1","Wetland conservation and restoration"
"Biodiversity","Biodiversity","Increase","Biodiversity parameters (aggregated)","Nekton density","increase",NA,"10.1007/s12237-019-00630-1","Wetland conservation and restoration"
"Pollution","Heavy metals pollution","Decrease","Plant heavy metal uptake","Cd uptake by Rice","decrease",NA,"10.1007/s11368-020-02726-9","Soil amendment with biochar"
"Pollution","Heavy metals pollution","Decrease","Soil heavy metal bioavailability","Exchangable Cd concentrations in soil","decrease",NA,"10.1007/s11368-020-02726-9","Soil amendment with biochar"
"GHG emissions","GHG emissions","Decrease","Methane emission (soil)","CH4 uptake","increase",NA,"10.1016/j.agee.2018.09.002","No tillage and reduced tillage"
"GHG emissions","GHG emissions","Decrease","Aggregated GHGs emission (soil)","Overall GHG emission","decrease",NA,"10.1016/j.agee.2018.09.002","No tillage and reduced tillage"
"Agricultural production","Grassland production","Increase","Net primary productivity","Biomass (all vascular)","increase","%","10.1111/gcb.12986","Grassland management"
"Agricultural production","Grassland production","Increase","Net primary productivity","Biomass (forbs)","increase",NA,"10.1111/gcb.12986","Grassland management"
"Agricultural production","Grassland production","Increase","Net primary productivity","Biomass (grasses)","increase",NA,"10.1111/gcb.12986","Grassland management"
"Agricultural production","Grassland production","Increase","Net primary productivity","Biomass (legumes)","increase",NA,"10.1111/gcb.12986","Grassland management"
"Agricultural production","Crop yield","Increase","Protein yield","Protein equivalent yield","increase",NA,"10.1038/s41893-020-0500-2","Conservation agriculture systems"
"Agricultural production","Grassland production","Increase","Net primary productivity","Biomass (sedges)","increase",NA,"10.1111/gcb.12986","Grassland management"
"Soil health","Soil physico-chemical quality","Increase","Soil structure","Soil aggregation (percentage of water-stable aggregates (WSA), mean weight diameter (MWD) or gravimetric mean diameter (GMD) by different sieving methods)","increase","percentage of water-stable aggregates (WSA), mean weight diameter (MWD) or gravimetric mean diameter (GMD) by different sieving methods","10.1016/j.still.2020.104926","Soil amendment with biochar"
"Agricultural production","Crop yield","Increase","Crop yield","Per-plant crop yield from only the main crop (additive design)","increase",NA,"10.1111/1365-2664.12334","Intercropping"
"Agricultural production","Crop yield","Increase","Crop yield","Per-plant crop yield from only the main crop (substitutive design)","increase",NA,"10.1111/1365-2664.12334","Intercropping"
"Biodiversity","Pests and diseases","Decrease","crop damage or disease","Plant damage","decrease",NA,"10.1111/1365-2664.12334","Intercropping"
"Biodiversity","Pests and diseases","Decrease","Functional parameters (natural enemies)","Biocontrol","increase",NA,"10.1111/1365-2664.12334","Leguminous crops"
"GHG emissions","GHG emissions","Decrease","Methane emission (soil)","CH4 uptake (oxidation)","increase",NA,"10.1007/s10021-018-0248-y","Soil amendment with biochar"
"Soil health","Soil biological quality","Increase","Taxonomic parameters (microbes)","Microbial biomass (PLFA)","increase","total phospholipid-derived fatty acid (PLFA)","10.1016/j.geoderma.2020.114256","Grassland management"
"Agricultural production","Crop yield","Increase","Net primary productivity","Cash crop biomass","increase",NA,"10.1016/j.still.2020.104575","Cover and catch crops"
"Soil health","Soil physico-chemical quality","Increase","Soil cation exchange capacity","Cation exchange capacity","Increase",NA,"10.1016/j.still.2020.104575","Cover and catch crops"
"Biodiversity","Pests and diseases","Decrease","crop damage or disease","Diseases","Decrease",NA,"10.1016/j.still.2020.104575","Cover and catch crops"
"Pollution","Nutrient leaching and run-off","Decrease","Nitrogen leaching","Nutrient (N,P,K, ...) leaching","Decrease",NA,"10.1016/j.still.2020.104575","Cover and catch crops"
"Pollution","Nutrient leaching and run-off","Decrease","Nitrogen run-off","Nutrient (N,P,K, ...) runoff","Decrease",NA,"10.1016/j.still.2020.104575","Cover and catch crops"
"Biodiversity","Pests and diseases","Decrease","weed","Weeds","Decrease",NA,"10.1016/j.still.2020.104575","Cover and catch crops"
"Biodiversity","Pests and diseases","Decrease","pest","Pests","decrease",NA,"10.1016/j.still.2020.104575","Cover and catch crops"
"Soil health","Soil biological quality","Increase","Taxonomic parameters (fungi)","Fungal indicators","Increase",NA,"10.1016/j.still.2020.104575","Cover and catch crops"
"Soil health","Soil biological quality","Increase","Taxonomic parameters (microbes)","Other microbial indicators (O-Microbial)","Increase",NA,"10.1016/j.still.2020.104575","Cover and catch crops"
"Soil health","Soil biological quality","Increase","Taxonomic parameters (aggregated)","Soil fauna","Increase",NA,"10.1016/j.still.2020.104575","Cover and catch crops"
"Carbon sequestration","Carbon sequestration","Increase","Organic carbon sequestration rate (soil)","Soil organic carbon sequestration","increase","C t /ha /year","10.1016/j.scitotenv.2016.05.067","Fallowing"
"Soil health","Soil biological quality","Increase","Taxonomic parameters (microbes)","Soil microbial biomass nitrogen","increase",NA,"10.1016/j.agee.2011.08.020","Organic fertilisation"
"Carbon sequestration","Carbon sequestration","Increase","Organic carbon content (soil)","Soil organic carbon concentration","increase","equivalent soil mass method","10.1016/j.still.2021.104939","No tillage and reduced tillage"
"Biodiversity","Biodiversity","Increase","Biodiversity parameters (aggregated)","Abundance","increase",NA,"10.1016/j.biocon.2018.11.020","Pesticides reduction strategies"
"Agricultural production","Crop yield","Increase","Crop yield","Mean fruit/nut yield","increase",NA,"10.1016/j.biocon.2018.11.020","Pesticides reduction strategies"
"Biodiversity","Biodiversity","Increase","Biodiversity parameters (aggregated)","Rarefied species richness","increase",NA,"10.1016/j.biocon.2018.11.020","Pesticides reduction strategies"
"Soil health","Soil biological quality","Increase","Taxonomic parameters (microbes)","Chao 1 richness index","increase","Chao 1 richness index","10.1016/j.soilbio.2019.107701","Cover and catch crops"
"Soil health","Soil biological quality","Increase","Taxonomic parameters (microbes)","Colony forming unit (CFU)","increase","Colony forming unit (CFU)","10.1016/j.soilbio.2019.107701","Cover and catch crops"
"Soil health","Soil biological quality","Increase","Taxonomic parameters (aggregated)","Operational taxonomic unit (OTU)","increase","Operational taxonomic unit (OTU)","10.1016/j.soilbio.2019.107701","Cover and catch crops"
"Soil health","Soil biological quality","Increase","Taxonomic parameters (microbes)","Pielou's evenness index (J)","increase","Pielou's evenness index (J)","10.1016/j.soilbio.2019.107701","Cover and catch crops"
"Soil health","Soil biological quality","Increase","Taxonomic parameters (microbes)","Simpson's diversity index (1-D)","increase","Shannon's diversity index (H′)","10.1016/j.soilbio.2019.107701","Cover and catch crops"
"Soil health","Soil biological quality","Increase","Taxonomic parameters (microbes)","Soil microbial diversity","increase","Shannon's diversity index (H′)","10.1016/j.soilbio.2019.107701","Cover and catch crops"
"Soil health","Soil biological quality","Increase","Taxonomic parameters (microbes)","Genetic richness (S)","increase",NA,"10.1016/j.soilbio.2019.107701","Cover and catch crops"
"Soil health","Soil biological quality","Increase","Taxonomic parameters (microbes)","Microbial biomass nitrogen (MBN)","increase",NA,"10.1016/j.soilbio.2019.107701","Cover and catch crops"
"Soil health","Soil biological quality","Increase","Taxonomic parameters (microbes)","Microbial enzymatic activity: phosphatase activity (Phos)","increase",NA,"10.1016/j.soilbio.2019.107701","Cover and catch crops"
"Soil health","Soil biological quality","Increase","Taxonomic parameters (microbes)","Microbial enzymatic activity: Phospholipid fatty acid (PLFA)","increase",NA,"10.1016/j.soilbio.2019.107701","Cover and catch crops"
"Soil health","Soil biological quality","Increase","Taxonomic parameters (microbes)","Microbial enzymatic activity: β-glucosidase activity (BG)","increase",NA,"10.1016/j.soilbio.2019.107701","Cover and catch crops"
"Agricultural production","Crop yield","Increase","Crop yield stability","Absolute stability ratio","increase",NA,"10.1038/s41467-018-05956-1","No tillage and reduced tillage"
"Agricultural production","Crop yield","Increase","Crop yield stability","Relative stability ratio","increase",NA,"10.1038/s41467-018-05956-1","No tillage and reduced tillage"
"Pollution","Heavy metals pollution","Decrease","Soil heavy metal bioavailability","Soil available cadmium","decrease",NA,"10.1016/j.scitotenv.2021.146477","Soil amendment with lime and gypsum"
"Soil health","Soil physico-chemical quality","Increase","Soil pH","Soil pH","increase",NA,"10.1016/j.scitotenv.2021.146477","Soil amendment with lime and gypsum"
"Biodiversity","Biodiversity","Increase","Biodiversity parameters (aggregated)","Species richness and abundance (plants, invertebrates, amphibians, fishes, birds and mammals)","increase",NA,"10.1111/cobi.13156","Fallowing"
"Pollution","Water quality","Increase","Water nitrogen","Total nitrogen (TN)","decrease",NA,"10.1186/s13750-016-0060-0","Landscape features"
"Pollution","Water quality","Increase","Water phosphorous","Total phosphorus (TP)","decrease",NA,"10.1186/s13750-016-0060-0","Landscape features"
"Soil health","Soil water retention","Increase","Soil water","Water content","increase",NA,"10.1007/s10113-018-1447-y","Mulching"
"Agricultural production","Crop yield","Increase","Net primary productivity","Biomass yield","Increase",NA,"10.1007/s10113-018-1447-y","Cover and catch crops"
"Soil health","Soil erosion","Decrease","Soil erosion parameters","Sediment formation","decrease",NA,"10.1007/s10113-018-1447-y","Cover and catch crops"
"Carbon sequestration","Carbon sequestration","Increase","Organic carbon stock (soil)","soil organic carbon stock (Mg ha−1) in 0–15 cm depth of soil","increase","t /ha","10.1016/j.jenvman.2020.110773","Conservation agriculture systems"
"Soil health","Soil water retention","Increase","Soil water","Available water capacity","increase",NA,"10.1016/j.still.2019.06.009","Crop residue management"
"Soil health","Soil physico-chemical quality","Increase","Soil bulk density","Bulk density","decrease",NA,"10.1016/j.still.2019.06.009","Crop residue management"
"Soil health","Soil physico-chemical quality","Increase","Soil porosity","Capillary porosity","increase",NA,"10.1016/j.still.2019.06.009","Crop residue management"
"Soil health","Soil physico-chemical quality","Increase","Soil structure","Geometric mean diameter of soil aggregates","increase",NA,"10.1016/j.still.2019.06.009","Crop residue management"
"Soil health","Soil physico-chemical quality","Increase","Soil structure","Mean weight diameter of soil aggregates","increase",NA,"10.1016/j.still.2019.06.009","Crop residue management"
"Soil health","Soil physico-chemical quality","Increase","Soil structure","Penetration resistance","decrease",NA,"10.1016/j.still.2019.06.009","Crop residue management"
"Soil health","Soil physico-chemical quality","Increase","Soil water infiltration","Soil saturated hydraulic","increase",NA,"10.1016/j.still.2019.06.009","Crop residue management"
"Soil health","Soil physico-chemical quality","Increase","Soil porosity","Total porosity","increase",NA,"10.1016/j.still.2019.06.009","Crop residue management"
"Soil health","Soil physico-chemical quality","Increase","Soil structure","Water-stable aggregate","increase",NA,"10.1016/j.still.2019.06.009","Crop residue management"
"Soil health","Soil biological quality","Increase","Taxonomic parameters (bacteria)","Bacterial count","increase","Count","10.1016/j.scitotenv.2020.137164","Crop residue management"
"Soil health","Soil biological quality","Increase","Taxonomic parameters (fungi)","Fungi count","increase","Count","10.1016/j.scitotenv.2020.137164","Crop residue management"
"Soil health","Soil biological quality","Increase","Taxonomic parameters (bacteria)","Phospholipid fatty acids (PLFA) concentration (indicator of microbial biomass) of bacteria","increase","Count","10.1016/j.scitotenv.2020.137164","Crop residue management"
"Soil health","Soil biological quality","Increase","Taxonomic parameters (microbes)","Phospholipid fatty acids (PLFA) concentrations (indicator of microbial biomass) of actinomycetes","increase","Phospholipid fatty acids (PLFA) concentration","10.1016/j.scitotenv.2020.137164","Crop residue management"
"Soil health","Soil biological quality","Increase","Taxonomic parameters (microbes)","Phospholipid fatty acids (PLFA) concentrations (indicator of microbial biomass) of fungi","increase","Phospholipid fatty acids (PLFA) concentration","10.1016/j.scitotenv.2020.137164","Crop residue management"
"Soil health","Soil biological quality","Increase","Taxonomic parameters (microbes)","Total phospholipid fatty acids (PLFA) concentration (indicator of microbial biomass)","increase","Phospholipid fatty acids (PLFA) concentration","10.1016/j.scitotenv.2020.137164","Crop residue management"
"Soil health","Soil biological quality","Increase","Taxonomic parameters (bacteria)","Phospholipid fatty acids (PLFA) concentrations (indicator of microbial biomass) of gram+ bacteria","increase","Phospholipid fatty acids (PLFA) concentration ratio","10.1016/j.scitotenv.2020.137164","Crop residue management"
"Soil health","Soil biological quality","Increase","Taxonomic parameters (microbes)","Phospholipid fatty acids (PLFA) concentrations (indicator of microbial biomass) of ratio fungi/bacteria","increase","Phospholipid fatty acids (PLFA) concentration ratio","10.1016/j.scitotenv.2020.137164","Crop residue management"
"Soil health","Soil biological quality","Increase","Taxonomic parameters (bacteria)","Phospholipid fatty acids (PLFA) concentrations (indicator of microbial biomass) of ratio of gram+ to gram- bacteria","increase","Phospholipid fatty acids (PLFA) concentration ratio","10.1016/j.scitotenv.2020.137164","Crop residue management"
"Soil health","Soil biological quality","Increase","Taxonomic parameters (bacteria)","Actinomycetes count","increase",NA,"10.1016/j.scitotenv.2020.137164","Crop residue management"
"Soil health","Soil biological quality","Increase","Taxonomic parameters (fungi)","Shanon index for fungi","increase",NA,"10.1016/j.scitotenv.2020.137164","Crop residue management"
"Soil health","Soil nutrients","Increase","Soil nutrients","Soil available nutrients","increase",NA,"10.1007/s11368-018-2120-2","Soil amendment with lime and gypsum"
"Carbon sequestration","Carbon sequestration","Increase","Organic carbon content (soil)","Extractable organic carbon (EOC)","increase",NA,"10.1016/j.scitotenv.2018.02.238","No tillage and reduced tillage"
"Soil health","Soil biological quality","Increase","Taxonomic parameters (microbes)","Microbial quotient","increase",NA,"10.1016/j.soilbio.2018.02.024","No tillage and reduced tillage"
"Soil health","Soil physico-chemical quality","Increase","Soil water infiltration","saturated hydraulic conductivity","increase",NA,"10.1016/j.still.2019.06.009","No tillage and reduced tillage"
"Soil health","Soil physico-chemical quality","Increase","Soil bulk density","Soil bulk density","decrease","t /m3","10.1016/j.still.2019.06.009","No tillage and reduced tillage"
"Soil health","Soil biological quality","Increase","Taxonomic parameters (bacteria)","Soil bacterial diversity","increase",NA,"10.1016/j.still.2020.104721","No tillage and reduced tillage"
"Soil health","Soil biological quality","Increase","Taxonomic parameters (fungi)","Soil fungal diversity","increase",NA,"10.1016/j.still.2020.104721","No tillage and reduced tillage"
"Soil health","Soil biological quality","Increase","Taxonomic parameters (microbes)","colony forming unit (CFU)","increase","Colony forming unit (CFU)","10.1016/j.geoderma.2022.115851","Mulching"
"Soil health","Soil biological quality","Increase","Taxonomic parameters (microbes)","Microbial community abundance","increase","Colony forming unit (CFU)","10.1016/j.geoderma.2022.115851","Mulching"
"Soil health","Soil biological quality","Increase","Taxonomic parameters (microbes)","Microbial community eco-functionality","increase","Microbian community eco-functionality","10.1016/j.geoderma.2022.115851","Mulching"
"Soil health","Soil biological quality","Increase","Taxonomic parameters (microbes)","Soil microbial Shannon diversity index","increase","Shannon index","10.1016/j.geoderma.2022.115851","Mulching"
"Soil health","Soil biological quality","Increase","Functional parameters (enzymatic activity)","Extracellular enzyme activity for carbon  acquisition","increase","Soil carbon acquisition enzymes","10.1016/j.geoderma.2022.115851","Mulching"
"Soil health","Soil biological quality","Increase","Functional parameters (enzymatic activity)","Extracellular enzyme activity for nitrogen acquisition","increase","Soil carbon acquisition enzymes","10.1016/j.geoderma.2022.115851","Mulching"
"Soil health","Soil biological quality","Increase","Functional parameters (enzymatic activity)","Extracellular enzyme activity for potassium acquisition","increase","Soil carbon acquisition enzymes","10.1016/j.geoderma.2022.115851","Mulching"
"Soil health","Soil biological quality","Increase","Taxonomic parameters (microbes)","soil microbial beta diversity","increase","Soil microbial betadiversity","10.1016/j.geoderma.2022.115851","Mulching"
"Soil health","Soil biological quality","Increase","Taxonomic parameters (microbes)","Soil microbial richness index","increase","Soil microbial richness index","10.1016/j.geoderma.2022.115851","Mulching"
"Soil health","Soil biological quality","Increase","Functional parameters (enzymatic activity)","Soil oxidative decomposition enzymes","increase","Soil oxidative decomposition enzymes","10.1016/j.geoderma.2022.115851","Mulching"
"Soil health","Soil biological quality","Increase","Functional parameters (respiration)","Soil respiration","increase","Soil respiration","10.1016/j.geoderma.2022.115851","Mulching"
"Soil health","Soil biological quality","Increase","Taxonomic parameters (microbes)","Microbial biomass carbon (MBC)","increase",NA,"10.1016/j.geoderma.2022.115851","Mulching"
"Soil health","Soil biological quality","Increase","Taxonomic parameters (microbes)","Microbial biomass nitrogen (MBN)","increase",NA,"10.1016/j.geoderma.2022.115851","Mulching"
"Soil health","Soil biological quality","Increase","Taxonomic parameters (microbes)","soil microbial  community alpha-diversity","increase",NA,"10.1016/j.geoderma.2022.115851","Mulching"
"Soil health","Soil biological quality","Increase","Taxonomic parameters (microbes)","soil microbial community beta-diversity","increase",NA,"10.1016/j.geoderma.2022.115851","Mulching"
"Soil health","Soil biological quality","Increase","Taxonomic parameters (microbes)","Soil microbial community structure","increase",NA,"10.1016/j.geoderma.2022.115851","Mulching"
"Sustainable use of resources","Plant nutrient uptake","Increase","Nitrogen use efficiency","Nitrogen partial factor productivity","increase",NA,"10.1016/j.jclepro.2019.119632","Crop residue management"
"GHG emissions","GHG emissions","Decrease","Net ecosystem CO2 exchange","Net ecosystem CO2 exchange","decrease",NA,"10.1111/j.1461-0248.2009.01351.x","Wetland management"
"Pollution","Air pollutants emissions","Decrease","Nitric oxide emission (soil)","NO emission","decrease",NA,"10.1111/gcb.13485","Organic fertilisation"
"Carbon sequestration","Carbon sequestration","Increase","Organic carbon content (soil)","Soil organic carbon 0-15 cm","increase",NA,"10.1016/j.still.2022.105527","Crop residue management"
"Carbon sequestration","Carbon sequestration","Increase","Organic carbon content (soil)","Soil organic carbon 15-40 cm","increase",NA,"10.1016/j.still.2022.105527","Crop residue management"
"Carbon sequestration","Carbon sequestration","Increase","Organic carbon content (soil)","Soil organic matter 0-15 cm","increase",NA,"10.1016/j.still.2022.105527","Crop residue management"
"Carbon sequestration","Carbon sequestration","Increase","Organic carbon content (soil)","Soil organic matter 15-40 cm","increase",NA,"10.1016/j.still.2022.105527","Crop residue management"
"Carbon sequestration","Carbon sequestration","Increase","Organic carbon content (soil)","Soil total carbon 0-15 cm","increase",NA,"10.1016/j.still.2022.105527","Crop residue management"
"Agricultural production","Crop yield","Increase","Crop yield","Maize yield","increase",NA,"ISBN: 978-1-63484-496-3","Crop rotation"
"Carbon sequestration","Carbon sequestration","Increase","Organic carbon content (soil)","Soil organic carbon 1-10 cm","increase",NA,"10.1016/j.agwat.2018.02.001","Mulching"
"Agricultural production","Crop yield","Increase","Crop yield","Main crop yield","Increase",NA,"10.1016/j.fcr.2021.108146","Leguminous crops"
"Soil health","Soil nutrients","Increase","Soil nitrogen","Potentially mineralizable nitrogen (PMN)","increase",NA,"10.2136/sssaj2017.07.0245","Cover and catch crops"
"Agricultural production","Crop yield","Increase","Crop yield","Potato yield","increase","%","10.1007/s10333-022-00900-y","Mulching"
"Agricultural production","Crop yield","Increase","Crop yield","Wheat yield","increase",NA,"10.1007/s10333-022-00900-y","Mulching"
"Agricultural production","Crop yield","Increase","Crop yield","yield of corn","increase",NA,"10.2489/jswc.72.3.226","Cover and catch crops"
"GHG emissions","GHG emissions","Decrease","Methane emission (soil)","CH4 emissions","decrease",NA,"10.1016/j.fcr.2012.06.007","Leguminous crops"
"Sustainable use of resources","Plant nutrient uptake","Increase","Crop nitrogen uptake","Nitrogen uptake","Increase",NA,"10.1016/j.resconrec.2021.105889","Crop residue management"
"Sustainable use of resources","Plant nutrient uptake","Increase","Nitrogen use efficiency","Partial factor productivity of applied nitrogen (i.e. the grain yield production per kilogram of nitrogen input in production)","increase","grain yield production /kg of N input","10.1016/j.resconrec.2021.105889","No irrigation"
"Agricultural production","Crop yield","Increase","Crop yield","Yield of maize","increase",NA,"10.2489/jswc.72.3.226","Leguminous crops"
"Agricultural production","Cropping system productivity","Increase","Land equivalent ratio","Land equivalent ratio (LER), relative land output (RLO) based upon gross energy and RLO based upon gross incomes","increase",NA,"10.1016/j.scitotenv.2017.10.024","Intercropping"
"Pollution","Nutrient leaching and run-off","Decrease","Nitrogen loss","Soil ammonium nitrogen loss","decrease",NA,"10.1016/j.catena.2020.105085","Mulching"
"Pollution","Nutrient leaching and run-off","Decrease","Phosphorous loss or run-off","Soil dissolved phosphorus loss","decrease",NA,"10.1016/j.catena.2020.105085","Mulching"
"Pollution","Nutrient leaching and run-off","Decrease","Nitrogen leaching","Soil nitrate nitrogen loss","decrease",NA,"10.1016/j.catena.2020.105085","Mulching"
"Pollution","Nutrient leaching and run-off","Decrease","Nitrogen leaching","Soil total nitrogen loss","decrease",NA,"10.1016/j.catena.2020.105085","Mulching"
"Pollution","Nutrient leaching and run-off","Decrease","Phosphorous loss or run-off","Soil total phosphorus loss","decrease",NA,"10.1016/j.catena.2020.105085","Mulching"
"Agricultural production","Grassland production","Increase","Net primary productivity","Ground cover","increase",NA,"10.1111/1365-2664.13496","Grazing management"
"Agricultural production","Animal production","Increase","Animal production parameters","Animal production per hectare","Increase",NA,"10.1111/1365-2664.13496","Grazing management"
"GHG emissions","GHG emissions","Decrease","Nitrous oxide emission (soil)","Cumulative N2O emission","decrease",NA,"10.1016/j.still.2018.05.006","No tillage and reduced tillage"
"Biodiversity","Biodiversity","Increase","Taxonomic parameters (invertebrate)","Biodiversity (including species, family and generic richnes, diversity, evenness, including appropriate indices, community composition) of acquatic invertebrates","increase",NA,"10.1371/journal.pone.0093507","Wetland conservation and restoration"
"Biodiversity","Biodiversity","Increase","Taxonomic parameters (invertebrate)","Biodiversity (including species, family and generic richnes, diversity, evenness, including appropriate indices, community composition) of macroinvertebrates","increase",NA,"10.1371/journal.pone.0093507","Wetland conservation and restoration"
"Biodiversity","Biodiversity","Increase","Taxonomic parameters (protista)","Biodiversity (including species, family and generic richnes, diversity, evenness, including appropriate indices, community composition) of protista","increase",NA,"10.1371/journal.pone.0093507","Wetland conservation and restoration"
"Biodiversity","Biodiversity","Increase","Taxonomic parameters (vertebrate)","Biodiversity (including species, family and generic richnes, diversity, evenness, including appropriate indices, community composition) of terrestrial invertebrates","increase",NA,"10.1371/journal.pone.0093507","Wetland conservation and restoration"
"Biodiversity","Biodiversity","Increase","Taxonomic parameters (plant)","Biodiversity (including species, family and generic richnes, diversity, evenness, including appropriate indices, community composition) of vascular plants","increase",NA,"10.1371/journal.pone.0093507","Wetland conservation and restoration"
"Biodiversity","Biodiversity","Increase","Taxonomic parameters (vertebrate)","Biodiversity (including species, family and generic richnes, diversity, evenness, including appropriate indices, community composition) of vertebrates","increase",NA,"10.1371/journal.pone.0093507","Wetland conservation and restoration"
"Biodiversity","Pests and diseases","Decrease","weed","Abundance of non-native vascular plants","decrease",NA,"10.1371/journal.pone.0093507","Wetland conservation and restoration"
"Pollution","Nutrient leaching and run-off","Decrease","Nitrogen leaching","Nitrogen leaching","decrease",NA,"10.1007/s11104-018-3619-4","Soil amendment with biochar"
"Sustainable use of resources","Plant nutrient uptake","Increase","Crop nitrogen uptake","Plant nitrogen uptake","increase",NA,"10.1007/s11104-018-3619-4","Soil amendment with biochar"
"Pollution","Nutrient leaching and run-off","Decrease","Nitrogen loss","Ammonium loss","decrease",NA,"10.1016/j.catena.2020.105085","Cover and catch crops"
"Pollution","Nutrient leaching and run-off","Decrease","Phosphorous loss or run-off","Dissolved phosphorus loss","decrease",NA,"10.1016/j.catena.2020.105085","Cover and catch crops"
"Pollution","Nutrient leaching and run-off","Decrease","Nitrogen leaching","Nitrate loss","decrease",NA,"10.1016/j.catena.2020.105085","Cover and catch crops"
"Pollution","Nutrient leaching and run-off","Decrease","Nitrogen loss","Total nitrogen loss reduction","increase",NA,"10.1016/j.catena.2020.105085","Cover and catch crops"
"Pollution","Nutrient leaching and run-off","Decrease","Phosphorous loss or run-off","Total phosphorus loss","decrease",NA,"10.1016/j.catena.2020.105085","Cover and catch crops"
"Pollution","Nutrient leaching and run-off","Decrease","Nitrogen loss","Ammonium nitrogen (NH4+-N) loss","decrease",NA,"10.1016/j.catena.2020.105085","Leguminous crops"
"Pollution","Nutrient leaching and run-off","Decrease","Nitrogen leaching","Nitrate nitrogen (NO3–-N) loss","decrease",NA,"10.1016/j.catena.2020.105085","Leguminous crops"
"Pollution","Nutrient leaching and run-off","Decrease","Nitrogen loss","Total nitrogen (TN) loss","decrease",NA,"10.1016/j.catena.2020.105085","Leguminous crops"
"Soil health","Soil biological quality","Increase","Functional parameters (enzymatic activity)","Acetil-B -D-glucosaminidase","increase",NA,"10.1016/j.scitotenv.2020.141003","Organic fertilisation"
"Soil health","Soil biological quality","Increase","Functional parameters (enzymatic activity)","Acid phosphatase","increase",NA,"10.1016/j.scitotenv.2020.141003","Organic fertilisation"
"Soil health","Soil biological quality","Increase","Functional parameters (enzymatic activity)","Alkaline phosphatase","increase",NA,"10.1016/j.scitotenv.2020.141003","Organic fertilisation"
"Soil health","Soil biological quality","Increase","Functional parameters (enzymatic activity)","B -1, 4-Glucosidase","increase",NA,"10.1016/j.scitotenv.2020.141003","Organic fertilisation"
"Soil health","Soil biological quality","Increase","Functional parameters (enzymatic activity)","Dehydrogenase","increase",NA,"10.1016/j.scitotenv.2020.141003","Organic fertilisation"
"Soil health","Soil biological quality","Increase","Functional parameters (enzymatic activity)","Soil enzymatic activity","increase",NA,"10.1016/j.scitotenv.2020.141003","Organic fertilisation"
"Soil health","Soil biological quality","Increase","Functional parameters (enzymatic activity)","Sulfatase","increase",NA,"10.1016/j.scitotenv.2020.141003","Organic fertilisation"
"Soil health","Soil biological quality","Increase","Functional parameters (enzymatic activity)","Urease activity","increase",NA,"10.1016/j.scitotenv.2020.141003","Organic fertilisation"
"Soil health","Soil biological quality","Increase","Functional parameters (enzymatic activity)","Invertase","increase",NA,"10.1007/s10705-019-09991-2","Crop residue management"
"Soil health","Soil biological quality","Increase","Functional parameters (enzymatic activity)","Peroxidase","increase",NA,"10.1007/s10705-019-09991-2","Crop residue management"
"Soil health","Soil biological quality","Increase","Functional parameters (enzymatic activity)","Phosphatase","increase",NA,"10.1007/s10705-019-09991-2","Crop residue management"
"Biodiversity","Biodiversity","Increase","Taxonomic parameters (plant)","Plant geometric mean abundance","increase",NA,"10.1111/geb.12856","Grassland management"
"Biodiversity","Biodiversity","Increase","Taxonomic parameters (plant)","Plant individual species abundance","increase",NA,"10.1111/geb.12856","Grassland management"
"Biodiversity","Biodiversity","Increase","Taxonomic parameters (plant)","Plant mean species abundance","increase",NA,"10.1111/geb.12856","Grassland management"
"Soil health","Soil biological quality","Increase","Functional parameters (enzymatic activity)","Extracellular enzyme activity (EEA)","increase","Soil carbon acquisition enzymes","10.1016/j.jclepro.2020.121470","Mulching"
"Agricultural production","Crop yield","Increase","Crop yield","Economic yield","increase","%","10.1016/j.jclepro.2020.121470","Mulching"
"Carbon sequestration","Carbon sequestration","Increase","Organic carbon stock (belowground)","Root C input","increase",NA,"10.1016/j.jclepro.2020.121470","Mulching"
"Biodiversity","Biodiversity","Increase","Taxonomic parameters (animal)","Animal assemblage (abundance, diversity and fitness)","increase",NA,"10.1111/1365-2664.12518","Wetland conservation and restoration"
"Biodiversity","Biodiversity","Increase","Taxonomic parameters (plant)","Plant assemblage (abundance, diversity and fitness)","increase",NA,"10.1111/1365-2664.12518","Wetland conservation and restoration"
"Soil health","Soil biological quality","Increase","Taxonomic parameters (microbes)","Total phospholipid-derived fatty acid (PLFA)","Increase","Colony forming unit (CFU)","10.1016/j.geoderma.2020.114696","Cover and catch crops"
"Soil health","Soil nutrients","Increase","Soil nitrogen","Soil organic nitrogen","increase","N kg /ha /year","10.1088/1748-9326/ab2108","Water-saving irrigation practices in flooded lands"
"Soil health","Soil biological quality","Increase","Taxonomic parameters (fungi)","Fungi/bacteria ratio","Increase",NA,"10.1016/j.geoderma.2020.114696","Cover and catch crops"
"Soil health","Soil biological quality","Increase","Taxonomic parameters (bacteria)","Total bacteria","Increase",NA,"10.1016/j.geoderma.2020.114696","Cover and catch crops"
"Soil health","Soil biological quality","Increase","Taxonomic parameters (fungi)","Total fungi","Increase",NA,"10.1016/j.geoderma.2020.114696","Cover and catch crops"
"Soil health","Soil nutrients","Increase","Soil nitrogen","Soil total nitrogen 15-40 cm","increase",NA,"10.1016/j.still.2022.105527","Crop residue management"
"Soil health","Soil nutrients","Increase","Soil phosphorous","Soil total phosphorus 0-15 cm","increase",NA,"10.1016/j.still.2022.105527","Crop residue management"
"Soil health","Soil nutrients","Increase","Soil phosphorous","Soil total phosphorus 15-40 cm","increase",NA,"10.1016/j.still.2022.105527","Crop residue management"
"Soil health","Soil nutrients","Increase","Soil potassium","Soil total potassium 0-15 cm","increase",NA,"10.1016/j.still.2022.105527","Crop residue management"
"Soil health","Soil nutrients","Increase","Soil potassium","Soil total potassium 15-40 cm","increase",NA,"10.1016/j.still.2022.105527","Crop residue management"
"Biodiversity","Biodiversity","Increase","Taxonomic parameters (plant)","Herbaceous plant species richness","increase",NA,"10.1073/pnas.1922266117","Grassland conservation and restoration"
"Soil health","Soil water retention","Increase","Soil water","Available water holding capacity (AWC)","increase",NA,"10.1016/j.geoderma.2016.03.029","Soil amendment with biochar"
"Soil health","Soil physico-chemical quality","Increase","Soil structure","Soil aggregate stability","increase",NA,"10.1016/j.geoderma.2016.03.029","Soil amendment with biochar"
"Soil health","Soil physico-chemical quality","Increase","Soil porosity","Total soil porosity","increase",NA,"10.1016/j.geoderma.2016.03.029","Soil amendment with biochar"
"Biodiversity","Pests and diseases","Decrease","weed","Weed suppression","increase",NA,"10.2135/cropsci2018.09.0589","Cover and catch crops"
"Sustainable use of resources","Nutrients recovery","Increase","manure-nitrogen loss","Total-N losses","decrease",NA,"10.1111/gcb.12806","Manure processing techniques"
"Carbon sequestration","Carbon sequestration","Increase","Organic carbon stock (soil)","Soil organic carbon stock to a depth of 0.3 m","increase","C t /ha","10.1016/j.jclepro.2020.125736","Cover and catch crops"
"Carbon sequestration","Carbon sequestration","Increase","Organic carbon sequestration rate (soil)","Soil organic carbon stock and annual sequestration rate,","increase","C t /ha /year","10.1016/j.jclepro.2020.125736","No tillage and reduced tillage"
"Pollution","Heavy metals pollution","Decrease","Plant heavy metal uptake","As  concentrations in plant tissues","decrease",NA,"10.1016/j.scitotenv.2017.10.222","Soil amendment with biochar"
"Pollution","Heavy metals pollution","Decrease","Plant heavy metal uptake","Cd  concentrations in plant tissues","decrease",NA,"10.1016/j.scitotenv.2017.10.222","Soil amendment with biochar"
"Pollution","Heavy metals pollution","Decrease","Plant heavy metal uptake","Co concentrations in plant tissues","decrease",NA,"10.1016/j.scitotenv.2017.10.222","Soil amendment with biochar"
"Pollution","Heavy metals pollution","Decrease","Plant heavy metal uptake","Cr concentrations in plant tissues","decrease",NA,"10.1016/j.scitotenv.2017.10.222","Soil amendment with biochar"
"Pollution","Heavy metals pollution","Decrease","Plant heavy metal uptake","Cu concentrations in plant tissues","decrease",NA,"10.1016/j.scitotenv.2017.10.222","Soil amendment with biochar"
"Pollution","Heavy metals pollution","Decrease","Plant heavy metal uptake","Mn concentrations in plant tissues","decrease",NA,"10.1016/j.scitotenv.2017.10.222","Soil amendment with biochar"
"Pollution","Heavy metals pollution","Decrease","Plant heavy metal uptake","Ni  concentrations in plant tissues","decrease",NA,"10.1016/j.scitotenv.2017.10.222","Soil amendment with biochar"
"Pollution","Heavy metals pollution","Decrease","Plant heavy metal uptake","Pb  concentrations in plant tissues","decrease",NA,"10.1016/j.scitotenv.2017.10.222","Soil amendment with biochar"
"Pollution","Heavy metals pollution","Decrease","Plant heavy metal uptake","Zn concentrations in plant tissues","decrease",NA,"10.1016/j.scitotenv.2017.10.222","Soil amendment with biochar"
"Biodiversity","Pests and diseases","Decrease","weed","Exotic species abundance (%)","decrease","%","10.1111/avsc.12558","Grassland management"
"Soil health","Soil water retention","Increase","Soil water","Soil water retention (before sowing)","increase",NA,"10.1016/j.agee.2021.107354","Mulching"
"Soil health","Soil water retention","Increase","Soil water","Soil water retention (harvest)","increase",NA,"10.1016/j.agee.2021.107354","Mulching"
"Carbon sequestration","Carbon sequestration","Increase","Organic carbon stock (soil)","SOC sequestration rate (within 30 cm depth)","increase","C t /ha","10.1002/eap.2278","Cover and catch crops"
"Carbon sequestration","Carbon sequestration","Increase","Organic carbon stock (soil)","SOC stock (within 30 cm depth)","increase","C t /ha","10.1002/eap.2278","Cover and catch crops"
"Carbon sequestration","Carbon sequestration","Increase","Organic carbon content (soil)","Total soil organic C","increase","C kg /kg dry soil","10.1890/13-0616.1","Leguminous crops"
"Soil health","Soil nutrients","Increase","Soil nitrogen","Total soil nitrogen","increase",NA,"10.1890/13-0616.1","Crop rotation"
"Soil health","Soil biological quality","Increase","Taxonomic parameters (microbes)","Ratio icrobial biomass carbon to total soil organic carbon (MBC:TC)","increase","Ratio microbial biomass carbon to soil total carbon","10.1890/13-0616.1","Crop rotation"
"Soil health","Soil biological quality","Increase","Taxonomic parameters (microbes)","Ratio microbial biomass nitrogen to total soil nitrogen (MBN:TN)","increase","Ratio microbial biomass carbon to soil total carbon","10.1890/13-0616.1","Crop rotation"
"GHG emissions","GHG emissions","Decrease","Aggregated GHGs emission (soil)","Total GHG emission","decrease",NA,"10.1016/j.scitotenv.2020.142299","No tillage and reduced tillage"
"Soil health","Soil erosion","Decrease","Water run-off","Runoff coefficient (fraction of rainfall that becomes runoff)","decrease","fraction of rainfall that becomes runoff","10.1016/j.agee.2016.04.033","No tillage and reduced tillage"
"Soil health","Soil erosion","Decrease","Soil erosion parameters","Sediment concentration in runoff","decrease",NA,"10.1016/j.agee.2016.04.033","No tillage and reduced tillage"
"Agricultural production","Cropping system productivity","Increase","Net primary productivity","Energy conversion efficiency (εc, the efficiency with which intercepted or absorbed energy is converted into biomass and is based on the photochemical efficiency of the entire plant canopy)","increase",NA,"10.1093/jxb/ert207","Intercropping"
"Pollution","Nutrient leaching and run-off","Decrease","Nitrogen leaching","Soil nitrate leaching","decrease",NA,"10.2134/jeq2018.03.0107","Cover and catch crops"
"Sustainable use of resources","Plant nutrient uptake","Increase","Crop nitrogen uptake","Nitrogen content in the aboveground biomass","increase",NA,"10.2134/agronj2017.09.0544","Intercropping"
"Soil health","Soil physico-chemical quality","Increase","Soil structure","Root length density","increase","root length density, RLD [m m−3]","10.1002/ldr.3470","No tillage and reduced tillage"
"Carbon sequestration","Carbon sequestration","Increase","Organic carbon stock (soil)","Soil organic carbon  stock","increase","SOC sock % change","10.1002/ldr.3470","No tillage and reduced tillage"
"Soil health","Soil physico-chemical quality","Increase","Soil water infiltration","Steady-state infiltration rate","increase","m3 /hour","10.1002/ldr.3470","No tillage and reduced tillage"
"Pollution","Heavy metals pollution","Decrease","Soil heavy metal bioavailability","Bioavailability of As","decrease",NA,"10.1016/j.scitotenv.2020.143117","Soil amendment with biochar"
"Pollution","Heavy metals pollution","Decrease","Soil heavy metal bioavailability","Bioavailability of Cd","decrease",NA,"10.1016/j.scitotenv.2020.143117","Soil amendment with biochar"
"Pollution","Heavy metals pollution","Decrease","Plant heavy metal uptake","Plant accumulation of As","decrease",NA,"10.1016/j.scitotenv.2020.143117","Soil amendment with biochar"
"Pollution","Heavy metals pollution","Decrease","Plant heavy metal uptake","Plant accumulation of Cd","decrease",NA,"10.1016/j.scitotenv.2020.143117","Soil amendment with biochar"
"Agricultural production","Crop yield","Increase","Seed yield","Seed cotton yield; Lint yield","Increase",NA,"10.2135/cropsci2018.10.0603","Cover and catch crops"
"Soil health","Soil nutrients","Increase","Soil phosphorous","Soil phosphorous","increase",NA,"10.1016/j.agsy.2019.102736","Organic fertilisation"
"Soil health","Soil erosion","Decrease","Soil erosion parameters","Soil erosion rates","Decrease",NA,"10.1016/j.agee.2020.106899","Leguminous crops"
"Soil health","Soil nutrients","Increase","Soil nitrogen","soil nitrogen content","increase",NA,"10.1016/j.still.2019.04.020","Cover and catch crops"
"Agricultural production","Crop yield","Increase","Crop yield","Sorghum yield","Increase",NA,"10.1007/s13593-015-0336-8","Leguminous crops"
"Pollution","Nutrient leaching and run-off","Decrease","Nitrogen leaching","Nitrate and ammmonium leaching","Decrease",NA,"10.1016/j.agee.2015.01.023","Cover and catch crops"
"Biodiversity","Biodiversity","Increase","Taxonomic parameters (arthropod)","Araneae abundance","increase",NA,"10.1016/j.biocon.2007.11.006","Wetland conservation and restoration"
"Biodiversity","Biodiversity","Increase","Taxonomic parameters (bird)","Bird nesting success (clutch size and number of fledglings)","increase",NA,"10.1016/j.biocon.2007.11.006","Wetland conservation and restoration"
"Biodiversity","Biodiversity","Increase","Taxonomic parameters (bird)","Bird abundance (colony size, number of captures, density of males and density of nests)","increase",NA,"10.1016/j.biocon.2007.11.006","Wetland conservation and restoration"
"Biodiversity","Biodiversity","Increase","Taxonomic parameters (arthropod)","Coleoptera abundance","increase",NA,"10.1016/j.biocon.2007.11.006","Wetland conservation and restoration"
"Biodiversity","Biodiversity","Increase","Taxonomic parameters (invertebrate)","Overall invertebrate abundance (and density, for molluscs only)","increase","number of invertebrates per pitfall trap or litter bag (and density in  number of individuals in quadrats per m2 for molluscs)","10.1016/j.biocon.2007.11.006","Wetland conservation and restoration"
"Biodiversity","Pests and diseases","Decrease","weed","Phragmites australis biomass","decrease",NA,"10.1016/j.biocon.2007.11.006","Wetland conservation and restoration"
"Biodiversity","Pests and diseases","Decrease","weed","Phragmites australis stem density","decrease",NA,"10.1016/j.biocon.2007.11.006","Wetland conservation and restoration"
"Biodiversity","Pests and diseases","Decrease","weed","Phragmites australis stem diameter","decrease",NA,"10.1016/j.biocon.2007.11.006","Wetland conservation and restoration"
"Biodiversity","Biodiversity","Increase","Biodiversity parameters (aggregated)","Species or family richness (Taxa richness)","increase",NA,"10.1186/s12862-021-01911-9","Agroforestry practices and systems"
"Biodiversity","Pests and diseases","Decrease","weed","Phragmites australis stem height","decrease",NA,"10.1016/j.biocon.2007.11.006","Wetland conservation and restoration"
"Biodiversity","Biodiversity","Increase","Taxonomic parameters (plant)","Plant aboveground biomass","increase",NA,"10.1016/j.biocon.2007.11.006","Wetland conservation and restoration"
"Biodiversity","Biodiversity","Increase","Taxonomic parameters (plant)","Plant stem density","increase",NA,"10.1016/j.biocon.2007.11.006","Wetland conservation and restoration"
"Biodiversity","Biodiversity","Increase","Taxonomic parameters (plant)","Plant stem height","increase",NA,"10.1016/j.biocon.2007.11.006","Wetland conservation and restoration"
"Biodiversity","Biodiversity","Increase","Taxonomic parameters (arthropod)","Overall invertebrate species richness","increase",NA,"10.1016/j.biocon.2007.11.006","Wetland conservation and restoration"
"Soil health","Soil nutrients","Increase","Soil nitrogen (dissolved organic fractions)","Dissolved organic nitrogen","increase",NA,"10.1007/s11104-023-06385-w","Agroforestry practices and systems"
"Carbon sequestration","Carbon sequestration","Increase","Organic carbon content (soil)","SOC concentration","increase",NA,"10.1007/s11104-023-06385-w","Agroforestry practices and systems"
"Soil health","Soil physico-chemical quality","increase","Soil structure","Soil aggregates mean Weight Diameter","increase",NA,"10.1007/s11104-023-06385-w","Agroforestry practices and systems"
"Soil health","Soil nutrients","Increase","Soil aluminium","Soil Al3+ ion","decrease",NA,"10.1007/s11104-023-06385-w","Agroforestry practices and systems"
"Soil health","Soil nutrients","Increase","Soil phosphorous","Soil available phosphorous","increase",NA,"10.1007/s11104-023-06385-w","Agroforestry practices and systems"
"Soil health","Soil nutrients","Increase","Soil calcium","Soil Ca2+ ion","increase",NA,"10.1007/s11104-023-06385-w","Agroforestry practices and systems"
"Soil health","Soil nutrients","Increase","Soil electrical conductivity","Soil electrical conductivity","increase",NA,"10.1007/s11104-023-06385-w","Agroforestry practices and systems"
"Soil health","Soil nutrients","Increase","Soil iron","Soil Fe2+ ion","increase",NA,"10.1007/s11104-023-06385-w","Agroforestry practices and systems"
"Soil health","Soil nutrients","Increase","Soil manganese","Soil Mn2+ ion","increase",NA,"10.1007/s11104-023-06385-w","Agroforestry practices and systems"
"Soil health","Soil nutrients","Increase","Soil nitrate","Soil NO3−","increase",NA,"10.1007/s11104-023-06385-w","Agroforestry practices and systems"
"Soil health","Soil nutrients","Increase","Soil phosphorous","Soil Olsen phosphorus","increase",NA,"10.1007/s11104-023-06385-w","Agroforestry practices and systems"
"Carbon sequestration","Carbon sequestration","Increase","Total carbon content (soil)","Soil total C","increase",NA,"10.1007/s11104-023-06385-w","Agroforestry practices and systems"
"Soil health","Soil nutrients","Increase","Soil phosphorous","Soil Total phosphorus","increase",NA,"10.1007/s11104-023-06385-w","Agroforestry practices and systems"
"Soil health","Soil nutrients","Increase","Soil zinc","Soil Zn2+ ion","increase",NA,"10.1007/s11104-023-06385-w","Agroforestry practices and systems"
"Carbon sequestration","Carbon sequestration","Increase","Organic matter content (soil)","SOM content","increase",NA,"10.1007/s11104-023-06385-w","Agroforestry practices and systems"
"Soil health","Soil water retention","Increase","Soil water","Water holding capacity","increase",NA,"10.1007/s11104-023-06385-w","Agroforestry practices and systems"
"Soil health","Soil water retention","Increase","Soil water","Water stable aggregate","increase",NA,"10.1007/s11104-023-06385-w","Agroforestry practices and systems"
"Soil health","Soil biological quality","Increase","Taxonomic parameters (bacteria)","Bacterial community abundance","increase",NA,"10.1007/s11104-023-06385-w","Agroforestry practices and systems"
"Soil health","Soil biological quality","Increase","Functional parameters (enzymatic activity)","Beta- Glucosidase activity","increase",NA,"10.1007/s11104-023-06385-w","Agroforestry practices and systems"
"Soil health","Soil biological quality","Increase","Taxonomic parameters (fungi)","Fungal community abundance","increase",NA,"10.1007/s11104-023-06385-w","Agroforestry practices and systems"
"Soil health","Soil biological quality","Increase","Taxonomic parameters (microbes)","Microbial biomass phosphorus (MBP)","increase",NA,"10.1007/s11104-023-06385-w","Agroforestry practices and systems"
"Soil health","Soil biological quality","Increase","Taxonomic parameters (microbes)","Microbial Community abundance","increase",NA,"10.1007/s11104-023-06385-w","Agroforestry practices and systems"
"Soil health","Soil biological quality","Increase","Functional parameters (enzymatic activity)","Protease activity","increase",NA,"10.1007/s11104-023-06385-w","Agroforestry practices and systems"
"Soil health","Soil biological quality","Increase","Functional parameters (respiration)","Soil Basal respiration","increase",NA,"10.1007/s11104-023-06385-w","Agroforestry practices and systems"
"Biodiversity","Biodiversity","Increase","Biodiversity parameters (aggregated)","Abundance metrics: abundance, density, catch-per-unit effort, relative ratio of abundance/density, counts, number of individuals","increase",NA,"10.1111/gcb.15765","Wetland conservation and restoration"
"Biodiversity","Biodiversity","Increase","Biodiversity parameters (aggregated)","Diversity metrics: Shannon-Wiener H', Margalef's richness d, Pielou's evenness J', Simpson’s diversity, Jaccard similarity index, Simpson similarity index, species richness, tropic diversity, number of species","increase",NA,"10.1111/gcb.15765","Wetland conservation and restoration"
"Biodiversity","Biodiversity","Increase","Taxonomic parameters (fish)","Fitness metrics: biomass, growth rate, survival rate, body size, reproduction, habitat use, food or energy contribution, prey/ energy/ plant intake","increase",NA,"10.1111/gcb.15765","Wetland conservation and restoration"
"Sustainable use of resources","Plant nutrient uptake","Increase","Crop nitrogen uptake","Nutrient content in above-ground biomass","increase",NA,"10.1016/j.fcr.2016.07.018","Low ammonia emission techniques for mineral fertilisation"
"Carbon sequestration","Carbon sequestration","Increase","Organic carbon sequestration rate (soil)","Efficiency of C sequestration","increase",NA,"10.1016/j.agee.2016.10.024","Organic fertilisation"
"Carbon sequestration","Carbon sequestration","Increase","Organic carbon content (soil)","SOC response ratio","increase",NA,"10.1016/j.agee.2016.10.024","Organic fertilisation"
"Pollution","Air pollutants emissions","Decrease","Ammonia emission (manure)","NH3 emission in terms of cumulative NH3-N losses as a proportion of the TN of the initial composting material","decrease",NA,"10.1016/j.jclepro.2019.06.288","Manure storage techniques"
"Pollution","Air pollutants emissions","Decrease","Ammonia emission (manure)","NH3 emission","decrease",NA,"10.1111/gcb.12767","Manure land application techniques"
"Agricultural production","Crop yield","Increase","Crop yield","Energy output from yield","increase",NA,"10.1016/j.scitotenv.2020.141479","Mulching"
"Sustainable use of resources","Nitrogen footprint (LCA)","Decrease","Nitrogen footprint","Nitrogen footprint per unit of net economic return","decrease",NA,"10.1016/j.scitotenv.2020.141479","Mulching"
"Sustainable use of resources","Nitrogen footprint (LCA)","Decrease","Nitrogen footprint","Reactive nitrogen loss","decrease","N-eq kg /ha /year","10.1016/j.scitotenv.2020.141479","Mulching"
"Sustainable use of resources","Water footprint (LCA)","Decrease","Water footprint (LCA)","Blue water availability (VWA)","increase",NA,"10.1016/j.agwat.2021.107293","Mulching"
"Sustainable use of resources","Water footprint (LCA)","Decrease","Water footprint (LCA)","Global stress-weighted water footprint per unit of net economic return (WFe)","decrease",NA,"10.1016/j.agwat.2021.107293","Mulching"
"Sustainable use of resources","Water footprint (LCA)","Decrease","Water footprint (LCA)","Global stress-weighted water footprint per unit of output energy (WFo)","decrease",NA,"10.1016/j.agwat.2021.107293","Mulching"
"Biodiversity","Pests and diseases","Decrease","pest","number of eggs/eggmasses in roots","decrease",NA,"10.1007/s11368-019-02498-x","Crop residue management"
"Biodiversity","Pests and diseases","Decrease","crop damage or disease","Root galling","decrease",NA,"10.1007/s11368-019-02498-x","Crop residue management"
"Biodiversity","Pests and diseases","Decrease","pest","Root-knot nematodes number in roots","decrease",NA,"10.1007/s11368-019-02498-x","Crop residue management"
"Biodiversity","Pests and diseases","Decrease","pest","Root-knot nematodes number in soil","decrease",NA,"10.1007/s11368-019-02498-x","Crop residue management"
"Biodiversity","Pests and diseases","Decrease","pest","Root-knot nematodes numbers and damage","decrease",NA,"10.1007/s11368-019-02498-x","Crop residue management"
"Soil health","Soil water retention","Increase","Soil water","Precipitation soil-storage efficiency during the fallow period","increase",NA,"10.1016/j.agwat.2021.107085","Cover and catch crops"
"Soil health","Soil water retention","Increase","Soil water","Soil water storage at succeeding crop planting for the 30 cm topsoil","increase",NA,"10.1016/j.agwat.2021.107085","Cover and catch crops"
"Soil health","Soil water retention","Increase","Soil water","Soil water storage at succeeding crop planting for the whole soil profile","increase",NA,"10.1016/j.agwat.2021.107085","Cover and catch crops"
"Agricultural production","Crop yield","Increase","Crop yield","Succeeding crop yield","increase",NA,"10.1016/j.agwat.2021.107085","Cover and catch crops"
"Carbon sequestration","Carbon sequestration","Increase","Organic carbon stock (soil)","Native soil organic matter","increase",NA,"10.1111/gcbb.12266","Soil amendment with biochar"
"Biodiversity","Biodiversity","Increase","Taxonomic parameters (bird)","Farmland bird abundance","increase",NA,"10.1007/978-3-319-00915-5_3","Organic farming systems"
"Pollution","Nutrient leaching and run-off","Decrease","Nitrogen loss","Nitrogen leaching or Soil inorganic N content","decrease",NA,"10.1007/s13593-016-0397-3","Cover and catch crops"
"Soil health","Soil biological quality","Increase","Functional parameters (enzymatic activity)","Fluorescein diacetate hydrolysis (FDA)","increase",NA,"10.1002/saj2.20261","Crop residue management"
"Soil health","Soil biological quality","Increase","Taxonomic parameters (microbes)","Permanganate oxidizable C (POXC)","increase",NA,"10.1002/saj2.20261","Crop residue management"
"Soil health","Soil biological quality","Increase","Functional parameters (enzymatic activity)","β-glucosidase (BG)","increase",NA,"10.1002/saj2.20261","Crop residue management"
"Carbon sequestration","Carbon sequestration","Increase","Organic carbon sequestration rate (soil)","Soil organic carbon change rate","increase","C g /m2 /year","10.1111/gcbb.12631","Crop residue management"
"Carbon sequestration","Carbon sequestration","Increase","Organic carbon stock (soil)","Soil carbon content and stocks 0_20cm","increase",NA,"10.1007/s11104-021-04881-5","Crop residue management"
"Carbon sequestration","Carbon sequestration","Increase","Organic carbon stock (soil)","Soil carbon content and stocks 0-20cm","increase",NA,"10.1007/s11104-021-04881-5","Crop residue management"
"Carbon sequestration","Carbon sequestration","Increase","Organic carbon stock (soil)","Soil carbon content and stocks 0-5cm","increase",NA,"10.1007/s11104-021-04881-5","Crop residue management"
"Carbon sequestration","Carbon sequestration","Increase","Organic carbon stock (soil)","Soil carbon content and stocks 20-100cm","increase",NA,"10.1007/s11104-021-04881-5","Crop residue management"
"Carbon sequestration","Carbon sequestration","Increase","Organic carbon stock (soil)","Soil carbon content and stocks 0-10cm","increase",NA,"10.1007/s11104-021-04881-5","Crop residue management"
"Biodiversity","Biodiversity","Increase","Taxonomic parameters (arthropod)","Arthropods abundance (number or density of individuals, population size)","increase",NA,"10.1111/1365-2664.12943","Agroforestry practices and systems"
"Biodiversity","Biodiversity","Increase","Taxonomic parameters (arthropod)","Arthropods richness","increase",NA,"10.1111/1365-2664.12943","Agroforestry practices and systems"
"Biodiversity","Biodiversity","Increase","Taxonomic parameters (herbaceous plant)","Herbal plants abundance (number or density of individuals, population size, biomass or cover (for some plants))","increase",NA,"10.1111/1365-2664.12943","Agroforestry practices and systems"
"Biodiversity","Biodiversity","Increase","Taxonomic parameters (herbaceous plant)","Herbal plants richness","increase",NA,"10.1111/1365-2664.12943","Agroforestry practices and systems"
"Biodiversity","Biodiversity","Increase","Taxonomic parameters (vertebrate)","Vertebrates abundance (number or density of individuals, population size, biomass or cover (for some plants), or flight activity (for some bats))","increase",NA,"10.1111/1365-2664.12943","Agroforestry practices and systems"
"Biodiversity","Biodiversity","Increase","Taxonomic parameters (vertebrate)","Vertebrates richness","increase",NA,"10.1111/1365-2664.12943","Agroforestry practices and systems"
"Biodiversity","Biodiversity","Increase","Taxonomic parameters (woody plant)","Woody plants abundance (number or density of individuals, population size, biomass or cover (for some plants))","increase",NA,"10.1111/1365-2664.12943","Agroforestry practices and systems"
"Biodiversity","Biodiversity","Increase","Taxonomic parameters (woody plant)","Woody plants richness","increase",NA,"10.1111/1365-2664.12943","Agroforestry practices and systems"
"Carbon sequestration","Carbon sequestration","Increase","Organic carbon stock (soil)","Soil carbon content and stocks 5-20cm","increase",NA,"10.1007/s11104-021-04881-5","Crop residue management"
"Soil health","Soil biological quality","Increase","Taxonomic parameters (nematode)","Abundance of nematodes: Enrichment index","increase","Enrichment index","10.1016/j.soilbio.2021.108383","Intercropping"
"Soil health","Soil biological quality","Increase","Taxonomic parameters (nematode)","Abundance of nematodes: Maturity index","increase","Maturity index","10.1016/j.soilbio.2021.108383","Intercropping"
"Soil health","Soil biological quality","Increase","Taxonomic parameters (nematode)","Abundance of nematodes: Nematode channel ratio","increase","Nematode channel ratio","10.1016/j.soilbio.2021.108383","Intercropping"
"Soil health","Soil biological quality","Increase","Taxonomic parameters (nematode)","Abundance of nematodes: Plant parasite index","increase","Plant parasite index","10.1016/j.soilbio.2021.108383","Intercropping"
"Soil health","Soil biological quality","Increase","Taxonomic parameters (nematode)","Abundance of nematodes: Shannon diversity index","increase","Shannon's diversity index","10.1016/j.soilbio.2021.108383","Crop rotation"
"Soil health","Soil biological quality","Increase","Taxonomic parameters (nematode)","Abundance of nematodes: Structure index","increase","Structure index","10.1016/j.soilbio.2021.108383","Intercropping"
"Soil health","Soil biological quality","Increase","Taxonomic parameters (nematode)","Abundance of nematodes: Taxonomy richness","increase",NA,"10.1016/j.soilbio.2021.108383","Intercropping"
"Soil health","Soil biological quality","Increase","Taxonomic parameters (nematode)","Abundance of nematodes: Total density of nematodes","increase",NA,"10.1016/j.soilbio.2021.108383","Intercropping"
"Soil health","Soil biological quality","Increase","Taxonomic parameters (nematode)","Abundance of nematodes: Abundance of bacterial feeders","increase",NA,"10.1016/j.soilbio.2021.108383","Cover and catch crops"
"Soil health","Soil biological quality","Increase","Taxonomic parameters (nematode)","Abundance of nematodes: Abundance of fungal feeders","increase",NA,"10.1016/j.soilbio.2021.108383","Cover and catch crops"
"Soil health","Soil biological quality","Increase","Taxonomic parameters (nematode)","Abundance of nematodes: Abundance of omnivore-predators","increase",NA,"10.1016/j.soilbio.2021.108383","Cover and catch crops"
"Soil health","Soil biological quality","Increase","Taxonomic parameters (nematode)","Abundance of nematodes: Abundance of plant feeders","increase",NA,"10.1016/j.soilbio.2021.108383","Cover and catch crops"
"Soil health","Soil biological quality","Increase","Taxonomic parameters (nematode)","Abundance of nematodes: Structure index (Taxonomic richness)","increase",NA,"10.1016/j.soilbio.2021.108383","Crop rotation"
"Soil health","Soil biological quality","Increase","Taxonomic parameters (bacteria)","Bacterial biomass","increase",NA,"10.1098/rspb.2020.2063","Grassland management"
"Soil health","Soil biological quality","Increase","Taxonomic parameters (fungi)","Fungal biomass","increase",NA,"10.1098/rspb.2020.2063","Grassland management"
"GHG emissions","GHG emissions","Decrease","Aggregated GHGs emission (soil)","Carbon dioxide equivalent (CO2eq) emissions","decrease","CO2-eq","10.1080/00380768.2019.1683890","Water-saving irrigation practices in flooded lands"
"Soil health","Soil physico-chemical quality","Increase","Soil bulk density","Subsoil bulk density change (%)","decrease",NA,"10.3390/land11050645","Crop residue management"
"Soil health","Soil physico-chemical quality","Increase","Soil bulk density","Topsoil bulk density change (%)","decrease",NA,"10.3390/land11050645","Crop residue management"
"Biodiversity","Biodiversity","Increase","Biodiversity parameters (aggregated)","Biodiversity (several metrics, e.g. Abundance, species richness, biomass, species number, density, Shannon-Wiener diversity index, Simpson diversity index, Margalef index, Pielou evenness index)","increase",NA,"10.1111/rec.12435","Wetland conservation and restoration"
"Soil health","Soil biological quality","Increase","Functional parameters (mychorrhizal fungi)","Arbuscular mycorrhizas fungal abundance","increase",NA,"10.1016/j.scitotenv.2019.134553","Grazing management"
"Pollution","Nutrient leaching and run-off","Decrease","Nitrogen leaching","Nitrogen leaching loss","decrease",NA,"10.3390/plants11131690","Water-saving irrigation practices in flooded lands"
"Pollution","Nutrient leaching and run-off","Decrease","Nitrogen run-off","Nitrogen runoff loss","decrease",NA,"10.3390/plants11131690","Water-saving irrigation practices in flooded lands"
"GHG emissions","GHG emissions","Decrease","Methane emission (soil)","CH4_C emission","decrease",NA,"10.1016/j.scitotenv.2021.147103","Manure processing techniques"
"GHG emissions","GHG emissions","Decrease","Nitrous oxide emission (manure)","N2O-N emission","decrease",NA,"10.1016/j.scitotenv.2021.147103","Manure processing techniques"
"GHG emissions","GHG emissions","Decrease","Methane emission (soil)","CH4-C loss","decrease",NA,"10.1016/j.scitotenv.2021.147103","Manure storage techniques"
"Biodiversity","Pests and diseases","Decrease","crop damage or disease","Disease incidence (wheat stripe rust intensity)","decrease",NA,"10.1007/s10658-019-01711-4","Intercropping"
"Soil health","Soil nutrients","Increase","Soil nitrogen","Soil total nitrogen content","increase",NA,"10.1016/j.ecolind.2021.107881","Grazing management"
"Soil health","Soil nutrients","Increase","Soil phosphorous","Soil total phosphorus","increase",NA,"10.1016/j.ecolind.2021.107881","Grazing management"
"Soil health","Soil nutrients","Increase","Biological N fixation","Dinitrogen (N2) fixation. Amount of N fixed per hectare","increase","Ndfa, kg N /ha","10.1016/j.eja.2020.126077","Intercropping"
"Soil health","Soil nutrients","Increase","Biological N fixation","Dinitrogen (N2) fixation: fraction of N fixed over total nitrogen in plant biomass","increase","Ndfa, %","10.1016/j.eja.2020.126077","Intercropping"
"Sustainable use of resources","Plant nutrient uptake","Increase","Crop nitrogen uptake","Soil-derived N acquisition for intecrop legumes, cereals and legumes + cereals compared to monoculture","increase",NA,"10.1016/j.eja.2020.126077","Intercropping"
"Soil health","Soil biological quality","Increase","Taxonomic parameters (bacteria)","Bacteria richness","increase",NA,"10.1016/j.ecolind.2021.107881","Grazing management"
"Soil health","Soil biological quality","Increase","Taxonomic parameters (fungi)","Fungi richness","increase",NA,"10.1016/j.ecolind.2021.107881","Grazing management"
"Soil health","Soil biological quality","Increase","Taxonomic parameters (bacteria)","Soil Actinomycetes biomass","increase",NA,"10.1016/j.ecolind.2021.107881","Grazing management"
"Soil health","Soil biological quality","Increase","Functional parameters (mychorrhizal fungi)","Soil arbuscular mycorrhiza fungi biomass","increase",NA,"10.1016/j.ecolind.2021.107881","Grazing management"
"Soil health","Soil biological quality","Increase","Taxonomic parameters (bacteria)","Soil bacteria biomass","increase",NA,"10.1016/j.ecolind.2021.107881","Grazing management"
"Soil health","Soil biological quality","Increase","Taxonomic parameters (fungi)","Soil fungi biomass","increase",NA,"10.1016/j.ecolind.2021.107881","Grazing management"
"Soil health","Soil biological quality","Increase","Taxonomic parameters (bacteria)","Soil Gram- biomass","increase",NA,"10.1016/j.ecolind.2021.107881","Grazing management"
"Soil health","Soil biological quality","Increase","Taxonomic parameters (bacteria)","Soil Gram+ biomass","increase",NA,"10.1016/j.ecolind.2021.107881","Grazing management"
"Carbon sequestration","Carbon sequestration","Increase","Organic carbon content (soil)","Active organic carbon","increase",NA,"10.1002/ldr.3492","Crop residue management"
"Carbon sequestration","Carbon sequestration","Increase","Organic carbon content (soil)","Dissolved organic carbon","increase",NA,"10.1002/ldr.3492","Crop residue management"
"Carbon sequestration","Carbon sequestration","Increase","Organic carbon content (soil)","Liable organic carbon","increase",NA,"10.1002/ldr.3492","Crop residue management"
"Carbon sequestration","Carbon sequestration","Increase","Organic carbon content (soil)","Light fraction organic carbon","increase",NA,"10.1002/ldr.3492","Crop residue management"
"Carbon sequestration","Carbon sequestration","Increase","Organic carbon content (soil)","Particulate organic carbon","increase",NA,"10.1002/ldr.3492","Crop residue management"
"Soil health","Soil physico-chemical quality","Increase","Soil structure","Soil aggregation","increase",NA,"10.1002/ldr.3492","Crop residue management"
"Soil health","Soil nutrients","Increase","Soil phosphorous","Total phosphorus","increase",NA,"10.1002/ldr.3492","Crop residue management"
"Soil health","Soil nutrients","Increase","Soil potassium","Total potassium","increase",NA,"10.1002/ldr.3492","Crop residue management"
"Soil health","Soil biological quality","Increase","Taxonomic parameters (bacteria)","Bacteria community size","increase",NA,"10.1016/j.agee.2017.08.007","Grazing management"
"Soil health","Soil biological quality","Increase","Taxonomic parameters (fungi)","Fungi community size","increase",NA,"10.1016/j.agee.2017.08.007","Grazing management"
"Soil health","Soil biological quality","Increase","Taxonomic parameters (microbes)","Microbe community size","increase",NA,"10.1016/j.agee.2017.08.007","Grazing management"
"Agricultural production","Crop yield","Increase","Crop yield","subsequent crop yield, i.e. crop yield referred only to the main crop","increase",NA,"10.1016/j.fcr.2019.107659","Crop rotation"
"Pollution","Nutrient leaching and run-off","Decrease","Nitrogen leaching","Soil nitrate leaching (e.g., nitrate content in the leachate, in lysimeters)","Decrease",NA,"10.1016/j.landusepol.2019.104204","Cover and catch crops"
"Carbon sequestration","Carbon sequestration","Increase","Organic carbon content (soil)","Soil organic matter (including soil organic carbon)","increase",NA,"10.1016/j.landusepol.2019.104204","Cover and catch crops"
"Soil health","Soil water retention","Increase","Soil water","Soil water content: measured in spring, when the cover crop was suppressed or anytime thereafter, but before the food crop was planted","Increase",NA,"10.1016/j.landusepol.2019.104204","Cover and catch crops"
"Sustainable use of resources","Nutrients recovery","Increase","manure-nitrogen loss","Total nitrogen loss","decrease",NA,"10.1016/j.scitotenv.2019.135401","Manure processing techniques"
"GHG emissions","GHG emissions","Decrease","Aggregated GHGs emission (soil)","Area-scaled GWP (N2O and CH4)","decrease","CO2-eq","10.1016/j.scitotenv.2018.08.392","Water-saving irrigation practices in flooded lands"
"GHG emissions","GHG emissions","Decrease","Methane emission (soil)","Area-scaled CH4 emissions","decrease","CH4-C kg /ha","10.1016/j.scitotenv.2018.08.392","Water-saving irrigation practices in flooded lands"
"GHG emissions","GHG emissions","Decrease","Methane emission (soil)","Yield-scaled CH4 emissions","decrease",NA,"10.1016/j.scitotenv.2018.08.392","Water-saving irrigation practices in flooded lands"
"GHG emissions","GHG emissions","Decrease","Aggregated GHGs emission (soil)","Aggregated soil GHG emission (as CO2eq)","decrease","CO2-eq kg /ha day","10.1016/j.scitotenv.2018.08.392","Soil amendment with biochar"
"GHG emissions","GHG emissions","Decrease","Aggregated GHGs emission (soil) (product based)","Yield-scaled global warming potential (N2O and CH4)","decrease",NA,"10.1016/j.scitotenv.2018.08.392","Water-saving irrigation practices in flooded lands"
"Carbon sequestration","Carbon sequestration","Increase","Organic carbon content (soil)","Soil carbon pool","increase","1) C g /kg soil; 2) C t /ha","10.1111/gcb.13431","Grazing management"
"Carbon sequestration","Carbon sequestration","Increase","Organic carbon stock (litter)","Litter carbon pool","increase",NA,"10.1111/gcb.13431","Grazing management"
"Soil health","Soil nutrients","Increase","Soil nitrogen","Litter nitrogen pool","increase",NA,"10.1111/gcb.13431","Grazing management"
"Carbon sequestration","Carbon sequestration","Increase","Organic carbon stock (belowground)","Root carbon pool","increase",NA,"10.1111/gcb.13431","Grazing management"
"Soil health","Soil nutrients","Increase","Soil nitrogen","Soil nitrogen pool","increase",NA,"10.1111/gcb.13431","Grazing management"
"Soil health","Soil biological quality","Increase","Taxonomic parameters (microbes)","Phospholipid fatty acid (PLFA) biomass","increase","total phospholipid-derived fatty acid (PLFA)","10.1016/j.soilbio.2017.09.015","Grassland management"
"Soil health","Soil biological quality","Increase","Taxonomic parameters (bacteria)","Actinomycetes biomass","increase",NA,"10.1016/j.soilbio.2017.09.015","Grassland management"
"Soil health","Soil biological quality","Increase","Functional parameters (mychorrhizal fungi)","Arbuscolar mycorrhizal fungi biomass","increase",NA,"10.1016/j.soilbio.2017.09.015","Grassland management"
"Soil health","Soil biological quality","Increase","Taxonomic parameters (bacteria)","Bacteria biomass","increase",NA,"10.1016/j.soilbio.2017.09.015","Grassland management"
"Soil health","Soil biological quality","Increase","Taxonomic parameters (fungi)","Fungi biomass","increase",NA,"10.1016/j.soilbio.2017.09.015","Grassland management"
"Soil health","Soil biological quality","Increase","Taxonomic parameters (bacteria)","Gram negative biomass","increase",NA,"10.1016/j.soilbio.2017.09.015","Grassland management"
"Soil health","Soil biological quality","Increase","Taxonomic parameters (bacteria)","Gram positive biomass","increase",NA,"10.1016/j.soilbio.2017.09.015","Grassland management"
"Soil health","Soil biological quality","Increase","Taxonomic parameters (microbes)","Microbial carbon biomass","increase",NA,"10.1016/j.soilbio.2017.09.015","Grassland management"
"Soil health","Soil biological quality","Increase","Taxonomic parameters (microbes)","Microbial nitrogen biomass","increase",NA,"10.1016/j.soilbio.2017.09.015","Grassland management"
"Biodiversity","Biodiversity","Increase","Biodiversity parameters (aggregated)","Plants, Bryophita, Gasteropoda, insects and spiders abundance, richness, diversity and eveness metrics","increase",NA,"10.1007/s10531-018-1562-6","Grassland management"
"GHG emissions","GHG emissions","Decrease","Methane emission (soil)","Methane fluxes","decrease",NA,"10.1111/gcb.14933","Wetland conservation and restoration"
"GHG emissions","GHG emissions","Decrease","Nitrous oxide emission (grazing animals)","Soil N2O emissions","decrease",NA,"10.1016/j.scitotenv.2018.11.082","Grazing management"
"Pollution","Air pollutants emissions","Decrease","Ammonia emission (manure)","NH3_N emission","decrease",NA,"10.1016/j.scitotenv.2021.147103","Manure processing techniques"
"Agricultural production","Grassland production","Increase","Net primary productivity","biomass production","Increase",NA,"10.1016/j.agee.2016.06.002","Agroforestry practices and systems"
"Agricultural production","Farming system productivity","Increase","Food production yield","food production yield","increase",NA,"10.1016/j.agee.2016.06.002","Agroforestry practices and systems"
"Biodiversity","Biodiversity","Increase","Biodiversity parameters (aggregated)","Richness and Abundance (taxa studied among plants/arthropods/fungi/birds)","increase",NA,"10.1016/j.agee.2016.06.002","Agroforestry practices and systems"
"Soil health","Soil nutrients","Increase","Soil nutrients (aggregated)","soil fertility/nutrient cycling parameters","increase",NA,"10.1016/j.agee.2016.06.002","Agroforestry practices and systems"
"Pollution","Nutrient leaching and run-off","Decrease","Nitrogen leaching","Nitrate-N groundwater","decrease","NO3-N kg /m3 /time","10.2134/jeq2018.03.0120","Landscape features"
"Pollution","Nutrient leaching and run-off","Decrease","Nitrogen run-off","Nitrate-N surface run-off","decrease","NO3-N kg /m3 /time","10.2134/jeq2018.03.0120","Landscape features"
"Pollution","Nutrient leaching and run-off","Decrease","Nitrogen run-off","Total-N surface run-off","decrease","N-tot kg /m3 /time","10.2134/jeq2018.03.0120","Landscape features"
"Carbon sequestration","Carbon sequestration","Increase","Organic carbon stock (soil)","C stock","increase","C t /ha","10.1016/j.agee.2017.04.015","Landscape features"
"Carbon sequestration","Carbon sequestration","Increase","Organic carbon stock (soil)","C stock (shallow soil 0-30 cm, average 20 cm)","increase","C t /ha","10.1016/j.agee.2017.04.015","Landscape features"
"Biodiversity","Pests and diseases","Decrease","pest","Aphid density","decrease",NA,"10.1016/j.agee.2017.04.015","Landscape features"
"Pollution","Nutrient leaching and run-off","Decrease","Phosphorous loss or run-off","P runoff","decrease",NA,"10.1016/j.agee.2017.04.015","Landscape features"
"Biodiversity","Pests and diseases","Decrease","pest","Predator density","decrease",NA,"10.1016/j.agee.2017.04.015","Landscape features"
"Biodiversity","Pests and diseases","Decrease","pest","Predator diversity","decrease",NA,"10.1016/j.agee.2017.04.015","Landscape features"
"Soil health","Soil erosion","Decrease","Soil erosion parameters","Soil sediment interception","increase",NA,"10.1016/j.agee.2017.04.015","Landscape features"
"Pollution","Nutrient leaching and run-off","Decrease","Nitrogen leaching","Subsurface N","decrease",NA,"10.1016/j.agee.2017.04.015","Landscape features"
"Pollution","Nutrient leaching and run-off","Decrease","Nitrogen run-off","Surface N","decrease","N-tot kg /m3 /time","10.1016/j.agee.2017.04.015","Landscape features"
"Pollution","Nutrient leaching and run-off","Decrease","Nitrogen interception (subsurface)","N interception: subsurface","increase",NA,"10.1016/j.agee.2017.04.015","Agroforestry practices and systems"
"Pollution","Nutrient leaching and run-off","Decrease","Nitrogen interception (surface)","N interception: surface","increase",NA,"10.1016/j.agee.2017.04.015","Agroforestry practices and systems"
"Pollution","Nutrient leaching and run-off","Decrease","Phosphorous interception","P interception: surface","increase",NA,"10.1016/j.agee.2017.04.015","Agroforestry practices and systems"
"Biodiversity","Pests and diseases","Decrease","pest","Pest control: predator density","decrease",NA,"10.1016/j.agee.2017.04.015","Agroforestry practices and systems"
"Biodiversity","Pests and diseases","Decrease","pest","Pest control: predator diversity","increase",NA,"10.1016/j.agee.2017.04.015","Agroforestry practices and systems"
"Carbon sequestration","Carbon sequestration","Increase","Organic carbon stock (aboveground + belowground biomass)","Belowground+Aboveground biomass C stock","increase",NA,"10.1111/gcb.17036","Agroforestry practices and systems"
"Agricultural production","Grassland production","Increase","forage yield","Forage yield","increase",NA,"10.1111/gcb.17036","Agroforestry practices and systems"
"Soil health","Soil nutrients","Increase","Soil nutrients (aggregated)","Soil nutrient provisioning","increase",NA,"10.1111/gcb.17036","Agroforestry practices and systems"
"Soil health","Soil biological quality","Increase","Soil biological quality parameters (aggregated)","Soil activity and diversity","increase",NA,"10.1111/gcb.17036","Agroforestry practices and systems"
"Sustainable use of resources","Plant nutrient uptake","Increase","Crop nitrogen uptake","Crop total nitrogen","increase",NA,"10.1016/j.agee.2018.07.019","Crop residue management"
"Soil health","Soil nutrients","Increase","Soil phosphorous","Available phosphorus","increase",NA,"10.1016/j.chemosphere.2021.130345","Soil amendment with lime and gypsum"
"Soil health","Soil physico-chemical quality","Increase","Soil salinity","Sodium absorption ratio","increase",NA,"10.1016/j.chemosphere.2021.130345","Soil amendment with lime and gypsum"
"Soil health","Soil biological quality","Increase","Taxonomic parameters (bacteria)","Soil actinomycetes","increase",NA,"10.1016/j.chemosphere.2021.130345","Soil amendment with lime and gypsum"
"Soil health","Soil biological quality","Increase","Taxonomic parameters (bacteria)","Soil bacteria","increase",NA,"10.1016/j.chemosphere.2021.130345","Soil amendment with lime and gypsum"
"Pollution","Heavy metals pollution","Decrease","Soil heavy metal content","Soil concentrations of Arsenic","decrease",NA,"10.1016/j.chemosphere.2021.130345","Soil amendment with lime and gypsum"
"Pollution","Heavy metals pollution","Decrease","Soil heavy metal content","Soil concentrations of Cadmium","decrease",NA,"10.1016/j.chemosphere.2021.130345","Soil amendment with lime and gypsum"
"Pollution","Heavy metals pollution","Decrease","Soil heavy metal content","Soil concentrations of Chromium","decrease",NA,"10.1016/j.chemosphere.2021.130345","Soil amendment with lime and gypsum"
"Pollution","Heavy metals pollution","Decrease","Soil heavy metal content","Soil concentrations of Lead","decrease",NA,"10.1016/j.chemosphere.2021.130345","Soil amendment with lime and gypsum"
"Pollution","Heavy metals pollution","Decrease","Soil heavy metal content","Soil concentrations of Mercury","decrease",NA,"10.1016/j.chemosphere.2021.130345","Soil amendment with lime and gypsum"
"Pollution","Heavy metals pollution","Decrease","Soil heavy metal content","Soil concentrations of Nickel","decrease",NA,"10.1016/j.chemosphere.2021.130345","Soil amendment with lime and gypsum"
"Soil health","Soil physico-chemical quality","Increase","Soil salinity","Soil exchangeable sodium percentage","decrease",NA,"10.1016/j.chemosphere.2021.130345","Soil amendment with lime and gypsum"
"Soil health","Soil biological quality","Increase","Taxonomic parameters (fungi)","Soil fungi","increase",NA,"10.1016/j.chemosphere.2021.130345","Soil amendment with lime and gypsum"
"Soil health","Soil physico-chemical quality","Increase","Soil salinity","Total dissolved salt","decrease",NA,"10.1016/j.chemosphere.2021.130345","Soil amendment with lime and gypsum"
"Biodiversity","Biodiversity","Increase","Taxonomic parameters (arthropod)","Species richness - arthropod","increase",NA,"10.1088/1748-9326/ab4932","Grazing management"
"Biodiversity","Biodiversity","Increase","Biodiversity parameters (aggregated)","Species richness - overall","increase",NA,"10.1088/1748-9326/ab4932","Grazing management"
"Biodiversity","Biodiversity","Increase","Taxonomic parameters (plant)","Species richness - plant","increase",NA,"10.1088/1748-9326/ab4932","Grazing management"
"Soil health","Soil biological quality","Increase","Taxonomic parameters (microbes)","Species richness - microbe","increase",NA,"10.1088/1748-9326/ab4932","Grazing management"
"Sustainable use of resources","Water use","Decrease","Water use efficiency","Irrigation water productivity (IWP, yield/irrigation water applied)","increase",NA,"10.1016/j.agwat.2022.107645","Water-saving irrigation practices in non-flooded lands"
"Sustainable use of resources","Water use","Decrease","Water use efficiency","Water productivity (WP, yield/crop evapotranspiration or yield/total water applied by irrigation and rainfall)","increase",NA,"10.1016/j.agwat.2022.107645","Water-saving irrigation practices in non-flooded lands"
"GHG emissions","GHG emissions","Decrease","Methane emission (soil)","CH4 uptake in uplands","increase",NA,"10.1016/j.fcr.2022.108566","Mulching"
"GHG emissions","GHG emissions","Decrease","Nitrous oxide emission (organic fertilisers)","N2O from soil","decrease",NA,"10.3390/agronomy10081149","Organic fertilisation"
"Pollution","Air pollutants emissions","Decrease","Ammonia emission (manure)","NH3-N loss","decrease",NA,"10.1016/j.scitotenv.2019.135401","Manure processing techniques"
"Pollution","Nutrient leaching and run-off","Decrease","Nitrogen loss","N leaching and runoff","decrease",NA,"10.3390/agronomy10081149","Organic fertilisation"
"Biodiversity","Biodiversity","Increase","Biodiversity parameters (aggregated)","Plant species richness, Fauna, Earthworm species richness, Spider species richness and abundance, Beetle species richness and abundance, Grasshopper species richness, Bird species richness","Increase",NA,"10.1111/1365-2664.13124","Cover and catch crops"
"Agricultural production","Crop yield","Increase","Crop yield","Grape quantity","Increase",NA,"10.1111/1365-2664.13124","Cover and catch crops"
"Biodiversity","Pests and diseases","Decrease","Functional parameters (natural enemies)","Natural enemy-related parameters (Abundance of potential natural enemies, Percentage of parasitism and predation)","Increase",NA,"10.1111/1365-2664.13124","Cover and catch crops"
"Biodiversity","Pests and diseases","Decrease","pest","Pest-related parameters (Pest abundance, Damage per vine and plot)","decrease",NA,"10.1111/1365-2664.13124","Cover and catch crops"
"Soil health","Soil erosion","Decrease","Soil erosion parameters","Erosion-related parameters: Water retention; Topsoil penetration resistance; Aggregate stability; Saturated hydraulic conductivity","Increase",NA,"10.1111/1365-2664.13124","Cover and catch crops"
"Soil health","Soil biological quality","Increase","Soil fertility","Soil fertility","Increase",NA,"10.1111/1365-2664.13124","Cover and catch crops"
"Soil health","Soil water retention","Increase","Soil water","Soil water budget parameters (Water stress integral, water loss, volumetric soil water content)","increase",NA,"10.1111/1365-2664.13124","Cover and catch crops"
"Sustainable use of resources","Plant nutrient uptake","Increase","Crop nitrogen uptake","Crop nitrogen uptake","increase",NA,"10.1111/gcb.14466","Crop residue management"
"Pollution","Nutrient leaching and run-off","Decrease","Nitrogen run-off","Nitrogen runoff","decrease",NA,"10.1111/gcb.14466","Crop residue management"
"Soil health","Soil nutrients","Increase","Soil nitrogen","Soil nitrogen content","increase",NA,"10.1111/gcb.14466","Crop residue management"
"Soil health","Soil biological quality","Increase","Functional parameters (enzymatic activity)","Soil urease activity","increase",NA,"10.1111/gcb.14466","Crop residue management"
"Pollution","Nutrient leaching and run-off","Decrease","Nitrogen run-off","N runoff","decrease",NA,"10.1111/gcb.13455","Low ammonia emission techniques for mineral fertilisation"
"Sustainable use of resources","Plant nutrient uptake","Increase","Crop nitrogen uptake","Total N uptake","increase",NA,"10.1111/gcb.13455","Low ammonia emission techniques for mineral fertilisation"
"Soil health","Soil erosion","Decrease","Soil erosion parameters","Annual soil loss","decrease","kg-sediments /km2 OR kg-sediment /area /time","10.1016/j.scitotenv.2018.07.124","Intercropping"
"Soil health","Soil erosion","Decrease","Soil erosion parameters","Annual runoff","decrease","m3 or mm on a given area","10.1016/j.scitotenv.2018.07.124","Intercropping"
"Carbon sequestration","Carbon sequestration","Increase","Organic carbon sequestration rate (belowground biomass)","Below-ground biomass","increase",NA,"10.1098/rspb.2020.2063","Grassland management"
"Soil health","Soil erosion","Decrease","Soil erosion parameters","Sediment regulation","increase",NA,"10.1111/rec.12435","Wetland conservation and restoration"
"Pollution","Water quality","Increase","Water quality parameters (aggregated)","Water purification","increase",NA,"10.1111/rec.12435","Wetland conservation and restoration"
"GHG emissions","GHG emissions","Decrease","Nitrous oxide emission (mineral fertilisers)","Mean of cumulative N2O emissions","decrease",NA,"10.1016/j.agee.2016.01.044","Enhanced efficiency fertilisers"
"Pollution","Air pollutants emissions","Decrease","Nitric oxide emission (soil)","Cumulative NO emission","decrease",NA,"10.1111/j.1365-2486.2009.02031.x","Enhanced efficiency fertilisers"
"GHG emissions","GHG emissions","Decrease","Nitrous oxide emission (mineral fertilisers)","Cumulative N2O emissions","decrease",NA,"10.1016/j.scitotenv.2018.05.356","Enhanced efficiency fertilisers"
"Soil health","Soil biological quality","Increase","Taxonomic parameters (microbes)","Soil total microbial biomass (Bacterial and fungal phospholipid fatty acids, PLFAs) and Fungi/bacteria ratio (F/B).","increase","Bacterial and fungal total phospholipid fatty acids, PLFAs","10.1016/j.scitotenv.2018.06.231","Soil amendment with biochar"
"Carbon sequestration","Carbon sequestration","Increase","Organic carbon content (soil)","Total organic carbon (i.e. carbon stored in soil organic matter)","increase",NA,"10.1007/s10113-018-1447-y","No irrigation"
"GHG emissions","GHG emissions","Decrease","Nitrous oxide emission (mineral fertilisers)","N2O emission (cumulative emission during a cropping cycle or the entire growing season of a year)","decrease",NA,"10.1111/gcb.13918","Enhanced efficiency fertilisers"
"Pollution","Nutrient leaching and run-off","Decrease","Nitrogen leaching","NO3 leaching (cumulative losses during a cropping cycle or the entire growing season of a year)","decrease",NA,"10.1111/gcb.13918","Enhanced efficiency fertilisers"
"Pollution","Nutrient leaching and run-off","Decrease","Nitrification/N-immobilization ratio","Nitrification (N)/ Inmobilization (I) ratio","decrease",NA,"10.1021/acs.est.0c08514","Grassland conservation and restoration"
"Sustainable use of resources","Plant nutrient uptake","Increase","Nitrogen use efficiency","NUE (proportion of applied N fertilizer assimilated in the above-ground or harvested parts)","increase","% of N applied which is recovered by plant uptake, in shoot + root","10.1111/gcb.13918","Enhanced efficiency fertilisers"
"Agricultural production","Crop yield","Increase","Crop yield","Yield (economic yield of a given crop, as total dry matter for grass, corn silage, and grains; or market weight (wet) for vegetables)","increase",NA,"10.1111/gcb.13918","Enhanced efficiency fertilisers"
"Sustainable use of resources","Plant nutrient uptake","Increase","Nitrogen use efficiency","Nitrogen partial factor productivity (NPFP)","increase","grain yield production /kg of N input","10.1016/j.jclepro.2019.119632","No irrigation"
"Agricultural production","Crop yield","Increase","Crop yield","Relative yield","increase","%","10.1016/j.fcr.2016.07.018","Low ammonia emission techniques for mineral fertilisation"
"Pollution","Nutrient leaching and run-off","Decrease","Nitrogen leaching","Dissolved inorganic N","decrease",NA,"10.1111/gcb.12802","Enhanced efficiency fertilisers"
"Agricultural production","Crop yield","Increase","Crop yield (grain)","Grain productivity","increase",NA,"10.1111/gcb.12802","Enhanced efficiency fertilisers"
"Sustainable use of resources","Plant nutrient uptake","Increase","Crop nitrogen uptake","N concentration in plant tissue, plant N uptake, N recovery","increase",NA,"10.1111/gcb.12802","Enhanced efficiency fertilisers"
"Sustainable use of resources","Plant nutrient uptake","Increase","Nitrogen use efficiency","N recovery","increase",NA,"10.1111/gcb.12802","Enhanced efficiency fertilisers"
"Pollution","Nutrient leaching and run-off","Decrease","Nitrogen leaching","Nitrate (NO3-)","decrease",NA,"10.1111/gcb.12802","Enhanced efficiency fertilisers"
"Agricultural production","Grassland production","Increase","Net primary productivity","Pasture hay","increase",NA,"10.1111/gcb.12802","Enhanced efficiency fertilisers"
"Agricultural production","Crop yield","Increase","Net primary productivity","Straw","increase",NA,"10.1111/gcb.12802","Enhanced efficiency fertilisers"
"Agricultural production","Crop yield","Increase","Crop yield","Vegetable yield","increase",NA,"10.1111/gcb.12802","Enhanced efficiency fertilisers"
"Sustainable use of resources","Plant nutrient uptake","Increase","Nitrogen use efficiency","Crop recovery applied fertilizer N (i.e. % of N applied which is recovered by plant uptake, in shoot + root)","increase","% of N applied which is recovered by plant uptake, in shoot + root","10.1016/j.agee.2019.106763","Enhanced efficiency fertilisers"
"Soil health","Soil nutrients","Increase","Soil nitrogen","Soil fertilizer-derived N content","increase",NA,"10.1016/j.agee.2019.106763","Enhanced efficiency fertilisers"
"Sustainable use of resources","Plant nutrient uptake","Increase","Nitrogen use efficiency","Grain NUE (calculated by dividing the difference in the grain N uptake between the treatments with and without fertilization by fertilizer N rate)","increase","grain N uptake / fertilizer N rate","10.1111/gcb.13455","Enhanced efficiency fertilisers"
"Sustainable use of resources","Plant nutrient uptake","Increase","Crop nitrogen uptake","Total aboveground N uptake","increase",NA,"10.1111/gcb.13455","Enhanced efficiency fertilisers"
"Pollution","Nutrient leaching and run-off","Decrease","Nitrogen leaching","Dissolved inorganic nitrogen leaching","decrease",NA,"10.1038/srep22075","Enhanced efficiency fertilisers"
"Sustainable use of resources","Water use","Decrease","Water use efficiency","Water productivity (WP)","increase",NA,"10.1038/s41598-018-32964-4","Water-saving irrigation practices in non-flooded lands"
"Agricultural production","Crop yield","Increase","Crop yield (grain)","Spike diameter","increase",NA,"10.1016/j.agee.2018.12.009","No irrigation"
"Agricultural production","Crop yield","Increase","Crop yield (grain)","Spike length","increase",NA,"10.1016/j.agee.2018.12.009","No irrigation"
"Soil health","Soil nutrients","Increase","Biological N fixation","Biological nitrogen fixation (BNF)","increase",NA,"10.1111/gcb.14705","Grassland management"
"Pollution","Nutrient leaching and run-off","Decrease","Nitrogen loss","NH4-N leaching","decrease",NA,"10.1038/srep22075","Enhanced efficiency fertilisers"
"Pollution","Nutrient leaching and run-off","Decrease","Nitrogen leaching","NO3-N leaching","decrease",NA,"10.1038/srep22075","Enhanced efficiency fertilisers"
"Biodiversity","Pests and diseases","Decrease","crop damage or disease","Parasitism (bacteria, fungi or viruses)","decrease",NA,"10.1002/evl3.206","Intercropping"
"Biodiversity","Biodiversity","Increase","Biodiversity parameters (aggregated)","biotic abundance (Natural enemy, Herbivore, Pollinator, Producer) and taxa (Vertebrate, Arthropod, Microbe, Plant)","increase",NA,"10.1016/j.biocon.2018.11.020","Organic farming systems"
"Biodiversity","Biodiversity","Increase","Biodiversity parameters (aggregated)","biotic rarefied richness of functional groups (Natural enemy, Herbivore, Pollinator, Producer) and taxa (Vertebrate, Arthropod, Microbe, Plant)","increase",NA,"10.1016/j.biocon.2018.11.020","Organic farming systems"
"Biodiversity","Biodiversity","Increase","Functional parameters (detritivore)","Consumers taxon abundance","increase",NA,"10.1016/j.biocon.2018.11.020","Organic farming systems"
"Biodiversity","Biodiversity","Increase","Functional parameters (detritivore)","Consumers taxon richness","increase",NA,"10.1016/j.biocon.2018.11.020","Organic farming systems"
"Biodiversity","Biodiversity","Increase","Functional parameters (detritivore)","Decomposers taxon abundance","increase",NA,"10.1016/j.biocon.2018.11.020","Organic farming systems"
"Biodiversity","Biodiversity","Increase","Functional parameters (detritivore)","Decomposers taxon richness","increase",NA,"10.1016/j.biocon.2018.11.020","Organic farming systems"
"Biodiversity","Biodiversity","Increase","Taxonomic parameters (invertebrate)","Invertebrates taxon abundance","increase",NA,"10.1016/j.biocon.2018.11.020","Organic farming systems"
"Biodiversity","Biodiversity","Increase","Taxonomic parameters (invertebrate)","Invertebrates taxon richness","increase",NA,"10.1016/j.biocon.2018.11.020","Organic farming systems"
"Biodiversity","Biodiversity","Increase","Taxonomic parameters (microbes)","Microbes taxon abundance","increase",NA,"10.1016/j.biocon.2018.11.020","Organic farming systems"
"Biodiversity","Biodiversity","Increase","Taxonomic parameters (microbes)","Microbes taxon richness","increase",NA,"10.1016/j.biocon.2018.11.020","Organic farming systems"
"Biodiversity","Biodiversity","Increase","Biodiversity parameters (aggregated)","Multiple-Others taxon abundance","increase",NA,"10.1016/j.biocon.2018.11.020","Organic farming systems"
"Biodiversity","Biodiversity","Increase","Biodiversity parameters (aggregated)","Multiple-Others taxon richness","increase",NA,"10.1016/j.biocon.2018.11.020","Organic farming systems"
"Biodiversity","Pests and diseases","Decrease","Functional parameters (natural enemies)","Natural enemies taxon abundance","increase",NA,"10.1016/j.biocon.2018.11.020","Organic farming systems"
"Biodiversity","Pests and diseases","Decrease","Functional parameters (natural enemies)","Natural enemies taxon richness","increase",NA,"10.1016/j.biocon.2018.11.020","Organic farming systems"
"Biodiversity","Biodiversity","Increase","Taxonomic parameters (plant)","Plants taxon abundance","increase",NA,"10.1016/j.biocon.2018.11.020","Organic farming systems"
"Biodiversity","Biodiversity","Increase","Taxonomic parameters (plant)","Plants taxon richness","increase",NA,"10.1016/j.biocon.2018.11.020","Organic farming systems"
"Biodiversity","Biodiversity","Increase","Biodiversity parameters (aggregated)","Taxon abundance","increase",NA,"10.1016/j.biocon.2018.11.020","Organic farming systems"
"Biodiversity","Biodiversity","Increase","Biodiversity parameters (aggregated)","Taxon richness","increase",NA,"10.1016/j.biocon.2018.11.020","Organic farming systems"
"Biodiversity","Biodiversity","Increase","Taxonomic parameters (vertebrate)","Vertebrates taxon abundance","increase",NA,"10.1016/j.biocon.2018.11.020","Organic farming systems"
"Biodiversity","Biodiversity","Increase","Taxonomic parameters (vertebrate)","Vertebrates taxon richness","increase",NA,"10.1016/j.biocon.2018.11.020","Organic farming systems"
"Biodiversity","Biodiversity","Increase","Biodiversity parameters (aggregated)","Richness (arthropods, birds, non‐bird vertebrates, plants, soil organisms)","increase",NA,"10.1890/12-0110.1","Organic farming systems"
"Biodiversity","Biodiversity","Increase","Biodiversity parameters (aggregated)","Total abundance (arthropods, birds, non‐bird vertebrates, plants, soil organisms)","increase",NA,"10.1890/12-0110.1","Organic farming systems"
"Agricultural production","Crop yield","Increase","Crop yield stability","Absolute stabilty (crop yield variability along 4 years)","increase",NA,"10.1038/s41467-018-05956-1","Organic farming systems"
"Agricultural production","Crop yield","Increase","Crop yield stability","Relative stability (variability over 4 years, divided by yield)","increase",NA,"10.1038/s41467-018-05956-1","Organic farming systems"
"Biodiversity","Biodiversity","Increase","Biodiversity parameters (aggregated)","Biotic abundance","increase",NA,"10.1111/gcb.13714","Organic farming systems"
"Biodiversity","Biodiversity","Increase","Biodiversity parameters (aggregated)","Biotic abundance of functional groups (Natural enemy, Herbivore, Pollinator, Producer) and taxa (Vertebrate, Arthropod, Microbe, Plant)","increase",NA,"10.1073/pnas.1906909117","Organic farming systems"
"Biodiversity","Biodiversity","Increase","Biodiversity parameters (aggregated)","Biotic richness of functional groups (Natural enemy, Herbivore, Pollinator, Producer) and taxa (Vertebrate, Arthropod, Microbe, Plant)","increase",NA,"10.1073/pnas.1906909117","Organic farming systems"
"Biodiversity","Pests and diseases","Decrease","Functional parameters (natural enemies)","Natural enemy richness","increase",NA,"10.1073/pnas.1906909117","Organic farming systems"
"Biodiversity","Biodiversity","Increase","Biodiversity parameters (aggregated)","Biotic richness","increase",NA,"10.3389/fsufs.2019.00082","Organic farming systems"
"Pollution","Air pollutants emissions","Decrease","Ammonia emission (mineral fertiliser)","NH3-N volatilization as % of N applied","decrease",NA,"10.1016/j.agee.2016.08.019","Low ammonia emission techniques for mineral fertilisation"
"Pollution","Air pollutants emissions","Decrease","Ammonia emission (mineral fertiliser)","Mean NH3 volatilization rate (kg/ha)","decrease","% N applied","10.1016/j.jclepro.2020.123835","Enhanced efficiency fertilisers"
"Pollution","Air pollutants emissions","Decrease","Ammonia emission (mineral fertiliser)","NH3 volatilization (cumulative emission during a cropping cycle or the entire growing season of a year)","decrease","% N applied","10.1111/gcb.13918","Enhanced efficiency fertilisers"
"Pollution","Air pollutants emissions","Decrease","Ammonia emission (mineral fertiliser)","NH3 volatilization (% of N applied)","decrease","% N applied","10.1016/j.agee.2016.08.019","Enhanced efficiency fertilisers"
"Pollution","Air pollutants emissions","Decrease","Ammonia emission (mineral fertiliser) (product based)","NH3 intensity (i.e. NH3 emission per crop yield unit)","decrease","NH3 emission per crop yield unit","10.1016/j.fcr.2016.04.023","Enhanced efficiency fertilisers"
"Pollution","Air pollutants emissions","Decrease","Ammonia emission (soil)","NH3 volatilization","decrease",NA,"10.1016/j.envpol.2021.117844","Leguminous crops"
"Pollution","Air pollutants emissions","Decrease","Ammonia emission (soil)","NH3 volatilization (% change)","decrease",NA,"10.1016/j.envpol.2021.117844","Crop residue management"
"Agricultural production","Crop yield","Increase","Crop yield (arable crops)","wheat yield","increase",NA,"10.1016/j.agsy.2016.06.007","Agroforestry practices and systems"
"GHG emissions","GHG emissions","Decrease","Methane emission (enteric fermentation)","CH4 (g/d)","decrease","CH4 g /day","10.4141/CJAS07112","Livestock feeding techniques"
"GHG emissions","GHG emissions","Decrease","Methane emission (enteric fermentation)","Methane production","decrease","Methane production g/kg DMI","10.3389/fmicb.2019.02648","Livestock feeding techniques"
"GHG emissions","GHG emissions","Decrease","Methane emission (enteric fermentation)","CH4 (MJ/kg milk fat)","decrease","CH4 MJ /kg milk fat","10.4141/CJAS07112","Livestock feeding techniques"
"GHG emissions","GHG emissions","Decrease","Methane emission (enteric fermentation)","CH4 (MJ/kg milk protein)","decrease","CH4 MJ /kg milk protein","10.4141/CJAS07112","Livestock feeding techniques"
"GHG emissions","GHG emissions","Decrease","Methane emission (enteric fermentation)","CH4 (MJ/d)","decrease","CH4 MJ /day","10.4141/CJAS07112","Livestock feeding techniques"
"GHG emissions","GHG emissions","Decrease","Methane emission (enteric fermentation)","CH4 (% of MEI)","decrease","CH4 % of metabolizable energy intake (MEI)","10.4141/CJAS07112","Livestock feeding techniques"
"GHG emissions","GHG emissions","Decrease","Methane emission (enteric fermentation)","CH4 (% of GEI)","decrease","CH4 % of gross energy intake (GEI)","10.4141/CJAS07112","Livestock feeding techniques"
"GHG emissions","GHG emissions","Decrease","Methane emission (enteric fermentation)","CH4 (g/kg DMI)","decrease","CH4 g /kg DMI","10.4141/CJAS07112","Livestock feeding techniques"
"GHG emissions","GHG emissions","Decrease","Methane emission (enteric fermentation)","CH4 (MJ/kg 4% FCM)","decrease","CH4 MJ /kg of 4% fat corrected milk (FCM)","10.4141/CJAS07112","Livestock feeding techniques"
"Agricultural production","Crop yield","Increase","Crop yield","Maximum yield","increase",NA,"10.1016/j.agee.2017.10.008","Enhanced efficiency fertilisers"
"Pollution","Nutrient leaching and run-off","Decrease","Micronutrients loss","Calcium, Magnesium, etc loss reduction caused by leaching, runoff and soil losses","increase","kg /ha or t /L","10.1007/s11104-019-04377-3","Agroforestry practices and systems"
"Pollution","Nutrient leaching and run-off","Decrease","Nitrogen loss","Nitrogen loss reduction caused by leaching, runoff and soil losses","increase","kg /ha or t /L","10.1007/s11104-019-04377-3","Agroforestry practices and systems"
"Pollution","Nutrient leaching and run-off","Decrease","Phosphorous loss or run-off","Phosphorus loss reduction caused by leaching, runoff and soil losses","increase","kg /ha or t /L","10.1007/s11104-019-04377-3","Agroforestry practices and systems"
"Pollution","Nutrient leaching and run-off","Decrease","Potassium loss or run-off","Potassium loss reduction caused by leaching, runoff and soil losses","increase","kg /ha or t /L","10.1007/s11104-019-04377-3","Agroforestry practices and systems"
"Carbon sequestration","Carbon sequestration","Increase","Organic carbon stock (soil)","Organic carbon stock loss with leaching and water erosion","decrease","kg /ha","10.1007/s11104-019-04377-3","Agroforestry practices and systems"
"Biodiversity","Biodiversity","Increase","Taxonomic parameters (arthropod)","Spider species abundance","increase",NA,"10.1111/een.13065","Grazing management"
"Sustainable use of resources","Nutrient excretion","Decrease","Nitrogen excretion","N excretion 22-42 days","decrease","N excretion g /day","10.1016/j.animal.2022.100458","Livestock feeding techniques"
"Sustainable use of resources","Nutrient excretion","Decrease","Nitrogen excretion","N excretion 0-21 days","decrease","N excretion g /day","10.1016/j.animal.2022.100458","Livestock feeding techniques"
"GHG emissions","GHG emissions","Decrease","Methane emission (enteric fermentation)","CH4 emissions/digested organic matter","decrease","CH4 L /kg digested organic matter (DOM)","10.1111/jpn.13367","Livestock feeding techniques"
"GHG emissions","GHG emissions","Decrease","Methane emission (enteric fermentation)","CH4 emissions/dry matter substrate","decrease","CH4 L /kg dry matter substrate","10.1111/jpn.13367","Livestock feeding techniques"
"Sustainable use of resources","Nutrient excretion","Decrease","Nitrogen excretion","Nitrogen in urine (g/kg BW)","decrease","N urinary g /kg BW0.75","10.17221/124/2022-cjas","Livestock feeding techniques"
"Sustainable use of resources","Nutrient excretion","Decrease","Nitrogen excretion","Nitrogen in faces (g/kg BW)","decrease","N fecal g /kg BW0.75","10.17221/124/2022-cjas","Livestock feeding techniques"
"Agricultural production","Animal production","Increase","Feed intake","Crude protein intake","increase","Crude protein intake kg /day","10.3390/ani11113317","Livestock feeding techniques"
"Agricultural production","Animal production","Increase","Weight gain","Carcass gain","increase","Carcass gain kg /day","10.5713/ab.22.0258","Livestock feeding techniques"
"GHG emissions","GHG emissions","Decrease","Methane emission (enteric fermentation)","CH4 (L/DMI)","decrease","CH4 L /kg DMI","10.1111/asj.13765","Livestock feeding techniques"
"Sustainable use of resources","Nutrient excretion","Decrease","Nitrogen excretion","Urine N output: Fecal N output","decrease","N urinary g /g N fecal","10.1016/j.jclepro.2021.128130","Livestock feeding techniques"
"GHG emissions","GHG emissions","Decrease","Methane emission (enteric fermentation)","CH4/metabolic body weight","decrease","CH4 L /kg BW0.75","10.3390/ani11113317","Livestock feeding techniques"
"Agricultural production","Animal production","Increase","Feed intake","Neutral detergent fibre intake (NDFI)","increase","Neutral detergent fibre intake (NDFI) (kg/day)","10.3390/ani11113317","Livestock feeding techniques"
"GHG emissions","GHG emissions","Decrease","Methane emission (enteric fermentation)","CH4 (L/kg BW0.75)","decrease","CH4 L /kg BW0.75","10.1111/asj.13765","Livestock feeding techniques"
"Agricultural production","Animal production","Increase","Feed intake","Average daily intake","increase","DMI g /day /head","10.17221/124/2022-cjas","Livestock feeding techniques"
"GHG emissions","GHG emissions","Decrease","Methane emission (enteric fermentation)","CH4 emission/GEI","decrease","CH4 % of gross energy intake (GEI)","10.5398/tasj.2023.46.1.74","Livestock feeding techniques"
"Agricultural production","Animal production","Increase","Feed intake","Organic matter intake (OMI)","increase","OMI Organic matter intake kg /day","10.3390/ani11113317","Livestock feeding techniques"
"Agricultural production","Animal production","Increase","Feed intake","Dry matter Intake","increase","DMI kg /day","10.1016/j.anifeedsci.2022.115503","Livestock feeding techniques"
"Agricultural production","Animal production","Increase","Feed digestibility","Ratio between crude protein intake and metabolic body weight","increase","Crude protein intake g /kg BW0.75","10.3390/ani11113317","Livestock feeding techniques"
"GHG emissions","GHG emissions","Decrease","Methane emission (enteric fermentation)","CH4 emission/milk prod","decrease","CH4 g /kg milk produced","10.5398/tasj.2023.46.1.74","Livestock feeding techniques"
"Agricultural production","Animal production","Increase","Feed digestibility","Apparent Digestibility of Gross Energy (GE AHD)","increase","GE AHD %","10.1016/j.jclepro.2021.128130","Livestock feeding techniques"
"GHG emissions","GHG emissions","Decrease","Methane emission (enteric fermentation)","CH4 mL/g DM","decrease","CH4 mL /g DM substrate","10.1016/j.anifeedsci.2022.115503","Livestock feeding techniques"
"GHG emissions","GHG emissions","Decrease","Methane emission (enteric fermentation)","CH4 emission/dry matter intake","decrease","CH4 g /kg DMI","10.5398/tasj.2023.46.1.74","Livestock feeding techniques"
"GHG emissions","GHG emissions","Decrease","Methane emission (enteric fermentation)","CH4 reduction % - linear model","decrease","CH4 % reduction","10.1016/j.anifeedsci.2022.115503","Livestock feeding techniques"
"GHG emissions","GHG emissions","Decrease","Methane emission (enteric fermentation)","CH4 reduction % - quadratic model","decrease","CH4 % reduction","10.1016/j.anifeedsci.2022.115503","Livestock feeding techniques"
"GHG emissions","GHG emissions","Decrease","Methane emission (enteric fermentation)","CH4 mL/g OM - linear model","decrease","CH4 mL /g OM","10.1016/j.anifeedsci.2022.115503","Livestock feeding techniques"
"GHG emissions","GHG emissions","Decrease","Methane emission (enteric fermentation)","CH4 mL/g OM - quadratic model","decrease","CH4 mL /g OM","10.1016/j.anifeedsci.2022.115503","Livestock feeding techniques"
"Agricultural production","Animal production","Increase","Feed digestibility","Digested neutral detergent fibre","increase","NDGD g /100 g NDFI","10.1111/jpn.13367","Livestock feeding techniques"
"GHG emissions","GHG emissions","Decrease","Methane emission (enteric fermentation)","Methane ppm","decrease","CH4 ppm","10.17221/124/2022-cjas","Livestock feeding techniques"
"Agricultural production","Animal production","Increase","Feed digestibility","Ratio between Neutral detergent fibre intake and metabolic body weight","increase","Neutral detergent fibre intake g /kg BW0.75","10.3390/ani11113317","Livestock feeding techniques"
"Agricultural production","Animal production","Increase","Feed intake","Ratio between metabolizable energy intake (MEI) and BW0.75 (MEI/BW0.75)","increase","Metabolizable energy intake (MEI) kcal /  kg metabolic body weight (BW0.75)","10.3390/ani11113317","Livestock feeding techniques"
"Agricultural production","Animal production","Increase","Feed digestibility","Organic matter digestibility (OMD)","increase","Organic matter digestibility (OMD) (%)","10.1111/jpn.13367","Livestock feeding techniques"
"Agricultural production","Animal production","Increase","Feed digestibility","Digested crude protein","increase","CPD g /100 g CPI","10.1111/jpn.13367","Livestock feeding techniques"
"Agricultural production","Animal production","Increase","Feed digestibility","Apparent Ileal Digestibility of Gross Energy (GE AID)","increase","GE AID %","10.1016/j.jclepro.2021.128130","Livestock feeding techniques"
"Agricultural production","Animal production","Increase","Feed digestibility","Ratio between organic matter intake and metabolic body weight","increase","Organic matter intake g /kg BW0.75","10.3390/ani11113317","Livestock feeding techniques"
"Agricultural production","Animal production","Increase","Feed intake","Ratio between dry matter intake and metabolic body weight","increase","DMI g /kg BW0.75","10.3390/ani11113317","Livestock feeding techniques"
"Sustainable use of resources","Nutrient excretion","Decrease","Nitrogen excretion","Milk N excretion","increase","Milk N g /day","10.1111/jpn.13853","Livestock feeding techniques"
"Agricultural production","Animal production","Increase","Feed efficiency","FPCM g/DMI","increase","FPCM g / DMI","10.1111/asj.13765","Livestock feeding techniques"
"Agricultural production","Animal production","Increase","Milk yield","Ratio between Milk yield and metabolic body weight","increase","Milk g /kg BW0.75","10.3390/ani11113317","Livestock feeding techniques"
"Agricultural production","Animal production","Increase","Feed intake","Ratio between digestible energy intake and metabolic body weight (DEI/BW0.75)","increase","Digestible energy intake (DEI) kcal /kg of metabolic body weight (BW0.75)","10.3390/ani11113317","Livestock feeding techniques"
"Agricultural production","Animal production","Increase","Milk yield","Milk g/kg metabolic body weight","decrease","Milk g /kg BW0.75","10.1111/asj.13765","Livestock feeding techniques"
"Agricultural production","Animal production","Increase","Milk yield","FPCM g/kg metabolic body weight","increase","FPCM g /kg BW0.75","10.1111/asj.13765","Livestock feeding techniques"
"Agricultural production","Animal production","Increase","Feed intake","Ratio between gross energy intake and metabolic body weight (GEI/BW0.75)","increase","Gross energy intake (GEI) kcal /kg of metabolic body weight (BW0.75)","10.3390/ani11113317","Livestock feeding techniques"
"Agricultural production","Animal production","Increase","Feed intake","Organic matter intake","increase","organic matter g DM BW0.75","10.17221/124/2022-cjas","Livestock feeding techniques"
"Agricultural production","Animal production","Increase","Feed efficiency","Ratio between Milk yield and dry matter intake","increase","Milk g /kg DMI","10.3390/ani11113317","Livestock feeding techniques"
"Sustainable use of resources","Water use","Decrease","Water use efficiency","Irrigation water productivity (IWP, yield per unit applied irrigation water)","increase",NA,"10.1007/s00271-008-0141-0","Water-saving irrigation practices in non-flooded lands"
"Agricultural production","Animal production","Increase","Feed intake","Average daily feed intake","increase","Feed g /day","10.3389/fanim.2023.1214076","Livestock feeding techniques"
"Agricultural production","Animal production","Increase","Weight gain","Average daily gain (0-21 days)","increase","Avg. daily gain g /day","10.1016/j.animal.2022.100458","Livestock feeding techniques"
"Agricultural production","Animal production","Increase","Weight gain","Average daily gain (22-42 days)","increase","Avg. daily gain g /day","10.1016/j.animal.2022.100458","Livestock feeding techniques"
"Pollution","Nutrient excretion","Decrease","Nitrogen excretion","N excretion","decrease","N excretion g /day","10.3389/fanim.2023.1214076","Livestock feeding techniques"
"Agricultural production","Animal production","Increase","Feed digestibility","Neutral detergent fibre digestibility (NDFD)","increase","NDFD g / 100 g NDFI","10.3390/ani11113317","Livestock feeding techniques"
"Agricultural production","Animal production","Increase","Feed efficiency","Ratio between average daily gain and dry matter intake (ADG/DMI)","increase","Avg. daily gain g /kg DMI","10.3390/ani11113317","Livestock feeding techniques"
"GHG emissions","GHG emissions","Decrease","Methane emission (enteric fermentation)","CH4 emission/Body weight","decrease","CH4 g /kg body weight","10.1080/1828051X.2017.1404945","Livestock feeding techniques"
"GHG emissions","GHG emissions","Decrease","Methane emission (enteric fermentation)","CH4 emission/digested organic matter","decrease","CH4 g /kg digested organic matter","10.1080/1828051X.2017.1404945","Livestock feeding techniques"
"Agricultural production","Animal production","Increase","Feed efficiency","Gain to feed ratio","increase","Avg. daily gain kg /kg avg. daily feed intake (ADFI)","10.1080/1828051X.2017.1404945","Livestock feeding techniques"
"GHG emissions","Global warming potential (LCA)","Decrease","Global warming potential","Climate change at the midpoint level","decrease","CO2-eq kg /kg product","10.1016/j.scitotenv.2023.164094","Agroforestry practices and systems"
"Pollution","Water quality","Increase","Water quality parameters (aggregated)","Nutrients mitigation power","increase",NA,"10.1007/s13593-015-0301-6","Landscape features"
"Pollution","Water quality","Increase","Water pesticides","Pesticide mitigation power","increase",NA,"10.1007/s13593-015-0301-6","Landscape features"
"Biodiversity","Biodiversity","Increase","Biodiversity parameters (aggregated)","Biodiversity","increase",NA,"10.5344/ajev.2019.18047","Organic farming systems"
"Soil health","Soil erosion","Decrease","Soil erosion parameters","Sediment retention","increase","kg-sediments /km2 OR kg-sediment /area /time","10.1016/j.agee.2006.03.029","Landscape features"
"Pollution","Nutrient leaching and run-off","Decrease","Phosphorous loss or run-off","Disolved P retention","increase",NA,"10.1016/j.agee.2006.03.029","Landscape features"
"Pollution","Nutrient leaching and run-off","Decrease","Phosphorous loss or run-off","Total P retention","increase",NA,"10.1016/j.agee.2006.03.029","Landscape features"
"Carbon sequestration","Carbon sequestration","Increase","Organic carbon sequestration rate (biomass)","Carbon sequestration in biomass","increase",NA,"10.1016/j.scitotenv.2019.135345","Landscape features"
"Carbon sequestration","Carbon sequestration","Increase","Organic carbon sequestration rate (soil + biomass)","Carbon sequestration in biomass and soil","increase",NA,"10.1016/j.scitotenv.2019.135345","Landscape features"
"Agricultural production","Animal production","Increase","Animal production parameters","Heat stress, stock productivity and heath, milk production and quality","Increase",NA,"10.1016/j.scitotenv.2019.135345","Landscape features"
"Biodiversity","Biodiversity","Increase","Biodiversity parameters (aggregated)","Invertebrate, stream macroinvertebrate and vertebrate biodiversity (mainly species richness, but also abundance and composition)","increase",NA,"10.1016/j.scitotenv.2019.135345","Landscape features"
"Agricultural production","Grassland production","Increase","Net primary productivity","Pasture production and quality","increase",NA,"10.1016/j.scitotenv.2019.135345","Landscape features"
"Pollution","Water quality","Increase","Water quality parameters (aggregated)","Runoff of sediment, nutrient or faecal bacteria","decrease",NA,"10.1016/j.scitotenv.2019.135345","Landscape features"
"Carbon sequestration","Carbon sequestration","Increase","Organic carbon sequestration rate (soil)","Carbon sequestration in soil","increase","C t /ha /year","10.1016/j.scitotenv.2019.135345","Landscape features"
"Soil health","Soil erosion","Decrease","Soil erosion parameters","Soil slope erosion","decrease",NA,"10.1016/j.scitotenv.2019.135345","Landscape features"
"Biodiversity","Biodiversity","Increase","Taxonomic parameters (arthropod)","Insect abundance","increase",NA,"10.1111/j.1752-4598.2010.00098.x","Landscape features"
"Biodiversity","Biodiversity","Increase","Taxonomic parameters (arthropod)","Insects diversity","increase",NA,"10.1111/j.1752-4598.2010.00098.x","Landscape features"
"Soil health","Soil erosion","Decrease","Soil erosion parameters","Sediment removal","increase","kg-sediments /km2 OR kg-sediment /area /time","10.2134/jeq2007.0437","Landscape features"
"Biodiversity","Biodiversity","Increase","Biodiversity parameters (aggregated)","Aves and Arthropoda abundance","increase",NA,"10.1016/j.scitotenv.2019.135839","Landscape features"
"Biodiversity","Biodiversity","Increase","Biodiversity parameters (aggregated)","Aves and Arthropoda richness","increase",NA,"10.1016/j.scitotenv.2019.135839","Landscape features"
"Biodiversity","Biodiversity","Increase","Taxonomic parameters (plant)","Plantae abundance","increase",NA,"10.1016/j.scitotenv.2019.135839","Landscape features"
"Agricultural production","Crop yield","Increase","Crop yield","Yield of subsequent cereals or rapeseed","increase",NA,"10.1016/j.fcr.2015.01.012","No tillage and reduced tillage"
"Biodiversity","Biodiversity","Increase","Ecological parameters (plant)","Floristic composition (i.e., interpreted in terms of favourable condition as defined using the upland common standards monitoring (CSM) tables (Joint Nature Conservation Committee, 2004))","increase",NA,"10.1016/j.biocon.2005.06.003","Peatland management"
"Sustainable use of resources","Nutrient excretion","Decrease","Mineral excretion","Nutrients excretion (cupper, iron, manganese and zinc)","decrease",NA,"10.3390/ani12151981","Livestock feeding techniques"
"Biodiversity","Biodiversity","Increase","Taxonomic parameters (plant)","Plant diversity","increase",NA,"10.1016/j.aquabot.2012.06.003","Wetland conservation and restoration"
"Biodiversity","Biodiversity","Increase","Taxonomic parameters (plant)","Plant establishment","increase",NA,"10.1016/j.aquabot.2012.06.003","Wetland conservation and restoration"
"Biodiversity","Biodiversity","Increase","Taxonomic parameters (plant)","Plant growth","increase",NA,"10.1016/j.aquabot.2012.06.003","Wetland conservation and restoration"
"Biodiversity","Biodiversity","Increase","Functional parameters (reproduction)","Reproductive output","increase",NA,"10.1016/j.aquabot.2012.06.003","Wetland conservation and restoration"
"Biodiversity","Biodiversity","Increase","Taxonomic parameters (plant)","Total plant biomass","increase",NA,"10.1016/j.aquabot.2012.06.003","Wetland conservation and restoration"
"Pollution","Odour emissions","Decrease","Odour emission","Odour","decrease",NA,"10.13031/aim.202001437","Livestock feeding techniques"
"Agricultural production","Animal production","Increase","Feed intake","Feed intake of lactating sows","Increase",NA,"10.1590/0103-8478cr20190830","Livestock housing techniques"
"Agricultural production","Animal production","Increase","Animal production parameters","Weight loss of piglets at weaning","Decrease",NA,"10.1590/0103-8478cr20190830","Livestock housing techniques"
"Agricultural production","Animal production","Increase","Weight gain","Final live weight","Increase",NA,"10.3390/ani10040565","Livestock housing techniques"
"Agricultural production","Animal production","Increase","Weight gain","Live weight","Increase",NA,"10.3390/ani10040565","Livestock housing techniques"
"Sustainable use of resources","Nutrient excretion","Decrease","Phosphorous excretion","P excretion","decrease","P excretion g /day","10.1080/14735903.2014.936189","Livestock feeding techniques"
"Pollution","Air pollutants emissions","Decrease","Ammonia emission (mineral fertiliser)","NH3 emission factor","decrease","% N applied","10.1016/j.atmosenv.2020.117506","Enhanced efficiency fertilisers"
"Carbon sequestration","Carbon sequestration","Increase","Organic carbon sequestration rate (soil)","Soil organic carbon loss","decrease","C g /m2 /year","10.1111/1745-5871.12389","Crop residue management"
"Soil health","Soil erosion","Decrease","Soil erosion parameters","Runoff coefficient","decrease",NA,"10.1111/1745-5871.12389","Crop residue management"
"Carbon sequestration","Carbon sequestration","Increase","Net primary productivity","Pruning material production","increase",NA,"10.5344/ajev.2019.18047","Organic farming systems"
"Agricultural production","Crop yield","Increase","Crop yield","Vine yield","increase",NA,"10.5344/ajev.2019.18047","Organic farming systems"
"Agricultural production","Crop yield","Increase","Crop yield stability","Spatial stability","increase",NA,"10.1016/j.eja.2017.09.009","Leguminous crops"
"Agricultural production","Crop yield","Increase","Crop yield stability","Temporal stability","increase",NA,"10.1016/j.eja.2017.09.009","Leguminous crops"
"Agricultural production","Crop yield","Increase","Crop yield stability","Yield stability","increase",NA,"10.1016/j.eja.2017.09.009","Leguminous crops"
"Soil health","Soil erosion","Decrease","Soil erosion parameters","Sediment production reduction","increase","kg-sediments /km2 OR kg-sediment /area /time","10.1002/ldr.3258","Agroforestry practices and systems"
"Soil health","Soil erosion","Decrease","Soil erosion parameters","Sediment production","decrease","kg-sediments /km2 OR kg-sediment /area /time","10.1002/ldr.3258","Landscape features"
"Pollution","Water quality","Increase","Water nitrogen","Water Nitrate concentration","decrease","NO3- t /L of water","10.2134/jeq2006.0462","Agroforestry practices and systems"
"Biodiversity","Biodiversity","Increase","Taxonomic parameters (bird)","Bird species abundance","increase",NA,"10.1111/j.1523-1739.2009.01350.x","Agroforestry practices and systems"
"Pollution","Water quality","Increase","Water nitrogen","Nitrogen removal efficiency","increase",NA,"10.1007/s13280-020-01345-5","Landscape features"
"Pollution","Water quality","Increase","Water phosphorous","Total phosforous removal efficiency","increase",NA,"10.1007/s13280-020-01345-5","Landscape features"
"Soil health","Soil erosion","Decrease","Soil erosion parameters","Efficacy sediment mass retention","increase","kg-sediments /km2 OR kg-sediment /area /time","10.2134/jeq2008.0496","Landscape features"
"Pollution","Water quality","Increase","Water nitrogen","Efficacy N mass retention","increase",NA,"10.2134/jeq2008.0496","Landscape features"
"Pollution","Water quality","Increase","Water phosphorous","Efficacy P mass retention","increase",NA,"10.2134/jeq2008.0496","Landscape features"
"Pollution","Water quality","Increase","Water pesticides","Efficacy pesticide mass retention","increase",NA,"10.2134/jeq2008.0496","Landscape features"
"GHG emissions","Global warming potential (LCA)","Decrease","Global warming potential","CH4 emissions per ha","decrease",NA,"10.1108/00070700910992925","Organic farming systems"
"GHG emissions","Global warming potential (LCA)","Decrease","Global warming potential","N2O emissions per ha","decrease",NA,"10.1108/00070700910992925","Organic farming systems"
"Pollution","Nutrient leaching and run-off","Decrease","Nitrogen leaching","Nitrate leaching per unit of area","decrease","N kg /ha","10.1108/00070700910992925","Organic farming systems"
"Pollution","Nutrient leaching and run-off","Decrease","Nitrogen leaching (product based)","Nitrate leaching per unit of product","decrease","N kg /kg of product","10.1108/00070700910992925","Organic farming systems"
"Pollution","Nutrient leaching and run-off","Decrease","Phosphorous loss or run-off","P losses","decrease","P kg /ha","10.1108/00070700910992925","Organic farming systems"
"Carbon sequestration","Carbon sequestration","Increase","Organic carbon content (soil)","Organic matter content in soil","increase","%","10.1108/00070700910992925","Organic farming systems"
"GHG emissions","Global warming potential (LCA)","Decrease","Global warming potential","Aggregated GHG emissions per ha","decrease",NA,"10.1108/00070700910992925","Organic farming systems"
"GHG emissions","Global warming potential (LCA)","Decrease","Global warming potential","Aggregated GHG emissions per kg product","decrease",NA,"10.1108/00070700910992925","Organic farming systems"
"Sustainable use of resources","Land use (LCA)","Decrease","Land use (product based)","Agricultural land use efficiency per unit of product","decrease",NA,"10.1108/00070700910992925","Organic farming systems"
"GHG emissions","GHG emissions","Decrease","Methane emission (enteric fermentation)","CH4 annual emissions per animal unit","decrease","CH4 kg / year /animal unit (1 AU [animal unit] being equal to one beef animal weighing 500 kg of live weight)","10.1021/acs.est.8b02475","Livestock feeding techniques"
"Agricultural production","Crop yield","Increase","Crop yield (arable crops)","maize grain yield","increase","t /ha","10.3389/fsufs.2023.1167686","Agroforestry practices and systems"
"Agricultural production","Grassland production","Increase","forage yield","Fodder biomass","increase","ton /ha","10.3389/fsufs.2021.606631","Agroforestry practices and systems"
"Agricultural production","Crop yield","Increase","Crop yield","Crop yield of the final year of experiment (yieldf)","increase",NA,"10.1007/s10705-017-9903-5","Crop residue management"
"Agricultural production","Crop yield","Increase","Crop yield","Mean yield over the whole duration of experiment (yieldm)","increase",NA,"10.1007/s10705-017-9903-5","Crop residue management"
"Agricultural production","Crop yield","Increase","Crop yield","Crop yield over the whole duration of experiment (yieldm)","increase",NA,"10.1007/s10705-017-9903-5","Organic fertilisation"
"Soil health","Soil nutrients","Increase","Soil phosphorous","Olsen phosphorus","increase","t /kg","10.1007/s10705-017-9903-5","Organic fertilisation"
"GHG emissions","GHG emissions","Decrease","Methane emission (enteric fermentation)","CH4 emissions total","decrease","CH4 % change available only","10.2134/jeq2017.05.0199","Livestock feeding techniques"
"Pollution","Nutrient leaching and run-off","Decrease","Nitrogen leaching","Nitrates leaching","Decrease",NA,"10.2760/373351","Organic fertilisation"
"Biodiversity","Biodiversity","Increase","Biodiversity parameters (aggregated)","Mean species abundance","increase",NA,"10.1007/s11273-014-9360-8","Wetland conservation and restoration"
"Soil health","Soil water retention","Increase","Soil water","Water regulation (soil moisture content and soil water infiltration rates)","Increase",NA,"10.1007/s13593-019-0589-8","Leguminous crops"
"Biodiversity","Pests and diseases","Decrease","crop damage or disease","Disease incidence (in probability scale)","decrease","probability scale","10.3390/agronomy10040560","Pesticides reduction strategies"
"Soil health","Soil nutrients","Increase","Soil phosphorous","Total soil P content","increase",NA,"10.1111/j.1365-2486.2012.02653.x","Grassland conservation and restoration"
"Biodiversity","Pests and diseases","Decrease","Functional parameters (natural enemies)","Natural enemies abundance","increase",NA,"10.1016/j.baae.2015.08.006","Agroforestry practices and systems"
"Biodiversity","Pests and diseases","Decrease","weed (non-parasitic)","Non-parasitic weeds abundance","decrease",NA,"10.1016/j.baae.2015.08.006","Agroforestry practices and systems"
"Biodiversity","Pests and diseases","Decrease","weed (parasitic)","parasitic weeds abundance","decrease",NA,"10.1016/j.baae.2015.08.006","Agroforestry practices and systems"
"Biodiversity","Pests and diseases","Decrease","weed","Weeds abundance","decrease",NA,"10.1016/j.baae.2015.08.006","Agroforestry practices and systems"
"Biodiversity","Pests and diseases","Decrease","pest","Arthropodes pests abundance","decrease",NA,"10.1016/j.agsy.2019.102676","Agroforestry practices and systems"
"Biodiversity","Pests and diseases","Decrease","Functional parameters (herbivore)","Herbivore pests abundance","decrease",NA,"10.1016/j.agsy.2019.102676","Agroforestry practices and systems"
"Biodiversity","Pests and diseases","Decrease","Functional parameters (natural enemies)","Natural enemies abundance or activity density","increase",NA,"10.1016/j.agsy.2019.102676","Agroforestry practices and systems"
"Agricultural production","Crop yield","Increase","Crop yield","Crop productivity","increase",NA,"10.1002/ldr.3424","Landscape features"
"Pollution","Water quality","Increase","Water nitrogen","Nitrate removal efficiency from drainage water","increase",NA,"10.1007/s13280-020-01345-5","Wetland conservation and restoration"
"Pollution","Water quality","Increase","Water phosphorous","Phosphorus removal efficiency from drainage water","increase",NA,"10.1007/s13280-020-01345-5","Wetland conservation and restoration"
"Pollution","Acidification (LCA)","Decrease","Acidification potential","Acidification potential per unit of product (LCA approach)","decrease",NA,"10.1088/1748-9326/aa6cd5","Organic farming systems"
"Sustainable use of resources","Land use (LCA)","Decrease","Land use (product based)","Agricultural land use per unit of product","decrease",NA,"10.1088/1748-9326/aa6cd5","Organic farming systems"
"Sustainable use of resources","Energy use (LCA)","Decrease","Energy use","Energy use per unit of product","decrease",NA,"10.1088/1748-9326/aa6cd5","Organic farming systems"
"Pollution","Eutrophication (LCA)","Decrease","Eutrophication potential","Eutrophication potential per unit of product","decrease",NA,"10.1088/1748-9326/aa6cd5","Organic farming systems"
"GHG emissions","Global warming potential (LCA)","Decrease","Global warming potential","Global warming potential product based,  'cradle-to-farm gate' LCA","decrease",NA,"10.1088/1748-9326/aa6cd5","Organic farming systems"
"Biodiversity","Pests and diseases","Decrease","weed","Weed incidence/abundance","decrease",NA,"10.1007/s13593-016-0354-1","No tillage and reduced tillage"
"Soil health","Soil physico-chemical quality","Increase","Soil salinity","Salinity","decrease",NA,"10.3390/agronomy9060295","Mulching"
"Agricultural production","Cropping system productivity","Increase","Land equivalent ratio","Land equivalent ratio (LER)","increase",NA,"10.1016/j.agsy.2019.102761","Leguminous crops"
"Agricultural production","Cropping system productivity","Increase","Land equivalent ratio","Partial Land Equivalent Ratio (pLER)","increase",NA,"10.1016/j.agsy.2019.102761","Leguminous crops"
"Agricultural production","Cropping system productivity","Increase","Land equivalent ratio","Land equivalent ratio","Increase",NA,"10.1016/j.fcr.2021.108208","Leguminous crops"
"Biodiversity","Pests and diseases","Decrease","pest","Pest and disease abundance","decrease",NA,"10.1080/14735903.2016.1242332","Pesticides reduction strategies"
"Pollution","Pesticide use","Decrease","Pesticide use","Pesticide use","decrease",NA,"10.2134/agronj2015.0512","Pesticides reduction strategies"
"Agricultural production","Crop yield","Increase","Crop yield stability","Interannual yield variance","decrease",NA,"10.1007/s13593-017-0455-5","Organic farming systems"
"Agricultural production","Crop yield","Increase","Crop yield","Mean crop yield","increase","t /ha","10.1007/s13593-017-0455-5","Organic farming systems"
"Sustainable use of resources","Plant nutrient uptake","Increase","Crop phosphorous uptake","Plant P concentration","increase",NA,"10.1111/gcb.13125","Wetland management"
"Soil health","Soil biological quality","Increase","Functional parameters (enzymatic activity)","ACP and ALP (phosphatase) activities","increase","phosphatase","10.1016/j.soilbio.2019.107632","Organic fertilisation"
"Pollution","Water quality","Increase","Water nitrogen","N removal","increase",NA,"10.2134/jeq2006.0462","Landscape features"
"Soil health","Soil biological quality","Increase","Taxonomic parameters (nematode)","Earthworm abundance","increase",NA,"10.3220/LBF1512114926000","No tillage and reduced tillage"
"Soil health","Soil biological quality","Increase","Taxonomic parameters (nematode)","Earthworm biomass","increase",NA,"10.3220/LBF1512114926000","No tillage and reduced tillage"
"Agricultural production","Grassland production","Increase","forage yield","Forage dry matter harvest","Increase",NA,"10.1007/s13593-020-00626-3","Leguminous crops"
"Soil health","Soil nutrients","Increase","Soil nitrogen","Soil total N stock","increase",NA,"10.5586/aa.1662","Cover and catch crops"
"Soil health","Soil nutrients","Increase","Soil potassium","Soil potassium","increase",NA,"10.5586/aa.1662","Organic fertilisation"
"Agricultural production","Crop yield","Increase","Crop yield","Relative yield (RY, it compares the productivity of plants grown as monocultures and those grown in combination with others)","increase",NA,"10.1002/eap.1629","Intercropping"
"Agricultural production","Crop yield","Increase","Crop yield stability","Yield stability (it compares the average monoculture coefficient of variation to that of the mixtures) over space","increase",NA,"10.1002/eap.1629","Intercropping"
"Agricultural production","Crop yield","Increase","Crop yield stability","Yield stability (it compares the average monoculture coefficient of variation to that of the mixtures) over time","increase",NA,"10.1002/eap.1629","Intercropping"
"Agricultural production","Cropping system productivity","Increase","Net primary productivity","Land equivalent ratio of aboveground biomass (LERB)","increase",NA,"10.1007/s11104-020-04768-x","Intercropping"
"Agricultural production","Cropping system productivity","Increase","Land equivalent ratio","Land equivalent ratio of cereal yield (LERY)","increase",NA,"10.1007/s11104-020-04768-x","Intercropping"
"Sustainable use of resources","Plant nutrient uptake","Increase","Land equivalent ratio for phosphorous uptake","P use efficiency (Land equivalent ratio for P uptake, LERP; Net effect  for P uptake, NEP)","increase","Land equivalent ratio for P uptake (LERP); Net effect  for P uptake (NEP)","10.1007/s11104-020-04768-x","Intercropping"
"Agricultural production","Cropping system productivity","Increase","Net primary productivity","Land equivalent ratio for biomass","increase",NA,"10.1007/s11104-020-04768-x","Leguminous crops"
"Agricultural production","Cropping system productivity","Increase","Land equivalent ratio","Land equivalent ratio for crop yield","increase",NA,"10.1007/s11104-020-04768-x","Leguminous crops"
"Sustainable use of resources","Plant nutrient uptake","Increase","Land equivalent ratio for phosphorous uptake","Land Equivalent Ratio for P uptake (LERP)","increase","Land equivalent ratio for P uptake (LERP)","10.1007/s11104-020-04768-x","Leguminous crops"
"Sustainable use of resources","Plant nutrient uptake","Increase","Nitrogen use efficiency","Nitrogen response efficiency (NRE, ANPP response per unit N addition)","increase","NRE, ANPP response per unit N addition","10.1088/1748-9326/11/2/024012","Grassland management"
"Biodiversity","Pests and diseases","Decrease","weed","Weed abundance (density or biomass)","decrease",NA,"10.3390/agronomy10101618","Mulching"
"Agricultural production","Crop yield","Increase","Crop yield","Production potential (biomass accumulation, crop yield, etc.)","increase",NA,"10.1016/j.earscirev.2016.06.010","Landscape features"
"Soil health","Soil nutrients","Increase","Soil nutrients","Soil nutrients (e.g., total nitrogen (N), total potassium (K), total phosphorus (P), available P, available K, ammonium, and organic matter)","increase",NA,"10.1016/j.earscirev.2016.06.010","Landscape features"
"Soil health","Soil water retention","Increase","Soil water","Soil water recharge","increase",NA,"10.1016/j.earscirev.2016.06.010","Landscape features"
"Sustainable use of resources","Plant nutrient uptake","Increase","Land equivalent ratio for nitrogen uptake","Fertilizer N equivalent ratio (FNER)","increase",NA,"10.1016/j.fcr.2019.107661","Leguminous crops"
"Agricultural production","Cropping system productivity","Increase","Land equivalent ratio","Partial land equivalent ratio (PLER: the relative yield of an intercropped speciescompared to its yield in a sole crop)","increase",NA,"10.1016/j.fcr.2016.08.001","Intercropping"
"Sustainable use of resources","Water footprint (LCA)","Decrease","Water footprint (LCA)","Water footprint (gray)","decrease","volume of freshwater required to assimilate the pollutant load","10.1016/j.jclepro.2020.122307","Water-saving irrigation practices in non-flooded lands"
"Sustainable use of resources","Plant nutrient uptake","Increase","Nitrogen use efficiency","NUE (in kg of dry matter (DM) per kg of N applied)","increase","% of N applied which is recovered by plant uptake, in shoot + root","10.1080/01904167.2018.1426018","Enhanced efficiency fertilisers"
"Carbon sequestration","Carbon sequestration","Increase","Organic carbon sequestration rate (soil)","C sequestration","increase","C t /ha /year","10.1017/S0021859614001002","No tillage and reduced tillage"
"Agricultural production","Crop yield","Increase","Crop yield","Crop yield (overall)","increase",NA,"10.1017/S0021859614001002","No tillage and reduced tillage"
"GHG emissions","GHG emissions","Decrease","Aggregated GHGs emission (soil)","Net emission of GHG","decrease",NA,"10.1017/S0021859614001002","No tillage and reduced tillage"
"Agricultural production","Crop yield","Increase","Crop yield (grain)","Soybean yield","increase",NA,"10.1017/S0021859614001002","No tillage and reduced tillage"
"Agricultural production","Crop yield","Increase","Crop yield","Wheat and barley yield","increase",NA,"10.1017/S0021859614001002","No tillage and reduced tillage"
"Carbon sequestration","Carbon sequestration","Increase","Soil organic carbon stability","SOC stability (the ratio of alkyl to O-alkyl groups and the total alkyl to aromatic ratio)","increase",NA,"10.1007/s00374-021-01580-2","Crop rotation"
"Agricultural production","Farming system productivity","Increase","Land equivalent ratio (LER)","Land equivalent ratio (LER) based on forage yield","increase",NA,"10.1007/s10457-020-00494-6","Agroforestry practices and systems"
"Agricultural production","Farming system productivity","Increase","Land equivalent ratio (LER)","Land equivalent ratio (LER) based on livestock output","increase",NA,"10.1007/s10457-020-00494-6","Agroforestry practices and systems"
"GHG emissions","GHG emissions","Decrease","Aggregated GHGs emission (manure)","Aggregated GHGs emission during land application","decrease",NA,"10.1021/acs.est.5b00018","Manure processing techniques"
"GHG emissions","GHG emissions","Decrease","Aggregated GHGs emission (manure)","Aggregated GHGs emission during storage","decrease",NA,"10.1021/acs.est.5b00018","Manure processing techniques"
"GHG emissions","GHG emissions","Decrease","Methane emission (soil)","CH4 emission during land application","decrease",NA,"10.1021/acs.est.5b00018","Manure processing techniques"
"GHG emissions","GHG emissions","Decrease","Methane emission (soil)","CH4 emission during storage","decrease",NA,"10.1021/acs.est.5b00018","Manure processing techniques"
"GHG emissions","GHG emissions","Decrease","Nitrous oxide emission (manure)","N2O emission during land application","decrease",NA,"10.1021/acs.est.5b00018","Manure processing techniques"
"GHG emissions","GHG emissions","Decrease","Nitrous oxide emission (manure)","N2O emission during storage","decrease",NA,"10.1021/acs.est.5b00018","Manure processing techniques"
"GHG emissions","Global warming potential (LCA)","Decrease","Global warming potential","Overall global warming potential (as carbon dioxide equivalents) of CH4, CO2 and N2O emissions.","decrease",NA,"10.1021/acs.est.5b00018","Manure processing techniques"
"Biodiversity","Pests and diseases","Decrease","crop damage or disease","Wheat stripe rust intensity","decrease",NA,"10.1016/j.cropro.2011.11.020","Intercropping"
"Soil health","Soil biological quality","Increase","Taxonomic parameters (microbes)","Soil microbial quotient","increase","Microbial carbon MB-C /TSOC total soil organic carbon","10.1016/j.soilbio.2009.08.020","Organic farming systems"
"Soil health","Soil biological quality","Increase","Soil fertility","Soil metabolic quotient (qCO2)","increase","qCO2","10.1016/j.soilbio.2009.08.020","Organic farming systems"
"Carbon sequestration","Carbon sequestration","Increase","Organic carbon sequestration rate (soil)","Soil organic carbon sequestration to a depth of 0.3 m (MgC /ha)","increase","C t /ha /year","10.1016/j.jclepro.2020.125736","Cover and catch crops"
"Pollution","Nutrient leaching and run-off","Decrease","Nitrogen leaching","Mass of nitrate nitrogen lost","decrease",NA,"10.1016/j.agee.2013.04.018","Water-saving irrigation practices in non-flooded lands"
"Agricultural production","Crop yield","Increase","Crop yield","Yield of subsequent crop","increase",NA,"10.1016/j.agee.2013.04.018","Cover and catch crops"
"Pollution","Nutrient leaching and run-off","Decrease","Nitrogen leaching (product based)","Nitrate leaching-scaled yield (NLSY)","decrease",NA,"10.1016/j.agee.2013.04.018","Water-saving irrigation practices in non-flooded lands"
"Pollution","Air pollutants emissions","Decrease","Ammonia emission (manure)","NH3 concentration and volatility","Decrease",NA,"10.1371/journal.pone.0232853","Livestock housing techniques"
"Pollution","Air pollutants emissions","Decrease","Ammonia emission (mineral fertiliser)","Cumulative NH3 losses (% N applied)","decrease","% N applied","10.2134/agronj2016.04.0200","Enhanced efficiency fertilisers"
"GHG emissions","GHG emissions","Decrease","Methane emission (enteric fermentation)","Methane/yield","decrease","CH4 g /kg DMI","10.1371/journal.pone.0249053","Livestock feeding techniques"
"GHG emissions","GHG emissions","Decrease","Methane emission (enteric fermentation)","Enteric methane emissions","decrease","CH4 L /day","10.3390/vetsci9090475","Livestock feeding techniques"
"GHG emissions","GHG emissions","Decrease","Methane emission (enteric fermentation)","CH4 production (L/d)","decrease","CH4 L /day","10.1186/s40104-018-0305-6","Livestock feeding techniques"
"Agricultural production","Animal production","Increase","Feed efficiency","Gross feed efficiency","increase",NA,"10.1371/journal.pone.0249053","Livestock feeding techniques"
"GHG emissions","GHG emissions","Decrease","Methane emission (enteric fermentation)","CH4 emission - Dietary gross energy lost as CH4","decrease","CH4 % of dietary gross energy","10.3168/jds.2012-5923","Livestock feeding techniques"
"GHG emissions","GHG emissions","Decrease","Methane emission (enteric fermentation)","CH4 production/DMI","decrease","CH4 g /kg DMI","10.1007/s11356-018-3878-x","Livestock feeding techniques"
"Agricultural production","Animal production","Increase","Feed efficiency","Feed efficiency, kg/kg","increase","ECM (kg/ day) / DMI (kg/d) (ECM=Energy corrected milk; DMI=Dry matter intake)","10.1093/tas/txac028","Livestock feeding techniques"
"GHG emissions","GHG emissions","Decrease","Methane emission (enteric fermentation)","CH4 intensity, g/kg of ECM","decrease","CH4 g /kg energy corrected milk (ECM)","10.1093/tas/txac028","Livestock feeding techniques"
"Agricultural production","Crop yield","Increase","Crop yield (grain)","Thousand grain weight","increase",NA,"10.15666/aeer/1801_433446","No irrigation"
"Soil health","Soil water retention","Increase","Soil water","Wilting point","increase",NA,"10.1016/j.geoderma.2019.114055","Soil amendment with biochar"
"Soil health","Soil water retention","Increase","Soil water","Plant available water content (AW)","increase",NA,"10.1016/j.geoderma.2019.114055","Soil amendment with biochar"
"Soil health","Soil water retention","Increase","Soil water","Soil water content retained at field capacity (FC)","increase",NA,"10.1016/j.geoderma.2019.114055","Soil amendment with biochar"
"GHG emissions","GHG emissions","Decrease","Methane emission (enteric fermentation)","CH4 production, g/d","decrease","CH4 g /day","10.1093/tas/txac028","Livestock feeding techniques"
"Agricultural production","Animal production","Increase","Feed intake","Ether extract intake","increase","Ether extract kg /day","10.3390/su13137410","Livestock feeding techniques"
"Agricultural production","Animal production","Increase","Weight gain","Final bodyweight","increase","Body weight kg","10.3390/su13137410","Livestock feeding techniques"
"Agricultural production","Animal production","Increase","Feed intake","Neutral detergent fiber intake","increase","NDF kg /day","10.3390/su13137410","Livestock feeding techniques"
"Agricultural production","Animal production","Increase","Feed intake","Acid detergent fiber intake","increase","ADFI Acid detergent fiber intake kg / d","10.3390/su13137410","Livestock feeding techniques"
"Biodiversity","Biodiversity","Increase","Taxonomic parameters (arthropod)","Artropods density","increase",NA,"10.1016/j.jnc.2020.125863","Grazing management"
"Biodiversity","Biodiversity","Increase","Taxonomic parameters (arthropod)","Artropods richness","increase",NA,"10.1016/j.jnc.2020.125863","Grazing management"
"Agricultural production","Animal production","Increase","Feed digestibility","Ether extract digestibility","increase","g /kg dry matter","10.3390/su13137410","Livestock feeding techniques"
"GHG emissions","GHG emissions","Decrease","Methane emission (enteric fermentation)","Methane emissions/day","decrease","CH4 L /day","10.3390/su13137410","Livestock feeding techniques"
"Agricultural production","Animal production","Increase","Milk yield","Energy correted milk","increase","ECM kg /day","10.1093/tas/txac028","Livestock feeding techniques"
"Agricultural production","Crop yield","Increase","Crop yield","Average yield and yield increase (t ha-1)","increase","ton /ha","10.1007/978-94-007-0394-0_9","Leguminous crops"
"Carbon sequestration","Carbon sequestration","Increase","Organic carbon content (soil)","SOC (depth: 11-20 cm)","increase",NA,"10.2136/sssaj2007.0342","No tillage and reduced tillage"
"Carbon sequestration","Carbon sequestration","Increase","Organic carbon content (soil)","SOC (depth: 21-25 cm)","increase",NA,"10.2136/sssaj2007.0342","No tillage and reduced tillage"
"Carbon sequestration","Carbon sequestration","Increase","Organic carbon content (soil)","SOC (depth: below 26 cm)","increase",NA,"10.2136/sssaj2007.0342","No tillage and reduced tillage"
"Soil health","Soil biological quality","Increase","Functional parameters (mychorrhizal fungi)","Root colonization by mycorrhizal fungi","increase",NA,"10.1111/j.1365-2745.2010.01658.x","Grazing management"
"Soil health","Soil biological quality","Increase","Functional parameters (mychorrhizal fungi)","Arbuscular mycorrhizal fungi (AMF) abundance/colonization","increase",NA,"10.1007/s11104-018-3810-7","Cover and catch crops"
"Soil health","Soil biological quality","Increase","Taxonomic parameters (microbes)","Microbial Phosphorus (Pmic)","increase",NA,"10.1007/s11104-018-3810-7","Cover and catch crops"
"Soil health","Soil biological quality","Increase","Taxonomic parameters (aggregated)","Phosphatase activity","increase",NA,"10.1007/s11104-018-3810-7","Cover and catch crops"
"Sustainable use of resources","Plant nutrient uptake","Increase","Crop phosphorous uptake","Phosphorous uptake","increase",NA,"10.1016/j.scitotenv.2018.12.381","Soil amendment with biochar"
"Sustainable use of resources","Plant nutrient uptake","Increase","Crop nitrogen uptake","Silicon uptake","increase",NA,"10.1016/j.scitotenv.2018.12.381","Soil amendment with biochar"
"Soil health","Soil biological quality","Increase","Taxonomic parameters (nematode)","bacterial-feeding nematodes","increase",NA,"10.1016/j.agee.2016.07.015","Organic fertilisation"
"Soil health","Soil biological quality","Increase","Taxonomic parameters (nematode)","Cephalobidae","increase",NA,"10.1016/j.agee.2016.07.015","Organic fertilisation"
"Soil health","Soil biological quality","Increase","Soil fertility","Enrichment index","increase",NA,"10.1016/j.agee.2016.07.015","Organic fertilisation"
"Soil health","Soil biological quality","Increase","Taxonomic parameters (nematode)","fungal-feeding nematode","increase",NA,"10.1016/j.agee.2016.07.015","Organic fertilisation"
"Soil health","Soil biological quality","Increase","Soil fertility","Maturity index","increase",NA,"10.1016/j.agee.2016.07.015","Organic fertilisation"
"Soil health","Soil biological quality","Increase","Taxonomic parameters (nematode)","omnivore-predator nematode","increase",NA,"10.1016/j.agee.2016.07.015","Organic fertilisation"
"Soil health","Soil biological quality","Increase","Taxonomic parameters (nematode)","plant-feeding nematodes","increase",NA,"10.1016/j.agee.2016.07.015","Organic fertilisation"
"Soil health","Soil biological quality","Increase","Taxonomic parameters (nematode)","Rhabditidae","increase",NA,"10.1016/j.agee.2016.07.015","Organic fertilisation"
"Soil health","Soil biological quality","Increase","Taxonomic parameters (aggregated)","Shannon's diversity","increase",NA,"10.1016/j.agee.2016.07.015","Organic fertilisation"
"Soil health","Soil biological quality","Increase","Taxonomic parameters (aggregated)","Structure index","increase",NA,"10.1016/j.agee.2016.07.015","Organic fertilisation"
"Soil health","Soil biological quality","Increase","Taxonomic parameters (nematode)","Total nematode abundance","increase",NA,"10.1016/j.agee.2016.07.015","Organic fertilisation"
"Biodiversity","Biodiversity","Increase","Taxonomic parameters (invertebrate)","Non-target invertebrate abundance","increase",NA,"10.1126/science.1139208","Pesticides reduction strategies"
"Biodiversity","Biodiversity","Increase","Biodiversity parameters (aggregated)","Several (biomass, density, abundance, Fisher’s alpha, Gini–Simpson index, Shannon evenness, Shannon index, species list, species number, analysed together) of Bryophytes, butterflies, earthworms, grasshoppers, ground beetles, plants, seed bank, spiders","increase",NA,"10.1016/j.agee.2016.02.008","Grassland management"
"Agricultural production","Animal production","Increase","Weight gain","Cold carcase weight","Increase",NA,"10.1080/1828051X.2018.1532327","Livestock housing techniques"
"Agricultural production","Animal production","Increase","Weight gain","Hot carcase weight","Increase",NA,"10.1080/1828051X.2018.1532327","Livestock housing techniques"
"Carbon sequestration","Carbon sequestration","Increase","Organic carbon content (soil)","Mineral associated organic carbon (MAOC)","increase",NA,"10.1016/j.scitotenv.2022.154626","Crop residue management"
"Carbon sequestration","Carbon sequestration","Increase","Organic carbon content (soil)","Particulate organic carbon (POC)","increase",NA,"10.1016/j.scitotenv.2022.154626","Crop residue management"
"Pollution","Acidification (LCA)","Decrease","Acidification potential","Acidification potential","decrease",NA,"10.1016/j.scitotenv.2021.146396","Manure processing techniques"
"Pollution","Ecotoxicity (LCA)","Decrease","Ecotoxicity","Ecotoxicity","decrease",NA,"10.1016/j.scitotenv.2021.146396","Manure processing techniques"
"Pollution","Eutrophication (LCA)","Decrease","Eutrophication potential","Eutrophication","decrease",NA,"10.1016/j.scitotenv.2021.146396","Manure processing techniques"
"GHG emissions","Global warming potential (LCA)","Decrease","Global warming potential","Global warming potential (LCA approach)","decrease",NA,"10.1016/j.scitotenv.2021.146396","Manure processing techniques"
"Sustainable use of resources","Resource depletion (LCA)","Decrease","Resource depletion (LCA approach)","Resource depletion","decrease",NA,"10.1016/j.scitotenv.2021.146396","Manure processing techniques"
"Soil health","Soil nutrients","Increase","Soil potassium (available fraction)","Soil available potassium","increase",NA,"10.1007/s11356-020-08988-7","Agroforestry practices and systems"
"Soil health","Soil nutrients","Increase","Soil phosphorous","Soil Total P","increase",NA,"10.1007/s11356-020-08988-7","Agroforestry practices and systems"
"Soil health","Soil nutrients","Increase","Soil potassium","Soil TK concentration","increase",NA,"10.1007/s11356-020-08988-7","Landscape features"
"Soil health","Soil nutrients","Increase","Soil nitrogen","Soil TN concentration","increase",NA,"10.1007/s11356-020-08988-7","Landscape features"
"Soil health","Soil nutrients","Increase","Soil phosphorous","Soil TP concentration","increase",NA,"10.1007/s11356-020-08988-7","Landscape features"
"Carbon sequestration","Carbon sequestration","Increase","Organic carbon content (soil)","Soil organic matter per unit of area","increase","%","10.1016/j.jenvman.2012.08.018","Organic farming systems"
"GHG emissions","GHG emissions","Decrease","Nitrous oxide emission (organic fertilisers)","N2O emission (non-LCA approach) per unit of area","decrease","non-LCA impact per unit of land","10.1016/j.jenvman.2012.08.018","Organic farming systems"
"Pollution","Air pollutants emissions","Decrease","Ammonia emission (soil)","NH3 emissions per unit of area","decrease",NA,"10.1016/j.jenvman.2012.08.018","Organic farming systems"
"Pollution","Air pollutants emissions","Decrease","Ammonia emission (soil) (product based)","NH3 emissions per unit of product","decrease",NA,"10.1016/j.jenvman.2012.08.018","Organic farming systems"
"Sustainable use of resources","Energy use (LCA)","Decrease","Energy use","Energy use per unit of product (LCA approach)","decrease",NA,"10.1016/j.jenvman.2012.08.018","Organic farming systems"
"Pollution","Eutrophication (LCA)","Decrease","Eutrophication potential","Eutrophication potential per unit of product (LCA approach)","decrease",NA,"10.1016/j.jenvman.2012.08.018","Organic farming systems"
"GHG emissions","Global warming potential (LCA)","Decrease","Global warming potential","GHG emissions (LCA approach) per unit of product","decrease",NA,"10.1016/j.jenvman.2012.08.018","Organic farming systems"
"GHG emissions","GHG emissions","Decrease","Nitrous oxide emission (organic fertilisers)","N2O emission (non-LCA approach) per unit of product","decrease",NA,"10.1016/j.jenvman.2012.08.018","Organic farming systems"
"Pollution","Nutrient leaching and run-off","Decrease","Phosphorous loss or run-off","P losses per unit of area","decrease","P kg /ha","10.1016/j.jenvman.2012.08.018","Organic farming systems"
"Agricultural production","Crop yield","Increase","Crop yield (grain)","Grain yield difference","increase",NA,"10.1016/j.fcr.2009.09.006","Intercropping"
"Sustainable use of resources","Plant nutrient uptake","Increase","Land equivalent ratio for nitrogen uptake","N fertilizer input per unit area and of crop yield","decrease","N kg /ha /ton-crop yield","10.1038/s41477-020-0680-9","Intercropping"
"Sustainable use of resources","Plant nutrient uptake","Increase","Land equivalent ratio for nitrogen uptake","Nitrogen fertilizer equivalent ratio","increase",NA,"10.1007/s13593-022-00816-1","Leguminous crops"
"Sustainable use of resources","Plant nutrient uptake","Increase","Land equivalent ratio for phosphorous uptake","P fertilizer input per unit area and of crop yield (in kg ha−1 ton-1)","decrease","P kg/ha /ton-crop yield","10.1038/s41477-020-0680-9","Intercropping"
"Sustainable use of resources","Plant nutrient uptake","Increase","Land equivalent ratio for phosphorous uptake","Phosphorous fertilizer equivalent ratio (PNER)","increase",NA,"10.1007/s13593-022-00816-1","Leguminous crops"
"Sustainable use of resources","Plant nutrient uptake","Increase","Land equivalent ratio for nitrogen uptake","Fertilizer N equivalent ratio (NFER)","increase",NA,"10.1016/j.fcr.2019.107661","Intercropping"
"Agricultural production","Cropping system productivity","Increase","Land equivalent ratio","Land equivalent ratio (LER): Sum of the fractions of the intercropped yields divided by the sole-crop yields","increase",NA,"10.1007/s13593-022-00816-1","Leguminous crops"
"Agricultural production","Cropping system productivity","Increase","Land equivalent ratio","Total LER (land equivalent ratio) and gross income (USD)","increase",NA,"10.1080/14735903.2016.1242332","Intercropping"
"Agricultural production","Cropping system productivity","Increase","Crop yield (grain)","Land equivalent ration (LER; partial and total LER), yield ratio, and proportion of legume in the mixture of crop grains.","increase",NA,"10.2134/agronj13.0590","Intercropping"
"Sustainable use of resources","Nutrient excretion","Decrease","Nitrogen excretion","Urine urea nitrogen excretion UUNE","decrease","N Urine urea g /day","10.1016/j.livsci.2021.104551","Livestock feeding techniques"
"Carbon sequestration","Carbon sequestration","Increase","Organic carbon sequestration rate (aboveground biomass)","aboveground biomass carbon sequestration rate","Increase","C t /ha /year","10.1016/j.agee.2017.11.032","Agroforestry practices and systems"
